\n      Police Quest\n\n   in Pursuit of the\n      Death Angel\n\n      by Jim Walls\n\n  Ver 2.0G     12/3/87   \n	\n      Police Quest\n\n   in Pursuit of the\n      Death Angel\n\n      by Jim Walls\n\n  Ver 2.0G     12/3/87   \n
On the back of your hand?	On the back of your hand?
You can't write with a radio!	You can't write with a radio!
You see nothing special.	You see nothing special.
How can you do that?	How can you do that?
Using what?	Using what?
%m8it.	%m8it.
You don't need 	You don't need 
Just do that yourself.	Just do that yourself.
What would you do with it?	What would you do with it?
 key is documented in%m17 Please refer to it for proper usage.	 key is documented in%m17 Please refer to it for proper usage.
call	call
Note: 	Note: 
Once you tasted it, you wouldn't want it!	Once you tasted it, you wouldn't want it!
 your "LPD Policeman's Indoctrination Guide."	 your "LPD Policeman's Indoctrination Guide."
You shouldn't have done that!	You shouldn't have done that!
It's more valuable to you as it is!	It's more valuable to you as it is!
Please refer to%m17	Please refer to%m17
%m8to close it.	%m8to close it.
%m87 Please review proper gun handling procedures in%m17	%m87 Please review proper gun handling procedures in%m17
%m87 You'll blow out a window!	%m87 You'll blow out a window!
My, what a filthy mind you have!	My, what a filthy mind you have!
%m8to open it.	%m8to open it.
If you climb that, Sgt. Dooley will climb your back!	If you climb that, Sgt. Dooley will climb your back!
"Hey, thanks a lot!"	"Hey, thanks a lot!"
But now you'll NEVER get it back!	But now you'll NEVER get it back!
"Hello."	"Hello."
%m8to move it.	%m8to move it.
There's no one nearby.	There's no one nearby.
That's not necessary at this time.	That's not necessary at this time.
Save your writing for reports.	Save your writing for reports.
You are wearing blue polyester and gabardine trousers, a long-sleeve shirt, and shiny black shoes.	You are wearing blue polyester and gabardine trousers, a long-sleeve shirt, and shiny black shoes.
Not here!	Not here!
You're not close enough.	You're not close enough.
You already have it.	You already have it.
You don't have it.	You don't have it.
Ok.	Ok.
Your clothes are stylish, but the pockets are empty.	Your clothes are stylish, but the pockets are empty.
Locals missed it!	Locals missed it!
Everybody missed!	Everybody missed!
Captain Whipplestick comes on the air and advises you to review proper radio procedures in%m17	Captain Whipplestick comes on the air and advises you to review proper radio procedures in%m17
Caught undressed in public, you spend the rest of your life in shame!	Caught undressed in public, you spend the rest of your life in shame!
Thanks for playing\n"Police Quest."\n\nNext time, don't make\nthis mistake again!	Thanks for playing\n"Police Quest."\n\nNext time, don't make\nthis mistake again!
Since you're dead...\n\nall you can do is restore a saved game or start over.	Since you're dead...\n\nall you can do is restore a saved game or start over.
"'Bye."	"'Bye."
"You're welcome."	"You're welcome."
There's no answer.	There's no answer.
What's a 	What's a 
%m50%w1?	%m50%w1?
%m50%w2?	%m50%w2?
%m50%w3?	%m50%w3?
%m50%w4?	%m50%w4?
%m50%w5?	%m50%w5?
%m50%w6?	%m50%w6?
%m50%w7?	%m50%w7?
%m50%w8?	%m50%w8?
You find them quite illuminating!	You find them quite illuminating!
It holds you up (which, in this case, is not a felony).	It holds you up (which, in this case, is not a felony).
Yep, it's still up there!	Yep, it's still up there!
You are carrying a blank notebook.	You are carrying a blank notebook.
Just a moment, please...	Just a moment, please...
The F4%m11	The F4%m11
The F6%m11	The F6%m11
The F8%m11	The F8%m11
The F10%m11	The F10%m11
With what, Sonny?	With what, Sonny?
Your beat covers from Palm Street to Parkway Drive, and from River Road to Clearwater Drive.	Your beat covers from Palm Street to Parkway Drive, and from River Road to Clearwater Drive.
Your briefcase IS closed.	Your briefcase IS closed.
A police officer without a weapon, is like being...	A police officer without a weapon, is like being...
...up a creek without a paddle!	...up a creek without a paddle!
As Chief Whipplestick would say, "A cop without ammo is like a bullet without powder!"	As Chief Whipplestick would say, "A cop without ammo is like a bullet without powder!"
These walls do a fine job of holding up the ceiling.	These walls do a fine job of holding up the ceiling.
Do you have a kidney problem?	Do you have a kidney problem?
My gawd! Do you have a weak sphincter?	My gawd! Do you have a weak sphincter?
You don't have time to relax.	You don't have time to relax.
You can't see the Help Screen right now. Try again elsewhere.	You can't see the Help Screen right now. Try again elsewhere.
%m8to do that.	%m8to do that.
You don't have them.	You don't have them.
Fastest%m85	Fastest%m85
Fast%m85	Fast%m85
Normal%m85	Normal%m85
Slow%m85	Slow%m85
 speed.	 speed.
Now?!	Now?!
As you blow off your right leg, you resolve that, in the future, you will DRAW your weapon before you FIRE it!	As you blow off your right leg, you resolve that, in the future, you will DRAW your weapon before you FIRE it!
Go where?	Go where?
You rip out the speed loader and load your weapon.	You rip out the speed loader and load your weapon.
It is loaded. You have %v34 shells left.	It is loaded. You have %v34 shells left.
What are you going to load? %m93	What are you going to load? %m93
You're unarmed.	You're unarmed.
Click! (Dry firing an empty gun is good practice for proper grip.)	Click! (Dry firing an empty gun is good practice for proper grip.)
Why do that?	Why do that?
You have no ammunition.	You have no ammunition.
Nah. Just wear it.	Nah. Just wear it.
An interesting approach -- but fatal!	An interesting approach -- but fatal!
What are you going to do? Scream, and pray that Dispatch will hear you?	What are you going to do? Scream, and pray that Dispatch will hear you?
Handling your weapon while driving is dangerous.	Handling your weapon while driving is dangerous.
Your backups ARE listening.	Your backups ARE listening.
This car has a tape player, but no police radio.	This car has a tape player, but no police radio.
\n\nYou've been playing for\n	\n\nYou've been playing for\n
Notebook? What notebook?	Notebook? What notebook?
You don't have one.	You don't have one.
Jim Walls, Greg Rowland, Al Lowe, Mark Crowe, Scott Murphy, Ken Williams, Jerry Moore, Jeff Stephenson, Chris Iden and Bob Heitman.	Jim Walls, Greg Rowland, Al Lowe, Mark Crowe, Scott Murphy, Ken Williams, Jerry Moore, Jeff Stephenson, Chris Iden and Bob Heitman.
%m1%m103%v14 days, %v13 hours, %v12 minutes and %v11 seconds.\n	%m1%m103%v14 days, %v13 hours, %v12 minutes and %v11 seconds.\n
%m1%m103%v13 hours, %v12 minutes and %v11 seconds.\n	%m1%m103%v13 hours, %v12 minutes and %v11 seconds.\n
%m1%m103%v12 minutes and %v11 seconds.\n	%m1%m103%v12 minutes and %v11 seconds.\n
Sierra	Sierra
About PQ  	About PQ  
Help  <F1>	Help  <F1>
File	File
Save     <F5>	Save     <F5>
Restore  <F7>	Restore  <F7>
-------------	-------------
Restart  <F9>	Restart  <F9>
Quit  <Alt-Z>	Quit  <Alt-Z>
Action	Action
Inventory      <Tab>	Inventory      <Tab>
See Object  <Ctrl-S>	See Object  <Ctrl-S>
Dispatcher  <Ctrl-D>	Dispatcher  <Ctrl-D>
Special	Special
Sound On/Off       <F2>	Sound On/Off       <F2>
Graphics Mode  <Ctrl-R>	Graphics Mode  <Ctrl-R>
Joystick/Mouse <Ctrl-J>	Joystick/Mouse <Ctrl-J>
Joystick       <Ctrl-J>	Joystick       <Ctrl-J>
Pause Game             	Pause Game             
Speed	Speed
Normal 	Normal 
Slow   	Slow   
Fast   	Fast   
Fastest	Fastest
-------	-------
Slower 	Slower 
Give away your handcuffs?	Give away your handcuffs?
No way!	No way!
Adventure Game Development System	Adventure Game Development System
(C) 1987 by Sierra On-Line, Inc.	(C) 1987 by Sierra On-Line, Inc.
%g88	%g88
load gun	load gun
draw gun	draw gun
fire gun	fire gun
As you look into the car, you wonder, "Can this be happening?"	As you look into the car, you wonder, "Can this be happening?"
The young lady has a smile that could melt the polar ice caps, beautiful flashing eyes, gorgeous hair, and her unbuttoned blouse makes it obvious she has nothing to hide!	The young lady has a smile that could melt the polar ice caps, beautiful flashing eyes, gorgeous hair, and her unbuttoned blouse makes it obvious she has nothing to hide!
In a soft, seductive voice she murmers, "Why, officer! I'm just sure I didn't do anything wrong."	In a soft, seductive voice she murmers, "Why, officer! I'm just sure I didn't do anything wrong."
"I'm truly sorry, sir. I honestly did not even see that red light. Is there anything I can do to convince you to let me off? And, I DO mean anything!"	"I'm truly sorry, sir. I honestly did not even see that red light. Is there anything I can do to convince you to let me off? And, I DO mean anything!"
You quickly trade your integrity for a shot at cheap thrills and torrid sex!	You quickly trade your integrity for a shot at cheap thrills and torrid sex!
"Who cares?!"	"Who cares?!"
"My phone number is 555-4369," she says with a smile, "Give me a call some time."	"My phone number is 555-4369," she says with a smile, "Give me a call some time."
Being the veteran you are, you overcome temptation and stare the young lady straight in the eyes, "May I please see your driver's license, Ma'am?"	Being the veteran you are, you overcome temptation and stare the young lady straight in the eyes, "May I please see your driver's license, Ma'am?"
"Again??"	"Again??"
She's hopping mad as she yells, "Oh, you cops are all alike! All you care about is making your quotas! Well, come on, snap it up. I am in a hurry, Mr. Bigshot Traffic Cop!"	She's hopping mad as she yells, "Oh, you cops are all alike! All you care about is making your quotas! Well, come on, snap it up. I am in a hurry, Mr. Bigshot Traffic Cop!"
"Guys like you make me want a big dip of snuff! You never give a decent girl a break! You just hassle people!"	"Guys like you make me want a big dip of snuff! You never give a decent girl a break! You just hassle people!"
You can't write a ticket without your pinch book.	You can't write a ticket without your pinch book.
What a pair of headlights!!	What a pair of headlights!!
She verbally pounds you again, "Officer, did your mother have any children that lived?"	She verbally pounds you again, "Officer, did your mother have any children that lived?"
You must see the violator's driver's license in order to write a ticket.	You must see the violator's driver's license in order to write a ticket.
She hands your ticket book back and suggests with a sarcastic smile, "Why don't you shove that pen where the sun don't shine, Officer? 'Mommy and Daddy,' really!"	She hands your ticket book back and suggests with a sarcastic smile, "Why don't you shove that pen where the sun don't shine, Officer? 'Mommy and Daddy,' really!"
She hasn't signed it, Sonny.	She hasn't signed it, Sonny.
You're holding it.	You're holding it.
As your eyes meet, you're momentarily stunned.	As your eyes meet, you're momentarily stunned.
"My name is Helen. Helen Hots," she says as heat detectors go off for miles around. "What's yours, Handsome?"	"My name is Helen. Helen Hots," she says as heat detectors go off for miles around. "What's yours, Handsome?"
"I'm truly sorry, sir. Is there anything I can do to convince you to let me off? And, I DO mean anything!"	"I'm truly sorry, sir. Is there anything I can do to convince you to let me off? And, I DO mean anything!"
"Why, I've never heard of anyone by that name, Officer!"	"Why, I've never heard of anyone by that name, Officer!"
Helen Hots	Helen Hots
Female 5'2 105	Female 5'2 105
HAIR Black	HAIR Black
EYES Blue	EYES Blue
DOB 2/14/66	DOB 2/14/66
202 Gyrate Ct	202 Gyrate Ct
Lytton, CA	Lytton, CA
RESTRICTIONS	RESTRICTIONS
None.	None.
Politely, you tell her, "You ran a red light back there, Miss."	Politely, you tell her, "You ran a red light back there, Miss."
"Thanks for not giving me a ticket, Officer!"	"Thanks for not giving me a ticket, Officer!"
"What? And, as nice as I have been to you! Why, I gave you my phone number and everything. If you do anything to me, Turkey, I'll file rape charges on you so fast it'll make your head swim! Gawd, what a BUM!"	"What? And, as nice as I have been to you! Why, I gave you my phone number and everything. If you do anything to me, Turkey, I'll file rape charges on you so fast it'll make your head swim! Gawd, what a BUM!"
Your briefcase is in the car.	Your briefcase is in the car.
"Why, Officer!" she smiles coyly. "Please don't stare there!!"	"Why, Officer!" she smiles coyly. "Please don't stare there!!"
First, return her license.	First, return her license.
What a face. What a pair of eyes!	What a face. What a pair of eyes!
You hand her the ticket book and your pen. "Please sign at the 'X,' Ma'am," you politely instruct her.	You hand her the ticket book and your pen. "Please sign at the 'X,' Ma'am," you politely instruct her.
You haven't written her up yet.	You haven't written her up yet.
You can only write one ticket per violation, Sonny!	You can only write one ticket per violation, Sonny!
You can't write a ticket without your pen.	You can't write a ticket without your pen.
"Well, how rude," she says, attempting to be offended. "But, if that's what it takes, I suppose it's all right with me!"	"Well, how rude," she says, attempting to be offended. "But, if that's what it takes, I suppose it's all right with me!"
"Why don't you look at my license?" she asks.	"Why don't you look at my license?" she asks.
"Good day, Ma'am," you say, trying to keep your glance high. "I'm Officer Sonny Bonds."	"Good day, Ma'am," you say, trying to keep your glance high. "I'm Officer Sonny Bonds."
Your heart slips up into your throat! %m5	Your heart slips up into your throat! %m5
"Short memory, Officer?" she snickers.	"Short memory, Officer?" she snickers.
"What did I do wrong, Officer?" she says, showing her best smile.	"What did I do wrong, Officer?" she says, showing her best smile.
That is unnecessary for a simple traffic violation.	That is unnecessary for a simple traffic violation.
Nice try, but unfortunately, unnecessary in a traffic violation.	Nice try, but unfortunately, unnecessary in a traffic violation.
You carefully fill in all the necessary information on the citation.	You carefully fill in all the necessary information on the citation.
Where!?	Where!?
This is the pulpit from which Sgt. Dooley delivers his words of wisdom and inspiration to his troops. Listen and take careful notes during each briefing.	This is the pulpit from which Sgt. Dooley delivers his words of wisdom and inspiration to his troops. Listen and take careful notes during each briefing.
The pigeonhole is a police officer's mailbox. He can receive love letters, subpoenas, nasty messages, and even departmental memos. You ought to check yours.	The pigeonhole is a police officer's mailbox. He can receive love letters, subpoenas, nasty messages, and even departmental memos. You ought to check yours.
It's just an everyday, run-of-the-mill, rosewood, report-writing table with four legs, three drawers, and 243 pieces of gum stuck underneath.	It's just an everyday, run-of-the-mill, rosewood, report-writing table with four legs, three drawers, and 243 pieces of gum stuck underneath.
It's a regular blackboard, but Dooley keeps all his chalk and erasers locked up so you can't leave any cute messages.	It's a regular blackboard, but Dooley keeps all his chalk and erasers locked up so you can't leave any cute messages.
You see nothing special about this drawer.	You see nothing special about this drawer.
There's nothing on the podium that opens.	There's nothing on the podium that opens.
You open the drawer and observe various tools used in diagraming traffic collisions. Nothing here will aid you.	You open the drawer and observe various tools used in diagraming traffic collisions. Nothing here will aid you.
Don't get any ideas, Sonny!	Don't get any ideas, Sonny!
There is no chalk available.	There is no chalk available.
How nasty!	How nasty!
It is not wise to leave just as briefing is ready to start!	It is not wise to leave just as briefing is ready to start!
Sgt. Dooley will play "kick the can" with yours if you leave when he's ready to begin his briefing. Get to your desk!	Sgt. Dooley will play "kick the can" with yours if you leave when he's ready to begin his briefing. Get to your desk!
There is a newspaper lying on the table.	There is a newspaper lying on the table.
The briefing room contains a single podium and four report writing tables. %m16	The briefing room contains a single podium and four report writing tables. %m16
On the far wall are eight pigeonholes. On the front wall there is a blackboard.	On the far wall are eight pigeonholes. On the front wall there is a blackboard.
R. J. Jefferson, the Department's janitor, does good work. Don't mess it up!	R. J. Jefferson, the Department's janitor, does good work. Don't mess it up!
You see a textured ceiling with florescent lighting.	You see a textured ceiling with florescent lighting.
Anyone caught climbing tables is automatically directed to the locally-contracted Departmental Psychologist.	Anyone caught climbing tables is automatically directed to the locally-contracted Departmental Psychologist.
You don't need anything in the drawer.	You don't need anything in the drawer.
Under the table, 243 pieces of gum defy gravity.	Under the table, 243 pieces of gum defy gravity.
If you mess with his blackboard, Sgt. Dooley may verbally assault you with his highly-acclaimed, personal collection of four-letter words.	If you mess with his blackboard, Sgt. Dooley may verbally assault you with his highly-acclaimed, personal collection of four-letter words.
You are looking at the latest in locker room benches. Don't slide after sitting or you'll spend the evening plucking wood chips out of your tail!	You are looking at the latest in locker room benches. Don't slide after sitting or you'll spend the evening plucking wood chips out of your tail!
The wooden bench is securely attached to the floor.	The wooden bench is securely attached to the floor.
You can't move something that's anchored to the floor.	You can't move something that's anchored to the floor.
This shower is unique. It will give you all the hot water you want for two minutes, or all the ice water you want forever.	This shower is unique. It will give you all the hot water you want for two minutes, or all the ice water you want forever.
The shower IS on!	The shower IS on!
The shower IS Off!	The shower IS Off!
The spigot is out of reach.	The spigot is out of reach.
Congratulations. Most players don't enter a shower while fully-clothed. You've just lost a point.	Congratulations. Most players don't enter a shower while fully-clothed. You've just lost a point.
You'd better unlock your locker first!	You'd better unlock your locker first!
You've been docked one point for leaving the shower running.	You've been docked one point for leaving the shower running.
There's no doubt that somewhere in your life you fell off a high porch and landed hard on your head!	There's no doubt that somewhere in your life you fell off a high porch and landed hard on your head!
Grown policemen don't climb on benches, Sonny.	Grown policemen don't climb on benches, Sonny.
Your locker is too far away.	Your locker is too far away.
Your locker is closed.	Your locker is closed.
This shower is already occupied. (And you're not that kind of boy!)	This shower is already occupied. (And you're not that kind of boy!)
Morris Fudley has worn out this shower!	Morris Fudley has worn out this shower!
Aaah... there's nothing like a nice, hot shower!	Aaah... there's nothing like a nice, hot shower!
Sorry, but your crime-stopping just can't wait!	Sorry, but your crime-stopping just can't wait!
You look at the ceiling and observe a lighting system that adequately illuminates the locker room. (Otherwise, it'd be dark in here!)	You look at the ceiling and observe a lighting system that adequately illuminates the locker room. (Otherwise, it'd be dark in here!)
You look down and note a very clean, blue-tiled floor.	You look down and note a very clean, blue-tiled floor.
Yuck!	Yuck!
"Hey! Somebody die in there?!"	"Hey! Somebody die in there?!"
Hearing the sound of rustling paper, you accurately surmise this stall's occupant is concentrating deeply!	Hearing the sound of rustling paper, you accurately surmise this stall's occupant is concentrating deeply!
Grunts and groans encourage you to leave this area!	Grunts and groans encourage you to leave this area!
From behind the door you hear the occupant whistling a familiar tune. At least he enjoys his handiwork.	From behind the door you hear the occupant whistling a familiar tune. At least he enjoys his handiwork.
A disgusted voice snaps back, "Don't be so impatient!"	A disgusted voice snaps back, "Don't be so impatient!"
"Use the next stall! I'm giving birth to a sergeant in here!"	"Use the next stall! I'm giving birth to a sergeant in here!"
"I'd love to visit with you, Sonny, but there just isn't enough room in here for both of us!"	"I'd love to visit with you, Sonny, but there just isn't enough room in here for both of us!"
"I'm taking time out from any discussions right now, buddy boy!"	"I'm taking time out from any discussions right now, buddy boy!"
You see uniform trousers crumpled on the floor around a pair of bare legs, and conclude the stall is occupied.	You see uniform trousers crumpled on the floor around a pair of bare legs, and conclude the stall is occupied.
The Lytton PD locker room has two rows of full-sized, double-stacked lockers with a bench between them, two showers, and three toilet stalls.	The Lytton PD locker room has two rows of full-sized, double-stacked lockers with a bench between them, two showers, and three toilet stalls.
If you had any points, you would have lost them for leaving the shower running. Remember, Sonny, "waste not, want not!"	If you had any points, you would have lost them for leaving the shower running. Remember, Sonny, "waste not, want not!"
Don't you feel foolish standing in the shower fully clothed? If you had any points, you'd have lost some for this!	Don't you feel foolish standing in the shower fully clothed? If you had any points, you'd have lost some for this!
That would be best done in the shower.	That would be best done in the shower.
Good idea!	Good idea!
At last, you'll find out if blondes really have more fun!	At last, you'll find out if blondes really have more fun!
One of these all-metal, double-stacked lockers is assigned to you. Finding it is up to you.	One of these all-metal, double-stacked lockers is assigned to you. Finding it is up to you.
You carefully pour the bleach on your hair. Now what?	You carefully pour the bleach on your hair. Now what?
What are you going to rinse out?	What are you going to rinse out?
Your hair is wet.	Your hair is wet.
With great anticipation, you carefully rinse the bleach from your hair.	With great anticipation, you carefully rinse the bleach from your hair.
Aaahhh! That feels good.	Aaahhh! That feels good.
Pervert!	Pervert!
"Strangers in the night, la da de dee dah..."	"Strangers in the night, la da de dee dah..."
Around the hallway is a key board, a table holding radio extenders, a photograph on the far wall, and a barred window to the evidence room.	Around the hallway is a key board, a table holding radio extenders, a photograph on the far wall, and a barred window to the evidence room.
The table holds hand-held radio extenders that work in conjunction with your police car radio, when you are not near your patrol car.	The table holds hand-held radio extenders that work in conjunction with your police car radio, when you are not near your patrol car.
This key board holds the keys to the squad cars that are presently operable.	This key board holds the keys to the squad cars that are presently operable.
This the most recent photograph of Lytton's Chief of Police Randolph "Brown Nose" Whipplestick. Appointed to the department only ten years ago, "Ol' B. N." rapidly manipulated his way to the top.	This the most recent photograph of Lytton's Chief of Police Randolph "Brown Nose" Whipplestick. Appointed to the department only ten years ago, "Ol' B. N." rapidly manipulated his way to the top.
On the far wall is a photograph of Chief Whipplestick. On another wall, you see a key board.	On the far wall is a photograph of Chief Whipplestick. On another wall, you see a key board.
Good cops don't take city property without permission. Besides, what kind of nut would want the Chief's ugly face?	Good cops don't take city property without permission. Besides, what kind of nut would want the Chief's ugly face?
That thing is screwed into the wall so tight, it would take you half a shift to remove it!	That thing is screwed into the wall so tight, it would take you half a shift to remove it!
Come on. You only need one!	Come on. You only need one!
You pick up a squelchy, noisy, but workable extender.	You pick up a squelchy, noisy, but workable extender.
You look down and note a very clean, gray-tiled floor.	You look down and note a very clean, gray-tiled floor.
Whew! At least you have enough time to change clothes before briefing!	Whew! At least you have enough time to change clothes before briefing!
Why would you need a radio extender when you're off duty?	Why would you need a radio extender when you're off duty?
A radio extender is too bulky to carry on an undercover assignment.	A radio extender is too bulky to carry on an undercover assignment.
You imagine that Russ must feel like a prisoner inside the tiny, evidence lockup.	You imagine that Russ must feel like a prisoner inside the tiny, evidence lockup.
You return your radio extender to the recharge stand.	You return your radio extender to the recharge stand.
Fluorescent lights illuminate the hallway.	Fluorescent lights illuminate the hallway.
You can't drive two cars at once.	You can't drive two cars at once.
You take the patrol car's keys from the key board.	You take the patrol car's keys from the key board.
"We lock it up, not give it out."	"We lock it up, not give it out."
The evidence lockup is operated by officer "Russ Dinkle."	The evidence lockup is operated by officer "Russ Dinkle."
You hang the keys on the key board.	You hang the keys on the key board.
"Hi, Sonny," says Russ. "What do you need?"	"Hi, Sonny," says Russ. "What do you need?"
"Sonny, you should have seen Sgt. Dooley when he first discovered that chicken! He threw a screaming fit and wanted the Lieutenant to dust for prints."	"Sonny, you should have seen Sgt. Dooley when he first discovered that chicken! He threw a screaming fit and wanted the Lieutenant to dust for prints."
"If that 'Gremlin' keeps messing with me," says Sgt. Dooley, "I'm going to notify Internal Affairs to start an investigation!"	"If that 'Gremlin' keeps messing with me," says Sgt. Dooley, "I'm going to notify Internal Affairs to start an investigation!"
"When I find out who the little weasel is," says Sgt. Dooley, "you'd better believe that he or she will be walking a footbeat from the river all the way to Joe's Junkyard!"	"When I find out who the little weasel is," says Sgt. Dooley, "you'd better believe that he or she will be walking a footbeat from the river all the way to Joe's Junkyard!"
Walking out on Sgt. Dooley's words of wisdom is unwise! You are hereby found guilty of "Contempt of Dooley."	Walking out on Sgt. Dooley's words of wisdom is unwise! You are hereby found guilty of "Contempt of Dooley."
It sure clears out quick around here.	It sure clears out quick around here.
"Look at Dooley! The man has gone berserk! I thought that new desk decoration was rather comical."	"Look at Dooley! The man has gone berserk! I thought that new desk decoration was rather comical."
"Hey, Sonny! Dooley says he's gonna start a big Internal Affairs investigation just because some fool put a stinkin', smelly bird on his desk."	"Hey, Sonny! Dooley says he's gonna start a big Internal Affairs investigation just because some fool put a stinkin', smelly bird on his desk."
"Take a look in my office, Sonny. Maybe you can shed some light as to how that creature made his way to the top of my desk!"	"Take a look in my office, Sonny. Maybe you can shed some light as to how that creature made his way to the top of my desk!"
"This door to remain open during business hours."	"This door to remain open during business hours."
The locker room has a partition but no door!	The locker room has a partition but no door!
"Why, Sonny!" Russ says. "You know I don't keep them here!"	"Why, Sonny!" Russ says. "You know I don't keep them here!"
It is open.	It is open.
The door is closed.	The door is closed.
Russ says, "What can I do for you, Fly Boy?"	Russ says, "What can I do for you, Fly Boy?"
"Now, Sonny, you know this is official evidence. Don't go running off with it!"	"Now, Sonny, you know this is official evidence. Don't go running off with it!"
Russ, the keeper of the evidence lockup, says, "Howdy, Sonny! Haven't seen anything with your name on it come in lately."	Russ, the keeper of the evidence lockup, says, "Howdy, Sonny! Haven't seen anything with your name on it come in lately."
Since you're not in uniform, you don't need keys to a patrol car.	Since you're not in uniform, you don't need keys to a patrol car.
You see Russ looking back at you.	You see Russ looking back at you.
Detective Laura Watts wanders into the room, giggles, then compliments you on the handsome towel you're wearing. "Boy, are YOU out of uniform," she laughs!	Detective Laura Watts wanders into the room, giggles, then compliments you on the handsome towel you're wearing. "Boy, are YOU out of uniform," she laughs!
"Hey, Sonny! You're off duty, aren't you? Some of us are going by the Blue Room to throw Jack a little surprise party. After you change clothes, why don't you stop by?"	"Hey, Sonny! You're off duty, aren't you? Some of us are going by the Blue Room to throw Jack a little surprise party. After you change clothes, why don't you stop by?"
"The dancer we hired for Jack's party is something else!"	"The dancer we hired for Jack's party is something else!"
"See you there!"	"See you there!"
"Move outta the way!"	"Move outta the way!"
You look under the table just to satisfy your curiosity. You find nothing.	You look under the table just to satisfy your curiosity. You find nothing.
"Another day, another dollar! Write some tickets and Dooley won't holler!"	"Another day, another dollar! Write some tickets and Dooley won't holler!"
"How do you do, Officer? Welcome to the Lytton PD Pharmaceutical and Weaponry Lockup."	"How do you do, Officer? Welcome to the Lytton PD Pharmaceutical and Weaponry Lockup."
"I've got zip guns, shotguns, rockets and dope,\n\nsmack and crack, knives and coke.\n\nA little of this and a lot of that.\n\nIt's all locked up and that's a fact!"	"I've got zip guns, shotguns, rockets and dope,\n\nsmack and crack, knives and coke.\n\nA little of this and a lot of that.\n\nIt's all locked up and that's a fact!"
"Detective Bonds, it appears you've been on a roll lately!"	"Detective Bonds, it appears you've been on a roll lately!"
Dooley ain't fit to talk to now!	Dooley ain't fit to talk to now!
You lost your radio extender and now you want another?	You lost your radio extender and now you want another?
Forget it!	Forget it!
You lost those keys, remember?	You lost those keys, remember?
The car door is open.	The car door is open.
The car door is closed.	The car door is closed.
Since you're not assigned to this vehicle, there's no need to safety check it.	Since you're not assigned to this vehicle, there's no need to safety check it.
The back seat is reserved for prisoners and you have none!	The back seat is reserved for prisoners and you have none!
Trying to crawl through the window? %m2	Trying to crawl through the window? %m2
Hmmm! This side looks ok!	Hmmm! This side looks ok!
You don't have the keys to this car.	You don't have the keys to this car.
There's no need to safety check your personal car.	There's no need to safety check your personal car.
There is no reason to open the passengers' doors.	There is no reason to open the passengers' doors.
The parking lot is surrounded by brick and chain link.	The parking lot is surrounded by brick and chain link.
It looks like Laura is waiting for you. You wonder what's up.	It looks like Laura is waiting for you. You wonder what's up.
"Hold on, Sonny. We've got work to do."	"Hold on, Sonny. We've got work to do."
"Sonny, one of my informants just told me a drug deal is going down soon in Lytton City Park" says Laura, getting into your car. "Lieutenant Morgan wants us to stake it out and see what we can do."	"Sonny, one of my informants just told me a drug deal is going down soon in Lytton City Park" says Laura, getting into your car. "Lieutenant Morgan wants us to stake it out and see what we can do."
"Well, Cowboy, let's roll!"	"Well, Cowboy, let's roll!"
There's no need to safety check the patrol car unless you're going to use it.	There's no need to safety check the patrol car unless you're going to use it.
The PR-24 must remain in the vehicle.	The PR-24 must remain in the vehicle.
Having performed the prescribed, walk-around safety check of your vehicle, you're now ready to hit the streets.	Having performed the prescribed, walk-around safety check of your vehicle, you're now ready to hit the streets.
You don't need to double check the car!	You don't need to double check the car!
The parking lot holds three patrol cars, an unmarked car and a shiny, clean Corvette.	The parking lot holds three patrol cars, an unmarked car and a shiny, clean Corvette.
Your marked patrol car features a powerful "V-8" engine choked down with the very latest in smog devices, and purchased from the lowest bidder! It is capable of attaining speeds of up to 87 (or more) miles per hour.	Your marked patrol car features a powerful "V-8" engine choked down with the very latest in smog devices, and purchased from the lowest bidder! It is capable of attaining speeds of up to 87 (or more) miles per hour.
This is an unmarked vehicle used in undercover operations. It was confiscated in an earlier arrest.	This is an unmarked vehicle used in undercover operations. It was confiscated in an earlier arrest.
This is your sports car! You can't really afford one, but it's your one real luxury in life! Besides, you have few other financial obligations.	This is your sports car! You can't really afford one, but it's your one real luxury in life! Besides, you have few other financial obligations.
Laura says, "Sonny, I'll go write up this arrest."	Laura says, "Sonny, I'll go write up this arrest."
"I'll bet Jack is over at the Blue Room," says Laura. "Why don't you go tell him we nailed the rat who was dealing dope at Jefferson High!"	"I'll bet Jack is over at the Blue Room," says Laura. "Why don't you go tell him we nailed the rat who was dealing dope at Jefferson High!"
It seems you have missed one briefing too many. Sgt. Dooley places you on administrative leave, without pay, for five days. Next time, attend briefings!	It seems you have missed one briefing too many. Sgt. Dooley places you on administrative leave, without pay, for five days. Next time, attend briefings!
Marvin Hoffman	Marvin Hoffman
Male 6'0 194#	Male 6'0 194#
DOB 6/2/56	DOB 6/2/56
31 W 104th St	31 W 104th St
Chicago, IL	Chicago, IL
Leroy Pierson	Leroy Pierson
Male 5'10 187#	Male 5'10 187#
DOB 4/28/55	DOB 4/28/55
1134 Beach St	1134 Beach St
Newport, CA	Newport, CA
You open the note book.	You open the note book.
Your partner will impound these items into evidence, along with the car.	Your partner will impound these items into evidence, along with the car.
You observe a black notebook, and two driver's licenses.	You observe a black notebook, and two driver's licenses.
You open the trunk and discover a clear plastic bag containing a white powdery substance resembling cocaine and another clear plastic bag containing a green leafy substance resembling marijuana.	You open the trunk and discover a clear plastic bag containing a white powdery substance resembling cocaine and another clear plastic bag containing a green leafy substance resembling marijuana.
As you start to examine the evidence, you hear Jack's voice behind you, "Just leave that stuff in the trunk, Sonny. I'll impound it along with the car."	As you start to examine the evidence, you hear Jack's voice behind you, "Just leave that stuff in the trunk, Sonny. I'll impound it along with the car."
"Ok, Jack," you say, "See you back at the station."	"Ok, Jack," you say, "See you back at the station."
This is a quiet, residential area of Lytton.	This is a quiet, residential area of Lytton.
You're outside the beautiful "Hotel Delphoria."	You're outside the beautiful "Hotel Delphoria."
You patrol the streets near "Carol's Caffeine Castle," and the famous "Wino Willey's" beer joint.	You patrol the streets near "Carol's Caffeine Castle," and the famous "Wino Willey's" beer joint.
The freeway leaves the City of Lytton here.	The freeway leaves the City of Lytton here.
To the west is the entrance to Lytton City Park.	To the west is the entrance to Lytton City Park.
This is a commercialized area of Lytton.	This is a commercialized area of Lytton.
In the battle of building vs vehicle, the vehicle has lost!	In the battle of building vs vehicle, the vehicle has lost!
The pollutants of this industrialized area give the air a pungent odor.	The pollutants of this industrialized area give the air a pungent odor.
The Blue Room is in this part of town.	The Blue Room is in this part of town.
Freeway traffic passes over this sparsely industrialized area of Lytton.	Freeway traffic passes over this sparsely industrialized area of Lytton.
You skipped the required safety inspection of your vehicle prior to leaving the station yard. You're now disabled here with a flat tire!	You skipped the required safety inspection of your vehicle prior to leaving the station yard. You're now disabled here with a flat tire!
The Lytton Police Department is located here.	The Lytton Police Department is located here.
The Clearwater River borders the eastern edge of this residential area.	The Clearwater River borders the eastern edge of this residential area.
The freeway stretches out above this quiet neighborhood.	The freeway stretches out above this quiet neighborhood.
The Clearwater River borders the southern edge of this neighborhood.	The Clearwater River borders the southern edge of this neighborhood.
You are near the Lytton Courthouse and the City Jail.	You are near the Lytton Courthouse and the City Jail.
Cotton Cove is located here, near the lovely Clearwater River.	Cotton Cove is located here, near the lovely Clearwater River.
Being a highly trained observer, you immediately notice a smashed coupe on the sidewalk, and a crowd of rubberneckers milling around nearby. The crowd includes one particularly anxious young man.	Being a highly trained observer, you immediately notice a smashed coupe on the sidewalk, and a crowd of rubberneckers milling around nearby. The crowd includes one particularly anxious young man.
The broken glass of the driver's window has a strange pattern for a car wreck. It appears to be a bullet hole!	The broken glass of the driver's window has a strange pattern for a car wreck. It appears to be a bullet hole!
You take a deep breath, look in the car, and see a male slumped motionless over the steering wheel.	You take a deep breath, look in the car, and see a male slumped motionless over the steering wheel.
A closer look reveals a bloody injury to the left side of his head, and a gaping hole in his lower-right jaw!	A closer look reveals a bloody injury to the left side of his head, and a gaping hole in his lower-right jaw!
No pulse. No breathing. No vital signs.	No pulse. No breathing. No vital signs.
There is a bullet hole in the driver's window. This is not your normal, everyday traffic accident. In your opinion, this man was murdered!	There is a bullet hole in the driver's window. This is not your normal, everyday traffic accident. In your opinion, this man was murdered!
You use your radio to advise Dispatch of the apparent homicide.	You use your radio to advise Dispatch of the apparent homicide.
The car radio crackles a response...	The car radio crackles a response...
Without a radio extender, you can't use your car radio from here.	Without a radio extender, you can't use your car radio from here.
"10-4, 83-32. We copy 187pc homicide."	"10-4, 83-32. We copy 187pc homicide."
"Be advised, one homicide unit is en route, and the Coroner's Office has been notified. Continue investigation."	"Be advised, one homicide unit is en route, and the Coroner's Office has been notified. Continue investigation."
You have nothing to report. Investigate the accident scene to see if you can discover something.	You have nothing to report. Investigate the accident scene to see if you can discover something.
If you were closer, they might notice you.	If you were closer, they might notice you.
An excited young man approaches you.	An excited young man approaches you.
"Officer," he says, "I saw what happened! I saw everything!!"	"Officer," he says, "I saw what happened! I saw everything!!"
"I was buying a paper at the newsstand across the street when I heard the scream of tires," he tells you. "I looked down the street, and here comes this car and a light blue, late-model Cadillac racing down the street side-by-side!"	"I was buying a paper at the newsstand across the street when I heard the scream of tires," he tells you. "I looked down the street, and here comes this car and a light blue, late-model Cadillac racing down the street side-by-side!"
"When they got closer, I heard a 'bang.' I thought one of 'em had a blowout!"	"When they got closer, I heard a 'bang.' I thought one of 'em had a blowout!"
"But, right after that, this car here lost control and crashed. The light blue Caddie just kept on jammin'!" he finishes breathlessly.	"But, right after that, this car here lost control and crashed. The light blue Caddie just kept on jammin'!" he finishes breathlessly.
"I think I saw part of his license plate number, 'L964.'"	"I think I saw part of his license plate number, 'L964.'"
You notify dispatch of the vehicle information.	You notify dispatch of the vehicle information.
Homicide Detective Oscar Hamilton arrives with Sergeant Dooley.	Homicide Detective Oscar Hamilton arrives with Sergeant Dooley.
Dooley tells you, "Bonds, Detective Hamilton will handle the investigation from here."	Dooley tells you, "Bonds, Detective Hamilton will handle the investigation from here."
"Hit the streets and try to find the rat responsible," says Sgt. Dooley. "I'll introduce the witness to Hamilton."	"Hit the streets and try to find the rat responsible," says Sgt. Dooley. "I'll introduce the witness to Hamilton."
This guy won't be doing anything soon!	This guy won't be doing anything soon!
To whom are you speaking?	To whom are you speaking?
The little old lady in the crowd cries out, "Officer, do something. That man is hurt bad! Help him!!"	The little old lady in the crowd cries out, "Officer, do something. That man is hurt bad! Help him!!"
They can't hear you from here.	They can't hear you from here.
This man is beyond help.	This man is beyond help.
The sign reads, "Colonial Van and Storage."	The sign reads, "Colonial Van and Storage."
The bricks won't do you any good.	The bricks won't do you any good.
Hold on, Sonny. It seems Sergeant Dooley has something to tell you.	Hold on, Sonny. It seems Sergeant Dooley has something to tell you.
"All I know is," says the witness, %m19	"All I know is," says the witness, %m19
You can't see the driver very well from here.	You can't see the driver very well from here.
The green coupe will require a major front-end job!	The green coupe will require a major front-end job!
Dooley reminds you, "Ok, Sonny, move it out! That's an order."	Dooley reminds you, "Ok, Sonny, move it out! That's an order."
Dooley tells you, "Resume patrol now, Officer Bonds."	Dooley tells you, "Resume patrol now, Officer Bonds."
Dooley says, "Anytime now, Bonds. Hit the street!"	Dooley says, "Anytime now, Bonds. Hit the street!"
There's a man slumped over the steering wheel.	There's a man slumped over the steering wheel.
Dispatch will not hear you unless you use the radio.	Dispatch will not hear you unless you use the radio.
You assess the damage to the building.	You assess the damage to the building.
That's a job for the coroner.	That's a job for the coroner.
It's obvious the radiator was damaged from impact.	It's obvious the radiator was damaged from impact.
"Why doncha get some help?"	"Why doncha get some help?"
"10-4, 83-32. We copy light blue Cadillac, partial license 'L964.'"	"10-4, 83-32. We copy light blue Cadillac, partial license 'L964.'"
You have nothing further to report.	You have nothing further to report.
"10-4, 83-32. Hamilton and Dooley are in route. Estimated time of arrival is momentarily!"	"10-4, 83-32. Hamilton and Dooley are in route. Estimated time of arrival is momentarily!"
This door is jammed.	This door is jammed.
It would be more professional to wait until the homicide detectives arrive before leaving the scene.	It would be more professional to wait until the homicide detectives arrive before leaving the scene.
Forget it! Just walk around to the other side.	Forget it! Just walk around to the other side.
You see a man slumped over the wheel.	You see a man slumped over the wheel.
The crowd appears to be fixated on the wreck.	The crowd appears to be fixated on the wreck.
Sgt. Dooley honks his horn and yells out the window, "Hey, Sonny! Move out of the way, I need to park there!"	Sgt. Dooley honks his horn and yells out the window, "Hey, Sonny! Move out of the way, I need to park there!"
"10-4, 83-32. We copy 187pc homicide. Continue investigation."	"10-4, 83-32. We copy 187pc homicide. Continue investigation."
%m20 "Dispatch, this is 83-32. Be advised description of suspect vehicle is late-model, light blue Cadillac."	%m20 "Dispatch, this is 83-32. Be advised description of suspect vehicle is late-model, light blue Cadillac."
It's difficult to see though the smoke and debris, but you feel certain you can see programmers working on adventure games inside.	It's difficult to see though the smoke and debris, but you feel certain you can see programmers working on adventure games inside.
The wreck victim's license plate appears to have been lost during the accident.	The wreck victim's license plate appears to have been lost during the accident.
This car smells of death.	This car smells of death.
Someone in this crowd smells of musk and cheap perfume.	Someone in this crowd smells of musk and cheap perfume.
The inside of this building smells of flatulence.	The inside of this building smells of flatulence.
Yes, the tailpipe smells of exhaust.	Yes, the tailpipe smells of exhaust.
Ah! The air of Lytton.	Ah! The air of Lytton.
%g79	%g79
You can't. It's sprung.	You can't. It's sprung.
"Hey, Sonny! You sure missed a good one while you was off duty," says R. J. Jefferson, Lytton PD custodian. "Someone filled a pair of pantyhose full of cotton balls and crammed 'em into Sgt. Dooley's pigeonhole."	"Hey, Sonny! You sure missed a good one while you was off duty," says R. J. Jefferson, Lytton PD custodian. "Someone filled a pair of pantyhose full of cotton balls and crammed 'em into Sgt. Dooley's pigeonhole."
"Sonny, my man, you keeping 'the fat boy' off your back?" asks Jefferson. "I sure felt sorry for Jack yesterday. Ol' Dooley was really reaming him about his low activity!"	"Sonny, my man, you keeping 'the fat boy' off your back?" asks Jefferson. "I sure felt sorry for Jack yesterday. Ol' Dooley was really reaming him about his low activity!"
"Say, Sonny!" says R. J. "Better keep your eye on that female officer. She was eyeballin' you the other day like a rat lookin' at a piece o' cheese!!"	"Say, Sonny!" says R. J. "Better keep your eye on that female officer. She was eyeballin' you the other day like a rat lookin' at a piece o' cheese!!"
"Mercy, mercy, mercy! If it ain't Sonny 'Big Man' Bonds! How is my favorite cop? You should have been with me last night! I had such a good time, I had to come back to work just to get some rest!"	"Mercy, mercy, mercy! If it ain't Sonny 'Big Man' Bonds! How is my favorite cop? You should have been with me last night! I had such a good time, I had to come back to work just to get some rest!"
"Saaaay, fool! Back out of here just a shade? You gettin' close enough to dance with and lord only knows I did enough dancin' last night!"	"Saaaay, fool! Back out of here just a shade? You gettin' close enough to dance with and lord only knows I did enough dancin' last night!"
"Sho' would be nice if the city fixed some of these vents in here. Smells like one, big, cattle yard after every shift change!"	"Sho' would be nice if the city fixed some of these vents in here. Smells like one, big, cattle yard after every shift change!"
"Come on, Man! Give me some room before I mop a shine onto those big feet of yours."	"Come on, Man! Give me some room before I mop a shine onto those big feet of yours."
"Say, Man! I heard the word from the bird last night. I heard that a fine little lady of the evening by the name of Sweet Cheeks Marie thinks you are the finest, 'USDA Prime Cut' in blue she ever did see!"	"Say, Man! I heard the word from the bird last night. I heard that a fine little lady of the evening by the name of Sweet Cheeks Marie thinks you are the finest, 'USDA Prime Cut' in blue she ever did see!"
"I heard the 'Gremlin' got to ol' Sarge again last night. What a shame! He should learn to leave you people alone."	"I heard the 'Gremlin' got to ol' Sarge again last night. What a shame! He should learn to leave you people alone."
"Well, if it ain't Sonny 'My Main Man' Bonds!"	"Well, if it ain't Sonny 'My Main Man' Bonds!"
"Hey, Brother! You can see I'm still sloppin', moppin', and hoppin' on clothes. I'm gettin sick of this job and I'll bet it shows!"	"Hey, Brother! You can see I'm still sloppin', moppin', and hoppin' on clothes. I'm gettin sick of this job and I'll bet it shows!"
"That's close enough, Turkey. Quit trackin up my floor!"	"That's close enough, Turkey. Quit trackin up my floor!"
Say baby, what it is!! Watch out for that wet floor. The last man that came in here, he fell right straight down on his tail bone.	Say baby, what it is!! Watch out for that wet floor. The last man that came in here, he fell right straight down on his tail bone.
R. J. Jefferson yells, "I sho' do wish you'd walk 'round where I'm workin'!"	R. J. Jefferson yells, "I sho' do wish you'd walk 'round where I'm workin'!"
"All right, Sonny, my man! I hear you're now assigned to the Narc Division. You better watch them dudes loadin' up on all that dope. They get real crazy!"	"All right, Sonny, my man! I hear you're now assigned to the Narc Division. You better watch them dudes loadin' up on all that dope. They get real crazy!"
"I'll tell you one thing, Sonny. You be signed up with the finest looking partner in this whole police force!"	"I'll tell you one thing, Sonny. You be signed up with the finest looking partner in this whole police force!"
"I see you's still workin' Narco and you's still in one piece," says Jefferson, the janitor. "You be careful with those dope people. I knew a dude, he got so high, he thought he was a buzzard. He sailed off a five-story building and broke his back in ninty-nine places."	"I see you's still workin' Narco and you's still in one piece," says Jefferson, the janitor. "You be careful with those dope people. I knew a dude, he got so high, he thought he was a buzzard. He sailed off a five-story building and broke his back in ninty-nine places."
"Mr. Plainclothes Bonds, himself."	"Mr. Plainclothes Bonds, himself."
"Sonny, you been swipin' dope from the lockup, or are you tryin' to walk over me just 'cause you wants to?"	"Sonny, you been swipin' dope from the lockup, or are you tryin' to walk over me just 'cause you wants to?"
"Watch out for the floor, man! It's so slippery, you'll look like one of them dudes in the Russian Ice Follies."	"Watch out for the floor, man! It's so slippery, you'll look like one of them dudes in the Russian Ice Follies."
"Sonny, you should have been here an hour ago," says R. J. "The boys were crawlin' over each other like rats on a sinkin' ship lookin' for a porthole, when they found out the Chief was a'coming through."	"Sonny, you should have been here an hour ago," says R. J. "The boys were crawlin' over each other like rats on a sinkin' ship lookin' for a porthole, when they found out the Chief was a'coming through."
He doesn't clean very well, but he sure cleans slow!	He doesn't clean very well, but he sure cleans slow!
"Woooo wheeee! Lookee whats we gots here!" laughs Jefferson.	"Woooo wheeee! Lookee whats we gots here!" laughs Jefferson.
Look: her license plate says "OHMYMG." Isn't that cute!	Look: her license plate says "OHMYMG." Isn't that cute!
Dispatch returns with the information you requested, "'OHMYMG' is currently registered to Helen Hots. No wants."	Dispatch returns with the information you requested, "'OHMYMG' is currently registered to Helen Hots. No wants."
She's inside her car; you can see her, but not very well.	She's inside her car; you can see her, but not very well.
Cautiously, you approach the vehicle. The driver appears to be a female in her early twenties. Very female!	Cautiously, you approach the vehicle. The driver appears to be a female in her early twenties. Very female!
%m3 Try moving closer to her door.	%m3 Try moving closer to her door.
She looks deep into your eyes, and says, "What may I do for you, Officer?"	She looks deep into your eyes, and says, "What may I do for you, Officer?"
She replies in a heated voice, "Just remember, Fish Breath: I'm gonna file a complaint on you! I'll cheat, lie, and do anything possible to get your little fuzz butt in trouble! YOU HEAR ME?"	She replies in a heated voice, "Just remember, Fish Breath: I'm gonna file a complaint on you! I'll cheat, lie, and do anything possible to get your little fuzz butt in trouble! YOU HEAR ME?"
"Dispatch, this is 83-32. Run wants%m14	"Dispatch, this is 83-32. Run wants%m14
"Dispatch, this is 83-32. Check registration%m14"	"Dispatch, this is 83-32. Check registration%m14"
"The car is registered to Helen Hots."	"The car is registered to Helen Hots."
Well, well. Just what every poor, little, rich girl needs; a little red sports car.	Well, well. Just what every poor, little, rich girl needs; a little red sports car.
You can't see the %w2 from here.	You can't see the %w2 from here.
 on Ocean, Henry, Mary, Yellow, Mary, George."	 on Ocean, Henry, Mary, Yellow, Mary, George."
There is no reason to do so.	There is no reason to do so.
"Get lost, jerk!"	"Get lost, jerk!"
She sounds very grateful as she says, "Thank you, Officer! Please call me, and soon!"	She sounds very grateful as she says, "Thank you, Officer! Please call me, and soon!"
Dispatch responds, "83-32, 10-4. You must have been away from your radio. Repeating, 'OHMYMG' is currently registered to Helen Hots. No wants."	Dispatch responds, "83-32, 10-4. You must have been away from your radio. Repeating, 'OHMYMG' is currently registered to Helen Hots. No wants."
You should look at her before you talk to her.	You should look at her before you talk to her.
The gentleman responds to your request, "Da, yas ssshir."	The gentleman responds to your request, "Da, yas ssshir."
The drunk reminds you, "Es-cuse me, butt cher bloc'in' da door, Ociffer."	The drunk reminds you, "Es-cuse me, butt cher bloc'in' da door, Ociffer."
Proper police procedure indicates the suspect should do that!	Proper police procedure indicates the suspect should do that!
You're not in the car.	You're not in the car.
You can't do that with the suspect inside his car.	You can't do that with the suspect inside his car.
You correctly administer the Field Sobriety Test, and are amused as your subject gives his best imitation of a young swan attempting its first takeoff.	You correctly administer the Field Sobriety Test, and are amused as your subject gives his best imitation of a young swan attempting its first takeoff.
There's no need to question him; his problem is obvious!	There's no need to question him; his problem is obvious!
The man fumbles with his wallet, "My license? Uh, yeah, uh, it's, uh, it's right... Here it is!"	The man fumbles with his wallet, "My license? Uh, yeah, uh, it's, uh, it's right... Here it is!"
Reluctantly he says, "Uh, ok, wh-where we goin'?"	Reluctantly he says, "Uh, ok, wh-where we goin'?"
So as not to excite him, you say, "Oh, we're just going to take a little ride to see some friends of yours. It's ok, buddy. Come on."	So as not to excite him, you say, "Oh, we're just going to take a little ride to see some friends of yours. It's ok, buddy. Come on."
"I am!"	"I am!"
The drunk begs you, "Could ja 'cuff me in front, please? I'm not feelin' sssho goods."	The drunk begs you, "Could ja 'cuff me in front, please? I'm not feelin' sssho goods."
You think, "He doesn't look dangerous. Sure, why not?"	You think, "He doesn't look dangerous. Sure, why not?"
Not wanting to take a chance, you explain, "I'm sorry, sir, but Departmental Policy dictates all custody arrests shall be restrained by proper handcuffing procedure, and that means 'behind your back.'"	Not wanting to take a chance, you explain, "I'm sorry, sir, but Departmental Policy dictates all custody arrests shall be restrained by proper handcuffing procedure, and that means 'behind your back.'"
You just fell victim to an old trick. There are two rules to remember: always follow procedures, and never trust a drunk!	You just fell victim to an old trick. There are two rules to remember: always follow procedures, and never trust a drunk!
You look into the glassy, watery eyes of a middle-aged man. He is certainly feeling no pain!	You look into the glassy, watery eyes of a middle-aged man. He is certainly feeling no pain!
You hear a voice that sounds like Tiny Tim singing through a mouthful of crackers...	You hear a voice that sounds like Tiny Tim singing through a mouthful of crackers...
..."I didn't do nossshin' wrong, Ociffer."	..."I didn't do nossshin' wrong, Ociffer."
You take a whiff and detect a strong odor of an alcoholic beverage.	You take a whiff and detect a strong odor of an alcoholic beverage.
You place your subject under arrest for the violation of Lytton City Vehicle Code VC23502, "driving while under the influence."	You place your subject under arrest for the violation of Lytton City Vehicle Code VC23502, "driving while under the influence."
You cautiously approach the vehicle and observe one male seated behind the wheel. Rolling down his window appears to be quite a challenge to him!	You cautiously approach the vehicle and observe one male seated behind the wheel. Rolling down his window appears to be quite a challenge to him!
It's in your car.	It's in your car.
Art Serabian	Art Serabian
Male 5'8" 199#	Male 5'8" 199#
HAIR None	HAIR None
DOB 12/14/47	DOB 12/14/47
2 MacIntosh St	2 MacIntosh St
RESTRICTIONS:	RESTRICTIONS:
Programmer	Programmer
He can't hear you from this distance.	He can't hear you from this distance.
The fresh air smells good!	The fresh air smells good!
It looks like a possible DUI.	It looks like a possible DUI.
Since the information on the driver's license matches the subject, you return his license to him.	Since the information on the driver's license matches the subject, you return his license to him.
You radio Dispatch, "Run check on personalized license plate 'PRGRMR1.' It appears to be currently registered."	You radio Dispatch, "Run check on personalized license plate 'PRGRMR1.' It appears to be currently registered."
Dispatch returns with, "'PRGRMR1' is clear, with valid, local registration in the name of Art Serabian."	Dispatch returns with, "'PRGRMR1' is clear, with valid, local registration in the name of Art Serabian."
"Record check shows two prior DUI convictions."	"Record check shows two prior DUI convictions."
"Why, Occifer!" lisps the drunk, "I'm as ssssober assss a judge! HIC!"	"Why, Occifer!" lisps the drunk, "I'm as ssssober assss a judge! HIC!"
You pat down the gentleman, and find no weapons.	You pat down the gentleman, and find no weapons.
The car belongs to the driver.	The car belongs to the driver.
You key the radio, "Dispatch, this is 83-32. Request one 11-85 at my 10-20."	You key the radio, "Dispatch, this is 83-32. Request one 11-85 at my 10-20."
83-32, 10-4. One tow truck in route.	83-32, 10-4. One tow truck in route.
This vehicle has personalized plates, "PRGRMR1."	This vehicle has personalized plates, "PRGRMR1."
He is handcuffed!	He is handcuffed!
Just put him in the car.	Just put him in the car.
That is unnecessary.	That is unnecessary.
You'd better do more than just write this one a ticket.	You'd better do more than just write this one a ticket.
Sonny! How could you?	Sonny! How could you?
It's too late to do that now.	It's too late to do that now.
Dispatch responds, "Be advised, 83-31 is responding Code-3 to your location."	Dispatch responds, "Be advised, 83-31 is responding Code-3 to your location."
Review the "Levels of Force" section of your "LPD Policeman's Indoctrination Guide."	Review the "Levels of Force" section of your "LPD Policeman's Indoctrination Guide."
The license plate is "UL6942." Hmmm. You remember the partial plate seen by the witness to the Lonnie West murder was "L964." You may have found your man.	The license plate is "UL6942." Hmmm. You remember the partial plate seen by the witness to the Lonnie West murder was "L964." You may have found your man.
Officer Jack Cobb arrives on the scene. Cobb radios Dispatch, %m5	Officer Jack Cobb arrives on the scene. Cobb radios Dispatch, %m5
"Dispatch, be advised. Hold all radio traffic until Code-4 confirmed."	"Dispatch, be advised. Hold all radio traffic until Code-4 confirmed."
Dispatch responds, "Affirmative."	Dispatch responds, "Affirmative."
"83-32, this is 83-31. Sonny! I'll cover you from the passenger side of your patrol car while you make contact with the suspect."	"83-32, this is 83-31. Sonny! I'll cover you from the passenger side of your patrol car while you make contact with the suspect."
"83-31, out."	"83-31, out."
Well, that's certainly one way to save the taxpayers' money: mow 'em down instead of taking 'em to court.	Well, that's certainly one way to save the taxpayers' money: mow 'em down instead of taking 'em to court.
While some may applaud your exercise in street justice, democratic societies have no place for "trigger happy" cops. Sorry, Sonny.	While some may applaud your exercise in street justice, democratic societies have no place for "trigger happy" cops. Sorry, Sonny.
Be careful! This dude's dangerous.	Be careful! This dude's dangerous.
The suspect falters for a moment, then slowly raises his hands. He realizes he does not have a chance and follows your order.	The suspect falters for a moment, then slowly raises his hands. He realizes he does not have a chance and follows your order.
"Ok, ok. I'm lying down!"	"Ok, ok. I'm lying down!"
Your partner just punched that punk's ticket.	Your partner just punched that punk's ticket.
But, a little too late for you, pal. Remember, proper procedure promotes police preservation.	But, a little too late for you, pal. Remember, proper procedure promotes police preservation.
Cranking off a few live rounds at this particular time is not recommended.	Cranking off a few live rounds at this particular time is not recommended.
Jack says, "I've got him covered, Sonny. Go ahead and 'cuff him."	Jack says, "I've got him covered, Sonny. Go ahead and 'cuff him."
You apprehensively approach the suspect, sensing his desperation.	You apprehensively approach the suspect, sensing his desperation.
Attempting to handcuff the suspect while holding your weapon could be hazardous to your health!	Attempting to handcuff the suspect while holding your weapon could be hazardous to your health!
You feel relief as you close the handcuffs around his wrists.	You feel relief as you close the handcuffs around his wrists.
Stand him up, first.	Stand him up, first.
You order the suspect into your patrol car. He submits with a sarcastic, "All right, &!#$%&."	You order the suspect into your patrol car. He submits with a sarcastic, "All right, &!#$%&."
"Good job, Sonny!" says Jack. "I'll call Dispatch and put out a Code-4."	"Good job, Sonny!" says Jack. "I'll call Dispatch and put out a Code-4."
You must be in your car or have a radio extender.	You must be in your car or have a radio extender.
You'd better handcuff him first!	You'd better handcuff him first!
This guy may be armed!	This guy may be armed!
Place him in physical custody before entering his car.	Place him in physical custody before entering his car.
You do not need anything from the trunk.	You do not need anything from the trunk.
You're not close enough to Jack to obtain the gun.	You're not close enough to Jack to obtain the gun.
This vehicle almost matches the description of the vehicle mentioned by the witness to the fatal car crash.	This vehicle almost matches the description of the vehicle mentioned by the witness to the fatal car crash.
You can't see it from here.	You can't see it from here.
Your radio crackles to life with a message from Dispatch, "83-32, license plate 'UL6942' not listed as stolen. Registered to a '79 Cadillac junked in 1983."	Your radio crackles to life with a message from Dispatch, "83-32, license plate 'UL6942' not listed as stolen. Registered to a '79 Cadillac junked in 1983."
You think, "The odds of finding a legit registration for this car are slim to none."	You think, "The odds of finding a legit registration for this car are slim to none."
This door is locked.	This door is locked.
It IS open.	It IS open.
It IS closed.	It IS closed.
Something about the interior of this car just doesn't feel right.	Something about the interior of this car just doesn't feel right.
You look at the floorboard, the seats, and even under the seats, but you find nothing.	You look at the floorboard, the seats, and even under the seats, but you find nothing.
The door IS closed.	The door IS closed.
There's nothing special about the door.	There's nothing special about the door.
Say! The doorjamb of the suspect's vehicle is black instead of light blue!	Say! The doorjamb of the suspect's vehicle is black instead of light blue!
A closer examination of the doorjamb reveals the vehicle's VIN plate. A quick rub with your thumb uncovers its number: C03456218!	A closer examination of the doorjamb reveals the vehicle's VIN plate. A quick rub with your thumb uncovers its number: C03456218!
You must first locate its VIN.	You must first locate its VIN.
"Dispatch, this is 83-32," you radio. "Run VIN C03456218 through the computer."	"Dispatch, this is 83-32," you radio. "Run VIN C03456218 through the computer."
Shortly, Dispatch returns with...	Shortly, Dispatch returns with...
"Suspect vehicle is confirmed 10851! Lytton PD holds a signed stolen report on this vehicle."	"Suspect vehicle is confirmed 10851! Lytton PD holds a signed stolen report on this vehicle."
"Vehicle information, 1983 black Cadillac deVille."	"Vehicle information, 1983 black Cadillac deVille."
"Registered owner, Malcolm Washington, 234 W Center St, Lytton, CA."	"Registered owner, Malcolm Washington, 234 W Center St, Lytton, CA."
You search the suspect and find only pocket change.	You search the suspect and find only pocket change.
The suspect is already in the car. You'd better take him to jail!	The suspect is already in the car. You'd better take him to jail!
The suspect cuts you off short as he says, "I know my rights, you jackass!"	The suspect cuts you off short as he says, "I know my rights, you jackass!"
"This is harassment. You'll hear from my attorney!"	"This is harassment. You'll hear from my attorney!"
"You wanna get out of the way??"	"You wanna get out of the way??"
What are you talking about?	What are you talking about?
You radio, "Dispatch, this is 83-32. Request wants on license plate 'UL6942.'"	You radio, "Dispatch, this is 83-32. Request wants on license plate 'UL6942.'"
You don't know the license plate number yet.	You don't know the license plate number yet.
To be safe, you read his rights to him anyway.	To be safe, you read his rights to him anyway.
Then, you remember the glove compartment.	Then, you remember the glove compartment.
Plus, a loaded, Smith & Weston .45-caliber, semi-automatic handgun.	Plus, a loaded, Smith & Weston .45-caliber, semi-automatic handgun.
The suspect pipes up, "Honest, Officer. I only carry that for self-defense on the freeways!!"	The suspect pipes up, "Honest, Officer. I only carry that for self-defense on the freeways!!"
"Quiet down," you order him. "Hey, Jack," you yell to your backup, "how's about booking this evidence?"	"Quiet down," you order him. "Hey, Jack," you yell to your backup, "how's about booking this evidence?"
"Ok," Jack replies.	"Ok," Jack replies.
Attempting to apprehend the suspect single-handedly was brave but fatal. Review the "Felony Stop Procedures" section of your "LPD Policeman's Indoctrination Guide."	Attempting to apprehend the suspect single-handedly was brave but fatal. Review the "Felony Stop Procedures" section of your "LPD Policeman's Indoctrination Guide."
You'd better get him in the car, first.	You'd better get him in the car, first.
You carefully handle the gun so as not to smudge any possible fingerprints.	You carefully handle the gun so as not to smudge any possible fingerprints.
You key your radio, "83-32, backup has arrived."	You key your radio, "83-32, backup has arrived."
He can't hear you when you're inside your car.	He can't hear you when you're inside your car.
He IS!	He IS!
He's still inside his car.	He's still inside his car.
He doesn't have his hands raised yet!	He doesn't have his hands raised yet!
You'd better get him under your control, first!	You'd better get him under your control, first!
If it's a tie, you lose!	If it's a tie, you lose!
"Oops, I must have forgotten it!" says the suspect.	"Oops, I must have forgotten it!" says the suspect.
Jack took it with him.	Jack took it with him.
"I place you under arrest!"	"I place you under arrest!"
Once is enough.	Once is enough.
You nervously key your radio, "Dispatch, this is 83-32. Request backup Code-3!"	You nervously key your radio, "Dispatch, this is 83-32. Request backup Code-3!"
"Shove it, Pig!"	"Shove it, Pig!"
felScene %v119|3 Script %v139|3 susScript %v220|3	felScene %v119|3 Script %v139|3 susScript %v220|3
The door swings; just push on it.	The door swings; just push on it.
It's a real swinger.	It's a real swinger.
You look at the patrol car, and wish that it ran as well as your 'Vette.	You look at the patrol car, and wish that it ran as well as your 'Vette.
You love your cherry 'Vette.	You love your cherry 'Vette.
This Caddie is just not your style.	This Caddie is just not your style.
"The Blue Room" is the local, police officers' watering hole. It is owned and operated by retired traffic officer, "Big Bobby" Lopez.	"The Blue Room" is the local, police officers' watering hole. It is owned and operated by retired traffic officer, "Big Bobby" Lopez.
Whew. Have you had some good times here over the years!	Whew. Have you had some good times here over the years!
"Bud" who?	"Bud" who?
You peer through the department store window, but see nothing of interest.	You peer through the department store window, but see nothing of interest.
The mini-blinds prevent you from seeing inside.	The mini-blinds prevent you from seeing inside.
You see your friend, Jack, seated alone at a table. There is a jukebox against the wall to the left.	You see your friend, Jack, seated alone at a table. There is a jukebox against the wall to the left.
Jack speaks, in a very depressed voice, "Oh, Sonny! I just discovered my daughter is doing drugs! It's really screwed me up!"	Jack speaks, in a very depressed voice, "Oh, Sonny! I just discovered my daughter is doing drugs! It's really screwed me up!"
"I know she's getting 'em at school, but I just can't finger the punk who's supplying!"	"I know she's getting 'em at school, but I just can't finger the punk who's supplying!"
"My life is going to crap. I can't talk to my daughter, she won't listen to me any more! My drinking has my marriage on the rocks, my wife's ready to leave me! Everything's a mess!"	"My life is going to crap. I can't talk to my daughter, she won't listen to me any more! My drinking has my marriage on the rocks, my wife's ready to leave me! Everything's a mess!"
Jack is totally surprised as everyone sings "Happy Birthday."	Jack is totally surprised as everyone sings "Happy Birthday."
While everyone wishes Jack a "Happy Birthday," you notice the front door open, as one wild-looking female enters the Blue Room.	While everyone wishes Jack a "Happy Birthday," you notice the front door open, as one wild-looking female enters the Blue Room.
%m64, a dancer from the local "Rent-A-Gag" business, enters the room, dressed in a grass skirt and balloons!	%m64, a dancer from the local "Rent-A-Gag" business, enters the room, dressed in a grass skirt and balloons!
You relax and enjoy the selection "My Eyes Cross With Your Touch."	You relax and enjoy the selection "My Eyes Cross With Your Touch."
You select the latest in love songs, "I Shoulda Bought A Monkey To Take Your Place."	You select the latest in love songs, "I Shoulda Bought A Monkey To Take Your Place."
You select that old instrumental classic "My Nostrils Slam Shut When You Breathe."	You select that old instrumental classic "My Nostrils Slam Shut When You Breathe."
In a depressed, slurred voice, Jack speaks to you...	In a depressed, slurred voice, Jack speaks to you...
"Sonny, I really do appreciate you nailing that filthy scum bag pusher, but I'm afraid it might be too late."	"Sonny, I really do appreciate you nailing that filthy scum bag pusher, but I'm afraid it might be too late."
"My daughter, Kathy, is in the Intensive Care Ward over at Lytton General Hospital!" he explains. "She's in a coma from a drug OD! There's nothing I can do!"	"My daughter, Kathy, is in the Intensive Care Ward over at Lytton General Hospital!" he explains. "She's in a coma from a drug OD! There's nothing I can do!"
"Oh, Sonny! There's nothing anyone can do!!"	"Oh, Sonny! There's nothing anyone can do!!"
"That's it for me, Sonny. I'll see you later."	"That's it for me, Sonny. I'll see you later."
Jack motions you to the chair on his left.	Jack motions you to the chair on his left.
This table is occupied.	This table is occupied.
Move closer to the chair.	Move closer to the chair.
Jack says, "I can't hear you, Sonny. Come over here".	Jack says, "I can't hear you, Sonny. Come over here".
Keith pipes up, "Ohm'gosh, Sonny! Did you forget? We swapped shifts last week! You're due at the station for swing shift briefing in fifteen minutes!"	Keith pipes up, "Ohm'gosh, Sonny! Did you forget? We swapped shifts last week! You're due at the station for swing shift briefing in fifteen minutes!"
"You'd better get moving, boy!"	"You'd better get moving, boy!"
The bartender says, "For your information, Sonny, I have a cab on the way for Jack."	The bartender says, "For your information, Sonny, I have a cab on the way for Jack."
This is "The Blue Room", a popular lounge for cops. Behind the bar stands the owner, retired LPD officer Bobby Lopez.	This is "The Blue Room", a popular lounge for cops. Behind the bar stands the owner, retired LPD officer Bobby Lopez.
Please don't sit here.	Please don't sit here.
escaped	escaped
been released	been released
Morgan wants to see you back in his office, ASAP!	Morgan wants to see you back in his office, ASAP!
There is a city-wide dragnet out on him right now and...	There is a city-wide dragnet out on him right now and...
"%m27"	"%m27"
You are looking at the latest in jukeboxes. This machine features a one-touch, fully-automated selection system.	You are looking at the latest in jukeboxes. This machine features a one-touch, fully-automated selection system.
Its sound system features light amplification by stimulated emissions of radiation...	Its sound system features light amplification by stimulated emissions of radiation...
...and fully-computerized, video reproductions of your favorite artists, which thankfully are inoperative at this time!	...and fully-computerized, video reproductions of your favorite artists, which thankfully are inoperative at this time!
In her most seductive voice, %m64 whispers, "Here's a little something so you'll have a happy birthday, Jack, baby!"	In her most seductive voice, %m64 whispers, "Here's a little something so you'll have a happy birthday, Jack, baby!"
"Wow!"	"Wow!"
Keith says, "Well, Jack, you ol' codger. What did you think of %m64?"	Keith says, "Well, Jack, you ol' codger. What did you think of %m64?"
"You know, Keith," Jack answers, "I think I'll ask Santa to put her under my tree this year."	"You know, Keith," Jack answers, "I think I'll ask Santa to put her under my tree this year."
Jack invites you to join him, "Hi, Sonny. Come on over here, and have a seat."	Jack invites you to join him, "Hi, Sonny. Come on over here, and have a seat."
"See you later, Sonny. I have business to take care of."	"See you later, Sonny. I have business to take care of."
Jack speaks, "Boy, what a depressing day I've had today, Sonny!"	Jack speaks, "Boy, what a depressing day I've had today, Sonny!"
"Hey, Keith!" you say. "How's it goin'?"	"Hey, Keith!" you say. "How's it goin'?"
"Oh, my God!"	"Oh, my God!"
"Happy Birthday, Jack."	"Happy Birthday, Jack."
Jack says, "Oh, no! Now what?!"	Jack says, "Oh, no! Now what?!"
You say, "It's time to stand up and face the music, Jack!"	You say, "It's time to stand up and face the music, Jack!"
You enter the Blue Room and see Jack seated at a table. He appears to be quite intoxicated.	You enter the Blue Room and see Jack seated at a table. He appears to be quite intoxicated.
Jack says, "Have a sssheat, Sssshonny."	Jack says, "Have a sssheat, Sssshonny."
Trying to cheer Jack, you tell him about the Victor Simms arrest and how he was responsible for selling dope at the high school.	Trying to cheer Jack, you tell him about the Victor Simms arrest and how he was responsible for selling dope at the high school.
It seems to be a happy, but quiet, group.	It seems to be a happy, but quiet, group.
"Ain't it great! Some big-city lawyer shows up and, pop, out he goes."	"Ain't it great! Some big-city lawyer shows up and, pop, out he goes."
This couple is so engrossed in conversation they don't hear you.	This couple is so engrossed in conversation they don't hear you.
"I sure would love to stretch the neck of that sorry dope-pushing scum-sucker that hurt my little girl!"	"I sure would love to stretch the neck of that sorry dope-pushing scum-sucker that hurt my little girl!"
The cab driver shouts out, "Hey, who called for the taxi?"	The cab driver shouts out, "Hey, who called for the taxi?"
The cabby says, "Right this way, Buddy Boy, and don't fall down!"	The cabby says, "Right this way, Buddy Boy, and don't fall down!"
"Whew, man! Is this boy in bad shape!"	"Whew, man! Is this boy in bad shape!"
"I'm sorry to have to tell you this, Sonny," says Keith, "but I have some bad news for you!"	"I'm sorry to have to tell you this, Sonny," says Keith, "but I have some bad news for you!"
"Lieutenant Morgan sent me over here to advise you that your boy, %s2, has %s3 from jail."	"Lieutenant Morgan sent me over here to advise you that your boy, %s2, has %s3 from jail."
"%s2 jumped a guard, then made it to the exercise yard, where he escaped by climbing over the fence."	"%s2 jumped a guard, then made it to the exercise yard, where he escaped by climbing over the fence."
"There is a city-wide dragnet out on him right now! %m27"	"There is a city-wide dragnet out on him right now! %m27"
For some reason, they're ignoring you.	For some reason, they're ignoring you.
"Hello, Bonds!"	"Hello, Bonds!"
"Hi Sonny! Long time, no see."	"Hi Sonny! Long time, no see."
"Well! If it ain't Super Cop Bonds!"	"Well! If it ain't Super Cop Bonds!"
On the walls is Bobby's personal collection of photographs, taken when he was still with the Department.	On the walls is Bobby's personal collection of photographs, taken when he was still with the Department.
Hoochy Coochy Hannah	Hoochy Coochy Hannah
Taselli	Taselli
Hoffman	Hoffman
"Good, Sonny," he replies.	"Good, Sonny," he replies.
Try sitting down first.	Try sitting down first.
"Hey, Bobby," you shout, "what's the word?"	"Hey, Bobby," you shout, "what's the word?"
"Nothing 'round here, baby," he replys.	"Nothing 'round here, baby," he replys.
From a distance you hear, "We've got your number, Pig!"	From a distance you hear, "We've got your number, Pig!"
This is the front entrance of Carol's Caffeine Castle, and the "lovely" Wino Willy's Cocktail Lounge.	This is the front entrance of Carol's Caffeine Castle, and the "lovely" Wino Willy's Cocktail Lounge.
You see a beautiful, blue, cloudless sky.	You see a beautiful, blue, cloudless sky.
You see an oil-stained asphalt street, bordered by a hot concrete sidewalk.	You see an oil-stained asphalt street, bordered by a hot concrete sidewalk.
As you peer in the window, you see a couple of Carol's patrons giggling and pointing out at you.	As you peer in the window, you see a couple of Carol's patrons giggling and pointing out at you.
Looking in the window, you see Carol waiting on some customers.	Looking in the window, you see Carol waiting on some customers.
A quick scan of your partner's patrol car interior clearly shows he is not in it.	A quick scan of your partner's patrol car interior clearly shows he is not in it.
When the department bought these cars, they had a choice between comfort and power. They picked comfort.	When the department bought these cars, they had a choice between comfort and power. They picked comfort.
You wonder if Carol's designer once worked for a cab company!	You wonder if Carol's designer once worked for a cab company!
The new, red, brick facade at Wino Willy's sure dresses up an otherwise depressing joint!	The new, red, brick facade at Wino Willy's sure dresses up an otherwise depressing joint!
Your partner's car is locked.	Your partner's car is locked.
Oooops!	Oooops!
Somebody is gonna have to answer to four angry people!	Somebody is gonna have to answer to four angry people!
Parked in front of Carol's are four bad-news motorcycles.	Parked in front of Carol's are four bad-news motorcycles.
You can't see through translucent glass.	You can't see through translucent glass.
Get closer.	Get closer.
The plates on these hogs appear to be currently registered.	The plates on these hogs appear to be currently registered.
You radio dispatch and request checks on the license plates.	You radio dispatch and request checks on the license plates.
Your radio sings out, "%m23 All plates are clear and currently registered."	Your radio sings out, "%m23 All plates are clear and currently registered."
"%m27 copies %s3 at Carol's Caffeine Castle."	"%m27 copies %s3 at Carol's Caffeine Castle."
"%m23 %m27 copies 10-8."	"%m23 %m27 copies 10-8."
83-32,	83-32,
You key your radio, "%m27, %m23 complaint resolved."	You key your radio, "%m27, %m23 complaint resolved."
10-97	10-97
10-7	10-7
Dispatch	Dispatch
Carol says, "Hello, Sonny! Have a seat. I'll bring your daily coffee fix right over."	Carol says, "Hello, Sonny! Have a seat. I'll bring your daily coffee fix right over."
Can't you see someone is already sitting here?	Can't you see someone is already sitting here?
Come on now, you don't want to sit on the floor.	Come on now, you don't want to sit on the floor.
Where?!	Where?!
Carol yells at you from across the room. "Officer Bonds, there's a Detective Hamilton on the phone for you."	Carol yells at you from across the room. "Officer Bonds, there's a Detective Hamilton on the phone for you."
You take the phone and hear, "Bonds, this is Detective Hamilton. We identified the 187 victim in the car as Lonny West, a local, small-time drug dealer. Believe it or not, he's the second small-timer to get his ticket punched in the last two weeks."	You take the phone and hear, "Bonds, this is Detective Hamilton. We identified the 187 victim in the car as Lonny West, a local, small-time drug dealer. Believe it or not, he's the second small-timer to get his ticket punched in the last two weeks."
"I just wanted you to know about West since you worked the scene. Gotta run, got another call waiting. Don't spend the whole day drinking coffee!"	"I just wanted you to know about West since you worked the scene. Gotta run, got another call waiting. Don't spend the whole day drinking coffee!"
Steve says, "Well, guess it's time to get back to the business of crime fighting!"	Steve says, "Well, guess it's time to get back to the business of crime fighting!"
Carol has rigged this old pay phone so local calls are free.	Carol has rigged this old pay phone so local calls are free.
This is your favorite coffee shop. Carol, the busy, but friendly, waitress, makes the strongest coffee in town. There is a menu on the left wall and a telephone on the far wall. The restroom is down the hall from the phone.	This is your favorite coffee shop. Carol, the busy, but friendly, waitress, makes the strongest coffee in town. There is a menu on the left wall and a telephone on the far wall. The restroom is down the hall from the phone.
Carol sets your coffee down and says, "Here you go, Big Boy. One caffeine I.V."	Carol sets your coffee down and says, "Here you go, Big Boy. One caffeine I.V."
There's lots of ketchup, pickles, onion, and fries on the side -- but there's not a lot of meat!	There's lots of ketchup, pickles, onion, and fries on the side -- but there's not a lot of meat!
Carol is a very busy woman.	Carol is a very busy woman.
You are now in the restroom.	You are now in the restroom.
Steve says, "You'd better not keep Detective Hamilton waiting on the phone, boy."	Steve says, "You'd better not keep Detective Hamilton waiting on the phone, boy."
"Hey, Sonny! It's good to see you."	"Hey, Sonny! It's good to see you."
"Boy, this weather's been great!"	"Boy, this weather's been great!"
You can't reach the phone from here.	You can't reach the phone from here.
The empty paper towel dispenser hangs over the sink.	The empty paper towel dispenser hangs over the sink.
The white porcelain sink is clean enough for who it's for!	The white porcelain sink is clean enough for who it's for!
Don't bother to get up. Carol answers her own telephone.	Don't bother to get up. Carol answers her own telephone.
"Hi, Sonny," says Carol. "No time to talk today, this joint's really jumpin'!"	"Hi, Sonny," says Carol. "No time to talk today, this joint's really jumpin'!"
You can't reach the counter from here!	You can't reach the counter from here!
"This is a coffee break, not your dinner hour."	"This is a coffee break, not your dinner hour."
Carol likes officers to frequent her establishment. Many items are "on the house."	Carol likes officers to frequent her establishment. Many items are "on the house."
Steve says "Don't run off, Sonny. You just got here."	Steve says "Don't run off, Sonny. You just got here."
You look over Carol's "Blue Plate Specials du Jour."	You look over Carol's "Blue Plate Specials du Jour."
"Filet of Hummingbird Breast"	"Filet of Hummingbird Breast"
Panic fills your heart as you watch the nasty fluid nearly breach the rim, before it slowly subsides.	Panic fills your heart as you watch the nasty fluid nearly breach the rim, before it slowly subsides.
You quietly relieve yourself.	You quietly relieve yourself.
You whistle a happy tune as you clear your mind.	You whistle a happy tune as you clear your mind.
There is a toilet, a sink, a paper towel dispenser, and an overflowing wastebasket.	There is a toilet, a sink, a paper towel dispenser, and an overflowing wastebasket.
You soap up, rinse off, and dry your hands.	You soap up, rinse off, and dry your hands.
"Is that all you guys do: 'take coffee breaks?'"	"Is that all you guys do: 'take coffee breaks?'"
"Please, Officer! I don't want to be bothered."	"Please, Officer! I don't want to be bothered."
"Make your quota for the day yet?"	"Make your quota for the day yet?"
"Hello, Officer. Nice day, isn't it?"	"Hello, Officer. Nice day, isn't it?"
"I'd like you to know that my family and I really appreciate the job you police officers do."	"I'd like you to know that my family and I really appreciate the job you police officers do."
"Hey, you're that guy I read about in the Tribune! Weren't you nominated for Officer of the Week or something? Good luck!"	"Hey, you're that guy I read about in the Tribune! Weren't you nominated for Officer of the Week or something? Good luck!"
"Don't order the Hummingbird. Carol must have made it last week!"	"Don't order the Hummingbird. Carol must have made it last week!"
"Boy, if the local police have to come here to eat, they MUST need a raise."	"Boy, if the local police have to come here to eat, they MUST need a raise."
"I sure don't envy the job you men have to do."	"I sure don't envy the job you men have to do."
"I wish someone would patrol my neighborhood more often! The teenagers are going crazy!"	"I wish someone would patrol my neighborhood more often! The teenagers are going crazy!"
"Why don't you guys quit writing so many speeding tickets and take care of a few of those slow-moving Sunday drivers that keep traffic so screwed up!"	"Why don't you guys quit writing so many speeding tickets and take care of a few of those slow-moving Sunday drivers that keep traffic so screwed up!"
"Something should be done about those jaywalking pedestrians! I almost ran over two of them yesterday and they had the nerve to act like it was my fault!"	"Something should be done about those jaywalking pedestrians! I almost ran over two of them yesterday and they had the nerve to act like it was my fault!"
"Well, well, well. If it isn't the city's finest!"	"Well, well, well. If it isn't the city's finest!"
"Officer Bonds, I know you're a good man, but the officer who gave me that ticket yesterday is a real rat!"	"Officer Bonds, I know you're a good man, but the officer who gave me that ticket yesterday is a real rat!"
"Most cops I don't like, but you're one of the good ones! And, I mean that sincerely."	"Most cops I don't like, but you're one of the good ones! And, I mean that sincerely."
You're not in the bathroom!	You're not in the bathroom!
You're here on a complaint, not for a snack.	You're here on a complaint, not for a snack.
There is a time and a place for everything, but this is not the time for a coffee break!	There is a time and a place for everything, but this is not the time for a coffee break!
Carol is obviously upset as she blurts in a loud tone of voice...	Carol is obviously upset as she blurts in a loud tone of voice...
"Oh, Sonny! Those drunken bikers in the bar next door are taking up all the parking places in front of my cafe! They just have no consideration for others! Where are my customers going to park? Would you ask them to move their motorcycles, please?"	"Oh, Sonny! Those drunken bikers in the bar next door are taking up all the parking places in front of my cafe! They just have no consideration for others! Where are my customers going to park? Would you ask them to move their motorcycles, please?"
"Thanks, Sonny!"	"Thanks, Sonny!"
"Come on now, it's your job!"	"Come on now, it's your job!"
Carol sounds relieved as she says, "Thanks for getin' those bikes removed, Sonny."	Carol sounds relieved as she says, "Thanks for getin' those bikes removed, Sonny."
Steve says, "Boy! It sounded over the air like you had a real mess on your hands at that 187 scene!"	Steve says, "Boy! It sounded over the air like you had a real mess on your hands at that 187 scene!"
Steve says, "This coffee'll blow your socks off!"	Steve says, "This coffee'll blow your socks off!"
Steve tells you, "Man, that murder makes a guy wonder what's going on around this town!"	Steve tells you, "Man, that murder makes a guy wonder what's going on around this town!"
Steve says, "Boy, you earned your coffee after that mess!"	Steve says, "Boy, you earned your coffee after that mess!"
You wonder why some people don't learn to flush!	You wonder why some people don't learn to flush!
You push the handle down and flush the toilet.	You push the handle down and flush the toilet.
"Did we do something wrong?"	"Did we do something wrong?"
"We're too busy to talk!"	"We're too busy to talk!"
"Get lost!"	"Get lost!"
"Pig Sty Stew"	"Pig Sty Stew"
"Fried Pork Rind"	"Fried Pork Rind"
Yum?	Yum?
You see people outside admiring your car.	You see people outside admiring your car.
There isn't one!	There isn't one!
Great. Another chapter in your life of big-time crime stopping -- parking space hogging!	Great. Another chapter in your life of big-time crime stopping -- parking space hogging!
Whoosssshhhh!	Whoosssshhhh!
You've discovered where all the paper towels went!	You've discovered where all the paper towels went!
It looks like each person has his own greasy spoon.	It looks like each person has his own greasy spoon.
She can't hear you from here; that grill must be loud!	She can't hear you from here; that grill must be loud!
"What are you doin' back here again, Sonny?" Carol asks.	"What are you doin' back here again, Sonny?" Carol asks.
This formerly public telephone formerly belonged to LT&T.	This formerly public telephone formerly belonged to LT&T.
You don't have any coffee.	You don't have any coffee.
You slam back the entire mug of Jamaican Java. Your eyeballs roll back in your head.	You slam back the entire mug of Jamaican Java. Your eyeballs roll back in your head.
Steve looks like he's on a caffeine high.	Steve looks like he's on a caffeine high.
Bye...\n\nClick!	Bye...\n\nClick!
"I've talked to my informants," says Steve, "have you seen Sweet Cheeks Marie yet?"	"I've talked to my informants," says Steve, "have you seen Sweet Cheeks Marie yet?"
"No, but I'm keeping both eyes peeled for her," you respond.	"No, but I'm keeping both eyes peeled for her," you respond.
They look choked up from too much hummingbird.	They look choked up from too much hummingbird.
You find a lot of dirty towels.	You find a lot of dirty towels.
You key your radio,"%s3	You key your radio,"%s3
 83-32,%s4%m91	 83-32,%s4%m91
 83-Nora-10,%s4%m91	 83-Nora-10,%s4%m91
 10-97 	 10-97 
 10-7 	 10-7 
at Carol's."	at Carol's."
You feel your stomach grow tense when you hear, "Hey, Flat Foot! Move it!!"	You feel your stomach grow tense when you hear, "Hey, Flat Foot! Move it!!"
"You're in my way Mr. PO-lice."	"You're in my way Mr. PO-lice."
You radio in, %s2	You radio in, %s2
BULLSEYE!	BULLSEYE!
You've been nailed by a 4-gram dart, tossed by a 250-pound biker. Good job!	You've been nailed by a 4-gram dart, tossed by a 250-pound biker. Good job!
Next time, watch where you're walking!	Next time, watch where you're walking!
The leader of this bunch, comes over to you and says, "Well, well! If it ain't the Tidy Bowl Man!"	The leader of this bunch, comes over to you and says, "Well, well! If it ain't the Tidy Bowl Man!"
"What the (*&^$(# do you want, PIG?"	"What the (*&^$(# do you want, PIG?"
"Lose somethin', son?"	"Lose somethin', son?"
"This ain't the kind of place for do-gooders, Chump!"	"This ain't the kind of place for do-gooders, Chump!"
"83-32, %s3	"83-32, %s3
The animal in the black-leather jacket says, 	The animal in the black-leather jacket says, 
%m12"Hey, Pal! I'm da leader 'round here! Ya wanna talk? Come over here and talk to me!!"	%m12"Hey, Pal! I'm da leader 'round here! Ya wanna talk? Come over here and talk to me!!"
"How do ya plan to make us move our %w2, wimp?"	"How do ya plan to make us move our %w2, wimp?"
%m12"We don't talk to no pigs."	%m12"We don't talk to no pigs."
"Say goodnight, Pig! We're gonna kick the S!@#$^&* out of you!!"	"Say goodnight, Pig! We're gonna kick the S!@#$^&* out of you!!"
%m53 If only you had your PR-24!	%m53 If only you had your PR-24!
You remove your PR-24 and take a defensive stance. The head biker quickly backs down, saying, "Excuse us, Sir! If you're going to be rough with us, we'll just leave quietly!"	You remove your PR-24 and take a defensive stance. The head biker quickly backs down, saying, "Excuse us, Sir! If you're going to be rough with us, we'll just leave quietly!"
It appears you are just what these low-lifes wanted...	It appears you are just what these low-lifes wanted...
...a cop to pound on!	...a cop to pound on!
As he heads for the back room, the bartender mumbles under his breath, "Here comes trouble!"	As he heads for the back room, the bartender mumbles under his breath, "Here comes trouble!"
"Com' on, guys. Let's blow this joint!"	"Com' on, guys. Let's blow this joint!"
The local working girl seated at the bar seems to know you! She hops from the stool and shouts...	The local working girl seated at the bar seems to know you! She hops from the stool and shouts...
"SONNY BONDS! 'Zat you?"	"SONNY BONDS! 'Zat you?"
"My hero! Boy, am I glad you showed up. Those guys had some pretty strange ideas!"	"My hero! Boy, am I glad you showed up. Those guys had some pretty strange ideas!"
"What's cookin', good lookin'?" asks your old friend, Sweet Cheeks Marie. "It's been too long, Sonny. I haven't seen ya around lately; I just know you want something!"	"What's cookin', good lookin'?" asks your old friend, Sweet Cheeks Marie. "It's been too long, Sonny. I haven't seen ya around lately; I just know you want something!"
"Well, you know, Sonny, I'm yours any time you're ready!"	"Well, you know, Sonny, I'm yours any time you're ready!"
Sweet Cheeks' eyes brighten, "Oh, Sonny! You know I'd just love that, but I'm meeting someone in a few minutes."	Sweet Cheeks' eyes brighten, "Oh, Sonny! You know I'd just love that, but I'm meeting someone in a few minutes."
Obviously, you have come to the right place. Sweet Cheeks Marie spills her guts to you...	Obviously, you have come to the right place. Sweet Cheeks Marie spills her guts to you...
"You know what I heard the other day?" says Marie, "there's a big dope man tryin' to take over Lytton. He likes to call himself 'The Death Angel!' I don't know no more about him, but this john was sure a peculiar duck."	"You know what I heard the other day?" says Marie, "there's a big dope man tryin' to take over Lytton. He likes to call himself 'The Death Angel!' I don't know no more about him, but this john was sure a peculiar duck."
"I only seen him once, and I'm not sure about his name. I think it was Coffman, or Hoffman, or something like that. He's a real spiffy dresser, but the funniest thing: the guy has a sweet, little, flower tattoo above his left nipple. It was kinda cute, really."	"I only seen him once, and I'm not sure about his name. I think it was Coffman, or Hoffman, or something like that. He's a real spiffy dresser, but the funniest thing: the guy has a sweet, little, flower tattoo above his left nipple. It was kinda cute, really."
"That's the only real news in town, Sweet Thing!"	"That's the only real news in town, Sweet Thing!"
"Any time, Sonny.%m62	"Any time, Sonny.%m62
Sweet Cheeks steps back into her office and says, "See ya later, Sonny!"	Sweet Cheeks steps back into her office and says, "See ya later, Sonny!"
Where are you looking?	Where are you looking?
%m64July, '65%m65Donna Lovely%m66	%m64July, '65%m65Donna Lovely%m66
%m64June '86%m65Sweet Cheryl%m66	%m64June '86%m65Sweet Cheryl%m66
A boss plaque on the back wall reads, "Give Me Harley or Give Me Death!"	A boss plaque on the back wall reads, "Give Me Harley or Give Me Death!"
The bar's speakers sound like they've been "rode hard and put up wet!"	The bar's speakers sound like they've been "rode hard and put up wet!"
The only thing in the cracks of these walls is an occasional cockroach.	The only thing in the cracks of these walls is an occasional cockroach.
The table is covered with scratches, dents and cracks. It looks like it was salvaged from Joe's Junk Yard.	The table is covered with scratches, dents and cracks. It looks like it was salvaged from Joe's Junk Yard.
You see a well-used dartboard, and, being a trained observer, you conclude by the pattern of holes around the bulls-eye that local competition isn't that tough.	You see a well-used dartboard, and, being a trained observer, you conclude by the pattern of holes around the bulls-eye that local competition isn't that tough.
The best way to play darts is to save your game, turn off your computer, and buy a dart board! (Maybe you'll get to play darts in "Police Quest II!")	The best way to play darts is to save your game, turn off your computer, and buy a dart board! (Maybe you'll get to play darts in "Police Quest II!")
In return for the information on the Death Angel, you tell Sweet Cheeks of the upcoming undercover crack down on prostitution called "Operation Trick Trap."	In return for the information on the Death Angel, you tell Sweet Cheeks of the upcoming undercover crack down on prostitution called "Operation Trick Trap."
This is the worst dive in town. Everything that crawls lives here!	This is the worst dive in town. Everything that crawls lives here!
Lots of blood, sweat and tears (and other things) have been deposited in Wino Willy's!	Lots of blood, sweat and tears (and other things) have been deposited in Wino Willy's!
"83-Nora-10, %s3	"83-Nora-10, %s3
"Why, Sweet Thing!" says the hooker. "You'd arrest your old sweetie, Sweet Cheeks Marie?"	"Why, Sweet Thing!" says the hooker. "You'd arrest your old sweetie, Sweet Cheeks Marie?"
Keep moving, you don't need to sit here.	Keep moving, you don't need to sit here.
The barkeep isn't very talkative as he says, "Nice day outside."	The barkeep isn't very talkative as he says, "Nice day outside."
The bartender sums everything up by saying, "Looks like a good day for fishing."	The bartender sums everything up by saying, "Looks like a good day for fishing."
It's Willy Wily, in the flesh.	It's Willy Wily, in the flesh.
You can't use your gun here, with all%m63around.	You can't use your gun here, with all%m63around.
Why hurt%m63?	Why hurt%m63?
Once was enough; they're on their way.	Once was enough; they're on their way.
"What for, Man? We ain't done nothin' wrong!"	"What for, Man? We ain't done nothin' wrong!"
"So long, Sweetie!%m62	"So long, Sweetie!%m62
You recognize Sweet Cheeks Marie as an old chum from high school. She obviously failed stewardess school!	You recognize Sweet Cheeks Marie as an old chum from high school. She obviously failed stewardess school!
Probably the lips of those ugly bikers  have been wrapped around these bottles.	Probably the lips of those ugly bikers  have been wrapped around these bottles.
These rickety old stools have seen better days.	These rickety old stools have seen better days.
All they've done is hog Carol's parking.	All they've done is hog Carol's parking.
" says Sweet Cheeks Marie. "Come see me some time when we can spend more time, Darlin'!"	" says Sweet Cheeks Marie. "Come see me some time when we can spend more time, Darlin'!"
 these (presumedly) innocent people 	 these (presumedly) innocent people 
On this wall hangs the centerfold from the 	On this wall hangs the centerfold from the 
 issue of "Gnarly Biker" magazine, "	 issue of "Gnarly Biker" magazine, "
, Gnarly of the Month."	, Gnarly of the Month."
These are some pretty rough-looking dudes!	These are some pretty rough-looking dudes!
10-97%m71	10-97%m71
10-8%m72	10-8%m72
10-20%m71	10-20%m71
 at Wino Willy's."	 at Wino Willy's."
, complaint resolved."	, complaint resolved."
You already are looking in the briefcase.	You already are looking in the briefcase.
Your pinch book isn't here.	Your pinch book isn't here.
You take your pinch book from your briefcase.	You take your pinch book from your briefcase.
Nothing else in the briefcase would be use to you.	Nothing else in the briefcase would be use to you.
You take the notebook from your briefcase.	You take the notebook from your briefcase.
The case is fresh out of books.	The case is fresh out of books.
This pen was a high school graduation gift.	This pen was a high school graduation gift.
It IS in the briefcase.	It IS in the briefcase.
You place your pinch book into your briefcase.	You place your pinch book into your briefcase.
Which book?	Which book?
You place the notebook back in the briefcase.	You place the notebook back in the briefcase.
You put your pen back into the briefcase.	You put your pen back into the briefcase.
There's nothing left of importance.	There's nothing left of importance.
Your briefcase contains your pen, a notebook, and your Official LPD ticket book.	Your briefcase contains your pen, a notebook, and your Official LPD ticket book.
Your notebook remains in your briefcase.	Your notebook remains in your briefcase.
Your pen remains in your briefcase.	Your pen remains in your briefcase.
Your ticket book remains in your briefcase.	Your ticket book remains in your briefcase.
Where did you put it?	Where did you put it?
"Say, Sonny, do you know how to tell the difference between an oral and rectal thermometer?"	"Say, Sonny, do you know how to tell the difference between an oral and rectal thermometer?"
"By the taste."	"By the taste."
"Well, see you later. I'm late for a date to raise my caffeine level."	"Well, see you later. I'm late for a date to raise my caffeine level."
"Can you believe that Morris Fudley? Every day he showers here, 'cause he's too cheap to shower at home!"	"Can you believe that Morris Fudley? Every day he showers here, 'cause he's too cheap to shower at home!"
"Boy, what a hangover I have! I shoulda left the Blue Room earlier last night."	"Boy, what a hangover I have! I shoulda left the Blue Room earlier last night."
"Do you know the best thing about this shower, Sonny?"	"Do you know the best thing about this shower, Sonny?"
"It's free."	"It's free."
"Too bad you have to work, Sonny," says Fudley. "I'm 10-10. It's beer time for me."	"Too bad you have to work, Sonny," says Fudley. "I'm 10-10. It's beer time for me."
"You'd better get on your beat before Sergeant Dooley catches you blowing off department time."	"You'd better get on your beat before Sergeant Dooley catches you blowing off department time."
This is the Lytton PD locker room.	This is the Lytton PD locker room.
"You wouldn't enjoy it. I'd just lie there!"	"You wouldn't enjoy it. I'd just lie there!"
"Sonny, I heard a rumor that Sweet Cheeks Marie has the hots for you! You'd better watch your step 'cause those hookers will put their hooks in you before you know it!"	"Sonny, I heard a rumor that Sweet Cheeks Marie has the hots for you! You'd better watch your step 'cause those hookers will put their hooks in you before you know it!"
"Speaking of girls, that 'Hoochie Coochie' Hannah is sure one spicy dancer! She drove the guys completely crazy!"	"Speaking of girls, that 'Hoochie Coochie' Hannah is sure one spicy dancer! She drove the guys completely crazy!"
"Boy, you can sure tell there's a full moon out! You should see the nut I arrested last night for being under the influence of drugs.	"Boy, you can sure tell there's a full moon out! You should see the nut I arrested last night for being under the influence of drugs.
"This dude was so wired, he was nude break-dancing on loose gravel. His back looked like raw meat!"	"This dude was so wired, he was nude break-dancing on loose gravel. His back looked like raw meat!"
"Can you believe that Morris Fudley? I hid all the soap and he's still in there showering. I wonder if his wife goes down to the river to bathe?"	"Can you believe that Morris Fudley? I hid all the soap and he's still in there showering. I wonder if his wife goes down to the river to bathe?"
"I'm going to write a memo about this hot water situation. This place never has enough hot water! I, for one, think we should be able to take longer, more comfortable showers."	"I'm going to write a memo about this hot water situation. This place never has enough hot water! I, for one, think we should be able to take longer, more comfortable showers."
"You know as well as I do: Dooley doesn't like cops who waste time."	"You know as well as I do: Dooley doesn't like cops who waste time."
"Hey, man! What're you staring at?!"	"Hey, man! What're you staring at?!"
"Isn't it nice how affirmative action has helped guys like you get on the force?"	"Isn't it nice how affirmative action has helped guys like you get on the force?"
That's good, old "Morris Fudley." He's so tight, when he walks, he squeaks!	That's good, old "Morris Fudley." He's so tight, when he walks, he squeaks!
"Book him for what?" asks the jailer.	"Book him for what?" asks the jailer.
The jailer does that electronically.	The jailer does that electronically.
"Hey, man, lemme outta here! I didn't know it was illegal to copy disks!"	"Hey, man, lemme outta here! I didn't know it was illegal to copy disks!"
The man in the cell is upset by your presence here. He jeers, "Say, fool, if you're not my lawyer, then get out of my face!"	The man in the cell is upset by your presence here. He jeers, "Say, fool, if you're not my lawyer, then get out of my face!"
From behind the bars, you are verbally assaulted, "That's all you sidewalk lizards do: pick on us poor little folks! If you wanna pick on somethin', try runnin' your finger up your nose to about the second knuckle, Captain Crime Buster!"	From behind the bars, you are verbally assaulted, "That's all you sidewalk lizards do: pick on us poor little folks! If you wanna pick on somethin', try runnin' your finger up your nose to about the second knuckle, Captain Crime Buster!"
"Hey, Pig!" shouts the prisoner. "If you were on my side of these bars, I'd kick your mojo up between your shoulders!"	"Hey, Pig!" shouts the prisoner. "If you were on my side of these bars, I'd kick your mojo up between your shoulders!"
"Well, well, well!" shouts the prisoner. "If it ain't a wimp in cop's clothing!"	"Well, well, well!" shouts the prisoner. "If it ain't a wimp in cop's clothing!"
%m15Well, well! Ol' Bonds is loose again."	%m15Well, well! Ol' Bonds is loose again."
%m15Oh, no! Here comes more paperwork!"	%m15Oh, no! Here comes more paperwork!"
%m15if you're selling tickets, I don't need any."	%m15if you're selling tickets, I don't need any."
The jailer hollers, "Get over there! I'll open the door!"	The jailer hollers, "Get over there! I'll open the door!"
The jailer has control of this door.	The jailer has control of this door.
You need to get closer.	You need to get closer.
It seems you have some unfinished business here first.	It seems you have some unfinished business here first.
The jailer greets you with a friendly, "	The jailer greets you with a friendly, "
The jail is drab and depressing. The only reason the jailer works here is the vast variety of lifestyles that pass through.	The jail is drab and depressing. The only reason the jailer works here is the vast variety of lifestyles that pass through.
"I'll have to process her paperwork before you can take her anywhere," says the jailer. "I'll send her over to HQ as soon as possible."	"I'll have to process her paperwork before you can take her anywhere," says the jailer. "I'll send her over to HQ as soon as possible."
You don't have a suspect.	You don't have a suspect.
The Jailer says "Bonds, you oughta know better than to bring your gun in here."	The Jailer says "Bonds, you oughta know better than to bring your gun in here."
You're docked two points.	You're docked two points.
Bonecrusher Gajarian stares back at you through the bars. You never realized software pirates were SO ugly!	Bonecrusher Gajarian stares back at you through the bars. You never realized software pirates were SO ugly!
You wonder, "What did I do to fire Dooley's rockets?"	You wonder, "What did I do to fire Dooley's rockets?"
"I wonder if little Miss Bare Bosoms filed a complaint?"	"I wonder if little Miss Bare Bosoms filed a complaint?"
"See if you can walk up those stairs without falling down!" you order the drunk.	"See if you can walk up those stairs without falling down!" you order the drunk.
"Hic! Whacha mean, Ociffer?" he replies. "I walk like this even when I'm sober!!"	"Hic! Whacha mean, Ociffer?" he replies. "I walk like this even when I'm sober!!"
The gun locker is open.	The gun locker is open.
The gun locker is closed.	The gun locker is closed.
You place your revolver in the locker.	You place your revolver in the locker.
You remove and holster your weapon.	You remove and holster your weapon.
You can't reach the gun locker from there.	You can't reach the gun locker from there.
You can push the buzzer, but the door is already open.	You can push the buzzer, but the door is already open.
You push the buzzer. The jailer releases the electronic lock.	You push the buzzer. The jailer releases the electronic lock.
Only the jailer can open and close this door.	Only the jailer can open and close this door.
This is the officer's booking entrance to the Lytton City Jail. In the exercise yard, a prisoner dribbles continuously. (He also bounces his basketball!)	This is the officer's booking entrance to the Lytton City Jail. In the exercise yard, a prisoner dribbles continuously. (He also bounces his basketball!)
There are gun lockers at the top of the stairs, a heavy, steel-plated door, and a pushbutton. A video surveillance camera slowly sweeps the area.	There are gun lockers at the top of the stairs, a heavy, steel-plated door, and a pushbutton. A video surveillance camera slowly sweeps the area.
%m42What are you looking at, Porky Pig?"	%m42What are you looking at, Porky Pig?"
%m42A dude like you put me here and I'm going to sue your whole department for false arrest!"	%m42A dude like you put me here and I'm going to sue your whole department for false arrest!"
%m42Why don't you people go out and bust some real criminals, instead of messin' around with innocent folks like me? All I did was borrow somebody's car for a while!"	%m42Why don't you people go out and bust some real criminals, instead of messin' around with innocent folks like me? All I did was borrow somebody's car for a while!"
"Watch your step, Art! We don't want you falling down the stairs."	"Watch your step, Art! We don't want you falling down the stairs."
"Hic!" says Art.	"Hic!" says Art.
You must open the gun locker before you can put your weapon inside.	You must open the gun locker before you can put your weapon inside.
The buzzer is out of reach.	The buzzer is out of reach.
"The world would be a lot better off without cops like you!"	"The world would be a lot better off without cops like you!"
"I guess this is your big bust for the day, huh, Pig?"	"I guess this is your big bust for the day, huh, Pig?"
"You're going to find out this was a big waste of your time, and mine!"	"You're going to find out this was a big waste of your time, and mine!"
"Get up those stairs, Dog Meat!"	"Get up those stairs, Dog Meat!"
"Shut up and keep moving, Hoffman."	"Shut up and keep moving, Hoffman."
"Seeing you in 'cuffs gives me a natural high, Punk!"	"Seeing you in 'cuffs gives me a natural high, Punk!"
The door IS open.	The door IS open.
%m42Hey, baby! You boys play basketball?"	%m42Hey, baby! You boys play basketball?"
If you close the door on this guy, he will doubtlessly sue!	If you close the door on this guy, he will doubtlessly sue!
Laura says, "Get the door, Sonny. I'll keep an eye on these boys."	Laura says, "Get the door, Sonny. I'll keep an eye on these boys."
Your service revolver is in the locker.	Your service revolver is in the locker.
You don't have a gun!	You don't have a gun!
Your weapon is in your holster.	Your weapon is in your holster.
You won't be going anywhere until you finish booking.	You won't be going anywhere until you finish booking.
"Looks like you'll be a valued addition to narcotics, Bonds," says Laura.	"Looks like you'll be a valued addition to narcotics, Bonds," says Laura.
"Let's get back to the office. I've got work to do."	"Let's get back to the office. I've got work to do."
Perhaps you should remove your prisoner from the car first.	Perhaps you should remove your prisoner from the car first.
Around here, failure to secure the gun locker door can be hazardous to your health!	Around here, failure to secure the gun locker door can be hazardous to your health!
First, close the door.	First, close the door.
Slam Dunk Donny yells through the fence, "	Slam Dunk Donny yells through the fence, "
There is a pushbutton on the wall beside the jail door.	There is a pushbutton on the wall beside the jail door.
Smile pretty.	Smile pretty.
The steel-plated door is bulletproof and as solid as a brick shipyard.	The steel-plated door is bulletproof and as solid as a brick shipyard.
These lockers are used to store officers' weapons while they're inside the jail on business.	These lockers are used to store officers' weapons while they're inside the jail on business.
The locker is empty.	The locker is empty.
He seems to be tireless! His stamina is only equaled by his sentence. From past encounters, you know his nickname is "Slam Dunk Donny."	He seems to be tireless! His stamina is only equaled by his sentence. From past encounters, you know his nickname is "Slam Dunk Donny."
You have no business in the jail at this time. The jailer knows it, and he won't let you in.	You have no business in the jail at this time. The jailer knows it, and he won't let you in.
So many prisoners escape from this jail, you wonder if anyone is ever assigned to that tower.	So many prisoners escape from this jail, you wonder if anyone is ever assigned to that tower.
"Ok, ok! I'm comin'!"	"Ok, ok! I'm comin'!"
You should have thought of that when you had him on his belly!	You should have thought of that when you had him on his belly!
"Follow me," you order your prisoner.	"Follow me," you order your prisoner.
You must open the gun locker before you can retrieve your weapon.	You must open the gun locker before you can retrieve your weapon.
It belongs in your car.	It belongs in your car.
Put your gun in the gun locker.	Put your gun in the gun locker.
You were sent here to enlist Sweet Cheeks, and you leave after just a kiss?!	You were sent here to enlist Sweet Cheeks, and you leave after just a kiss?!
"Are you sizin' up my office, or what?"	"Are you sizin' up my office, or what?"
"Sonny, you know you don't belong in this office without an invitation! Get to work!"	"Sonny, you know you don't belong in this office without an invitation! Get to work!"
"Officer Bonds, your public awaits you!"	"Officer Bonds, your public awaits you!"
"I heard you were going undercover at Hotel Delphoria, Sonny!"	"I heard you were going undercover at Hotel Delphoria, Sonny!"
"CLUCK!!"	"CLUCK!!"
You can hardly believe your eyes. A full-grown chicken, with its legs tied together, is flapping about and clucking raucously, right on Sgt. Dooley's desk! Feathers fly everywhere! But that's not the worst: unfortunately, the chicken has lost control of her bodily functions.	You can hardly believe your eyes. A full-grown chicken, with its legs tied together, is flapping about and clucking raucously, right on Sgt. Dooley's desk! Feathers fly everywhere! But that's not the worst: unfortunately, the chicken has lost control of her bodily functions.
The mysterious "Gremlin" has struck Sgt. Dooley again!	The mysterious "Gremlin" has struck Sgt. Dooley again!
"Sonny! If I find out you are that inconsiderate, worthless 'Gremlin,' I'll hang you out to dry!!"	"Sonny! If I find out you are that inconsiderate, worthless 'Gremlin,' I'll hang you out to dry!!"
Nah, you don't want to do that. Who'd dirty their clean uniform by picking up a chicken that just relieved herself all over Sgt. Dooley's desk?	Nah, you don't want to do that. Who'd dirty their clean uniform by picking up a chicken that just relieved herself all over Sgt. Dooley's desk?
Before you say anything, you think back a few years and remember that Lytton PD officer who received a disability retirement because the blood stopped circulating in his brain. He also talked to chickens!	Before you say anything, you think back a few years and remember that Lytton PD officer who received a disability retirement because the blood stopped circulating in his brain. He also talked to chickens!
The office is furnished with a desk and chair, a file cabinet, and a bookcase with a trophy on it.	The office is furnished with a desk and chair, a file cabinet, and a bookcase with a trophy on it.
On one wall is a photograph of Sgt. Dooley with Chief Whipplestick. On the other wall hangs a Certificate of Accomplishment.	On one wall is a photograph of Sgt. Dooley with Chief Whipplestick. On the other wall hangs a Certificate of Accomplishment.
The inscription on the trophy reads...\n\n"Sgt. John Dooley\n   Third Place\n   Fifth Annual\n Pygmy Goat Races"	The inscription on the trophy reads...\n\n"Sgt. John Dooley\n   Third Place\n   Fifth Annual\n Pygmy Goat Races"
"Sonny! Are you going to be late for briefing again?"	"Sonny! Are you going to be late for briefing again?"
In the bookcase are various volumes of Official Departmental Procedures and General Orders guaranteed to cure insomnia.	In the bookcase are various volumes of Official Departmental Procedures and General Orders guaranteed to cure insomnia.
This file cabinet is crammed full of personnel records and officer evaluations.	This file cabinet is crammed full of personnel records and officer evaluations.
"Certificate of Accomplishment for Outstanding Achievement in the Leadership of City of Lytton Community Youth Programs"	"Certificate of Accomplishment for Outstanding Achievement in the Leadership of City of Lytton Community Youth Programs"
The file cabinet is off-limits to all except Sgt. Dooley, the Chief of Police, and the Department of Internal Affairs.	The file cabinet is off-limits to all except Sgt. Dooley, the Chief of Police, and the Department of Internal Affairs.
"Well, hello, Mr. Bonds."	"Well, hello, Mr. Bonds."
The photograph of Sgt. Dooley and Chief Whipplestick amuses you.	The photograph of Sgt. Dooley and Chief Whipplestick amuses you.
You see the brickwork of an exterior wall.	You see the brickwork of an exterior wall.
You're too far from the door.	You're too far from the door.
Closing the door now would be rather painful.	Closing the door now would be rather painful.
"Hello, Sonny! I have a memo here concerning you. Let me read it to you."	"Hello, Sonny! I have a memo here concerning you. Let me read it to you."
As Sgt. Dooley starts to read, his eyes begin to sting and water profusely.	As Sgt. Dooley starts to read, his eyes begin to sting and water profusely.
"Get out of my way!" screams Dooley. "I think my eyeballs are comin' out of my head!"	"Get out of my way!" screams Dooley. "I think my eyeballs are comin' out of my head!"
Sgt. Dooley races for the bathroom, cursing the "Gremlin" for spraying the memo with mace!	Sgt. Dooley races for the bathroom, cursing the "Gremlin" for spraying the memo with mace!
On his way out, Dooley yells, "Read the memo yourself, Sonny -- if you can."	On his way out, Dooley yells, "Read the memo yourself, Sonny -- if you can."
From the hallway comes uncontrolled laughter, as Dooley declares, "When I find who that 'Gremlin' is, I swear I'll kill him!"	From the hallway comes uncontrolled laughter, as Dooley declares, "When I find who that 'Gremlin' is, I swear I'll kill him!"
You can't; that thing is dripping with mace.	You can't; that thing is dripping with mace.
You think to yourself, "This is one excited chicken," as you watch it flop, squirt and cluck around on Dooley's desk. You bite your lip trying to keep from laughing.	You think to yourself, "This is one excited chicken," as you watch it flop, squirt and cluck around on Dooley's desk. You bite your lip trying to keep from laughing.
You may be smart, but you can't read a memo upside down!	You may be smart, but you can't read a memo upside down!
What a cruel thought.	What a cruel thought.
"Interdepartmental Memo\n\nFrom: Lt. James Morgan, Narcotics.\n\nRe: Officer Bonds\n\nOfficer Bonds' request for a temporary transfer to the Narcotics Department has been approved. Bonds is to report to my office ASAP in suitable street clothes."	"Interdepartmental Memo\n\nFrom: Lt. James Morgan, Narcotics.\n\nRe: Officer Bonds\n\nOfficer Bonds' request for a temporary transfer to the Narcotics Department has been approved. Bonds is to report to my office ASAP in suitable street clothes."
Dooley shouts, "I swear if I catch that 'gremlin,' whoever he is, I'm gonna make hamburger out of him!"	Dooley shouts, "I swear if I catch that 'gremlin,' whoever he is, I'm gonna make hamburger out of him!"
You don't need the books.	You don't need the books.
They belong to Sgt. Dooley. Don't bother them.	They belong to Sgt. Dooley. Don't bother them.
Dooley keeps his desk neat and orderly.	Dooley keeps his desk neat and orderly.
Sgt. Dooley, the old veteran, barks a lot, but rarely bites.	Sgt. Dooley, the old veteran, barks a lot, but rarely bites.
This is Sgt. Dooley's office. Many butts have been chewed out in this room.	This is Sgt. Dooley's office. Many butts have been chewed out in this room.
"Bonds!" Dooley growls. "Aren't you assigned enough work to do? Go on, get out of here!"	"Bonds!" Dooley growls. "Aren't you assigned enough work to do? Go on, get out of here!"
Do that in "King's Quest III."	Do that in "King's Quest III."
"Interdepartmental Memo\n\nFrom: Lt. James Morgan, Narcotics.\n\nRe: Officer Bonds\n\nDue to our extreme manpower shortage, Officer Bonds is hereby temporarily transferred to the Narcotics Department. Bonds is to report to my office ASAP in suitable street clothes."	"Interdepartmental Memo\n\nFrom: Lt. James Morgan, Narcotics.\n\nRe: Officer Bonds\n\nDue to our extreme manpower shortage, Officer Bonds is hereby temporarily transferred to the Narcotics Department. Bonds is to report to my office ASAP in suitable street clothes."
This is %m85's office.	This is %m85's office.
Lt. Morgan is a handsome, middle-aged man, with a winsome touch of gray to his hair.	Lt. Morgan is a handsome, middle-aged man, with a winsome touch of gray to his hair.
You're in %m85's office.	You're in %m85's office.
%m85 keeps his desk neat and clean, with a place for everything, and everything in its place. There is a telephone on his desk.	%m85 keeps his desk neat and clean, with a place for everything, and everything in its place. There is a telephone on his desk.
You are talented, but there is no need to climb the desk!	You are talented, but there is no need to climb the desk!
You don't have time to sit on the desk!	You don't have time to sit on the desk!
"I have a lot of paperwork and no time to talk!"	"I have a lot of paperwork and no time to talk!"
"555-6674"	"555-6674"
"Sonny, you were selected because of your experience and years of good service to the force," says %m85.	"Sonny, you were selected because of your experience and years of good service to the force," says %m85.
You look under the desk and surmise that %m85 picks his nose.	You look under the desk and surmise that %m85 picks his nose.
%m85 keeps his window nailed shut!	%m85 keeps his window nailed shut!
This file is locked!	This file is locked!
Only %m85 has access to this file.	Only %m85 has access to this file.
Warming the chair would be all you accomplished.	Warming the chair would be all you accomplished.
It's a tile floor.	It's a tile floor.
%m84's phone is not for your use.	%m84's phone is not for your use.
There is nothing on %m84's desk that concerns you.	There is nothing on %m84's desk that concerns you.
%m84 barks, "Sonny, get out from behind my desk!"	%m84 barks, "Sonny, get out from behind my desk!"
%v35	%v35
This door opens out, so you must leave in order to close it.	This door opens out, so you must leave in order to close it.
%m83 jabs, "Sonny! Can't you see I'm busy!"	%m83 jabs, "Sonny! Can't you see I'm busy!"
"Please, Sonny! I've got a ton of paperwork to do, and no time for conversation."	"Please, Sonny! I've got a ton of paperwork to do, and no time for conversation."
"Sonny, I don't have time for anything now!"	"Sonny, I don't have time for anything now!"
It's a window with mini-blinds.	It's a window with mini-blinds.
That would anger %m83, as he likes his office dark.	That would anger %m83, as he likes his office dark.
"Lytton City Map"	"Lytton City Map"
You do not need it.	You do not need it.
Make your own map!	Make your own map!
The books on the shelves belong to the Lieutenant.	The books on the shelves belong to the Lieutenant.
You don't need them.	You don't need them.
It's a ceiling.	It's a ceiling.
Morgan	Morgan
Lt. %m83	Lt. %m83
Lieutenant %m83	Lieutenant %m83
"I'm waiting for a return telephone call, Sonny," says %m84. "Keep working and see what you can discover."	"I'm waiting for a return telephone call, Sonny," says %m84. "Keep working and see what you can discover."
"Wanna bet five bucks on who gets the first arrest?"	"Wanna bet five bucks on who gets the first arrest?"
"Get to work, boy!"	"Get to work, boy!"
Sergeant Dooley will have your can if you read a newspaper while on duty.	Sergeant Dooley will have your can if you read a newspaper while on duty.
This is your assigned position for briefings.	This is your assigned position for briefings.
Sergeant John Dooley briefs the 1300 shift, beginning with the latest hot sheet of stolen rides...	Sergeant John Dooley briefs the 1300 shift, beginning with the latest hot sheet of stolen rides...
"Welcome back, men" says Sergeant John Dooley. "I hope you enjoyed the long weekend."	"Welcome back, men" says Sergeant John Dooley. "I hope you enjoyed the long weekend."
"Now, listen up," he barks. "We're looking for a black 1983 Cadillac, license number 'LOP1238,' VIN C03456218, reported stolen last week. Try hard to find it, so I can get that Malcolm Washington character off my back for a change."	"Now, listen up," he barks. "We're looking for a black 1983 Cadillac, license number 'LOP1238,' VIN C03456218, reported stolen last week. Try hard to find it, so I can get that Malcolm Washington character off my back for a change."
"Also, please contact any street informants that you may have. We need any line we can get on this stinking drug traffic."	"Also, please contact any street informants that you may have. We need any line we can get on this stinking drug traffic."
Dooley continues, "Now, hear this: last night, three teenagers were arrested in three separate arrests, each for drunk driving. Two of the three were in possession of cocaine, and all three attend Jefferson High School. That should tell you something, boys and girls!"	Dooley continues, "Now, hear this: last night, three teenagers were arrested in three separate arrests, each for drunk driving. Two of the three were in possession of cocaine, and all three attend Jefferson High School. That should tell you something, boys and girls!"
"Well, that's it for today. Watch your butts, kids. We don't want ol' Chief Whipplestick whining about our industrial injury stats going up again! Sonny Bonds, your call number will be 83-32."	"Well, that's it for today. Watch your butts, kids. We don't want ol' Chief Whipplestick whining about our industrial injury stats going up again! Sonny Bonds, your call number will be 83-32."
You pick up this morning's edition of the "Lytton Tribune."	You pick up this morning's edition of the "Lytton Tribune."
You check your pigeonhole and find a hand-written message...	You check your pigeonhole and find a hand-written message...
"Sonny:\n\nHow's about a 11-98 at Carol's Caffeine Castle later in the shift?\n\nSteve"	"Sonny:\n\nHow's about a 11-98 at Carol's Caffeine Castle later in the shift?\n\nSteve"
You look in Steve's pigeonhole and see a stack of subpoenas.	You look in Steve's pigeonhole and see a stack of subpoenas.
You look in Jack's pigeonhole and see a message that reads, "I shot the last sucker that nosed around in MY pigeonhole!"	You look in Jack's pigeonhole and see a message that reads, "I shot the last sucker that nosed around in MY pigeonhole!"
Sgt. Dooley runs a quiet, organized briefing. Wandering around and being a general nuisance just won't cut it. He demands respect for superior officers.	Sgt. Dooley runs a quiet, organized briefing. Wandering around and being a general nuisance just won't cut it. He demands respect for superior officers.
My, my! What a filthy little mind we have!	My, my! What a filthy little mind we have!
Your pigeonhole is empty.	Your pigeonhole is empty.
Not now! Sgt. Dooley is ready to start his briefing.	Not now! Sgt. Dooley is ready to start his briefing.
Quit snooping around in other officer's pigeonholes.	Quit snooping around in other officer's pigeonholes.
"Hey, Sonny! That story in this morning's paper sure made you look good."	"Hey, Sonny! That story in this morning's paper sure made you look good."
"Sonny Bonds, please find your place. Briefing is about to begin."	"Sonny Bonds, please find your place. Briefing is about to begin."
Since you no longer need the message, you discard it.	Since you no longer need the message, you discard it.
Dooley yells, "Sonny, find your desk!"	Dooley yells, "Sonny, find your desk!"
"You're gonna havta hump to catch me, boy! I wrote so many tickets while you were off duty, I wore down two pencils and ran a pen clear out of ink!"	"You're gonna havta hump to catch me, boy! I wrote so many tickets while you were off duty, I wore down two pencils and ran a pen clear out of ink!"
"Did you hear? The 'Greasy Spoon' quit giving half-price meals!"	"Did you hear? The 'Greasy Spoon' quit giving half-price meals!"
"Can you believe our flea-bitten jail lost another prisoner last night?"	"Can you believe our flea-bitten jail lost another prisoner last night?"
"Dooley sure has been putting on the pressure for ticket activity."	"Dooley sure has been putting on the pressure for ticket activity."
"Sonny, you look good enough to take home."	"Sonny, you look good enough to take home."
"Man! That aftershave lotion is getting to me, Sweet Thing."	"Man! That aftershave lotion is getting to me, Sweet Thing."
"I had two arrests last night; it's a shame both of them wanted to go the hard way!"	"I had two arrests last night; it's a shame both of them wanted to go the hard way!"
"Step aside, boy!"	"Step aside, boy!"
"It's guys like you that make me want to retire."	"It's guys like you that make me want to retire."
"Better write some tickets, if you want to keep Dooley off your back."	"Better write some tickets, if you want to keep Dooley off your back."
"You keep wearing that aftershave lotion, and I'm going to jump you."	"You keep wearing that aftershave lotion, and I'm going to jump you."
Oh, no! Here you are for the 1300 briefing, and it's 1315! Once again, you've spent too much time goofing off.	Oh, no! Here you are for the 1300 briefing, and it's 1315! Once again, you've spent too much time goofing off.
Time to buy "Leisure Suit Larry in the Land of the Lounge Lizards," the new, adult-themed 3-D animated, graphic adventure from Sierra!	Time to buy "Leisure Suit Larry in the Land of the Lounge Lizards," the new, adult-themed 3-D animated, graphic adventure from Sierra!
Briefing should be starting soon.	Briefing should be starting soon.
"Bonds, next time find your place and face this podium," shouts Sgt. Dooley.	"Bonds, next time find your place and face this podium," shouts Sgt. Dooley.
Sgt. Dooley says, "Men, we've received information from the Day Sergeant concerning a Missing Persons report filed earlier this morning.	Sgt. Dooley says, "Men, we've received information from the Day Sergeant concerning a Missing Persons report filed earlier this morning.
"It seems that a Mexican male (physical description of 5'8", 145 lbs, black hair, brown eyes) by the name of Jose Martinez, was last seen by his wife two days ago, getting into a late-model light blue Cadillac. No one has seen or heard from Martinez since.	"It seems that a Mexican male (physical description of 5'8", 145 lbs, black hair, brown eyes) by the name of Jose Martinez, was last seen by his wife two days ago, getting into a late-model light blue Cadillac. No one has seen or heard from Martinez since.
"This person has some previous arrests involving narcotics sales," says Dooley, concluding the briefing. "Be advised that this black Cadillac may be one and the same as the one involved in the recent murder of Lonny West. We have a partial license plate number of 'L964.'"	"This person has some previous arrests involving narcotics sales," says Dooley, concluding the briefing. "Be advised that this black Cadillac may be one and the same as the one involved in the recent murder of Lonny West. We have a partial license plate number of 'L964.'"
You check your pigeonhole and find a sealed envelope.	You check your pigeonhole and find a sealed envelope.
Ripping it open, you read a message from an unknown informant, advising you of illegal, high-stakes gambling in the back room of the Hotel Delphoria Cocktail Lounge.	Ripping it open, you read a message from an unknown informant, advising you of illegal, high-stakes gambling in the back room of the Hotel Delphoria Cocktail Lounge.
There are some messages, but they're not for you.	There are some messages, but they're not for you.
You vow to remember the information, and discard the envelope and message.	You vow to remember the information, and discard the envelope and message.
Dooley then proceeds to give everyone their beat assignments for the day, concluding with yours, "Sonny Bonds, your call number will be 83-32."	Dooley then proceeds to give everyone their beat assignments for the day, concluding with yours, "Sonny Bonds, your call number will be 83-32."
"Keep it safe out there, boys and girls!"	"Keep it safe out there, boys and girls!"
Sgt. Dooley cans your butt on the spot, "Bonds, you're FIRED for insubordination!"	Sgt. Dooley cans your butt on the spot, "Bonds, you're FIRED for insubordination!"
In his firm voice, Dooley reminds you, "Being punctual to briefings might keep some of those corrective memos out of your pigeonhole, Bonds! Now, find your seat!"	In his firm voice, Dooley reminds you, "Being punctual to briefings might keep some of those corrective memos out of your pigeonhole, Bonds! Now, find your seat!"
"I heard about that Honey you stopped last night who tried to negotiate her way out of a ticket by exposing the upper parts of her anatomy."	"I heard about that Honey you stopped last night who tried to negotiate her way out of a ticket by exposing the upper parts of her anatomy."
"I'm late for court, Sonny. Catch you later."	"I'm late for court, Sonny. Catch you later."
"You should buy a new watch, Sonny. You might show up on time, for once!"	"You should buy a new watch, Sonny. You might show up on time, for once!"
"Boy, Sonny! Sgt. Dooley is hotter than a pistol at you!"	"Boy, Sonny! Sgt. Dooley is hotter than a pistol at you!"
"Sonny, the next time you sign up for graveyard shift, I'd just love to be your partner."	"Sonny, the next time you sign up for graveyard shift, I'd just love to be your partner."
"The next time Dooley embarrasses you like that, you oughta tell him to go eat hub caps in the parking lot."	"The next time Dooley embarrasses you like that, you oughta tell him to go eat hub caps in the parking lot."
"Boy, Judge Palmer sure ticked me off this morning by finding that sleazy dude not guilty. What a judicial jerk-ette she is!"	"Boy, Judge Palmer sure ticked me off this morning by finding that sleazy dude not guilty. What a judicial jerk-ette she is!"
Your message box, often called a pigeonhole, is empty.	Your message box, often called a pigeonhole, is empty.
It looks like Steve finally cleaned out his box.	It looks like Steve finally cleaned out his box.
Well, Sonny, an empty pigeonhole is better than one full of subpoenas.	Well, Sonny, an empty pigeonhole is better than one full of subpoenas.
Jack's pigeonhole holds several birthday cards.	Jack's pigeonhole holds several birthday cards.
You no longer receive your mail here.	You no longer receive your mail here.
The pigeonhole is a police officer's mailbox. He can receive love letters, subpoenas, nasty notes, and even departmental memos. You ought to check yours.	The pigeonhole is a police officer's mailbox. He can receive love letters, subpoenas, nasty notes, and even departmental memos. You ought to check yours.
The department has gone to great lengths to organize this undercover operation. Your informant is in a dangerous situation. You're all dressed for the occasion. Now, go do it!	The department has gone to great lengths to organize this undercover operation. Your informant is in a dangerous situation. You're all dressed for the occasion. Now, go do it!
You don't need it for this operation. Leave it here.	You don't need it for this operation. Leave it here.
You carefully unload your weapon before returning it to your locker.	You carefully unload your weapon before returning it to your locker.
You see your weapon in your gun belt.	You see your weapon in your gun belt.
The policeman's tool belt! Don't leave home without it.	The policeman's tool belt! Don't leave home without it.
There is a speed loader of ammunition on the shelf.	There is a speed loader of ammunition on the shelf.
You take a speed loader with six rounds of .357-magnum, hollow-point, silver-jacketed bullets.	You take a speed loader with six rounds of .357-magnum, hollow-point, silver-jacketed bullets.
Your briefcase rests on the bottom of the locker.	Your briefcase rests on the bottom of the locker.
Your briefcase contains many items you'll need in the field.	Your briefcase contains many items you'll need in the field.
You remove the ammunition from your revolver, place it on the shelf, then hang your gunbelt on the locker door.	You remove the ammunition from your revolver, place it on the shelf, then hang your gunbelt on the locker door.
The keys to your Corvette are hanging on a hook.	The keys to your Corvette are hanging on a hook.
You replace your ammo on the shelf.	You replace your ammo on the shelf.
Your towel is neatly folded in the bottom of the locker.	Your towel is neatly folded in the bottom of the locker.
It's already in the locker.	It's already in the locker.
You return the contents to your briefcase and place it in the locker.	You return the contents to your briefcase and place it in the locker.
You store your personal gear in your locker.	You store your personal gear in your locker.
Your Lytton PD uniform is hanging neatly on a hanger.	Your Lytton PD uniform is hanging neatly on a hanger.
There's not enough room in that towel!	There's not enough room in that towel!
Your gun is still in the jail locker! Perhaps you should get it first.	Your gun is still in the jail locker! Perhaps you should get it first.
Your civilian clothes are hanging on a hanger.	Your civilian clothes are hanging on a hanger.
You grab the keys to your 'Vette.	You grab the keys to your 'Vette.
You put the keys in your locker.	You put the keys in your locker.
An old T-shirt and a pair of jeans hang here.	An old T-shirt and a pair of jeans hang here.
Your new, white, pimp suit is hanging on a hanger.	Your new, white, pimp suit is hanging on a hanger.
You have no use for it if you're not in uniform.	You have no use for it if you're not in uniform.
You have your orders. Now, get with the plan and bleach your hair!	You have your orders. Now, get with the plan and bleach your hair!
Your cane with the derringer handle is leaning in the corner.	Your cane with the derringer handle is leaning in the corner.
Regulations require a shower before changing.	Regulations require a shower before changing.
You don't need the keys until you're off-duty.	You don't need the keys until you're off-duty.
How wonderful! Fifteen years of service have come to this: wearing a pimp suit to meet a hooker! Now, that's professional advancement!! (Wouldn't your Mommy be proud!)	How wonderful! Fifteen years of service have come to this: wearing a pimp suit to meet a hooker! Now, that's professional advancement!! (Wouldn't your Mommy be proud!)
Where's your other briefcase?	Where's your other briefcase?
What did you do with the other ammo?	What did you do with the other ammo?
Where did you put your car keys?	Where did you put your car keys?
Change clothes first.	Change clothes first.
Ok. Who'll know?	Ok. Who'll know?
"What'll it be?"	"What'll it be?"
"Hi, Buddy. What would you like to quench your thirst?"	"Hi, Buddy. What would you like to quench your thirst?"
"What's your pleasure, my boy?"	"What's your pleasure, my boy?"
"How ya doing, Sonny? What can I get you?"	"How ya doing, Sonny? What can I get you?"
"One %w1, comin' right up."	"One %w1, comin' right up."
"Yes sir! A %w1 %w2? You've got it!"	"Yes sir! A %w1 %w2? You've got it!"
"I think I can handle a %w1 %w2!"	"I think I can handle a %w1 %w2!"
"%m40Sonny. This one is on the house."	"%m40Sonny. This one is on the house."
"%m40Buddy. That'll be one dollar."	"%m40Buddy. That'll be one dollar."
"%m40Big Boy. Sit and sip."	"%m40Big Boy. Sit and sip."
"Come back anytime, Sonny."	"Come back anytime, Sonny."
"See you later, buddy."	"See you later, buddy."
"Thanks, trooper. I appreciate your business."	"Thanks, trooper. I appreciate your business."
"Order? Order what?"	"Order? Order what?"
"Ok, one %w2 comin' right up."	"Ok, one %w2 comin' right up."
There's no waitress. You'd better move over to the bar.	There's no waitress. You'd better move over to the bar.
The bartender can't hear you from here.	The bartender can't hear you from here.
Don't yell, move over to the bar.	Don't yell, move over to the bar.
"My, aren't we thirsty today?"	"My, aren't we thirsty today?"
"Hold on. It's comin'."	"Hold on. It's comin'."
"Hold your shorts. I'll be right there!"	"Hold your shorts. I'll be right there!"
"Thanks, my man."	"Thanks, my man."
"Thank you, sir!"	"Thank you, sir!"
"If you need anything, just come on back."	"If you need anything, just come on back."
You don't have money?! Man, what a charmer! This creep stiffs me for a drink!!	You don't have money?! Man, what a charmer! This creep stiffs me for a drink!!
"Sure, sure! You lost your wallet. Get lost, freeloader!"	"Sure, sure! You lost your wallet. Get lost, freeloader!"
"Ordering drinks without cash! What a cop!!"	"Ordering drinks without cash! What a cop!!"
"Gee thanks, Mister!"	"Gee thanks, Mister!"
"Feelin' flush today? Thanks for the tip, Bud."	"Feelin' flush today? Thanks for the tip, Bud."
"You're outta money and you try to give me a tip? Sure thing."	"You're outta money and you try to give me a tip? Sure thing."
"If you can pay for your drinks, you can afford a tip, Jack."	"If you can pay for your drinks, you can afford a tip, Jack."
The bar top is clean, well-worn, and horizontal. However, years of elbows and drinks have taken their toll.	The bar top is clean, well-worn, and horizontal. However, years of elbows and drinks have taken their toll.
Like most glasses, these are more attractive full.	Like most glasses, these are more attractive full.
The shelves behind the bar are well-stocked with spirits.	The shelves behind the bar are well-stocked with spirits.
The %w2 are heavy duty and comfortable.	The %w2 are heavy duty and comfortable.
They're not bad, considering they were purchased ten years ago at a swap meet!	They're not bad, considering they were purchased ten years ago at a swap meet!
"Here ya go. That's on the house."	"Here ya go. That's on the house."
"If you change your mind, just holler."	"If you change your mind, just holler."
Sonny, you should know drinking in uniform is strictly prohibited!	Sonny, you should know drinking in uniform is strictly prohibited!
Here you go, 	Here you go, 
You swig the rancid fluid until you see the bottom of the glass.	You swig the rancid fluid until you see the bottom of the glass.
The bulletin board is filled with terminally boring stuff!	The bulletin board is filled with terminally boring stuff!
Narcotics Detective Laura Watts says, "Sonny, you'd better not let Lieutenant Morgan or Sergeant Dooley catch you killing time in here!"	Narcotics Detective Laura Watts says, "Sonny, you'd better not let Lieutenant Morgan or Sergeant Dooley catch you killing time in here!"
"Are you lost Sonny?" Detective Laura Watts asks. "The patrol cars are out in the yard."	"Are you lost Sonny?" Detective Laura Watts asks. "The patrol cars are out in the yard."
"Shouldn't you be out on patrol?" Laura asks.	"Shouldn't you be out on patrol?" Laura asks.
The Department manuals won't help you.	The Department manuals won't help you.
"Welcome to the Narcotics Division, Sonny," says Laura. "I'm pleased you were selected for the position."	"Welcome to the Narcotics Division, Sonny," says Laura. "I'm pleased you were selected for the position."
"Allow me to show you around."	"Allow me to show you around."
"This file cabinet contains all our active narcotic cases, including Hoffman's file."	"This file cabinet contains all our active narcotic cases, including Hoffman's file."
"Walk this way."	"Walk this way."
"This key board contains keys to the unmarked cars that are assigned to the Narcotics Division. I've been meaning to update that clipboard hanging there."	"This key board contains keys to the unmarked cars that are assigned to the Narcotics Division. I've been meaning to update that clipboard hanging there."
"By the way, our radio call number is 83-Nora-10."	"By the way, our radio call number is 83-Nora-10."
"This will be your desk," Laura continues. "Since you have your own desk now, your pigeonhole will be assigned to someone else."	"This will be your desk," Laura continues. "Since you have your own desk now, your pigeonhole will be assigned to someone else."
"Sonny," Laura says earnestly, "I attended Hoffman's arraignment early this morning. He's being represented by some out-of-town, hotshot lawyer."	"Sonny," Laura says earnestly, "I attended Hoffman's arraignment early this morning. He's being represented by some out-of-town, hotshot lawyer."
"The jerk has convinced Judge Palmer that Hoffman is who he says he is. And, that's not the worst of it..."	"The jerk has convinced Judge Palmer that Hoffman is who he says he is. And, that's not the worst of it..."
"Judge Palmer set Hoffman's bail at only $500,000.00!" Laura exclaims. "We've got to show cause to justify a No Bail Warrant. If Hoffman gets out on bail, we'll never see his ugly face again!"	"Judge Palmer set Hoffman's bail at only $500,000.00!" Laura exclaims. "We've got to show cause to justify a No Bail Warrant. If Hoffman gets out on bail, we'll never see his ugly face again!"
"Sonny, I have a meeting right now, and can't stay. Hoffman's your baby now and time is running out! I hope you can discover some information that will convince Judge Palmer to hold him without bail!"	"Sonny, I have a meeting right now, and can't stay. Hoffman's your baby now and time is running out! I hope you can discover some information that will convince Judge Palmer to hold him without bail!"
This file cabinet contains the files on the current Lytton PD active narcotics cases.	This file cabinet contains the files on the current Lytton PD active narcotics cases.
Ah, hah! A note from Laura.	Ah, hah! A note from Laura.
"Bonds,\n\nWe just received a fax from Chicago PD Detective Joe Taber. He says our man Jason Taselli, (alias Hoffman, alias Pierson), is linked to a big time drug dealer by the name of Jessie Bains. Taber included a mug shot of Bains, a high stakes gambler who recently dropped out of sight in the Chicago area."	"Bonds,\n\nWe just received a fax from Chicago PD Detective Joe Taber. He says our man Jason Taselli, (alias Hoffman, alias Pierson), is linked to a big time drug dealer by the name of Jessie Bains. Taber included a mug shot of Bains, a high stakes gambler who recently dropped out of sight in the Chicago area."
You study the mug shot of Bains, and vow to remember it.	You study the mug shot of Bains, and vow to remember it.
You remember the anonymous letter about big-stakes gambling at the Hotel Delphoria and realize you are onto something hot.	You remember the anonymous letter about big-stakes gambling at the Hotel Delphoria and realize you are onto something hot.
"And," concludes the note, our Lab has matched the fingerprints on the .45-caliber automatic found in the stolen Cadillac to Taselli's prints.\n\nLaura"	"And," concludes the note, our Lab has matched the fingerprints on the .45-caliber automatic found in the stolen Cadillac to Taselli's prints.\n\nLaura"
You have no business in the Narcotics Division files.	You have no business in the Narcotics Division files.
The desk on the right has "In" and "Out" baskets, a telephone, but no nameplate.	The desk on the right has "In" and "Out" baskets, a telephone, but no nameplate.
"Sonny," says Laura, "Just after you left, a hooker by the name of Sweet Cheeks Marie (who called you 'Precious'), called from the jail and said she needs to see you as soon as possible."	"Sonny," says Laura, "Just after you left, a hooker by the name of Sweet Cheeks Marie (who called you 'Precious'), called from the jail and said she needs to see you as soon as possible."
"But, before you go to the jail, Morgan wants to see you."	"But, before you go to the jail, Morgan wants to see you."
You'd better change and get over there.	You'd better change and get over there.
"Sonny, I just got a call from the jail. Hoffman's attorney is on his way over there with a half-million dollars to bail him out."	"Sonny, I just got a call from the jail. Hoffman's attorney is on his way over there with a half-million dollars to bail him out."
"If you've found anything at all that we can use to hold this sucker, now is the time to use it."	"If you've found anything at all that we can use to hold this sucker, now is the time to use it."
"Take whatever you have, get over to the courthouse and see if you can get a No Bail Warrant out of Judge Palmer."	"Take whatever you have, get over to the courthouse and see if you can get a No Bail Warrant out of Judge Palmer."
"Please feel free to research any and all files," Laura concludes.	"Please feel free to research any and all files," Laura concludes.
You take the keys to the undercover car.	You take the keys to the undercover car.
Narcotics Detective Laura Watts is a veteran narcotics cop and all business.	Narcotics Detective Laura Watts is a veteran narcotics cop and all business.
What keys?	What keys?
Not here, please! The keys belong on the key board.	Not here, please! The keys belong on the key board.
The message is important, but not the paper!	The message is important, but not the paper!
Nothing in Laura's basket pertains to you.	Nothing in Laura's basket pertains to you.
You'd better get over there!	You'd better get over there!
The keys hanging on the key board are for the Narcotics Department's unmarked cars. Below the key board hangs a clipboard.	The keys hanging on the key board are for the Narcotics Department's unmarked cars. Below the key board hangs a clipboard.
The desk on the left has "In" and "Out" baskets, and a nameplate that says "Laura Watts, Narcotics Detective."	The desk on the left has "In" and "Out" baskets, and a nameplate that says "Laura Watts, Narcotics Detective."
There's no need to open the desk.	There's no need to open the desk.
You see blue sky and green bushes.	You see blue sky and green bushes.
The bookcase contains Official Departmental Manuals.	The bookcase contains Official Departmental Manuals.
Reading a Departmental Manual is about as much fun as reading the fine print on a life insurance policy. You'd rather read the back of a cereal box!	Reading a Departmental Manual is about as much fun as reading the fine print on a life insurance policy. You'd rather read the back of a cereal box!
This is a map of the City of Lytton.	This is a map of the City of Lytton.
Hey! It's empty!	Hey! It's empty!
Someday (if you ever move up to Narcotics) you may need keys to an unmarked car. But today is not that day.	Someday (if you ever move up to Narcotics) you may need keys to an unmarked car. But today is not that day.
Don't interrupt Laura when she's speaking.	Don't interrupt Laura when she's speaking.
"Hello, Sonny!" Laura Watts greets you. "Lieutenant Morgan is waiting for you. %s9"	"Hello, Sonny!" Laura Watts greets you. "Lieutenant Morgan is waiting for you. %s9"
"Hey, Sonny," Laura Watts says, "Sergeant Dooley is expecting you in his office, pronto!"	"Hey, Sonny," Laura Watts says, "Sergeant Dooley is expecting you in his office, pronto!"
That's an entertaining idea, but you have work to do!	That's an entertaining idea, but you have work to do!
Ah, the Narcotics Office -- where undercover cops roam!	Ah, the Narcotics Office -- where undercover cops roam!
What? And spoil this wonderful air-conditioning?	What? And spoil this wonderful air-conditioning?
It's a genuine, LT&T black telephone.	It's a genuine, LT&T black telephone.
Yes, there is a phone in the room.	Yes, there is a phone in the room.
There are two desks, a filing cabinet against the rear wall, and a bookcase in the far right corner.	There are two desks, a filing cabinet against the rear wall, and a bookcase in the far right corner.
The left wall holds a key board and a clipboard. On the rear wall is a bulletin board. A bookcase and large map of the City of Lytton are on the right wall.	The left wall holds a key board and a clipboard. On the rear wall is a bulletin board. A bookcase and large map of the City of Lytton are on the right wall.
"How's it hangin', Big Boy?" cracks Laura.	"How's it hangin', Big Boy?" cracks Laura.
"Hey! I thought you were supposed to go to the Hotel Delphoria!"	"Hey! I thought you were supposed to go to the Hotel Delphoria!"
PHYSICAL DESCRIPTION	PHYSICAL DESCRIPTION
FBI MOST-WANTED LIST	FBI MOST-WANTED LIST
WANTED FOR MURDER	WANTED FOR MURDER
187pc, Federal	187pc, Federal
Warrant #219293-1985	Warrant #219293-1985
Jason Taselli	Jason Taselli
ALIAS: known to use	ALIAS: known to use
the last names	the last names
Harris and Hoffman.	Harris and Hoffman.
5'11, 195 lbs, black	5'11, 195 lbs, black
hair, brown eyes.	hair, brown eyes.
Has tattoo of a	Has tattoo of a
flower above left	flower above left
nipple.	nipple.
Wanted for the	Wanted for the
murder of a Columbia	murder of a Columbia
national, suspected	national, suspected
GRAND THEFT, AUTO	GRAND THEFT, AUTO
1983 Cadillac Coupe	1983 Cadillac Coupe
deVille, black	deVille, black
Stolen in Lytton, CA	Stolen in Lytton, CA
CA License  LOP1238	CA License  LOP1238
VIN C03456218	VIN C03456218
1985 Yamamama 750cc	1985 Yamamama 750cc
motorcycle, cherry	motorcycle, cherry
red, w/saddlebags.	red, w/saddlebags.
CA License  M65789	CA License  M65789
VIN  M09876543	VIN  M09876543
459pc BURGLARY	459pc BURGLARY
action, oak stock,	action, oak stock,
Ramington rifle,	Ramington rifle,
gold-plated trigger.	gold-plated trigger.
SERIAL #R12345678	SERIAL #R12345678
Ladies silk panties,	Ladies silk panties,
57 pair, size 46-50,	57 pair, size 46-50,
"Fancy Pants	"Fancy Pants
blue, with zippered	blue, with zippered
crotch. Stolen from	crotch. Stolen from
Hog and dog food,	Hog and dog food,
2400 lbs. Taken from	2400 lbs. Taken from
Fat Fred's "Fat and	Fat Fred's "Fat and
9 large-mouthed,	9 large-mouthed,
belly-bustin' stink	belly-bustin' stink
"Chink's Cast 'N'	"Chink's Cast 'N'
Catchit" Bait Store	Catchit" Bait Store
BE ON THE LOOKOUT:	BE ON THE LOOKOUT:
Dog, 3', 145 lbs,	Dog, 3', 145 lbs,
Name: "Buffie"	Name: "Buffie"
Wedding rings, 8,	Wedding rings, 8,
stones. Taken from	stones. Taken from
"Jessie the Jeweler"	"Jessie the Jeweler"
Ah, ha!! "Tattoo of flower above left nipple..." You take the FBI Wanted Poster, knowing Judge Palmer will find it very interesting!	Ah, ha!! "Tattoo of flower above left nipple..." You take the FBI Wanted Poster, knowing Judge Palmer will find it very interesting!
Do you see a poster here?	Do you see a poster here?
You've already taken the FBI Wanted Poster.	You've already taken the FBI Wanted Poster.
.22-caliber, lever-	.22-caliber, lever-
baits. Stolen from	baits. Stolen from
Feed" Farm, Lytton	Feed" Farm, Lytton
black & white spots	black & white spots
24-carat, w/diamond	24-carat, w/diamond
narcotics runner.	narcotics runner.
AKA "The Consumer"	AKA "The Consumer"
Lingerie Emporium."	Lingerie Emporium."
10851vc	10851vc
The clipboard must remain here in the office.	The clipboard must remain here in the office.
You may also use the cursor keys to turn the pages.	You may also use the cursor keys to turn the pages.
This is LPD's Computer Room, complete with an outdated terminal just packed with valuable information.	This is LPD's Computer Room, complete with an outdated terminal just packed with valuable information.
"Sonny, you should be out on duty, not fooling around here in the Computer Room."	"Sonny, you should be out on duty, not fooling around here in the Computer Room."
It works much more slowly when it's "off!"	It works much more slowly when it's "off!"
It's a beautiful day in the neighborhood!	It's a beautiful day in the neighborhood!
If you're feeling stuffy, take a walk outside. Fresh air makes computers do funny things.	If you're feeling stuffy, take a walk outside. Fresh air makes computers do funny things.
Mounted on the wall above the computer are two shelves holding approximately nine books.	Mounted on the wall above the computer are two shelves holding approximately nine books.
You could rip the armpit out of your shirt trying to reach that shelf. Anyway, don't you know: no one reads computer manuals!	You could rip the armpit out of your shirt trying to reach that shelf. Anyway, don't you know: no one reads computer manuals!
A few outdated memos, filled with superfluous crap, hang on the bulletin board!	A few outdated memos, filled with superfluous crap, hang on the bulletin board!
It's a typical, acoustic ceiling with florescent lighting.	It's a typical, acoustic ceiling with florescent lighting.
It's a plain, gray-tiled floor.	It's a plain, gray-tiled floor.
Under the table you see spider webs, dust and approximately eighteen wads of dried gum.	Under the table you see spider webs, dust and approximately eighteen wads of dried gum.
"Nice talking to you, Sonny" says Laura. "See you later!"	"Nice talking to you, Sonny" says Laura. "See you later!"
"I'd like to dance with you Sonny, but, ah, not at the moment! Ok?"	"I'd like to dance with you Sonny, but, ah, not at the moment! Ok?"
Laura Watts, of Narcotics, enters the room. "Hello, Sonny," she says.	Laura Watts, of Narcotics, enters the room. "Hello, Sonny," she says.
You have no use for the computer manuals.	You have no use for the computer manuals.
On the table is an outdated (but workable) computer system, complete with monitor, keyboard and printer.	On the table is an outdated (but workable) computer system, complete with monitor, keyboard and printer.
It IS off.	It IS off.
"Go on, Sonny. Get out of here, and get to work."	"Go on, Sonny. Get out of here, and get to work."
"Come on Sonny, get to work!"	"Come on Sonny, get to work!"
The office bulletin board hangs on the left wall, while the rear wall contains two bookshelves.	The office bulletin board hangs on the left wall, while the rear wall contains two bookshelves.
The computer's blank screen indicates it's off.	The computer's blank screen indicates it's off.
It looks good enough to submit!	It looks good enough to submit!
It IS open!	It IS open!
A sign on the door says, "This door to remain open during business hours."	A sign on the door says, "This door to remain open during business hours."
Although you're anxious to get on your beat, missing Sgt. Dooley's briefing is not wise.	Although you're anxious to get on your beat, missing Sgt. Dooley's briefing is not wise.
You really don't need it.	You really don't need it.
There is a table against the far wall below a photograph. The three doorways lead to Lt. Morgan's office, to the outside, and to the Narcotics Office.	There is a table against the far wall below a photograph. The three doorways lead to Lt. Morgan's office, to the outside, and to the Narcotics Office.
A group photograph of the Lytton Superior Court Justices hangs on the wall.	A group photograph of the Lytton Superior Court Justices hangs on the wall.
You try to look through the window but you can't see in, since the blinds are shut.	You try to look through the window but you can't see in, since the blinds are shut.
Knocking on the window brings no response.	Knocking on the window brings no response.
No way. Cops don't break windows!	No way. Cops don't break windows!
It's another acoustic ceiling, complete with florescent lighting.	It's another acoustic ceiling, complete with florescent lighting.
Below your feet is a clean, gray-tiled floor.	Below your feet is a clean, gray-tiled floor.
This window does not open.	This window does not open.
So! Did you decide to just skip work today, or what?	So! Did you decide to just skip work today, or what?
On the table is a basket marked "In." This is where you submit your reports and memos. Next to the basket is a pad of blank memos.	On the table is a basket marked "In." This is where you submit your reports and memos. Next to the basket is a pad of blank memos.
The basket is empty.	The basket is empty.
On the table you see a stack of blank office memos.	On the table you see a stack of blank office memos.
You don't need to submit a memo at this time. But, if you did, this would be a perfect place to do it!	You don't need to submit a memo at this time. But, if you did, this would be a perfect place to do it!
You look under the table and conclude...	You look under the table and conclude...
...Everyone here must chew gum!	...Everyone here must chew gum!
Climbing up on this table would rip the crotch right out of your trousers!	Climbing up on this table would rip the crotch right out of your trousers!
You don't need to write any reports right now, but if you did, this would be a perfect place to do it!	You don't need to write any reports right now, but if you did, this would be a perfect place to do it!
You write out a request for transfer to the "Narcotics Division."	You write out a request for transfer to the "Narcotics Division."
You place your request into the "In" basket.	You place your request into the "In" basket.
Sorry, but the "In" basket stays here!	Sorry, but the "In" basket stays here!
They must remain on the table.	They must remain on the table.
Your prior request for transfer is still current.	Your prior request for transfer is still current.
Carefully you double-check your request.	Carefully you double-check your request.
Submitting a blank memo will get you nowhere.	Submitting a blank memo will get you nowhere.
Your freshly-written request for transfer is in the "In" basket.	Your freshly-written request for transfer is in the "In" basket.
Your request is being processed in the usual bureaucratic manner. Having been removed by the officially-designated individual, it is at this very moment being distributed, in triplicate, to the LPD brass.	Your request is being processed in the usual bureaucratic manner. Having been removed by the officially-designated individual, it is at this very moment being distributed, in triplicate, to the LPD brass.
Your request for transfer has been granted. No further memos are required.	Your request for transfer has been granted. No further memos are required.
You'd better return that radio extender. It makes an unsightly bulge in your trousers!	You'd better return that radio extender. It makes an unsightly bulge in your trousers!
Sonny, you can't use the patrol car now. You'd better return the keys to the key board.	Sonny, you can't use the patrol car now. You'd better return the keys to the key board.
The people of Lytton are very proud of this courthouse, built in 1873 by descendants of the towns' first settlers. The marble was imported all the way from West Lytton.	The people of Lytton are very proud of this courthouse, built in 1873 by descendants of the towns' first settlers. The marble was imported all the way from West Lytton.
There are people inside. They wonder why you're staring in the windows, instead of walking inside.	There are people inside. They wonder why you're staring in the windows, instead of walking inside.
These doors open into the (sometimes) hallowed halls of justice.	These doors open into the (sometimes) hallowed halls of justice.
The hot sidewalk is contrasted by a cool, well manicured lawn.	The hot sidewalk is contrasted by a cool, well manicured lawn.
You look up at a beautiful, cloudless sky and feel a gentle breeze ramble through your hair. You think to yourself, "What a day."	You look up at a beautiful, cloudless sky and feel a gentle breeze ramble through your hair. You think to yourself, "What a day."
"How do you do, Sir. May I help you?"	"How do you do, Sir. May I help you?"
"I'm sorry, but Judge Kim Palmer's court is presently in session."	"I'm sorry, but Judge Kim Palmer's court is presently in session."
"I can only interrupt a court in session for an extreme emergency!"	"I can only interrupt a court in session for an extreme emergency!"
"Please wait a moment. I'll send a message with the bailiff."	"Please wait a moment. I'll send a message with the bailiff."
For emergencies, dial "911."	For emergencies, dial "911."
"The bailiff says Judge Palmer will see you, if you can make it quick! Go on into the courtroom."	"The bailiff says Judge Palmer will see you, if you can make it quick! Go on into the courtroom."
This door doesn't open.	This door doesn't open.
"Good day, Sir. How may I help you?"	"Good day, Sir. How may I help you?"
This is the outer reception room of the courthouse. The Court Clerk's office is behind the glass window to the right. The courtroom is through the double doors.	This is the outer reception room of the courthouse. The Court Clerk's office is behind the glass window to the right. The courtroom is through the double doors.
"It seems obvious you have no business here, Sir. You're just wasting my time!"	"It seems obvious you have no business here, Sir. You're just wasting my time!"
You can't enter while court is in session. See the Court Clerk first!	You can't enter while court is in session. See the Court Clerk first!
The Court Clerk asks, "Did you get what you needed?"	The Court Clerk asks, "Did you get what you needed?"
The Court Clerk responds, "Very good, Officer. Go get 'em."	The Court Clerk responds, "Very good, Officer. Go get 'em."
There's nothing of interest,  except that statue of Justice above the double doors leading to the courtroom.	There's nothing of interest,  except that statue of Justice above the double doors leading to the courtroom.
These doors lead to Judge Kim Palmer's courtroom.	These doors lead to Judge Kim Palmer's courtroom.
"That's very nice, sir," responds the Clerk, "but I have no authority in matters such as this."	"That's very nice, sir," responds the Clerk, "but I have no authority in matters such as this."
Judge Kim Palmer addresses her courtroom...	Judge Kim Palmer addresses her courtroom...
"Silence in the court!"	"Silence in the court!"
In a firm voice the bailiff speaks to you, "Well? The judge is waiting for you."	In a firm voice the bailiff speaks to you, "Well? The judge is waiting for you."
"Mr. Bonds, who, or what, is this warrant for?" says the judge.	"Mr. Bonds, who, or what, is this warrant for?" says the judge.
"And, what information do you have to substantiate the validity of a warrant?"	"And, what information do you have to substantiate the validity of a warrant?"
You hand the evidence to the bailiff.	You hand the evidence to the bailiff.
Judge Palmer reviews the FBI flyer and the file. To your great relief, she issues a No Bail Warrant for Mr. Jason Taselli, alias Marvin Hoffman!	Judge Palmer reviews the FBI flyer and the file. To your great relief, she issues a No Bail Warrant for Mr. Jason Taselli, alias Marvin Hoffman!
"Here you are, Mr. Bonds. I hope you are not too late. Taselli's attorney is at the jail at this very moment, attempting his release."	"Here you are, Mr. Bonds. I hope you are not too late. Taselli's attorney is at the jail at this very moment, attempting his release."
This court is in session. The bailiff proceeds toward you.	This court is in session. The bailiff proceeds toward you.
"For your information, Sir, this court is in session!"	"For your information, Sir, this court is in session!"
"You are most fortunate that I do not hold you in contempt!"	"You are most fortunate that I do not hold you in contempt!"
"Bailiff! Show this gentleman out of my courtroom!"	"Bailiff! Show this gentleman out of my courtroom!"
As you are launched from Judge Palmer's court, the bailiff bids you farewell, "Boy, is your face red!"	As you are launched from Judge Palmer's court, the bailiff bids you farewell, "Boy, is your face red!"
Judge Palmer strikes the gavel, "Silence. I will consider Mr. Bonds' request."	Judge Palmer strikes the gavel, "Silence. I will consider Mr. Bonds' request."
"Mr. Bonds, you may approach the bench."	"Mr. Bonds, you may approach the bench."
Who is that?	Who is that?
"All right. Do you have any other information?"	"All right. Do you have any other information?"
"For attempting to present evidence you do not have," Judge Palmer says, "I hereby find you in comtempt of court!"	"For attempting to present evidence you do not have," Judge Palmer says, "I hereby find you in comtempt of court!"
"Mr. Bonds, I've a good mind to let you cool your heels in the City Jail for the next three days! But, since this court tries to go out of its way to help the Department, I'll suspend sentence. Just be sure you never interrupt my court without evidence again!"	"Mr. Bonds, I've a good mind to let you cool your heels in the City Jail for the next three days! But, since this court tries to go out of its way to help the Department, I'll suspend sentence. Just be sure you never interrupt my court without evidence again!"
"The FBI wanted poster does arouse suspicion%m35	"The FBI wanted poster does arouse suspicion%m35
"I remind you, Mr. Bonds, I have reviewed the file%m35	"I remind you, Mr. Bonds, I have reviewed the file%m35
"Mr. Bonds, you are keeping this entire courtroom waiting, while you attempt to establish your case!"	"Mr. Bonds, you are keeping this entire courtroom waiting, while you attempt to establish your case!"
Judge Palmer motions the bailiff to retrieve the evidence.	Judge Palmer motions the bailiff to retrieve the evidence.
Your heart races as Judge Palmer evaluates your evidence. You think to yourself, "This punk can not go free!"	Your heart races as Judge Palmer evaluates your evidence. You think to yourself, "This punk can not go free!"
Judge Palmer scans the items presented and questions, "What makes you think these two men are the same person, Mr. Bonds?"	Judge Palmer scans the items presented and questions, "What makes you think these two men are the same person, Mr. Bonds?"
The bailiff and court reporter squirm and choke, trying to conceal their laughter, while you quietly tell the judge your tale of tattoos and nipples!	The bailiff and court reporter squirm and choke, trying to conceal their laughter, while you quietly tell the judge your tale of tattoos and nipples!
The Judge attempts to stifle her giggles, but fails.	The Judge attempts to stifle her giggles, but fails.
Judge Palmer whispers softly to you, "Well, Mr. Bonds, it appears your friend 'has his tit caught in the wringer!'"	Judge Palmer whispers softly to you, "Well, Mr. Bonds, it appears your friend 'has his tit caught in the wringer!'"
Stifling her laughter, Judge Palmer says, "Congratulations, Mr. Bonds! Your request is granted!"	Stifling her laughter, Judge Palmer says, "Congratulations, Mr. Bonds! Your request is granted!"
"Here is a No Bail Warrant, issued in the name of Jason Taselli, alias Marvin Hoffman."	"Here is a No Bail Warrant, issued in the name of Jason Taselli, alias Marvin Hoffman."
"Bailiff, deliver this to Mr. Bonds, and escort him out."	"Bailiff, deliver this to Mr. Bonds, and escort him out."
Judge Palmer announces, "Mr. Bonds, I will review these documents today and return them to your department this afternoon."	Judge Palmer announces, "Mr. Bonds, I will review these documents today and return them to your department this afternoon."
"Well?"	"Well?"
," says Judge Palmer. "However, by itself, it is not sufficient evidence to detain Mr. Hoffman."	," says Judge Palmer. "However, by itself, it is not sufficient evidence to detain Mr. Hoffman."
Laura says, "Ok, Sonny, I'll move the car out of sight and monitor you for backup."	Laura says, "Ok, Sonny, I'll move the car out of sight and monitor you for backup."
Laura asks, "What took you so long, Hot Rod? I picked up this loose end trying to take foot bail on you!"	Laura asks, "What took you so long, Hot Rod? I picked up this loose end trying to take foot bail on you!"
You mumble under your breath, "Yeah, sure, Laura! You probably just grabbed the first white male you could find!"	You mumble under your breath, "Yeah, sure, Laura! You probably just grabbed the first white male you could find!"
What's wrong with you?	What's wrong with you?
From here, the park looks lovely. Perhaps you should enter it.	From here, the park looks lovely. Perhaps you should enter it.
The search reveals an identification card, and a small bag containing a white powdery substance.	The search reveals an identification card, and a small bag containing a white powdery substance.
The contents of the bag appear to be cocaine!	The contents of the bag appear to be cocaine!
Simms is reluctant but cooperative. You learn he has been selling to kids at Jefferson High School, including Officer Cobb's daughter, Kathy.	Simms is reluctant but cooperative. You learn he has been selling to kids at Jefferson High School, including Officer Cobb's daughter, Kathy.
"I used to buy from a guy named Jose Martinez, but then Martinez introduced me to Don Colby here," Simms says, "I haven't seen Martinez since."	"I used to buy from a guy named Jose Martinez, but then Martinez introduced me to Don Colby here," Simms says, "I haven't seen Martinez since."
Colby refuses to answer any questions.	Colby refuses to answer any questions.
After persistant questioning of Colby, you discover he buys his drugs from Leroy Pierson. He says Leroy's telephone number is 555-6537. He also asks that his cooperation be noted for consideration by the court.	After persistant questioning of Colby, you discover he buys his drugs from Leroy Pierson. He says Leroy's telephone number is 555-6537. He also asks that his cooperation be noted for consideration by the court.
You search the trembling youngster.	You search the trembling youngster.
It might be wise to question these guys while they're still shaking.	It might be wise to question these guys while they're still shaking.
"What's the matter? Let's get this show on the road!"	"What's the matter? Let's get this show on the road!"
Laura comments, "Lt. Morgan will be real happy with this bust!"	Laura comments, "Lt. Morgan will be real happy with this bust!"
"Let's get these boys to jail."	"Let's get these boys to jail."
You can't release these pushers here!	You can't release these pushers here!
The door is already shut.	The door is already shut.
Where are you going?	Where are you going?
"Sonny, go stake out the picnic area."	"Sonny, go stake out the picnic area."
"His name is Don Colby, Officer," says the shaking youngster. Colby glares at the boy.	"His name is Don Colby, Officer," says the shaking youngster. Colby glares at the boy.
The Jefferson High School Student Identification Card (in the name of Victor Simms) matches the general description of your suspect.	The Jefferson High School Student Identification Card (in the name of Victor Simms) matches the general description of your suspect.
You find nothing more.	You find nothing more.
question colby	question colby
question simms	question simms
Laura searches her suspect.	Laura searches her suspect.
She finds his gun, an envelope of money and little else.	She finds his gun, an envelope of money and little else.
"Yes, sir!"	"Yes, sir!"
Laura says, "I'll book this stuff into evidence."	Laura says, "I'll book this stuff into evidence."
Laura looks pretty good today.	Laura looks pretty good today.
The young man is dressed in dark clothes.	The young man is dressed in dark clothes.
You would not buy a used car from this man.	You would not buy a used car from this man.
You key your radio, "Dispatch, this is 83-Nora-10. Be advised, Code-4 with two in custody."	You key your radio, "Dispatch, this is 83-Nora-10. Be advised, Code-4 with two in custody."
That drug-peddling punk just blew you%m46	That drug-peddling punk just blew you%m46
You just blew that drug-peddling punk%m46	You just blew that drug-peddling punk%m46
The old, redwood picnic table covered with bird droppings, ants, peanut butter smudges and assorted initials.	The old, redwood picnic table covered with bird droppings, ants, peanut butter smudges and assorted initials.
The hedge is nicely trimmed.	The hedge is nicely trimmed.
This wall is composed of 3500 bricks and 2000 pounds of mortar, and was built by the Mark Crowe Graphics Construction Company.	This wall is composed of 3500 bricks and 2000 pounds of mortar, and was built by the Mark Crowe Graphics Construction Company.
This beautiful old, oak tree will give you shade but little else.	This beautiful old, oak tree will give you shade but little else.
You conceal yourself in the bushes, but with a clear view of the table.	You conceal yourself in the bushes, but with a clear view of the table.
Your extender crackles, "This is 83-Nora-10. Notify when you are in position."	Your extender crackles, "This is 83-Nora-10. Notify when you are in position."
If you had a radio extender, that would be easy.	If you had a radio extender, that would be easy.
You key your extender and notify Detective Watts that you're in a concealed position.	You key your extender and notify Detective Watts that you're in a concealed position.
She responds to your transmission, "10-4! Will maintain radio silence until I hear from you."	She responds to your transmission, "10-4! Will maintain radio silence until I hear from you."
You're supposed to be hiding! No one will play "Let's Make A Dope Deal" with you milling about.	You're supposed to be hiding! No one will play "Let's Make A Dope Deal" with you milling about.
Working a stakeout without a radio extender isn't exactly the way they taught it at the Academy.	Working a stakeout without a radio extender isn't exactly the way they taught it at the Academy.
"Keep it down. This is a stakeout, remember?"	"Keep it down. This is a stakeout, remember?"
You quietly watch a man enter the picnic area.	You quietly watch a man enter the picnic area.
He cautiously nears the picnic table.	He cautiously nears the picnic table.
Another figure carefully approaches the picnic table. Could it be his drug contact?	Another figure carefully approaches the picnic table. Could it be his drug contact?
"Psst, Vic! Were you followed?"	"Psst, Vic! Were you followed?"
"No way, man. It's cool!"	"No way, man. It's cool!"
"I got the stuff. Did you bring the cash?"	"I got the stuff. Did you bring the cash?"
"Ya, right here."	"Ya, right here."
One suspect hands what appears to be an envelope to the other suspect.	One suspect hands what appears to be an envelope to the other suspect.
The second suspect returns a small plastic bag containing a white substance.	The second suspect returns a small plastic bag containing a white substance.
"Hey, Butt Breath! This ain't enough!! Where's the rest?"	"Hey, Butt Breath! This ain't enough!! Where's the rest?"
As they argue, you realize the pusher is dissatisfied with the contents of the envelope.	As they argue, you realize the pusher is dissatisfied with the contents of the envelope.
You quietly radio Laura, "I'm moving in. You hook up anybody trying to take foot bail!"	You quietly radio Laura, "I'm moving in. You hook up anybody trying to take foot bail!"
You trade your career for a few seconds of heavenly bliss.	You trade your career for a few seconds of heavenly bliss.
"Halt!" you shout. "Police officer!!"	"Halt!" you shout. "Police officer!!"
"Yeah? So what! Ain't nothin' wrong been done here!!"	"Yeah? So what! Ain't nothin' wrong been done here!!"
You follow Simms to the patrol car.	You follow Simms to the patrol car.
You 'cuff one trembling suspect.	You 'cuff one trembling suspect.
You'd better 'cuff him first.	You'd better 'cuff him first.
Pushing a little, you rush out, and frighten away the suspects!	Pushing a little, you rush out, and frighten away the suspects!
He is 'cuffed!	He is 'cuffed!
The search reveals nothing except his school identification card, and the small bag containing a white powdery substance that you watched him get from the pusher.	The search reveals nothing except his school identification card, and the small bag containing a white powdery substance that you watched him get from the pusher.
As you move, a dry branch snaps beneath your weight. Unfortunately, its loud "CRACK!" reveals you to the suspects!	As you move, a dry branch snaps beneath your weight. Unfortunately, its loud "CRACK!" reveals you to the suspects!
Those two are sure paranoid. They're history now.	Those two are sure paranoid. They're history now.
Well, you blew that one! There won't be any drug deal here today!	Well, you blew that one! There won't be any drug deal here today!
Whoops! You're not going to get 'em this time! Failure to follow proper procedure leaves you in an awkward position. You'd better refer to your "PIG" manual!	Whoops! You're not going to get 'em this time! Failure to follow proper procedure leaves you in an awkward position. You'd better refer to your "PIG" manual!
This kid is so scared, that won't be necessary.	This kid is so scared, that won't be necessary.
Holster your weapon first.	Holster your weapon first.
You can't just go off and leave your suspect.	You can't just go off and leave your suspect.
 into "Police Quest II," coming soon to a computer near you!	 into "Police Quest II," coming soon to a computer near you!
"Ah, ha! Colby!"	"Ah, ha! Colby!"
You radio Laura, "I've got mine in custody, and we're heading for the car. I'll meet you there."	You radio Laura, "I've got mine in custody, and we're heading for the car. I'll meet you there."
The bushes seem unimpressed with your bravado!	The bushes seem unimpressed with your bravado!
It's a little early for that!	It's a little early for that!
"I used to buy from a guy named Jose Martinez, but then Martinez introduced me to that guy, Colby," Simms says, "I haven't seen Martinez since."	"I used to buy from a guy named Jose Martinez, but then Martinez introduced me to that guy, Colby," Simms says, "I haven't seen Martinez since."
"It's a pleasure doin' business with 'cha."	"It's a pleasure doin' business with 'cha."
"See ya next time, Dude!"	"See ya next time, Dude!"
And then, they quickly hit the road.	And then, they quickly hit the road.
"Laura! Grab him!!"	"Laura! Grab him!!"
"Hey, who's 'dat?"	"Hey, who's 'dat?"
"(crackle... static... crackle...)"	"(crackle... static... crackle...)"
Where are you going? Nobody's going to do anything illegal with you hanging around!	Where are you going? Nobody's going to do anything illegal with you hanging around!
A little slow today, are we? Now you've missed your chance. Those two are history.	A little slow today, are we? Now you've missed your chance. Those two are history.
You key your extender, "83-Nora-10, this is 32-12. Are you in place?"	You key your extender, "83-Nora-10, this is 32-12. Are you in place?"
It seems they have resolved their differences, since the older man says...	It seems they have resolved their differences, since the older man says...
"I dunno. Let's get outta here!"	"I dunno. Let's get outta here!"
"Jiggers! The fuzz!!"	"Jiggers! The fuzz!!"
"Beat it!!"	"Beat it!!"
"Hey, Man! It's some guy wit' a gun!!"	"Hey, Man! It's some guy wit' a gun!!"
"I'm outta here!"	"I'm outta here!"
%m64 shouts the pusher, %m67	%m64 shouts the pusher, %m67
"Don't shoot, Officer!" shouts the young man, "I give up!!"	"Don't shoot, Officer!" shouts the young man, "I give up!!"
Well, you caught yourself a nice, little fish, but you let the shark get away. Next time, try following proper police procedures.	Well, you caught yourself a nice, little fish, but you let the shark get away. Next time, try following proper police procedures.
The beautiful park is caressed by a gentle breeze.	The beautiful park is caressed by a gentle breeze.
The cool, green grass feels good under your feet.	The cool, green grass feels good under your feet.
You see a beautiful blue sky, a couple of clouds, and an airplane way up there.	You see a beautiful blue sky, a couple of clouds, and an airplane way up there.
You've resolved this stakeout in an interesting and creative manner, but surely you can come up with a more professional approach!	You've resolved this stakeout in an interesting and creative manner, but surely you can come up with a more professional approach!
%m84 Trying to shoot an unarmed, high-school boy who's obviously scared to death is hardly the proper solution here.	%m84 Trying to shoot an unarmed, high-school boy who's obviously scared to death is hardly the proper solution here.
"Hands up!" you shout. "Police officer!!"	"Hands up!" you shout. "Police officer!!"
He can't. He's handcuffed.	He can't. He's handcuffed.
You've got him under control. Just 'cuff him.	You've got him under control. Just 'cuff him.
"You are under arrest!"	"You are under arrest!"
Carved into the table is "DW + JW" and "GR loves CW."	Carved into the table is "DW + JW" and "GR loves CW."
The young man is wearing dark clothes.	The young man is wearing dark clothes.
There is slightly older man talking with him.	There is slightly older man talking with him.
A little trigger-happy, aren't we?	A little trigger-happy, aren't we?
Laura enters the jail and says, "Hey, Sonny! I need to speak with you for a moment."	Laura enters the jail and says, "Hey, Sonny! I need to speak with you for a moment."
"A position has opened in the Narcotics Division, and according to Lieutenant Morgan, it will be filled by a veteran street cop."	"A position has opened in the Narcotics Division, and according to Lieutenant Morgan, it will be filled by a veteran street cop."
"If you're interested, submit a memo to Lieutenant Morgan as soon as possible. It would be a great chance for you to get out of that uniform for awhile."	"If you're interested, submit a memo to Lieutenant Morgan as soon as possible. It would be a great chance for you to get out of that uniform for awhile."
The jailer yells, "Hey, Hot Pencil! Come over here."	The jailer yells, "Hey, Hot Pencil! Come over here."
"I just hung up from talking to Dooley, and is he hot!"	"I just hung up from talking to Dooley, and is he hot!"
The jailer continues, "He wants you back at the office on the double!"	The jailer continues, "He wants you back at the office on the double!"
The jailer says, "What can I do for you, Hot Pencil?"	The jailer says, "What can I do for you, Hot Pencil?"
"What are you charging him with?" the jailer asks.	"What are you charging him with?" the jailer asks.
You remove and inventory the prisoner's personal property, then hand it to the jailer with the booking slip.	You remove and inventory the prisoner's personal property, then hand it to the jailer with the booking slip.
The jailer takes the prisoner's property, then says, "Ok, Monty, remove this gentleman's 'cuffs and place him behind 'door number one.'"	The jailer takes the prisoner's property, then says, "Ok, Monty, remove this gentleman's 'cuffs and place him behind 'door number one.'"
"If he throws up on the floor," the jailer laughs, "you're gonna clean it up, Bonds!"	"If he throws up on the floor," the jailer laughs, "you're gonna clean it up, Bonds!"
"Gee, thankssh a lot, Ociffer," says the drunk. "I'm so happy, I could just s^%$!"	"Gee, thankssh a lot, Ociffer," says the drunk. "I'm so happy, I could just s^%$!"
Just as Laura leaves, the jailer yells at you...	Just as Laura leaves, the jailer yells at you...
You remove the 'cuffs and place them in your handcuff case.	You remove the 'cuffs and place them in your handcuff case.
"Whew! Boy, that feels good," says the drunk. "Those 'cuffs were so tight I thought my hands had fallen off."	"Whew! Boy, that feels good," says the drunk. "Those 'cuffs were so tight I thought my hands had fallen off."
"Well, are you going to remove his 'cuffs or not?" asks the jailer.	"Well, are you going to remove his 'cuffs or not?" asks the jailer.
"Are you deaf?" prompts the jailer. "I said, 'what can I do for you?'"	"Are you deaf?" prompts the jailer. "I said, 'what can I do for you?'"
"Are you going to book this dude or not?"	"Are you going to book this dude or not?"
"Listen, bud, I need to talk to you before you leave. Just drag 'em on over here."	"Listen, bud, I need to talk to you before you leave. Just drag 'em on over here."
The jailer has difficulty hearing you at this distance.	The jailer has difficulty hearing you at this distance.
"Ok, ok!" says the jailer, "I heard you."	"Ok, ok!" says the jailer, "I heard you."
"Any time now, you can remove the 'cuffs."	"Any time now, you can remove the 'cuffs."
Thinking about grabbing your gun, the drunk delivers a blow to the top of your head. You fall to the floor, unconscious.	Thinking about grabbing your gun, the drunk delivers a blow to the top of your head. You fall to the floor, unconscious.
Suddenly he realizes what a bad decision he's made, but by then it's too late for you. You're a pile on the floor. Next time, lock up your gun before you enter a jail!	Suddenly he realizes what a bad decision he's made, but by then it's too late for you. You're a pile on the floor. Next time, lock up your gun before you enter a jail!
"Well," asks the jailer, "are you going to remove his 'cuffs or not?"	"Well," asks the jailer, "are you going to remove his 'cuffs or not?"
After a short wait, the jailer asks, "Are you going to book this dude or not?"	After a short wait, the jailer asks, "Are you going to book this dude or not?"
"My goodness gracious!" says the jailer. "Here stands Bonds again on behalf of the people."	"My goodness gracious!" says the jailer. "Here stands Bonds again on behalf of the people."
"This is one bad dude," says the jailer. "What are you booking him for, Sherlock?"	"This is one bad dude," says the jailer. "What are you booking him for, Sherlock?"
The jailer responds, "Ok, %w1 will do. Fill out the booking slip and give me his property!"	The jailer responds, "Ok, %w1 will do. Fill out the booking slip and give me his property!"
"You can't book anyone on a %w1!"	"You can't book anyone on a %w1!"
Deep down you know this sleeze bag is not the man he claims he is. You book him as "Marvin Hoffman" anyway, hoping his numerous felony charges will keep him in the slammer long enough for you to ascertain his true identity.	Deep down you know this sleeze bag is not the man he claims he is. You book him as "Marvin Hoffman" anyway, hoping his numerous felony charges will keep him in the slammer long enough for you to ascertain his true identity.
You hand the jailer the booking slip and the suspect's property.	You hand the jailer the booking slip and the suspect's property.
"Ok, Bonds," the jailer says, "you can remove his 'cuffs and place Mr. So-Called "Marvin Hoffman" into cell number one."	"Ok, Bonds," the jailer says, "you can remove his 'cuffs and place Mr. So-Called "Marvin Hoffman" into cell number one."
"You little meter maids can't keep me in here!" he shouts.	"You little meter maids can't keep me in here!" he shouts.
Hoffman yells, "I'll be out of this tank before you finish your coffee break!"	Hoffman yells, "I'll be out of this tank before you finish your coffee break!"
"Since my shift is over, I'll see you back at the station."	"Since my shift is over, I'll see you back at the station."
"I received a call from dispatch on the way over here. Dooley wants to see you in his office when you are done here."	"I received a call from dispatch on the way over here. Dooley wants to see you in his office when you are done here."
"If you want to book this crook, I'll need a clue as to the charges."	"If you want to book this crook, I'll need a clue as to the charges."
Jack says, "Well, I see you got that slimeball pusher booked!"	Jack says, "Well, I see you got that slimeball pusher booked!"
"Your penthouse awaits you, Hoffman!"	"Your penthouse awaits you, Hoffman!"
"The car's tucked away and all the evidence is booked. This is one clean bust, my boy!"	"The car's tucked away and all the evidence is booked. This is one clean bust, my boy!"
The jailer seethes, "I hope you know, Bonds, at this very moment Hoffman's lawyer is in the front reception area, bailing that worm out."	The jailer seethes, "I hope you know, Bonds, at this very moment Hoffman's lawyer is in the front reception area, bailing that worm out."
"Hey, Sonny, come over here," says the jailer. "I have something to tell you."	"Hey, Sonny, come over here," says the jailer. "I have something to tell you."
You hand the jailer the No Bail Warrant just in time to keep Mr. Taselli from returning to the streets.	You hand the jailer the No Bail Warrant just in time to keep Mr. Taselli from returning to the streets.
"Oh, man! This is great, Sonny," the jailer laughs. "I hope you know this will slam the ol' boy's orifice shut."	"Oh, man! This is great, Sonny," the jailer laughs. "I hope you know this will slam the ol' boy's orifice shut."
"I bet you wish you had a No Bail Warrant on this guy!" says the jailer.	"I bet you wish you had a No Bail Warrant on this guy!" says the jailer.
"I'll be right back. This is gonna blow his attorney's mind!"	"I'll be right back. This is gonna blow his attorney's mind!"
"You know something, Pig? All you're doing is slightly delaying my exit!" Taselli rants.	"You know something, Pig? All you're doing is slightly delaying my exit!" Taselli rants.
"Boy, that made my day, Sonny! You should have seen the guy."	"Boy, that made my day, Sonny! You should have seen the guy."
"He started ranting and raving like a little kid who just had his lollipop taken away!"	"He started ranting and raving like a little kid who just had his lollipop taken away!"
In a desperate attempt to escape, the suspect seizes your weapon and blows you into eternity! Next time, check your weapon at the door!	In a desperate attempt to escape, the suspect seizes your weapon and blows you into eternity! Next time, check your weapon at the door!
"Sonny, you already gave me the No Bail Warrant."	"Sonny, you already gave me the No Bail Warrant."
Failure to search the suspect has cost you dearly! The LPD Widows and Orphan Fund will contact your next of kin!	Failure to search the suspect has cost you dearly! The LPD Widows and Orphan Fund will contact your next of kin!
"What's your name?" the jailer asks your prisoner.	"What's your name?" the jailer asks your prisoner.
"The name's, uh, Marvin Hoffman, you scum bag!" he responds. "And that's all you're gettin' outta me!"	"The name's, uh, Marvin Hoffman, you scum bag!" he responds. "And that's all you're gettin' outta me!"
Officer Steve Johnson greets you upon your arrival at Cotton Cove.	Officer Steve Johnson greets you upon your arrival at Cotton Cove.
"Good to see you, Sonny," he says. "We've got a ripe one here, with no ID! Is this the dude you arrested?"	"Good to see you, Sonny," he says. "We've got a ripe one here, with no ID! Is this the dude you arrested?"
"Since you're the guy who booked him, we hope you can identify him."	"Since you're the guy who booked him, we hope you can identify him."
You lift the white blanket and examine the swollen body. It resembles %s6, however, you can't be sure.	You lift the white blanket and examine the swollen body. It resembles %s6, however, you can't be sure.
The soggy shirt peels slowly from his chest. Above his left nipple you spot the flower tattoo which confirms your identification.	The soggy shirt peels slowly from his chest. Above his left nipple you spot the flower tattoo which confirms your identification.
"I know he reeks, Sonny, but you'll have to get closer to do that," says Steve.	"I know he reeks, Sonny, but you'll have to get closer to do that," says Steve.
You see as much as you care to!	You see as much as you care to!
You key the radio, "Dispatch, this is 83-Nora-10. Report positive ID on body of one %s6. 10-8, Cotton Cove."	You key the radio, "Dispatch, this is 83-Nora-10. Report positive ID on body of one %s6. 10-8, Cotton Cove."
Your radio crackles, "10-4, 83-Nora-10. Dispatch copies 10-22 APB %s6."	Your radio crackles, "10-4, 83-Nora-10. Dispatch copies 10-22 APB %s6."
The water is nice this time of year, but swimming is deadly!	The water is nice this time of year, but swimming is deadly!
With an extender, you could radio dispatch from here.	With an extender, you could radio dispatch from here.
Your radio crackles, "10-4, 83-Nora-10. Dispatch copies 10-97 Cotton Cove."	Your radio crackles, "10-4, 83-Nora-10. Dispatch copies 10-97 Cotton Cove."
"Go on, Sonny. Get up there and take a look."	"Go on, Sonny. Get up there and take a look."
You'd better report your findings.	You'd better report your findings.
"Thanks, Sonny. Be advised Coroner is en route. 10-19, per Lt. Morgan."	"Thanks, Sonny. Be advised Coroner is en route. 10-19, per Lt. Morgan."
You observe two patrol units parked with emergency lights flashing. They both appear unoccupied.	You observe two patrol units parked with emergency lights flashing. They both appear unoccupied.
You look around at a beautiful wooded area. The Clearwater River flows in the background.	You look around at a beautiful wooded area. The Clearwater River flows in the background.
You see nothing that would help you.	You see nothing that would help you.
The Clearwater River looks refreshing.	The Clearwater River looks refreshing.
Thinking your car is one slick machine, you admire it one more time.	Thinking your car is one slick machine, you admire it one more time.
The two marked patrol cars with emergency lights flashing, and the covered body in the clearing, clouds the natural beauty of Cotton Cove.	The two marked patrol cars with emergency lights flashing, and the covered body in the clearing, clouds the natural beauty of Cotton Cove.
"Yep," you respond, "this is %s6, alright."	"Yep," you respond, "this is %s6, alright."
You radio in, "Dispatch, 83-Nora-10 10-97 Cotton Cove."	You radio in, "Dispatch, 83-Nora-10 10-97 Cotton Cove."
"Well, Sonny," says Steve, "is this %s6, or not?"	"Well, Sonny," says Steve, "is this %s6, or not?"
"Are you going to inform Dispatch?" asks Steve.	"Are you going to inform Dispatch?" asks Steve.
"Thanks for your help, Sonny," says Steve.	"Thanks for your help, Sonny," says Steve.
You don't need to uncover any more.	You don't need to uncover any more.
The body is covered by a blanket.	The body is covered by a blanket.
Gladly.	Gladly.
The policemen stand near a dead body.	The policemen stand near a dead body.
Just walk right in, the water looks fine!	Just walk right in, the water looks fine!
You radio, "10-8 from scene."	You radio, "10-8 from scene."
You've always thought this a lovely part of Lytton.	You've always thought this a lovely part of Lytton.
The jailer says, "This is certainly a fine-looking group ya got this time, Sonny!"	The jailer says, "This is certainly a fine-looking group ya got this time, Sonny!"
You remove, inventory, and deliver the prisoner's personal property to the jailer along with the booking slip.	You remove, inventory, and deliver the prisoner's personal property to the jailer along with the booking slip.
"Ok, %w1 it will be," the jailer says. "Fill out a booking slip and give me his property!"	"Ok, %w1 it will be," the jailer says. "Fill out a booking slip and give me his property!"
"I think you boys know where to go!" you tell them.	"I think you boys know where to go!" you tell them.
"Up your's, Dick Tracy! You'll never make this stick!"	"Up your's, Dick Tracy! You'll never make this stick!"
The jailer says, "Ok, Sonny, remove their 'cuffs and put the little pushers into cell number one."	The jailer says, "Ok, Sonny, remove their 'cuffs and put the little pushers into cell number one."
"What are you charging these dudes with?" asks the jailer.	"What are you charging these dudes with?" asks the jailer.
"I'm gonna sue you for makin' them 'cuffs so tight, Flatfoot!" threatens your prisoner.	"I'm gonna sue you for makin' them 'cuffs so tight, Flatfoot!" threatens your prisoner.
"Come on, Bonds," says the jailer impatiently. "Take the 'cuffs off this pair!"	"Come on, Bonds," says the jailer impatiently. "Take the 'cuffs off this pair!"
"I'm still waiting, Bonds," says the jailer. "What are you going to do with them?"	"I'm still waiting, Bonds," says the jailer. "What are you going to do with them?"
"Sonny," says Laura, "I'll wait here while you complete the booking."	"Sonny," says Laura, "I'll wait here while you complete the booking."
"Hey, Bonds," yells Laura. "I'll wait for you in the car."	"Hey, Bonds," yells Laura. "I'll wait for you in the car."
Move to the counter before making a case.	Move to the counter before making a case.
The jailer heard you the first time!	The jailer heard you the first time!
The suspects should be booked first.	The suspects should be booked first.
The cuffs are removed.	The cuffs are removed.
As you die...\n\nthe last thing you hear...\n\nis the suspect mumbling something about...\n\nwhat he does to pigs...	As you die...\n\nthe last thing you hear...\n\nis the suspect mumbling something about...\n\nwhat he does to pigs...
"My Mommy's gonna be bummin' when she finds out where I am!" whines Victor Simms.	"My Mommy's gonna be bummin' when she finds out where I am!" whines Victor Simms.
"Well, it's about time, Bonds!" exclaims the jailer. "That gal in cell one has been whining like a lonely puppy for you!"	"Well, it's about time, Bonds!" exclaims the jailer. "That gal in cell one has been whining like a lonely puppy for you!"
"Do your best to calm that girl down, will ya, Sonny? I don't get paid enough to listen to that crap!"	"Do your best to calm that girl down, will ya, Sonny? I don't get paid enough to listen to that crap!"
As you approach cell one, Sweet Cheeks spots you and says...	As you approach cell one, Sweet Cheeks spots you and says...
"Oh, Precious! I'm so happy to see you!"	"Oh, Precious! I'm so happy to see you!"
"Please come here and talk to me! I need your help, Sonny."	"Please come here and talk to me! I need your help, Sonny."
"I'm sorry, Sonny, but I got picked up by Operation Trick Trap."	"I'm sorry, Sonny, but I got picked up by Operation Trick Trap."
"I know you warned me, but I thought the operation was over."	"I know you warned me, but I thought the operation was over."
"I'll do anything to get out!"	"I'll do anything to get out!"
"Oh, Sonny! If only I had someone like you to call my own!"	"Oh, Sonny! If only I had someone like you to call my own!"
"Wow, Sweet Lips!" you exclaim. "Was that hot, or what?!"	"Wow, Sweet Lips!" you exclaim. "Was that hot, or what?!"
"I'm sorry, Precious. I just couldn't resist you!"	"I'm sorry, Precious. I just couldn't resist you!"
"Oh please, get me out of this place."	"Oh please, get me out of this place."
"Oh, Sonny, I'll help you do anything. Thank you so much!"	"Oh, Sonny, I'll help you do anything. Thank you so much!"
"Oh, please, tell me what to do."	"Oh, please, tell me what to do."
Embarrassed, you feel as though all the blood in your body has rushed to your face.	Embarrassed, you feel as though all the blood in your body has rushed to your face.
You explain the arrangements of Sweet Cheek's immediate release to her.	You explain the arrangements of Sweet Cheek's immediate release to her.
"Sweet Cheeks, as soon as you're released, I want you to go to the police station for a meeting with Lieutenant Morgan."	"Sweet Cheeks, as soon as you're released, I want you to go to the police station for a meeting with Lieutenant Morgan."
"Hey, Sonny!" says the jailer in a loud voice, "You been messing with my female prisoners or did you just start wearing lipstick today?"	"Hey, Sonny!" says the jailer in a loud voice, "You been messing with my female prisoners or did you just start wearing lipstick today?"
"Lt. Morgan just called. He's sending a car over for Sweet Cheeks."	"Lt. Morgan just called. He's sending a car over for Sweet Cheeks."
She can't hear you from here.	She can't hear you from here.
This is the front entrance to the Hotel Delphoria.	This is the front entrance to the Hotel Delphoria.
This sky is certainly clear today!	This sky is certainly clear today!
That's what servants are for!	That's what servants are for!
The hot sidewalk makes the awning's shade inviting.	The hot sidewalk makes the awning's shade inviting.
The man is wearing the uniform of a doorman, which seems appropriate since that is his job. You notice nothing out of the ordinary.	The man is wearing the uniform of a doorman, which seems appropriate since that is his job. You notice nothing out of the ordinary.
A quiet sort, the doorman offers, "May I open the door for you?"	A quiet sort, the doorman offers, "May I open the door for you?"
The red carpet leads through the front door of the hotel.	The red carpet leads through the front door of the hotel.
The planters hold small, manicured shrubs and trees.	The planters hold small, manicured shrubs and trees.
The small, green, decorative shrubs are certainly well-maintained.	The small, green, decorative shrubs are certainly well-maintained.
The windows are not especially interesting.	The windows are not especially interesting.
That will not be beneficial.	That will not be beneficial.
The green and white awning protects the doorman from the elements, and helps him maintain that washed-out complexion.	The green and white awning protects the doorman from the elements, and helps him maintain that washed-out complexion.
"Good day, Sir!" says the desk clerk in his best, plastic voice. "How may I help you?"	"Good day, Sir!" says the desk clerk in his best, plastic voice. "How may I help you?"
"I hope you get your money's worth, Buddy!" says the desk clerk. "Hey, Sweet Cheeks! Remember: no more jello in the bathtub, okay?"	"I hope you get your money's worth, Buddy!" says the desk clerk. "Hey, Sweet Cheeks! Remember: no more jello in the bathtub, okay?"
"Thank you very much, sir. Here are your keys. I hope you enjoy your stay!"	"Thank you very much, sir. Here are your keys. I hope you enjoy your stay!"
After you fill out the register, the desk clerk says, "Just take the elevator to the second floor. Your room is to the right."	After you fill out the register, the desk clerk says, "Just take the elevator to the second floor. Your room is to the right."
This is the lobby of the Hotel Delphoria. It is decorated in the style of the era in which it was constructed, its prime days long gone. There is a desk to the east and an elevator to the north.	This is the lobby of the Hotel Delphoria. It is decorated in the style of the era in which it was constructed, its prime days long gone. There is a desk to the east and an elevator to the north.
The marble desk top is empty except for a bell. Behind the desk are the hotel's mailboxes.	The marble desk top is empty except for a bell. Behind the desk are the hotel's mailboxes.
The mailboxes are used by hotel personnel only.	The mailboxes are used by hotel personnel only.
The desk clerk appears to be a neat and clean-looking gent.	The desk clerk appears to be a neat and clean-looking gent.
It's not yours. Leave it alone.	It's not yours. Leave it alone.
You are already on that floor.	You are already on that floor.
You have no business here. Get back to the business of crime stopping.	You have no business here. Get back to the business of crime stopping.
"I'm sorry, sir, but we have no vacancies at this time," says the desk clerk. "Please check back with us tomorrow."	"I'm sorry, sir, but we have no vacancies at this time," says the desk clerk. "Please check back with us tomorrow."
Don't get impatient!	Don't get impatient!
Embarrassed, you admit to the desk clerk, "Uh, it appears you've caught me a little short."	Embarrassed, you admit to the desk clerk, "Uh, it appears you've caught me a little short."
You hand the clerk $100.00. He asks you to fill out the registration card. You do, under the name of %s3	You hand the clerk $100.00. He asks you to fill out the registration card. You do, under the name of %s3
The bell is metal and small. The button on top, when pressed, causes it to ring.	The bell is metal and small. The button on top, when pressed, causes it to ring.
"We have a vacancy in Room 204, on the second floor. All our rooms are very clean and nicely furnished, with telephones and queen-sized beds," says the desk clerk. "That will be $100.00, please."	"We have a vacancy in Room 204, on the second floor. All our rooms are very clean and nicely furnished, with telephones and queen-sized beds," says the desk clerk. "That will be $100.00, please."
"I'm sorry, Sir," responds the desk clerk, "but you'll have to use the telephone in your room."	"I'm sorry, Sir," responds the desk clerk, "but you'll have to use the telephone in your room."
No one heard you.	No one heard you.
"I'll BET you're a little short," snaps the clerk, "and not just in the wallet!"	"I'll BET you're a little short," snaps the clerk, "and not just in the wallet!"
Leaving the hotel, you drop the room key at the desk.	Leaving the hotel, you drop the room key at the desk.
"Just ring if I may be of assistance. Goodbye."	"Just ring if I may be of assistance. Goodbye."
That's a pretty general statement.	That's a pretty general statement.
Jimmy Lee Banksten.	Jimmy Lee Banksten.
Jonathan Doe.	Jonathan Doe.
"Hey, Baby! Let's go up to the room! Come on!!"	"Hey, Baby! Let's go up to the room! Come on!!"
The front wall of the elevator has four buttons marked "One," "Two," "Three," and "Four." What could they possibly do?	The front wall of the elevator has four buttons marked "One," "Two," "Three," and "Four." What could they possibly do?
"D"	"D"
Majestic, isn't it!	Majestic, isn't it!
Which floor number?	Which floor number?
Your mission is in the Hotel Delphoria. Nothing elsewhere will help you in your capture of the Death Angel!	Your mission is in the Hotel Delphoria. Nothing elsewhere will help you in your capture of the Death Angel!
You have no way to inform your backups.	You have no way to inform your backups.
%m5 second %m6 201 to 204 %m7	%m5 second %m6 201 to 204 %m7
%m5 third %m6 301 to 304 %m7	%m5 third %m6 301 to 304 %m7
%m5 fourth %m6 401 to 404 %m7	%m5 fourth %m6 401 to 404 %m7
You are standing on the	You are standing on the
floor of the Hotel Delphoria. Rooms	floor of the Hotel Delphoria. Rooms
are on this floor.	are on this floor.
The door is already open.	The door is already open.
You whisper a soft "Room 404" into your transmitter "pen," informing your backup unit of your location.	You whisper a soft "Room 404" into your transmitter "pen," informing your backup unit of your location.
You admire the plush carpet.	You admire the plush carpet.
The door appears to be made of heavy wood.	The door appears to be made of heavy wood.
You try, but the door is locked.	You try, but the door is locked.
You don't have the key to this door.	You don't have the key to this door.
You knock, and hear a muffled voice from within say, "Mind your own business, dude!"	You knock, and hear a muffled voice from within say, "Mind your own business, dude!"
No one answers.	No one answers.
You knock and hear nothing but screaming obscenities from within.	You knock and hear nothing but screaming obscenities from within.
After you knock, you hear footsteps, then silence.	After you knock, you hear footsteps, then silence.
Your knock brings the reply, "You can knock till your knuckles bleed, but I ain't opening the door!"	Your knock brings the reply, "You can knock till your knuckles bleed, but I ain't opening the door!"
Clinking glasses and loud laughter drown out your knock.	Clinking glasses and loud laughter drown out your knock.
An interesting manuever on your part has separated you from your suspect. Now what will you do?	An interesting manuever on your part has separated you from your suspect. Now what will you do?
You hear a hollow, ringing sound.	You hear a hollow, ringing sound.
"Hey, come on, Darlin'," Sweet Cheeks whines. "I may do a lot of things, but stairs ain't one of them! When you been walking streets as long as I have, you'll use the elevator, too."	"Hey, come on, Darlin'," Sweet Cheeks whines. "I may do a lot of things, but stairs ain't one of them! When you been walking streets as long as I have, you'll use the elevator, too."
The door appears to be made of a heavy wood.	The door appears to be made of a heavy wood.
It looks like something from an old, French movie. Don't you just love rococo ironwork?	It looks like something from an old, French movie. Don't you just love rococo ironwork?
You do not have a key for this room.	You do not have a key for this room.
It is already open.	It is already open.
It is already closed.	It is already closed.
This door closes automatically.	This door closes automatically.
%m18 second %m19 201 to 204 %m20	%m18 second %m19 201 to 204 %m20
%m18 third %m19 301 to 304 %m20	%m18 third %m19 301 to 304 %m20
%m18 fourth %m19 401 to 404 %m20	%m18 fourth %m19 401 to 404 %m20
can be found on this floor. The door on the west wall opens to the stairway.	can be found on this floor. The door on the west wall opens to the stairway.
With your knock, the sound of heavy moaning and slapping leather fades into silence.	With your knock, the sound of heavy moaning and slapping leather fades into silence.
After a short pause, a voice bellows from the other side of the door. "Get out of here, you nosy PERVERT!"	After a short pause, a voice bellows from the other side of the door. "Get out of here, you nosy PERVERT!"
Your knock can't penetrate the loud music coming from within.	Your knock can't penetrate the loud music coming from within.
After you knock, you hear two people talking inside the room.	After you knock, you hear two people talking inside the room.
"Henry, someone's at the door! You didn't order another pepperoni pizza, did you?"	"Henry, someone's at the door! You didn't order another pepperoni pizza, did you?"
"Just forget the door, Donna! Get over here and help me get my boots off!"	"Just forget the door, Donna! Get over here and help me get my boots off!"
Either your knock is being ignored, or nobody's there.	Either your knock is being ignored, or nobody's there.
Your knocking brings no one to the door, but the noise coming through the door alerts your curiosity.	Your knocking brings no one to the door, but the noise coming through the door alerts your curiosity.
After listening carefully, and trying to decipher the sound, you surmise... someone in the room is trying to launch the hotel bed into a low orbit.	After listening carefully, and trying to decipher the sound, you surmise... someone in the room is trying to launch the hotel bed into a low orbit.
It's not locked.	It's not locked.
You observe a spacious, nicely-furnished, one-room apartment.	You observe a spacious, nicely-furnished, one-room apartment.
Through the window you see the pulsating metropolis of Lytton.	Through the window you see the pulsating metropolis of Lytton.
"Hey, Sonny! Sorry if we interrupted you in the bathroom, there. Everything come out ok?"	"Hey, Sonny! Sorry if we interrupted you in the bathroom, there. Everything come out ok?"
"Did you get anywhere with the bartender, Precious?"	"Did you get anywhere with the bartender, Precious?"
"In all my endeavors, I have found that only money makes the world go 'round."	"In all my endeavors, I have found that only money makes the world go 'round."
"Maybe you should go back and try again."	"Maybe you should go back and try again."
"Do you have enough money to carry you through a gambling session, Big Boy?"	"Do you have enough money to carry you through a gambling session, Big Boy?"
The men aren't interested in conversation. There is much tension here due to the seriousness of the operation.	The men aren't interested in conversation. There is much tension here due to the seriousness of the operation.
They're as ugly as a computer programmer!	They're as ugly as a computer programmer!
Forget about that nail and start concentrating on nailing Bains.	Forget about that nail and start concentrating on nailing Bains.
It's the kind of dresser you'd expect to find in a room like this.	It's the kind of dresser you'd expect to find in a room like this.
The nightstand is bolted to the floor.	The nightstand is bolted to the floor.
The lamp is bolted to the nightstand.	The lamp is bolted to the nightstand.
It's hardly state-of-the-art. The first program it showed was a live broadcast of Uncle Miltie. It's got more tubes than an emergency room patient.	It's hardly state-of-the-art. The first program it showed was a live broadcast of Uncle Miltie. It's got more tubes than an emergency room patient.
The nightstand is very plain looking, with no drawers. If they didn't need something to bolt the lamp to, it probably wouldn't be here.	The nightstand is very plain looking, with no drawers. If they didn't need something to bolt the lamp to, it probably wouldn't be here.
The bathroom is very basic. It contains a shower, a small sink and a toilet.	The bathroom is very basic. It contains a shower, a small sink and a toilet.
It's not something you'd want to look at for an extended period of time!	It's not something you'd want to look at for an extended period of time!
The curtains are of no interest.	The curtains are of no interest.
You feel a sense of pride when you see the city you protect.	You feel a sense of pride when you see the city you protect.
"Hey, Sonny! How's it going?" says the lead detective. "I'm sure glad we found your room! I'd hate to have someone call the cops on us for breaking and entering!"	"Hey, Sonny! How's it going?" says the lead detective. "I'm sure glad we found your room! I'd hate to have someone call the cops on us for breaking and entering!"
"We're ready whenever you are, 'Whitey'!" he concludes.	"We're ready whenever you are, 'Whitey'!" he concludes.
"Ok, Sonny, here's your voice transmitter. I've tested it thoroughly to make sure works properly."	"Ok, Sonny, here's your voice transmitter. I've tested it thoroughly to make sure works properly."
You detach the handle of your cane to expose the .22-magnum derringer. You double-check it, just to make certain it is loaded.	You detach the handle of your cane to expose the .22-magnum derringer. You double-check it, just to make certain it is loaded.
"We'll monitor your voice transmitter at all times. We're anxiously waiting to assist you in any arrests."	"We'll monitor your voice transmitter at all times. We're anxiously waiting to assist you in any arrests."
The lamp is bolted to the nightstand, which is bolted to the floor.	The lamp is bolted to the nightstand, which is bolted to the floor.
This may be a nice hotel, but they don't furnish bathroom telephones.	This may be a nice hotel, but they don't furnish bathroom telephones.
There's nothing you should do here that can't be done in the light.	There's nothing you should do here that can't be done in the light.
It is already on.	It is already on.
It is already off.	It is already off.
You see a well-worn carpet.	You see a well-worn carpet.
You've already done it.	You've already done it.
As much as you'd love to catch some old "Dragnet" reruns, you realize you must keep your mind on the case.	As much as you'd love to catch some old "Dragnet" reruns, you realize you must keep your mind on the case.
If you insist. The toilet is quite a sight indeed. There isn't much doubt as to its function all these years.	If you insist. The toilet is quite a sight indeed. There isn't much doubt as to its function all these years.
The bed looks like it's been heavily used. There is a large sag in the middle that's about the size of your boss.	The bed looks like it's been heavily used. There is a large sag in the middle that's about the size of your boss.
You open the drawers to the dresser and (as expected) find nothing.	You open the drawers to the dresser and (as expected) find nothing.
You nervously flush the toilet. Much to your relief, all goes well.	You nervously flush the toilet. Much to your relief, all goes well.
You consider spreading out on the comfortable looking bed, but the case keeps running through your mind. You'd never be able to rest at a time like this!	You consider spreading out on the comfortable looking bed, but the case keeps running through your mind. You'd never be able to rest at a time like this!
The window is sealed shut for your protection.	The window is sealed shut for your protection.
You hear a knock on the door, followed by the turn of the doorknob. Three men enter, two of them familiar.	You hear a knock on the door, followed by the turn of the doorknob. Three men enter, two of them familiar.
You utter a sigh of relief as you expel the eighteen cups of coffee that have been wreaking havoc on your bladder. You think more clearly now.	You utter a sigh of relief as you expel the eighteen cups of coffee that have been wreaking havoc on your bladder. You think more clearly now.
Everything seems to be in order.	Everything seems to be in order.
You start to unzip your trousers, but decide this isn't a good location to initiate such an action.	You start to unzip your trousers, but decide this isn't a good location to initiate such an action.
You ease down on the cool seat and meditate for a short time. Soon, everything works itself out. As you pull up your trousers, you feel noticeably lighter on your feet.	You ease down on the cool seat and meditate for a short time. Soon, everything works itself out. As you pull up your trousers, you feel noticeably lighter on your feet.
A shower would be relaxing, but you have work to do.	A shower would be relaxing, but you have work to do.
The shower is lined with brightly colored, imported tile.	The shower is lined with brightly colored, imported tile.
The small sink is made of porcelain.	The small sink is made of porcelain.
Detective Angland hands you the transmitter and a new supply of marked hundred-dollar bills. You carefully clip the transmitter to your pocket.	Detective Angland hands you the transmitter and a new supply of marked hundred-dollar bills. You carefully clip the transmitter to your pocket.
Your backups will arrive with your voice transmitter soon.	Your backups will arrive with your voice transmitter soon.
An abstract painting decorates the west wall.	An abstract painting decorates the west wall.
Why, that looks like a phone over there!	Why, that looks like a phone over there!
It's a genuine, LT&T touchtone model.	It's a genuine, LT&T touchtone model.
You see lots of lint, but nothing you'd consider touching.	You see lots of lint, but nothing you'd consider touching.
"I don't have the transmitter; Detective Angland does."	"I don't have the transmitter; Detective Angland does."
"Good luck, Sonny!"	"Good luck, Sonny!"
"Oh, gawd, Sonny! What will you do!?"	"Oh, gawd, Sonny! What will you do!?"
You instruct Sweet Cheeks to catch a cab and go to the police station.	You instruct Sweet Cheeks to catch a cab and go to the police station.
As instructed, she heads for the elevator.	As instructed, she heads for the elevator.
"Take a look at this," says Angland. "We just received a fax from Chicago that includes the mug shots of one Jessie Bains."	"Take a look at this," says Angland. "We just received a fax from Chicago that includes the mug shots of one Jessie Bains."
Although the fax is rather fuzzy, you have the feeling that you've seen this face before.	Although the fax is rather fuzzy, you have the feeling that you've seen this face before.
"Oh, you!" giggles Sweet Cheeks, "that's all you ever think about!"	"Oh, you!" giggles Sweet Cheeks, "that's all you ever think about!"
This hotel has no room service!	This hotel has no room service!
Your hands are now clean.	Your hands are now clean.
You're clean enough for this job!	You're clean enough for this job!
"Oh, honey," says Sweet Cheeks, "I'd be afraid to stay here all alone!"	"Oh, honey," says Sweet Cheeks, "I'd be afraid to stay here all alone!"
"Ok. Coming right up."	"Ok. Coming right up."
He's the kind of guy you'd expect to find working the bar in a place like this.	He's the kind of guy you'd expect to find working the bar in a place like this.
The tables look ordinary, except for the wear of years of serious drinking.	The tables look ordinary, except for the wear of years of serious drinking.
Sweet Cheeks is her normal, outgoing, bubbly self. She has dressed to the nines for her assignment, and is wearing an enticing perfume.	Sweet Cheeks is her normal, outgoing, bubbly self. She has dressed to the nines for her assignment, and is wearing an enticing perfume.
Around the dimly-lit lounge, people sit at tables. Behind the bar stands the bartender.	Around the dimly-lit lounge, people sit at tables. Behind the bar stands the bartender.
Constructed in the late 1800's, imported from France, this bar has had enough beverage passed across it to float the City of Lytton in alcohol.	Constructed in the late 1800's, imported from France, this bar has had enough beverage passed across it to float the City of Lytton in alcohol.
The walls are adorned in an attractive fashion.	The walls are adorned in an attractive fashion.
The only door is that darling, little, red, padded, vinyl number over there.	The only door is that darling, little, red, padded, vinyl number over there.
Sweet Cheeks pretends she has just noticed you. "Whitey, is that YOU?" she shouts.	Sweet Cheeks pretends she has just noticed you. "Whitey, is that YOU?" she shouts.
"Oh, Whitey, it's so good to see you," says Sweet Cheeks, playing her role to the hilt. "It's been such a long, long time!"	"Oh, Whitey, it's so good to see you," says Sweet Cheeks, playing her role to the hilt. "It's been such a long, long time!"
"Come on, Cheeks," you say, "let's sit at that table over there."	"Come on, Cheeks," you say, "let's sit at that table over there."
"Here you are, sir," says the bartender. "That'll be five dollars, please."	"Here you are, sir," says the bartender. "That'll be five dollars, please."
You slip a marked hundred from your wallet and hand it to the bartender.	You slip a marked hundred from your wallet and hand it to the bartender.
"Thank you, sir," he says. "I'll be right back with your change."	"Thank you, sir," he says. "I'll be right back with your change."
"You know, Sonny," says Sweet Cheeks softly, "I've seen four guys go in that door since I got here!"	"You know, Sonny," says Sweet Cheeks softly, "I've seen four guys go in that door since I got here!"
"Here is your change, sir."	"Here is your change, sir."
"Well, how about it, Sweet Cheeks?" the bartender says. "Are you going to introduce me to your new friend?"	"Well, how about it, Sweet Cheeks?" the bartender says. "Are you going to introduce me to your new friend?"
"Woody, I'd like you to meet Jimmy Lee Banksten, but everyone I know calls him 'Whitey,'" says Sweet Cheeks. "Whitey's a dear, old friend that I haven't seen for over a year."	"Woody, I'd like you to meet Jimmy Lee Banksten, but everyone I know calls him 'Whitey,'" says Sweet Cheeks. "Whitey's a dear, old friend that I haven't seen for over a year."
The bartender asks you what you do for a living. "I'm presently unemployed; just taking it easy, you know. Enjoying life, and looking for a good time," you tell him.	The bartender asks you what you do for a living. "I'm presently unemployed; just taking it easy, you know. Enjoying life, and looking for a good time," you tell him.
"I just finished doing a little time for embezzlement and haven't had a chance to land a job yet," you tell Woody. Acting surprised at your slip, you lower your voice and say, "but I'd sure appreciate your keeping that information under your hat, ok?" Woody assures you that you can trust him.	"I just finished doing a little time for embezzlement and haven't had a chance to land a job yet," you tell Woody. Acting surprised at your slip, you lower your voice and say, "but I'd sure appreciate your keeping that information under your hat, ok?" Woody assures you that you can trust him.
Sweet Cheeks returns. Even after the drinks, and your conversation with the bartender, Woody Roberts is tight-lipped about any back room gambling.	Sweet Cheeks returns. Even after the drinks, and your conversation with the bartender, Woody Roberts is tight-lipped about any back room gambling.
"Say, Sweet Cheeks," you say loudly. "How'd you like to go to Vegas with me for the weekend?" Sweet Cheeks acts quite excited as she accepts your offer.	"Say, Sweet Cheeks," you say loudly. "How'd you like to go to Vegas with me for the weekend?" Sweet Cheeks acts quite excited as she accepts your offer.
Just before leaving the cocktail lounge, you ask Sweet Cheeks to remain at the table, while you try to get Woody to open up.	Just before leaving the cocktail lounge, you ask Sweet Cheeks to remain at the table, while you try to get Woody to open up.
You slip the bartender a twenty... and then, it happens!	You slip the bartender a twenty... and then, it happens!
In a suddenly soft voice, the bartender asks, "Whitey, exactly what are you looking for in the way of a good time?"	In a suddenly soft voice, the bartender asks, "Whitey, exactly what are you looking for in the way of a good time?"
"Just about anything," you tell him, "but women, gambling, and money top the list."	"Just about anything," you tell him, "but women, gambling, and money top the list."
"Well, Whitey," Woody whispers, "there IS a little card game in our back room that is available by invitation only. It's pretty serious; it'll cost ya two hundred just to get into the game."	"Well, Whitey," Woody whispers, "there IS a little card game in our back room that is available by invitation only. It's pretty serious; it'll cost ya two hundred just to get into the game."
He continues, "If you think you can handle it, come back a little later with the two hundred, and I'll see what I can do for ya." With your heart pounding, you offer him your thanks, and assure him you'll be right back after you finish with Sweet Cheeks.	He continues, "If you think you can handle it, come back a little later with the two hundred, and I'll see what I can do for ya." With your heart pounding, you offer him your thanks, and assure him you'll be right back after you finish with Sweet Cheeks.
"Gee! Thanks, Mac!"	"Gee! Thanks, Mac!"
Woody says, "If you decide you want a drink, I'm at your service.	Woody says, "If you decide you want a drink, I'm at your service.
"Hey, Whitey," says Sweet Cheeks. "When you've been walkin' the streets as long as I have, you don't need to climb stairs! What'cha say we take the elevator?"	"Hey, Whitey," says Sweet Cheeks. "When you've been walkin' the streets as long as I have, you don't need to climb stairs! What'cha say we take the elevator?"
It would benefit you to stay put for the moment.	It would benefit you to stay put for the moment.
"Here you go, Sir. That'll be on the house!"	"Here you go, Sir. That'll be on the house!"
"So, you want to try your luck," says Woody. "Come on, Whitey. Follow me."	"So, you want to try your luck," says Woody. "Come on, Whitey. Follow me."
Sweet Cheeks says, "Baby, you can go in that ol' storeroom if you want to, but I'm gonna wait out here!"	Sweet Cheeks says, "Baby, you can go in that ol' storeroom if you want to, but I'm gonna wait out here!"
"Nice to see you again, Mr. Banksten. Please, follow me."	"Nice to see you again, Mr. Banksten. Please, follow me."
"Just one moment, Sir."	"Just one moment, Sir."
Push on it.	Push on it.
OK. You do!	OK. You do!
This is private property. It's locked; don't mess with it!	This is private property. It's locked; don't mess with it!
There are no empty stools at the bar.	There are no empty stools at the bar.
This is no time to fool around. Sweet Cheeks is nervously watching your every move.	This is no time to fool around. Sweet Cheeks is nervously watching your every move.
"Excuse me, sir, but I'd rather you not sit in my lap. REALLY, dahrling! Some people!"	"Excuse me, sir, but I'd rather you not sit in my lap. REALLY, dahrling! Some people!"
Great idea: make yourself unnoticed by sitting on the floor!	Great idea: make yourself unnoticed by sitting on the floor!
You have to buy one first.	You have to buy one first.
It seems no one notices you.	It seems no one notices you.
"Come back later, if you want in the big game."	"Come back later, if you want in the big game."
"Some people!!"	"Some people!!"
The floor is covered by a plush, red carpet.	The floor is covered by a plush, red carpet.
"We're not interested, sir!"	"We're not interested, sir!"
"Can't you see this is a private conversation!"	"Can't you see this is a private conversation!"
Remember the policeman's commandment: "Thou Shalt Not Drink On Duty."	Remember the policeman's commandment: "Thou Shalt Not Drink On Duty."
"So you can't pay, eh? Get lost, chump!"	"So you can't pay, eh? Get lost, chump!"
"Thank You!"	"Thank You!"
"Thanks for nothing!"	"Thanks for nothing!"
"I have no idea what you're talking about!"	"I have no idea what you're talking about!"
"Hey, buddy, this ain't no charity show!"	"Hey, buddy, this ain't no charity show!"
"I told you, Whitey," says Woody, "I've gotta see two hundred cash just to open the door."	"I told you, Whitey," says Woody, "I've gotta see two hundred cash just to open the door."
Woody glances left, then right. He looks you straight in the eyes and whispers, "Come back after you ditch the broad, and I'll see what I can do."	Woody glances left, then right. He looks you straight in the eyes and whispers, "Come back after you ditch the broad, and I'll see what I can do."
Woody says, "Oh, that's all right, Mr. Banksten. You're good around here."	Woody says, "Oh, that's all right, Mr. Banksten. You're good around here."
"Ok, Mr. Banksten," says Woody. "Let's go."	"Ok, Mr. Banksten," says Woody. "Let's go."
"I'm here to push booze, Buddy. What can I getcha?"	"I'm here to push booze, Buddy. What can I getcha?"
"You must not be all bad, Whitey; not when you know a cute, little number like that Sweet Cheeks!"	"You must not be all bad, Whitey; not when you know a cute, little number like that Sweet Cheeks!"
They're engrossed in their own, little worlds.	They're engrossed in their own, little worlds.
"Why, Sonny! What a wonderful thought; but now ain't the time, Honey!"	"Why, Sonny! What a wonderful thought; but now ain't the time, Honey!"
Sweet Cheeks squeals, "Ooooh! This is so exciting, Son-- I mean, Whitey!"	Sweet Cheeks squeals, "Ooooh! This is so exciting, Son-- I mean, Whitey!"
Sweet Cheeks whispers, "Having just a small part in this is SO thrilling!"	Sweet Cheeks whispers, "Having just a small part in this is SO thrilling!"
Sweet Cheeks smiles as she says, "Gawd, this is fun!"	Sweet Cheeks smiles as she says, "Gawd, this is fun!"
Hmm... the door is locked!	Hmm... the door is locked!
She then excuses herself to powder her (already heavily-powdered) nose.	She then excuses herself to powder her (already heavily-powdered) nose.
You look down and see a gray-tiled floor.	You look down and see a gray-tiled floor.
Woody raps a staccato rhythm on the door.	Woody raps a staccato rhythm on the door.
A panel in the door slides open. Woody whispers through the opening, "I've got a new player for you."	A panel in the door slides open. Woody whispers through the opening, "I've got a new player for you."
"Go away!" yells a voice from inside the door.	"Go away!" yells a voice from inside the door.
The door is securely locked.	The door is securely locked.
"If you'll just step aside, I'll get back to my bar."	"If you'll just step aside, I'll get back to my bar."
The panel opens once again. Woody explains to the mysterious person behind the door, "I've brought a player for the big game in the back room."	The panel opens once again. Woody explains to the mysterious person behind the door, "I've brought a player for the big game in the back room."
This time Woody says he'll escort you to the card room.	This time Woody says he'll escort you to the card room.
"Come over here," says Woody. "I have to frisk you before you can get in. We don't want no trouble around here."	"Come over here," says Woody. "I have to frisk you before you can get in. We don't want no trouble around here."
"Come over here, please, Whitey," says Woody. "I have to frisk you again. It's just a formality, you understand, sir."	"Come over here, please, Whitey," says Woody. "I have to frisk you again. It's just a formality, you understand, sir."
Woody tells you, "Ok, Whitey. Have a good time!"	Woody tells you, "Ok, Whitey. Have a good time!"
This room is lit by a shaded lamp hanging from the ceiling.	This room is lit by a shaded lamp hanging from the ceiling.
You don't need it.	You don't need it.
You surmise by the stacked boxes that this is a storage room.	You surmise by the stacked boxes that this is a storage room.
They appear to be boxes for shipping booze.	They appear to be boxes for shipping booze.
The door appears to have a sliding window.	The door appears to have a sliding window.
Sure enough, the boxes are full of booze.	Sure enough, the boxes are full of booze.
You're on a wild goose chase. Further investigation here is a waste of time!	You're on a wild goose chase. Further investigation here is a waste of time!
You try, but the window is locked from the inside.	You try, but the window is locked from the inside.
You see some unfamiliar men playing cards.	You see some unfamiliar men playing cards.
This door is securely locked.	This door is securely locked.
"I said later tonight, Banksten!"	"I said later tonight, Banksten!"
There are no chairs at this table.	There are no chairs at this table.
"Listen, bozo: you can have this chair when I leave!"	"Listen, bozo: you can have this chair when I leave!"
Angered at your interruption, the man says, "Can't you see? We're busy at this table!"	Angered at your interruption, the man says, "Can't you see? We're busy at this table!"
"If you continue to bother our game, you're outta here, Jack!"	"If you continue to bother our game, you're outta here, Jack!"
"Someone is sitting there, but he'll be right back. Take the other chair."	"Someone is sitting there, but he'll be right back. Take the other chair."
It seems you've tried to sit on the floor before.	It seems you've tried to sit on the floor before.
This is no place to strech out on the floor.	This is no place to strech out on the floor.
"Yes, we're playing poker."	"Yes, we're playing poker."
"We'll begin when our other player returns," says Otto.	"We'll begin when our other player returns," says Otto.
"Good evening, gentlemen," you say to the men at the table. "I'm %m15. May I join you?"	"Good evening, gentlemen," you say to the men at the table. "I'm %m15. May I join you?"
Jimmy Lee Banksten	Jimmy Lee Banksten
"Glad to meet you," you respond.	"Glad to meet you," you respond.
"Let's play poker!"	"Let's play poker!"
Solitaire is a good game to play by yourself. However, there is no action at this table.	Solitaire is a good game to play by yourself. However, there is no action at this table.
Find an open seat.	Find an open seat.
Don't leave now! You might blow your cover.	Don't leave now! You might blow your cover.
Frank says, "Well, Mr. Banksten, it seems that poker is your kind of game."	Frank says, "Well, Mr. Banksten, it seems that poker is your kind of game."
"If you'd like to come back later tonight, we'll be playing a more private game with considerably higher stakes."	"If you'd like to come back later tonight, we'll be playing a more private game with considerably higher stakes."
"Be sure to give Woody the password 'Frank sent you!' He'll let you in for free, and you'll gain admission to our private room."	"Be sure to give Woody the password 'Frank sent you!' He'll let you in for free, and you'll gain admission to our private room."
Woody knocks on the door at the back of the room.	Woody knocks on the door at the back of the room.
"Gentlemen," announces Woody, "welcome back Mr. %m15."	"Gentlemen," announces Woody, "welcome back Mr. %m15."
Over each table hangs a shaded lamp.	Over each table hangs a shaded lamp.
The carpet is worn, but clean.	The carpet is worn, but clean.
They appear to be professional card tables.	They appear to be professional card tables.
You peek under the table and see knees, legs, ankles, and feet, but nothing unusual.	You peek under the table and see knees, legs, ankles, and feet, but nothing unusual.
You look under the empty table and see nothing.	You look under the empty table and see nothing.
"Luckily, you didn't speak loudly enough for anyone to hear. Otherwise, you would have blown this whole operation!"	"Luckily, you didn't speak loudly enough for anyone to hear. Otherwise, you would have blown this whole operation!"
No one can hear you from this distance.	No one can hear you from this distance.
These men are too engrossed to talk to you.	These men are too engrossed to talk to you.
The men at the table greet you, and invite you to join them.	The men at the table greet you, and invite you to join them.
"If everything works out well," says Frank, "perhaps we can talk a little business afterwards."	"If everything works out well," says Frank, "perhaps we can talk a little business afterwards."
"Obviously, you're no gambler," says Frank. You're no longer welcome in this game.	"Obviously, you're no gambler," says Frank. You're no longer welcome in this game.
Well, Sonny. It seems you're not going to get anywhere disguised as a gambler until you learn how to gamble!	Well, Sonny. It seems you're not going to get anywhere disguised as a gambler until you learn how to gamble!
"So, Mr. %m15, this game a little too intense for you?" asks Otto. "Come back later, if you change your mind and want to try again."	"So, Mr. %m15, this game a little too intense for you?" asks Otto. "Come back later, if you change your mind and want to try again."
Perhaps this would be a good time to take a break, Sonny.	Perhaps this would be a good time to take a break, Sonny.
"Welcome back, %m15," says Frank, "I presume you're ready to resume play."	"Welcome back, %m15," says Frank, "I presume you're ready to resume play."
"Yes, you may, Mr. Banksten," says the man across the table. "Have a seat."	"Yes, you may, Mr. Banksten," says the man across the table. "Have a seat."
Otto introduces you to the newcomer, "Frank, this is Mr. %m15. He's going to join us for a few hands. Mr. Banksten, meet Frank."	Otto introduces you to the newcomer, "Frank, this is Mr. %m15. He's going to join us for a few hands. Mr. Banksten, meet Frank."
"I'm Otto, and to your left is Gene."	"I'm Otto, and to your left is Gene."
"Pleased to meet you, Mr. Banksten," says the newcomer.	"Pleased to meet you, Mr. Banksten," says the newcomer.
"Shall we play?" you ask.	"Shall we play?" you ask.
You take your position at the table.	You take your position at the table.
Mr. Banksten	Mr. Banksten
It's already open.	It's already open.
Don't leave now!	Don't leave now!
"%m1, we've got a chair open for you."	"%m1, we've got a chair open for you."
"Hello, %m1. Have a seat. Welcome to our friendly little poker game."	"Hello, %m1. Have a seat. Welcome to our friendly little poker game."
If you sit here, you'll miss the chair and hit the floor.	If you sit here, you'll miss the chair and hit the floor.
Frank welcomes you back to the game...	Frank welcomes you back to the game...
"Hello again, %m1. I believe you know everyone here."	"Hello again, %m1. I believe you know everyone here."
This time, you look carefully at Frank as he shuffles the cards. Cold chills race down your spine and a blast of adrenalin surges through your body as you realize he exactly matches the description of Jessie Bains!	This time, you look carefully at Frank as he shuffles the cards. Cold chills race down your spine and a blast of adrenalin surges through your body as you realize he exactly matches the description of Jessie Bains!
"The Death Angel!"	"The Death Angel!"
You are 	You are 
%m11sitting.	%m11sitting.
%m11standing.	%m11standing.
"Well, %m1," says Frank. "You're a poker player after my own heart!"	"Well, %m1," says Frank. "You're a poker player after my own heart!"
Frank then asks, "Whitey (if I may call you that), I understand you may be looking for work?"	Frank then asks, "Whitey (if I may call you that), I understand you may be looking for work?"
"Very good! I like your style."	"Very good! I like your style."
"A simple 'yes' or 'no' would suffice, Whitey!"	"A simple 'yes' or 'no' would suffice, Whitey!"
"How would you like to join me in my suite for a drink, Whitey?" asks Frank. "I've a business proposition to discuss with you."	"How would you like to join me in my suite for a drink, Whitey?" asks Frank. "I've a business proposition to discuss with you."
"Well, %m1? 	"Well, %m1? 
"Great! Follow me."	"Great! Follow me."
%m20Are you interested?"	%m20Are you interested?"
%m20What do ya say?"	%m20What do ya say?"
%m20Let's go, shall we?"	%m20Let's go, shall we?"
Well, you blew that one!	Well, you blew that one!
Your undercover assignment has quickly ended, and now you're locked in a room with these guys!	Your undercover assignment has quickly ended, and now you're locked in a room with these guys!
Better luck next time.	Better luck next time.
Three men are seated around a lone card table in the middle of the room.	Three men are seated around a lone card table in the middle of the room.
A single, shaded light hangs over the table.	A single, shaded light hangs over the table.
The floor is bare.	The floor is bare.
, %m1!" says Frank. "Consider our relationship terminated."	, %m1!" says Frank. "Consider our relationship terminated."
"Hello, Mr. Banksten. Come on over and have a seat."	"Hello, Mr. Banksten. Come on over and have a seat."
You sneak a glance under the table, but see nothing unusual.	You sneak a glance under the table, but see nothing unusual.
If you do that now, you may not remember anything for the rest of your life.	If you do that now, you may not remember anything for the rest of your life.
The game is over; greater things await you elsewhere.	The game is over; greater things await you elsewhere.
"I have no respect for someone who plays poker as badly as you%m31	"I have no respect for someone who plays poker as badly as you%m31
"I have no respect for quiters%m31	"I have no respect for quiters%m31
Carefully, you admonish your suspect of his "Miranda" rights.	Carefully, you admonish your suspect of his "Miranda" rights.
"You have the right to remain silent."	"You have the right to remain silent."
"What you say may be used against you in a court of law."	"What you say may be used against you in a court of law."
"You have the right to an attorney."	"You have the right to an attorney."
"If you cannot afford an attorney, one will be appointed to represent you before questioning, if you wish."	"If you cannot afford an attorney, one will be appointed to represent you before questioning, if you wish."
Due to your failure to admonish your suspect to his constitutional right to remain silent, the information you just obtained will be inadmissible as evidence, and will be drop-kicked by the Honorable Judge Palmer across the Clearwater River.	Due to your failure to admonish your suspect to his constitutional right to remain silent, the information you just obtained will be inadmissible as evidence, and will be drop-kicked by the Honorable Judge Palmer across the Clearwater River.
"That sounds like a good idea, Honey!" says Sweet Cheeks Marie, "but I thought we were on duty!"	"That sounds like a good idea, Honey!" says Sweet Cheeks Marie, "but I thought we were on duty!"
Sweet Cheeks is, hmmmm, an intensely good-looking female-type unit. As you ogle her shapely figure, your imagination numbs your conscious mind, sending you into a lecherous dream world.	Sweet Cheeks is, hmmmm, an intensely good-looking female-type unit. As you ogle her shapely figure, your imagination numbs your conscious mind, sending you into a lecherous dream world.
SC %v242/%v243 	SC %v242/%v243 
"Whee!"	"Whee!"
"Isn't this fun, darlin'?" Sweet Cheeks whispers into your ear.	"Isn't this fun, darlin'?" Sweet Cheeks whispers into your ear.
"All I know is what I told you at Wino Willy's, Sweet Pea!"	"All I know is what I told you at Wino Willy's, Sweet Pea!"
"Why, darlin', street corners ain't got phones!"	"Why, darlin', street corners ain't got phones!"
"Honey, I only do mink-lined handcuffs."	"Honey, I only do mink-lined handcuffs."
"I'm with you Big Guy!"	"I'm with you Big Guy!"
Is this an endless flight of stairs?	Is this an endless flight of stairs?
People who enjoy aerobic activity use the stairs.	People who enjoy aerobic activity use the stairs.
It's just a flight of stairs. Most buildings over one story tall have them.	It's just a flight of stairs. Most buildings over one story tall have them.
You know quite well you can accomplish two goals by using these stairs. You can get to the top and increase your heart rate at the same time.	You know quite well you can accomplish two goals by using these stairs. You can get to the top and increase your heart rate at the same time.
You look under the stairs and see cobwebs and dust. You think someone should discuss with the janitor about cleaning this area.	You look under the stairs and see cobwebs and dust. You think someone should discuss with the janitor about cleaning this area.
You carefully look under the stairs and find nothing!	You carefully look under the stairs and find nothing!
You look under the stairs and find that you have wasted your time.	You look under the stairs and find that you have wasted your time.
You can't! (It just looks like you could.)	You can't! (It just looks like you could.)
It's an steel banister welded at the joints.	It's an steel banister welded at the joints.
This is heavy-duty, royal blue, short-pile, all-nylon, commercial-type carpet.	This is heavy-duty, royal blue, short-pile, all-nylon, commercial-type carpet.
Sonny! Are you a cop or a kid? If you're looking for a thrill ride, seek out your nearest amusement park!	Sonny! Are you a cop or a kid? If you're looking for a thrill ride, seek out your nearest amusement park!
They ARE boring, aren't they!?	They ARE boring, aren't they!?
And you thought there were no stairways in Lytton!	And you thought there were no stairways in Lytton!
It looks like something from an old French movie. Don't you just love rococo ironwork?	It looks like something from an old French movie. Don't you just love rococo ironwork?
You see ceiling.	You see ceiling.
In a soft voice, you whisper into your "pen," "be advised, in stairwell with Bains."	In a soft voice, you whisper into your "pen," "be advised, in stairwell with Bains."
Gene	Gene
Otto	Otto
Frank	Frank
Whitey	Whitey
You have $%v170%v171.     Pot is %v234 chips.  	You have $%v170%v171.     Pot is %v234 chips.  
All antes are in.	All antes are in.
"What's your hurry,\nWhitey?"	"What's your hurry,\nWhitey?"
One Pair	One Pair
Two Pair	Two Pair
Three of\na kind	Three of\na kind
Straight	Straight
Flush	Flush
Full\nHouse	Full\nHouse
Four of\na kind	Four of\na kind
Straight\nflush	Straight\nflush
Royal\n Flush	Royal\n Flush
Wins    	Wins    
Folds   	Folds   
Shuffles	Shuffles
Deals   	Deals   
%s2 calls.	%s2 calls.
%s2 bets %v236.	%s2 bets %v236.
%s2 passes.	%s2 passes.
%s2 raises %v206.	%s2 raises %v206.
%s2 stands.	%s2 stands.
How many $10 chips (%v207-%v152)? 	How many $10 chips (%v207-%v152)? 
%s2 folds.	%s2 folds.
%s2 takes %v158 cards.	%s2 takes %v158 cards.
How many cards (0-3)? 	How many cards (0-3)? 
Which card to discard (1-5)? 	Which card to discard (1-5)? 
First card to discard (1-5)? 	First card to discard (1-5)? 
Second card to discard? 	Second card to discard? 
Last card to discard? 	Last card to discard? 
You cautiously follow "Mr. Jessie Bains" up the flight of stairs.	You cautiously follow "Mr. Jessie Bains" up the flight of stairs.
You cautiously follow Jessie Bains up the flight of stairs.	You cautiously follow Jessie Bains up the flight of stairs.
The door is locked.	The door is locked.
This door is labeled "Basement."	This door is labeled "Basement."
This door is labeled "Cocktail Lounge."	This door is labeled "Cocktail Lounge."
This door is labeled "Second Floor."	This door is labeled "Second Floor."
You have no key to fit this door.	You have no key to fit this door.
Just then, the telephone rings in the next room.	Just then, the telephone rings in the next room.
Bains draws his gun, and aims it directly at you! "Hold it right there, PIG!" he shouts. "It seems one of our card-playing comrades recognizes your ugly mug from a minor misunderstanding he had with the heat a while back. You're about to find out just how much I hate cops!"	Bains draws his gun, and aims it directly at you! "Hold it right there, PIG!" he shouts. "It seems one of our card-playing comrades recognizes your ugly mug from a minor misunderstanding he had with the heat a while back. You're about to find out just how much I hate cops!"
Just then, a knock on the door diverts Bains' attention!	Just then, a knock on the door diverts Bains' attention!
You dive to the floor and struggle to remove the derringer from your cane. A loud "CRASH" and the door flies open. Your backups have arrived!	You dive to the floor and struggle to remove the derringer from your cane. A loud "CRASH" and the door flies open. Your backups have arrived!
Bains is taken down in the barrage of gunfire.	Bains is taken down in the barrage of gunfire.
In the twinkling of an eye, the shootout is over. Sprawled unconcious on the carpet with a near-fatal belly wound, lies Jessie Bains, "the Death Angel!"	In the twinkling of an eye, the shootout is over. Sprawled unconcious on the carpet with a near-fatal belly wound, lies Jessie Bains, "the Death Angel!"
You step up to the bar and peruse the selection of beverages.	You step up to the bar and peruse the selection of beverages.
Unfortunately, you transmitted your location to your backups a few seconds too late. Bains has been stopped, but you died in the line of duty.	Unfortunately, you transmitted your location to your backups a few seconds too late. Bains has been stopped, but you died in the line of duty.
"Well, Mr. Banksten," says Bains, "I have a little proposition for you that I know you'll love."	"Well, Mr. Banksten," says Bains, "I have a little proposition for you that I know you'll love."
"I'm interested," you reply.	"I'm interested," you reply.
"Fix yourself a drink while I answer the phone," says Bains.	"Fix yourself a drink while I answer the phone," says Bains.
You whisper a soft "Room 404" into your "pen," to tip your backups of your location.	You whisper a soft "Room 404" into your "pen," to tip your backups of your location.
You hope they have time to respond.	You hope they have time to respond.
You whisper a soft "Room 404" into your empty shirt pocket.	You whisper a soft "Room 404" into your empty shirt pocket.
Unfortunately, your failure to transmit your location has resulted in your untimely demise.	Unfortunately, your failure to transmit your location has resulted in your untimely demise.
Don't bother. You'd just be spinning your wheels!	Don't bother. You'd just be spinning your wheels!
There is no answer.	There is no answer.
Someday you'd like to own a home in a neighborhood like this.	Someday you'd like to own a home in a neighborhood like this.
This is private property. You have no business here.	This is private property. You have no business here.
Much urine, from many dogs, has taken its toll on the paint.	Much urine, from many dogs, has taken its toll on the paint.
You can't see it, but believe it or not, there is a light at the top of the pole.	You can't see it, but believe it or not, there is a light at the top of the pole.
It's just an old, abandoned disco, left over from another Sierra game.	It's just an old, abandoned disco, left over from another Sierra game.
Fresno 41 miles.	Fresno 41 miles.
Looking out over the ocean, you see perfect ten- to twelve-foot "peelers" sliding out of mirror glass, and realize this is a rotten day to be working.	Looking out over the ocean, you see perfect ten- to twelve-foot "peelers" sliding out of mirror glass, and realize this is a rotten day to be working.
The%s2door is open.	The%s2door is open.
The%s2door is closed.	The%s2door is closed.
You arms are not that long.	You arms are not that long.
Do you plan to crawl through the window?	Do you plan to crawl through the window?
"Oh, no! I left my door open!"	"Oh, no! I left my door open!"
You don't have the keys for this vehicle.	You don't have the keys for this vehicle.
The Department frowns on dumping suspects from cars at high speed. Try closing the rear door!	The Department frowns on dumping suspects from cars at high speed. Try closing the rear door!
Nothing of interest is happening in that direction.	Nothing of interest is happening in that direction.
You've already spent ten years on a foot beat. That should be enough walking for anyone!	You've already spent ten years on a foot beat. That should be enough walking for anyone!
Are you planning to release this criminal? This is neither the time nor place to remove your prisoner from the car.	Are you planning to release this criminal? This is neither the time nor place to remove your prisoner from the car.
Taking a suspect into the station is strictly prohibited.	Taking a suspect into the station is strictly prohibited.
Close your back door.	Close your back door.
You will never be a passenger in this car.	You will never be a passenger in this car.
There's nowhere to run, and nowhere to hide. You've got to face this guy.	There's nowhere to run, and nowhere to hide. You've got to face this guy.
 front 	 front 
 back 	 back 
Just because this guy is a crook, there's no need to slam the door on his head.	Just because this guy is a crook, there's no need to slam the door on his head.
Closing the door on your suspect's head could blow the bust.	Closing the door on your suspect's head could blow the bust.
c d	c d
You notice a nightstick in a holder on the driver's door panel.	You notice a nightstick in a holder on the driver's door panel.
Good move! Your wallet is on the seat.	Good move! Your wallet is on the seat.
Why do you always get the car that needs cleaning!?	Why do you always get the car that needs cleaning!?
It's not here.	It's not here.
You wouldn't want to leave your wallet here!	You wouldn't want to leave your wallet here!
Since your suspect can't go through you, you might consider moving out of the way!	Since your suspect can't go through you, you might consider moving out of the way!
You won't be going anywhere without keys!	You won't be going anywhere without keys!
It's seems there's a job you've left unfinished here.	It's seems there's a job you've left unfinished here.
You don't need to do that.	You don't need to do that.
You managed to stop a reckless driver.	You managed to stop a reckless driver.
You've made the stop. Now try getting closer.	You've made the stop. Now try getting closer.
You need to be more specific.	You need to be more specific.
Seeing you don't have control of the situation, the violator drives off.	Seeing you don't have control of the situation, the violator drives off.
You observe a small, red, sports car fail to stop for that red light.	You observe a small, red, sports car fail to stop for that red light.
You activate your red emergency lights and observe the sports car pull to the curb and stop.	You activate your red emergency lights and observe the sports car pull to the curb and stop.
You'd better check your "PIG" manual for proper stop procedures.	You'd better check your "PIG" manual for proper stop procedures.
You'll need the suspect's driver's license to do that.	You'll need the suspect's driver's license to do that.
Enraged, the young woman shrieks as you drive off, "Your Mama wears Army boots, you $%^&!head."	Enraged, the young woman shrieks as you drive off, "Your Mama wears Army boots, you $%^&!head."
You just made that broad's day, Studly!	You just made that broad's day, Studly!
The driver of the car you stopped wonders, "Are all cops that lame?" as she drives away.	The driver of the car you stopped wonders, "Are all cops that lame?" as she drives away.
He slowly pulls to the right, jumps the curb, and comes to a stop.	He slowly pulls to the right, jumps the curb, and comes to a stop.
"What about my car?"	"What about my car?"
"Don't worry. It'll be towed somewhere safe. At your expense."	"Don't worry. It'll be towed somewhere safe. At your expense."
Noting your persistence and driving skill, the driver of the Cadillac pulls it over after his attempts to lose you fail.	Noting your persistence and driving skill, the driver of the Cadillac pulls it over after his attempts to lose you fail.
"If anything happens to my car I'll have my lawyer on you so fast, he'll..."	"If anything happens to my car I'll have my lawyer on you so fast, he'll..."
"Keep it down back there, Slimeball!"	"Keep it down back there, Slimeball!"
Jack comes on the radio...	Jack comes on the radio...
"Dispatch, this is 83-31 confirming Code-4 on felony stop, one in custody. 83-32 proceeding to jail. Request tow truck to location."	"Dispatch, this is 83-31 confirming Code-4 on felony stop, one in custody. 83-32 proceeding to jail. Request tow truck to location."
Dispatch responds, "Affirmative, 83-31. Code-4, tow truck en route."	Dispatch responds, "Affirmative, 83-31. Code-4, tow truck en route."
Upon your arrival at the scene of the accident, you observe a group of bystanders gawking at a green sedan that attempted to carve its own door in the side of a brick building.	Upon your arrival at the scene of the accident, you observe a group of bystanders gawking at a green sedan that attempted to carve its own door in the side of a brick building.
This accident looks serious! Where are you going?	This accident looks serious! Where are you going?
Your first assignment, and you blew it.	Your first assignment, and you blew it.
There is no reason to return to the accident scene! You have your orders, now move.	There is no reason to return to the accident scene! You have your orders, now move.
You may as well return to patrol. That gal is mad!	You may as well return to patrol. That gal is mad!
You already have her telephone number, don't go back to make an even bigger fool of yourself!	You already have her telephone number, don't go back to make an even bigger fool of yourself!
No sense returning to the scene. Transport your suspect to jail!	No sense returning to the scene. Transport your suspect to jail!
"%m6. Go ahead."	"%m6. Go ahead."
You are on a difficult mission. You must save the City of Lytton from the "Death Angel."	You are on a difficult mission. You must save the City of Lytton from the "Death Angel."
You have no time for sightseeing now!	You have no time for sightseeing now!
Your radio crackles, "	Your radio crackles, "
You key your radio, "	You key your radio, "
The officers standing by at Cotton Cove request, "Respond Code-2."	The officers standing by at Cotton Cove request, "Respond Code-2."
%m4%m68 respond to Cotton Cove. Officers on scene need ID of 187 victim."	%m4%m68 respond to Cotton Cove. Officers on scene need ID of 187 victim."
%m4%m68, the Coroner has been dispatched."	%m4%m68, the Coroner has been dispatched."
parked	parked
%m19north	%m19north
%m19northeast	%m19northeast
%m19east	%m19east
%m19southeast	%m19southeast
%m19south	%m19south
%m19southwest	%m19southwest
%m19west	%m19west
%m19northwest	%m19northwest
traveling 	traveling 
%m6,	%m6,
Parkway Drive	Parkway Drive
1st Street	1st Street
2nd Street	2nd Street
3rd Street	3rd Street
4th Street	4th Street
5th Street	5th Street
6th Street	6th Street
7th Street	7th Street
8th Street	8th Street
9th Street	9th Street
10th Street	10th Street
Clearwater Drive	Clearwater Drive
Palm	Palm
Oak	Oak
Fig	Fig
Peach	Peach
Rose	Rose
Lilly	Lilly
Poppy	Poppy
River Road	River Road
%m5%s2 %s3 on Freeway 41."	%m5%s2 %s3 on Freeway 41."
%m5%s2 %s3 under Freeway 41."	%m5%s2 %s3 under Freeway 41."
%m5%s2 %s3 on %s4."	%m5%s2 %s3 on %s4."
%m5%s2 %s3 on %s5."	%m5%s2 %s3 on %s5."
%m5%s2 %s3 at intersection of %s4 and %s5."	%m5%s2 %s3 at intersection of %s4 and %s5."
%m5%s2 %m53 traffic accident.	%m5%s2 %m53 traffic accident.
%m5%s2 %m51"OHMYMG."	%m5%s2 %m51"OHMYMG."
%m5%s2 %m52"OHMYMG."	%m5%s2 %m52"OHMYMG."
%m4Currently registered, no wants."	%m4Currently registered, no wants."
%m4%s2 dispatch copies 10-97."	%m4%s2 dispatch copies 10-97."
run vehicle, check on license 	run vehicle, check on license 
suspect license 	suspect license 
at scene of	at scene of
%m5%s2 %m51"UL6942."	%m5%s2 %m51"UL6942."
%m4%s2 %m52"UL6942."	%m4%s2 %m52"UL6942."
%m4Registered to 1979 Cadillac, junked in 1983."	%m4Registered to 1979 Cadillac, junked in 1983."
"%s2 approach with caution."	"%s2 approach with caution."
%m5%s2 %m51"PRGRMR1."	%m5%s2 %m51"PRGRMR1."
%s2 %m52"PRGRMR1."	%s2 %m52"PRGRMR1."
Your radio crackles, "83-32, repeating 10-20 of 11-83 is southwest corner of Fig and 4th."	Your radio crackles, "83-32, repeating 10-20 of 11-83 is southwest corner of Fig and 4th."
%m4%s2 personalized plate 'PRGRMR1' appears to be currently registered."	%m4%s2 personalized plate 'PRGRMR1' appears to be currently registered."
%m5%s2 one%m64	%m5%s2 one%m64
%m5%m68 two%m64	%m5%m68 two%m64
 in custody, en route to jail."	 in custody, en route to jail."
"%s2 request subject check on Don Colby, Charles, Ocean, Lincoln, Boy, Yellow."	"%s2 request subject check on Don Colby, Charles, Ocean, Lincoln, Boy, Yellow."
%m70%s2, possible hit, Paul D. Colby, DOB 12/8/61, 5'8", 155 pounds. Served 18 months State Penitentiary '85-'87 for assault on a police officer and possession and sale of a controlled substance. Three year probation, still active."	%m70%s2, possible hit, Paul D. Colby, DOB 12/8/61, 5'8", 155 pounds. Served 18 months State Penitentiary '85-'87 for assault on a police officer and possession and sale of a controlled substance. Three year probation, still active."
83-Nora-10,	83-Nora-10,
Your 'Vette doesn't have a police radio.	Your 'Vette doesn't have a police radio.
Dispatch responds, "	Dispatch responds, "
%m5%s2 10-20 at %s3."	%m5%s2 10-20 at %s3."
Hotel Delphoria	Hotel Delphoria
Carol's Caffeine Castle	Carol's Caffeine Castle
Lytton City Park	Lytton City Park
Blue Room	Blue Room
LPD Headquarters	LPD Headquarters
Cotton Cove Picnic Area	Cotton Cove Picnic Area
Lytton Municipal Court Building	Lytton Municipal Court Building
Lytton City Jail	Lytton City Jail
in pursuit of	in pursuit of
%m5%s2%m80 attempting to overtake light blue Cadillac, suspect vehicle.	%m5%s2%m80 attempting to overtake light blue Cadillac, suspect vehicle.
%m5%s2%m80  attempting to overtake and stop light colored sedan, possible DUI."	%m5%s2%m80  attempting to overtake and stop light colored sedan, possible DUI."
%m5%s2%m80 bright red sports car.	%m5%s2%m80 bright red sports car.
That would be unsafe while driving!	That would be unsafe while driving!
%m5%s2 Dispatch, %s2 is 10-98 from the scene."	%m5%s2 Dispatch, %s2 is 10-98 from the scene."
"10-19 the office, per Lieutenant Morgan."	"10-19 the office, per Lieutenant Morgan."
Dispatch copies your car-to-car radio traffic, "%s2 be advised that 83-31 is off the air at Carol's."	Dispatch copies your car-to-car radio traffic, "%s2 be advised that 83-31 is off the air at Carol's."
%m5%s2 Dispatch, 83-32 en route to traffic collision."	%m5%s2 Dispatch, 83-32 en route to traffic collision."
You need to observe a violation first.	You need to observe a violation first.
Get closer to the suspect vehicle.	Get closer to the suspect vehicle.
%m5%s2 responding to Carol's Caffeine Castle."	%m5%s2 responding to Carol's Caffeine Castle."
%m85 says, "Sonny, I am extremely busy right now; besides, uniformed cops don't belong in Narcotics Division. Would you please hit the road and write some tickets?"	%m85 says, "Sonny, I am extremely busy right now; besides, uniformed cops don't belong in Narcotics Division. Would you please hit the road and write some tickets?"
%m85 welcomes you to the Narcotics Division and explains the necessity of your new image.	%m85 welcomes you to the Narcotics Division and explains the necessity of your new image.
"Sonny, I've decided to put you on the Hoffman case due to your involvement in the arrest. Your partner will be Detective Laura Watts."	"Sonny, I've decided to put you on the Hoffman case due to your involvement in the arrest. Your partner will be Detective Laura Watts."
"You can join Laura in her office now. Good luck on the case. And, welcome aboard, Sonny!"	"You can join Laura in her office now. Good luck on the case. And, welcome aboard, Sonny!"
"Hello, Sonny. Please step over here to my desk."	"Hello, Sonny. Please step over here to my desk."
"Sonny, step on over to my desk."	"Sonny, step on over to my desk."
"I have devised a plan to infiltrate the gambling scene at the Hotel Delphoria," %m85 begins.	"I have devised a plan to infiltrate the gambling scene at the Hotel Delphoria," %m85 begins.
"Sonny, I want you to check into the Hotel under the name of Jimmy Lee Banksten," he continues. "Meet Sweet Cheeks in the hotel cocktail lounge."	"Sonny, I want you to check into the Hotel under the name of Jimmy Lee Banksten," he continues. "Meet Sweet Cheeks in the hotel cocktail lounge."
"Signal Sweet Cheeks that you're ready to begin the operation by ordering a drink. She'll pretend to recognize you as 'Whitey,' an old friend recently released from prison. She'll introduce you to bartender Woody Roberts, whom we believe is the contact man for the back room hustle."	"Signal Sweet Cheeks that you're ready to begin the operation by ordering a drink. She'll pretend to recognize you as 'Whitey,' an old friend recently released from prison. She'll introduce you to bartender Woody Roberts, whom we believe is the contact man for the back room hustle."
"You'll be carrying a large sum of money (in marked bills, of course), and will pretend to be eager for action."	"You'll be carrying a large sum of money (in marked bills, of course), and will pretend to be eager for action."
%m85 concludes, "Since Laura developed your disguise, I'll let her fill you in on its details."	%m85 concludes, "Since Laura developed your disguise, I'll let her fill you in on its details."
"Sonny, I've picked out a white suit for you," Laura says, "and, by the way, we've decided your hair must be bleached!"	"Sonny, I've picked out a white suit for you," Laura says, "and, by the way, we've decided your hair must be bleached!"
"You'll walk with the aid of this special cane. Its handle is really a detachable, .22-caliber magnum Derringer. When the need arises, you will carry a voice transmitter disguised as a plain-looking ballpoint pen."	"You'll walk with the aid of this special cane. Its handle is really a detachable, .22-caliber magnum Derringer. When the need arises, you will carry a voice transmitter disguised as a plain-looking ballpoint pen."
"That's all I have," concludes Laura. "Sweet Cheeks, do you have anything to add?"	"That's all I have," concludes Laura. "Sweet Cheeks, do you have anything to add?"
In an excited voice, Sweet Cheeks says, "Oh, Sonny, I'm so happy I get to work with you! Why, it almost brings a tear to my eye! I'm looking forward to spending tonight working with you at the Hotel Delphoria, my Precious!" She winks at you.	In an excited voice, Sweet Cheeks says, "Oh, Sonny, I'm so happy I get to work with you! Why, it almost brings a tear to my eye! I'm looking forward to spending tonight working with you at the Hotel Delphoria, my Precious!" She winks at you.
Sergeant Dooley, his voice cracking, interrupts the meeting.	Sergeant Dooley, his voice cracking, interrupts the meeting.
"It is my regretful duty to inform you that I've just received a phone call from Jack Cobb. His daughter, Kathy, just died without ever regaining conciousness."	"It is my regretful duty to inform you that I've just received a phone call from Jack Cobb. His daughter, Kathy, just died without ever regaining conciousness."
"Effective immediately, Jack is on extended family leave. Jack's taking this really hard. His brother is staying with him and he requests no visitors. I'm sure our sympathy goes out to Jack in his time of need."	"Effective immediately, Jack is on extended family leave. Jack's taking this really hard. His brother is staying with him and he requests no visitors. I'm sure our sympathy goes out to Jack in his time of need."
Hatred wells up inside you. You vow revenge for Kathy's senseless death by tracking down the dope world animals responsible!	Hatred wells up inside you. You vow revenge for Kathy's senseless death by tracking down the dope world animals responsible!
%m85 speaks softly, "Sonny, the sooner you get into the scene at the Hotel Delphoria, the sooner we can neutralize those blood suckers."	%m85 speaks softly, "Sonny, the sooner you get into the scene at the Hotel Delphoria, the sooner we can neutralize those blood suckers."
Laura adds, "I picked up these supplies at the beauty shop. Take this bottle of bleach creme activator into the shower and bleach your hair."	Laura adds, "I picked up these supplies at the beauty shop. Take this bottle of bleach creme activator into the shower and bleach your hair."
%m85 instructs you, "Sonny, after you bleach your hair and change clothes, report back to me. I have more instructions for you."	%m85 instructs you, "Sonny, after you bleach your hair and change clothes, report back to me. I have more instructions for you."
"It's good to see you, Sonny. Come over to my desk."	"It's good to see you, Sonny. Come over to my desk."
"I know you worked hard trying to keep that punk Hoffman in jail. What a shame that it was all for naught!"	"I know you worked hard trying to keep that punk Hoffman in jail. What a shame that it was all for naught!"
"It's frustrating when a man does the best job he can do, and some dummy screws it up! I wouldn't trust that tower guard to guard our water fountain!"	"It's frustrating when a man does the best job he can do, and some dummy screws it up! I wouldn't trust that tower guard to guard our water fountain!"
"After reviewing the Hoffman file, I think we should take a close look at the black book that was impounded along with his Cadillac. Get it from Russ in the evidence lockup."	"After reviewing the Hoffman file, I think we should take a close look at the black book that was impounded along with his Cadillac. Get it from Russ in the evidence lockup."
"Check it out, then get back to me. I have some other leads to investigate. When we next meet, I may have some new ideas."	"Check it out, then get back to me. I have some other leads to investigate. When we next meet, I may have some new ideas."
""	""
"Come over to my desk. I have some things to discuss with you."	"Come over to my desk. I have some things to discuss with you."
"After you infiltrate the illegal gambling activities at the hotel, contact me. I'll send over a team of detectives to serve as your backups."	"After you infiltrate the illegal gambling activities at the hotel, contact me. I'll send over a team of detectives to serve as your backups."
"This envelope contains a thousand dollars in marked, hundred-dollar bills."	"This envelope contains a thousand dollars in marked, hundred-dollar bills."
"Use your head, Sonny, and don't forget: we want Mr. Big!"	"Use your head, Sonny, and don't forget: we want Mr. Big!"
Just then the office intercom squelches, "%m85. Homicide detective Oscar Hamilton on line three."	Just then the office intercom squelches, "%m85. Homicide detective Oscar Hamilton on line three."
You patiently wait while %m83 grumbles on the phone.	You patiently wait while %m83 grumbles on the phone.
When the conversation ends, %m83 relates Hamilton's comments on the floater found this morning at Cotton Cove.	When the conversation ends, %m83 relates Hamilton's comments on the floater found this morning at Cotton Cove.
"Sonny, it seems that Hoffman/Taselli was shot execution-style before he decided to take his little swim."	"Sonny, it seems that Hoffman/Taselli was shot execution-style before he decided to take his little swim."
"It looks like you're walking right into the dragon's lair at the Hotel Delphoria. Be careful, boy!"	"It looks like you're walking right into the dragon's lair at the Hotel Delphoria. Be careful, boy!"
"Well, that's it here," %m83 says. "Now, go meet Sweet Cheeks and get this campaign rolling."	"Well, that's it here," %m83 says. "Now, go meet Sweet Cheeks and get this campaign rolling."
"Sonny, change into a more suitable garb, and Code-3 yourself back in here!"	"Sonny, change into a more suitable garb, and Code-3 yourself back in here!"
"Hello, Sonny. I hear your 'little' Sweetheart is in the can!"	"Hello, Sonny. I hear your 'little' Sweetheart is in the can!"
"Sonny, I think your friend, Sweet Cheeks, may be able to help us out."	"Sonny, I think your friend, Sweet Cheeks, may be able to help us out."
"It seems our drug problem is emanating from the Hotel Delphoria."	"It seems our drug problem is emanating from the Hotel Delphoria."
"In lieu of her current state of affairs, I'd bet Sweet Cheeks would be willing to help you establish your cover at the Hotel."	"In lieu of her current state of affairs, I'd bet Sweet Cheeks would be willing to help you establish your cover at the Hotel."
"Go over to the jail, and see if she'll help you with the hotel operation."	"Go over to the jail, and see if she'll help you with the hotel operation."
"When you get back, I'll hold a briefing on the operation."	"When you get back, I'll hold a briefing on the operation."
"I'll call the jail and arrange everything for you."	"I'll call the jail and arrange everything for you."
"I can't believe Judge Palmer fell for that bunk about a stolen ID."	"I can't believe Judge Palmer fell for that bunk about a stolen ID."
"By the way, we learned from the fingerprint search that Hoffman is really one 'Jason Taselli' recently of Chicago."	"By the way, we learned from the fingerprint search that Hoffman is really one 'Jason Taselli' recently of Chicago."
"Sweet Cheeks," says %m85, "why don't you head on over to the hotel. Sonny will follow shortly."	"Sweet Cheeks," says %m85, "why don't you head on over to the hotel. Sonny will follow shortly."
"Thanks for your help, Laura," %m83 says, "that's all for now."	"Thanks for your help, Laura," %m83 says, "that's all for now."
discard.view(%v18):%m30	discard.view(%v18):%m30
set.view(%v18,_):%m26	set.view(%v18,_):%m26
set.view(_,%v18):%m30	set.view(_,%v18):%m30
set.loop(%v18,_):%m26	set.loop(%v18,_):%m26
set.loop(%v18,_):\nBad loop #.%m25	set.loop(%v18,_):\nBad loop #.%m25
set.loop(%v18,_):%m31	set.loop(%v18,_):%m31
set.cel(%v18,_):%m26	set.cel(%v18,_):%m26
set.cel(%v18,_):\nBad cel #.%m25	set.cel(%v18,_):\nBad cel #.%m25
sound(%v18):\nSound not loaded.%m25	sound(%v18):\nSound not loaded.%m25
set.cel(%v18,_):%m31	set.cel(%v18,_):%m31
Script buffer overflow.\nMaximum size = %v18%m25	Script buffer overflow.\nMaximum size = %v18%m25
erase(%v18):%m26	erase(%v18):%m26
animate.obj(%v18):%m26	animate.obj(%v18):%m26
stop.update(%v18):%m28	stop.update(%v18):%m28
Bad test: %v18%m25	Bad test: %v18%m25
Bad action: %v18%m25	Bad action: %v18%m25
start.update(%v18):%m28	start.update(%v18):%m28
draw.pic(%v18):%m32	draw.pic(%v18):%m32
draw(%v18):%m26	draw(%v18):%m26
draw(%v18):%m31	draw(%v18):%m31
discard.pic(%v18):%m32	discard.pic(%v18):%m32
get(%v18) or put(%v18):%m26	get(%v18) or put(%v18):%m26
\nPress ESC to quit.	\nPress ESC to quit.
%m27.%m25	%m27.%m25
\nBad object number	\nBad object number
%m27 or object not drawn.%m25	%m27 or object not drawn.%m25
\nView not 	\nView not 
%m29loaded.%m25	%m29loaded.%m25
%m29set.%m25	%m29set.%m25
Picture not loaded.%m25	Picture not loaded.%m25
New room:	New room:
X coordinate:	X coordinate:
Y coordinate:	Y coordinate:
Object number:	Object number:
Flag number:	Flag number:
New value:	New value:
Current room = %v0	Current room = %v0
Variable number:	Variable number:
Variable %v164 = %v165	Variable %v164 = %v165
Flag %v164 set	Flag %v164 set
Flag %v164 not set	Flag %v164 not set
You gottum, Sonny!	You gottum, Sonny!
Object %v165 is in room %v164.	Object %v165 is in room %v164.
%v164|3/%v165|3	%v164|3/%v165|3
Rm %v0	Rm %v0
%v164|2  %o164	%v164|2  %o164
Number  Name of Object	Number  Name of Object
%v8/4K memory left.	%v8/4K memory left.
New priority:	New priority:
H	H
_	_
<	<
PQ	PQ
POLICE QUEST	POLICE QUEST
Help	Help
 F1 displays this message.	 F1 displays this message.
 F2 turns the sound off and on.	 F2 turns the sound off and on.
 F3 retypes the last line typed.	 F3 retypes the last line typed.
 F4 goes in/out of car; to/from map.	 F4 goes in/out of car; to/from map.
 F5 saves your current game.	 F5 saves your current game.
 F6 loads%m26	 F6 loads%m26
 F7 restores a saved game.	 F7 restores a saved game.
 F8 draws%m26	 F8 draws%m26
 F9 restarts the game.	 F9 restarts the game.
F10 fires%m26	F10 fires%m26
TAB shows the status screen.	TAB shows the status screen.
ESC displays the menus.	ESC displays the menus.
Ctrl-J sets up your joystick.	Ctrl-J sets up your joystick.
Ctrl-R toggles RGB monitor modes.	Ctrl-R toggles RGB monitor modes.
 F1 or HELP displays this message.	 F1 or HELP displays this message.
 F6%m25normal%m29-1).	 F6%m25normal%m29-1).
Ctrl-J sets up your joystick/mouse.	Ctrl-J sets up your joystick/mouse.
For a Hint Book, call (209) 683-6858.	For a Hint Book, call (209) 683-6858.
 F4, F6, F8, F10 vary throughout game.	 F4, F6, F8, F10 vary throughout game.
F10%m25fastest%m29-3).	F10%m25fastest%m29-3).
F10 swings your PR-24.	F10 swings your PR-24.
F10 turns the shower off and on.	F10 turns the shower off and on.
 drive car 	 drive car 
 your weapon.	 your weapon.
 F8%m25faster%m29-2).	 F8%m25faster%m29-2).
Ctrl-D radios Dispatch.	Ctrl-D radios Dispatch.
 speed (Code	 speed (Code
ESC displays the menus, as does\n     the joystick button or\n     the right mouse button.	ESC displays the menus, as does\n     the joystick button or\n     the right mouse button.
Jessie Hiram Bains,    	Jessie Hiram Bains,    
"The Death Angel,"     	"The Death Angel,"     
was brought to justice 	was brought to justice 
and tried in the       	and tried in the       
Superior Court of the  	Superior Court of the  
City of Lytton on the  	City of Lytton on the  
following charges:     	following charges:     
ILLEGAL GAMBLING	ILLEGAL GAMBLING
Hotel Delphoria bartender Woody Roberts turned State's evidence and, as a witness for the prosecution (in return for a suspended sentence and three years probation), provided convincing testimony concerning the gambling activities of Jessie Bains, Otto Lipshitz, and Gene "the Bambino" Bamboni.	Hotel Delphoria bartender Woody Roberts turned State's evidence and, as a witness for the prosecution (in return for a suspended sentence and three years probation), provided convincing testimony concerning the gambling activities of Jessie Bains, Otto Lipshitz, and Gene "the Bambino" Bamboni.
DRUG TRAFFICKING	DRUG TRAFFICKING
Drug pusher Donald D. Colby turned State's evidence and, as a witness for the prosecution (in return for a suspended sentence and five years probation), provided convincing testimony concerning the Bains' narcotics distribution network.	Drug pusher Donald D. Colby turned State's evidence and, as a witness for the prosecution (in return for a suspended sentence and five years probation), provided convincing testimony concerning the Bains' narcotics distribution network.
ATTEMPTED MURDER	ATTEMPTED MURDER
Lytton PD Detectives Bonds, Anglin, and Smith, presented eyewitness testimony concerning the shoot-out at the Hotel Delphoria.	Lytton PD Detectives Bonds, Anglin, and Smith, presented eyewitness testimony concerning the shoot-out at the Hotel Delphoria.
FIRST DEGREE MURDER	FIRST DEGREE MURDER
Ballistic tests provided a positive match between Bains' .32-caliber automatic handgun and the weapon used to murder Jason Taselli.	Ballistic tests provided a positive match between Bains' .32-caliber automatic handgun and the weapon used to murder Jason Taselli.
And now, the results of that trial...	And now, the results of that trial...
The Honorable Judge Kim Palmer asks the foreman of the jury, "Ladies and gentlemen of the jury, have you reached your verdict?"	The Honorable Judge Kim Palmer asks the foreman of the jury, "Ladies and gentlemen of the jury, have you reached your verdict?"
The foreman answers, "Yes, we have, Your Honor."	The foreman answers, "Yes, we have, Your Honor."
Guilty as charged.	Guilty as charged.
"Mr. Bains, please rise for sentencing. Do you have any last statement before I pronounce sentencing?"	"Mr. Bains, please rise for sentencing. Do you have any last statement before I pronounce sentencing?"
Bains looks straight into your eyes. "No, your Honor."\n\nThen, under his breath, he hisses across the aisle, "Bonds, you're a dead man!"	Bains looks straight into your eyes. "No, your Honor."\n\nThen, under his breath, he hisses across the aisle, "Bonds, you're a dead man!"
Staring intently at Bains, Judge Palmer says firmly, "Jessie Hiram Bains, you are hereby sentenced to a total of 97 years in the State Penitentiary, without possibility of parole."	Staring intently at Bains, Judge Palmer says firmly, "Jessie Hiram Bains, you are hereby sentenced to a total of 97 years in the State Penitentiary, without possibility of parole."
The courtroom erupts in spontaneous applause. You smile broadly, until you catch Bains glaring holes through your skull! You know your life is not yet free of "the Death Angel!"	The courtroom erupts in spontaneous applause. You smile broadly, until you catch Bains glaring holes through your skull! You know your life is not yet free of "the Death Angel!"
Three days pass.\n\nWith Bains safely ensconced in the State Penitentiary at Vacaville, the City of Lytton is once again a quiet, peaceful community freed from the grasp of "the Death Angel."	Three days pass.\n\nWith Bains safely ensconced in the State Penitentiary at Vacaville, the City of Lytton is once again a quiet, peaceful community freed from the grasp of "the Death Angel."
Charge:	Charge:
"Bailiff, please read the jury's verdict to the court."	"Bailiff, please read the jury's verdict to the court."
"Bailiff, please bring the jury's verdict to me."	"Bailiff, please bring the jury's verdict to me."
\n"%m28\n\n%m9.\n\n\n%m20"\n	\n"%m28\n\n%m9.\n\n\n%m20"\n
\n"%m28\n\n%m11.\n\n\n%m20"\n	\n"%m28\n\n%m11.\n\n\n%m20"\n
\n"%m28\n\n%m13.\n\n\n%m20"\n	\n"%m28\n\n%m13.\n\n\n%m20"\n
\n"%m28\n\n%m15.\n\n\n%m20"\n	\n"%m28\n\n%m15.\n\n\n%m20"\n
Following a ticker tape parade down Main Street in your honor, a huge crowd has gathered on the Courthouse steps.	Following a ticker tape parade down Main Street in your honor, a huge crowd has gathered on the Courthouse steps.
Mayor Fuddrucker and Chief Whipplestick wait at the top of the steps, while you pass through the Department Honor Guard.	Mayor Fuddrucker and Chief Whipplestick wait at the top of the steps, while you pass through the Department Honor Guard.
"Sonny Bonds," the Mayor reads, "as Mayor, I wish to express the appreciation of the people of the City of Lytton for your service to them, and present you with this expression of our gratitude, the Key to the City!"	"Sonny Bonds," the Mayor reads, "as Mayor, I wish to express the appreciation of the people of the City of Lytton for your service to them, and present you with this expression of our gratitude, the Key to the City!"
Congratulations. You've won "Police Quest!"	Congratulations. You've won "Police Quest!"
You are a true, veteran police officer, proven in the line of duty. We hope you have enjoyed playing.	You are a true, veteran police officer, proven in the line of duty. We hope you have enjoyed playing.
If you liked "Police Quest," be sure to play the other 3D, animated, graphic adventure games from Sierra: "King's Quest I, II, and III;" "The Black Cauldron;" "Space Quest I and II;" and "Leisure Suit Larry in the Land of the Lounge Lizards."	If you liked "Police Quest," be sure to play the other 3D, animated, graphic adventure games from Sierra: "King's Quest I, II, and III;" "The Black Cauldron;" "Space Quest I and II;" and "Leisure Suit Larry in the Land of the Lounge Lizards."
You'll also enjoy our 3D "Helicopter Simulator" that allows you to have dogfights with your friends via modem, or just fly through many cities for fun.	You'll also enjoy our 3D "Helicopter Simulator" that allows you to have dogfights with your friends via modem, or just fly through many cities for fun.
"Oh, Sonny! My HERO!!"	"Oh, Sonny! My HERO!!"
increment	increment
decrement	decrement
assignn	assignn
assignv	assignv
addn	addn
addv	addv
subn	subn
subv	subv
lindirectv	lindirectv
rindirect	rindirect
lindirectn	lindirectn
set	set
reset	reset
toggle	toggle
set.v	set.v
reset.v	reset.v
toggle.v	toggle.v
new.room	new.room
new.room.v	new.room.v
load.logics	load.logics
load.logics.v	load.logics.v
call.v	call.v
load.pic	load.pic
draw.pic	draw.pic
show.pic	show.pic
discard.pic	discard.pic
overlay.pic	overlay.pic
show.pri.screen	show.pri.screen
load.view	load.view
load.view.v	load.view.v
discard.view	discard.view
animate.obj	animate.obj
unanimate.all	unanimate.all
draw	draw
erase	erase
position	position
position.v	position.v
get.posn	get.posn
reposition	reposition
set.view	set.view
set.view.v	set.view.v
set.loop	set.loop
set.loop.v	set.loop.v
fix.loop	fix.loop
release.loop	release.loop
set.cel	set.cel
set.cel.v	set.cel.v
last.cel	last.cel
current.cel	current.cel
current.loop	current.loop
current.view	current.view
number.of.loops	number.of.loops
set.priority	set.priority
set.priority.v	set.priority.v
release.priority	release.priority
get.priority	get.priority
stop.update	stop.update
start.update	start.update
force.update	force.update
ignore.horizon	ignore.horizon
observe.horizon	observe.horizon
set.horizon	set.horizon
object.onWater	object.onWater
object.on.land	object.on.land
object.on.anything	object.on.anything
ignore.objs	ignore.objs
observe.objs	observe.objs
distance	distance
stop.cycling	stop.cycling
start.cycling	start.cycling
normal.cycle	normal.cycle
end.of.loop	end.of.loop
reverse.cycle	reverse.cycle
reverse.loop	reverse.loop
cycle.time	cycle.time
stop.motion	stop.motion
start.motion	start.motion
step.size	step.size
step.time	step.time
move.obj	move.obj
move.obj.v	move.obj.v
follow.ego	follow.ego
wander	wander
normal.motion	normal.motion
set.dir	set.dir
get.dir	get.dir
ignore.blocks	ignore.blocks
observe.blocks	observe.blocks
block	block
unblock	unblock
get	get
get.v	get.v
drop	drop
put	put
put.v	put.v
get.room.v	get.room.v
load.sound	load.sound
sound	sound
stop.sound	stop.sound
print	print
print.v	print.v
display	display
display.v	display.v
clear.lines	clear.lines
text.screen	text.screen
graphics	graphics
set.cursor.char	set.cursor.char
set.text.attribute	set.text.attribute
shake.screen	shake.screen
configure.screen	configure.screen
status.line.on	status.line.on
status.line.off	status.line.off
set.string	set.string
get.string	get.string
word.to.string	word.to.string
parse	parse
get.num	get.num
prevent.input	prevent.input
accept.input	accept.input
set.key	set.key
add.to.pic	add.to.pic
add.to.pic.v	add.to.pic.v
status	status
save.game	save.game
restore.game	restore.game
init.disk	init.disk
restart.game	restart.game
show.obj	show.obj
random	random
program.control	program.control
player.control	player.control
obj.status.v	obj.status.v
quit	quit
show.mem	show.mem
pause	pause
echo.line	echo.line
cancel.line	cancel.line
init.joy	init.joy
toggle.monitor	toggle.monitor
version	version
script.size	script.size
set.game.id	set.game.id
log	log
set.scan.start	set.scan.start
reset.scan.start	reset.scan.start
reposition.to	reposition.to
reposition.to.v	reposition.to.v
trace.on	trace.on
trace.info	trace.info
print.at	print.at
print.at.v	print.at.v
discard.view.v	discard.view.v
clear.text.rect	clear.text.rect
set.upper.left	set.upper.left
set.menu	set.menu
set.menu.item	set.menu.item
submit.menu	submit.menu
enable.item	enable.item
disable.item	disable.item
menu.input	menu.input
show.obj.v	show.obj.v
open.dialogue	open.dialogue
close.dialogue	close.dialogue
mul.n	mul.n
mul.v	mul.v
div.n	div.n
div.v	div.v
close.window	close.window
equaln	equaln
equalv	equalv
lessn	lessn
lessv	lessv
greatern	greatern
greaterv	greaterv
isset	isset
isset.v	isset.v
has	has
obj.in.room	obj.in.room
posn	posn
controller	controller
have.key	have.key
said	said
compare.strings	compare.strings
obj.in.box	obj.in.box
center.posn	center.posn
right.posn	right.posn
If you didn't just do a Restart, assume this isn't going to work!\n\nUse Level 255 to quit.\nUse Level 0 to Restore.\nAny Level > 31 to Restart.\n\nLevels 1 thru 31 are valid.	If you didn't just do a Restart, assume this isn't going to work!\n\nUse Level 255 to quit.\nUse Level 0 to Restore.\nAny Level > 31 to Restart.\n\nLevels 1 thru 31 are valid.
Pick a level from 1 thru 31: 	Pick a level from 1 thru 31: 
(209) 683-6858	(209) 683-6858
911	911
411	411
555-4369	555-4369
555-6537	555-6537
555-4522	555-4522
555-2622	555-2622
555-7764	555-7764
0	0
(312) 555-3382	(312) 555-3382
555-9222	555-9222
555-6674	555-6674
683-6858	683-6858
555-1212	555-1212
1555-1212	1555-1212
2096836858	2096836858
12096836858	12096836858
1-209 683-6858	1-209 683-6858
1 209 683-6858	1 209 683-6858
Number to dial: 	Number to dial: 
"The number you have reached is disconnected or no longer in service. Please check the number and dial again."	"The number you have reached is disconnected or no longer in service. Please check the number and dial again."
"This is a recording."	"This is a recording."
Hum! Busy%m41	Hum! Busy%m41
Enter party's last name: 	Enter party's last name: 
"I'm sorry. There is no one listed by that name%m41	"I'm sorry. There is no one listed by that name%m41
"You have reached Directory Assistance. Thank you for using LT&T."	"You have reached Directory Assistance. Thank you for using LT&T."
Sierra, Inc	Sierra, Inc
Sierra OnLine	Sierra OnLine
Hots	Hots
Pierson	Pierson
Williams	Williams
Cobb	Cobb
"The number is:\n\n%s8."	"The number is:\n\n%s8."
You haven't finished your last call, yet!	You haven't finished your last call, yet!
The phone cord is not that long.	The phone cord is not that long.
Not now!	Not now!
...\n\nClick!	...\n\nClick!
"Hello, Sierra On-Line Customer Support, Larry Weissenborne speaking. How may I help you? But hurry up, 'cause I'm leaving soon!"	"Hello, Sierra On-Line Customer Support, Larry Weissenborne speaking. How may I help you? But hurry up, 'cause I'm leaving soon!"
"You know those crazy programmers; they can't do anything right the first time!!"	"You know those crazy programmers; they can't do anything right the first time!!"
"Hint books are available for $7.95. Try calling this number to place your order, but next time use a REAL phone, not this game!"	"Hint books are available for $7.95. Try calling this number to place your order, but next time use a REAL phone, not this game!"
"King's Quest I, II and III, The Black Cauldron, Leisure Suit Larry in the Land of the Lounge Lizards, and Space Quest I and II."	"King's Quest I, II and III, The Black Cauldron, Leisure Suit Larry in the Land of the Lounge Lizards, and Space Quest I and II."
"Police Quest II and others are now in development!"	"Police Quest II and others are now in development!"
"Thank you for calling. Goodbye%m41	"Thank you for calling. Goodbye%m41
"Changed your mind, eh?"	"Changed your mind, eh?"
For emergencies, dial 911. For information, dial 411.	For emergencies, dial 911. For information, dial 411.
Hmmm. No answer%m41	Hmmm. No answer%m41
"Yes, Helen speaking."	"Yes, Helen speaking."
"I don't know who you're trying to call, Sonny Bonds, but I recognize your voice! This is Helen Hacker, you pervert!"	"I don't know who you're trying to call, Sonny Bonds, but I recognize your voice! This is Helen Hacker, you pervert!"
"...you're in big trouble!!!"	"...you're in big trouble!!!"
"Crime Lab, Detective Williams%m81	"Crime Lab, Detective Williams%m81
"Hello, Sonny! What can I do for you?"	"Hello, Sonny! What can I do for you?"
"Yes, the prints on the gun matched that Hoffman/Taselli fellow."	"Yes, the prints on the gun matched that Hoffman/Taselli fellow."
"I heard he %s7! Bye now%m41	"I heard he %s7! Bye now%m41
"Cobb residence. If you are looking for Jack, he is probably drinking at the Blue Room%m41	"Cobb residence. If you are looking for Jack, he is probably drinking at the Blue Room%m41
"Lieutenant Morgan%m81	"Lieutenant Morgan%m81
"Cops don't call 911!"	"Cops don't call 911!"
The phone is not ringing.	The phone is not ringing.
escaped!	escaped!
got released.	got released.
Taber	Taber
"Chicago PD, Detective Taber speaking. How may I help you?"	"Chicago PD, Detective Taber speaking. How may I help you?"
Detective Taber says, "Oh, yes, we know your man, Jason Taselli, alias Hoffman, alias Pierson."	Detective Taber says, "Oh, yes, we know your man, Jason Taselli, alias Hoffman, alias Pierson."
"He is linked to a big time card shark and drug runner named Jessie Bains."	"He is linked to a big time card shark and drug runner named Jessie Bains."
"Both have dropped from sight in our area."	"Both have dropped from sight in our area."
"Good Luck!%m41	"Good Luck!%m41
"Boy, it's amazing how these guns get around."	"Boy, it's amazing how these guns get around."
"That weapon was reported stolen by a local nightclub owner."	"That weapon was reported stolen by a local nightclub owner."
"I guess it's your problem now!"	"I guess it's your problem now!"
"I'll send you a mug shot of this guy Bains."	"I'll send you a mug shot of this guy Bains."
The telephone in this room is a kinky gold.	The telephone in this room is a kinky gold.
Lytton Cab	Lytton Cab
"Lytton Cab Co. Where's the pickup?"	"Lytton Cab Co. Where's the pickup?"
"Ok. We have a car on the way. Thank you%m41	"Ok. We have a car on the way. Thank you%m41
"Call back when you find out where you are%m41	"Call back when you find out where you are%m41
. Who's speaking, please?"	. Who's speaking, please?"
"Hello, Mr. Banksten."	"Hello, Mr. Banksten."
"Why don't you send Sweet Cheeks Marie back to the station by cab?"	"Why don't you send Sweet Cheeks Marie back to the station by cab?"
"Try to get behind the scenes in the Hotel."	"Try to get behind the scenes in the Hotel."
"Your backup personnel will be arriving later this evening."	"Your backup personnel will be arriving later this evening."
"Good luck%m41	"Good luck%m41
Oh, my gawd! It's Police Commissioner Hacker's wife!	Oh, my gawd! It's Police Commissioner Hacker's wife!
...and you are knee-deep in whale do-do!!	...and you are knee-deep in whale do-do!!
1-(209) 683-6858	1-(209) 683-6858
1 (209) 683-6858	1 (209) 683-6858
cab	cab
cab company	cab company
taxi	taxi
taxicab	taxicab
3125553382	3125553382
312 5553382	312 5553382
312 555-3382	312 555-3382
13125553382	13125553382
1 3125553382	1 3125553382
1 312 5553382	1 312 5553382
1 312 555-3382	1 312 555-3382
1(312)555-3382	1(312)555-3382
1 (312) 555-3382	1 (312) 555-3382
1-312 555-3382	1-312 555-3382
1-312-555-3382	1-312-555-3382
There is no number on this telephone.	There is no number on this telephone.
"Cobb residence."	"Cobb residence."
You offer your condolences to the Cobb family.	You offer your condolences to the Cobb family.
"Thank you so much, Sonny."	"Thank you so much, Sonny."
Fred Justinfletch	Fred Justinfletch
ARREST SUMMARY	ARREST SUMMARY
1 Observed w/o front	1 Observed w/o front
  license plate	  license plate
2 Rear plate near	2 Rear plate near
  match w/suspicious	  match w/suspicious
  187vc vehicle	  187vc vehicle
3 Suspect attempted	3 Suspect attempted
  to evade arrest	  to evade arrest
4 Initiated pursuit	4 Initiated pursuit
5 Felony stop	5 Felony stop
6 Suspect in custody	6 Suspect in custody
7 Narcotics seized	7 Narcotics seized
8 Stolen vehicle	8 Stolen vehicle
  recovered	  recovered
9 Veh. turned over to	9 Veh. turned over to
  narcotics division	  narcotics division
eight mules!	eight mules!
PHYSICAL	PHYSICAL
LAST KNOWN ADDRESS	LAST KNOWN ADDRESS
DOB 3/1/49	DOB 3/1/49
Caucasian	Caucasian
5'11 195' black/brown	5'11 195' black/brown
IDENTIFYING MARKS,	IDENTIFYING MARKS,
SCARS, TATTOOS, ETC	SCARS, TATTOOS, ETC
petty theft	petty theft
Tattoo small flower	Tattoo small flower
above left nipple	above left nipple
TIME OF ARREST  15:45	TIME OF ARREST  15:45
DATE OF ARREST 9/7/83	DATE OF ARREST 9/7/83
CHARGES	CHARGES
Suspicion of murder,	Suspicion of murder,
auto theft,	auto theft,
narcotics possession,	narcotics possession,
evading arrest,	evading arrest,
concealed weapon	concealed weapon
reckless driving	reckless driving
BAIL $500,000.00	BAIL $500,000.00
License #A472457, in	License #A472457, in
Expired ILL. driver's	Expired ILL. driver's
name of "M. Hoffman"	name of "M. Hoffman"
License #C84776356,	License #C84776356,
name of "L. Pierson"	name of "L. Pierson"
EVIDENCE FORM	EVIDENCE FORM
5 lbs. marijuana,	5 lbs. marijuana,
est. value, $4,000.00	est. value, $4,000.00
1 lb. cocaine, est.	1 lb. cocaine, est.
value, $250,000.00	value, $250,000.00
1 S&W .45 automatic	1 S&W .45 automatic
handgun SN SW9764912	handgun SN SW9764912
1 black notebook	1 black notebook
VEHICLE INFORMATION	VEHICLE INFORMATION
'83 Cadillac deVille,	'83 Cadillac deVille,
blue (orig. blue)	blue (orig. blue)
Stolen from	Stolen from
LICENSE #LOP1238	LICENSE #LOP1238
Registered to:	Registered to:
Malcolm Washington	Malcolm Washington
234 W Center St	234 W Center St
Temporary CA driver's	Temporary CA driver's
"Freddie the Freak"	"Freddie the Freak"
Negro	Negro
ALIAS	ALIAS
NAME	NAME
5'3 219' black/green	5'3 219' black/green
WANTS	WANTS
purse snatching	purse snatching
assault and battery	assault and battery
METHOD OF OPERATION	METHOD OF OPERATION
grabs victim, bites	grabs victim, bites
neck, snatches	neck, snatches
purse, runs away	purse, runs away
James Jenkins	James Jenkins
"Jimmy the Junky"	"Jimmy the Junky"
Department.	Department.
6'4 160' black/brown	6'4 160' black/brown
Illegal flight to	Illegal flight to
avoid prosecution on	avoid prosecution on
narcotic violations.	narcotic violations.
Last seen heading	Last seen heading
south like an out-of-	south like an out-of-
control rocket.	control rocket.
Francis Malone	Francis Malone
4'9 160' black/blue	4'9 160' black/blue
Warrant #Q372	Warrant #Q372
"Short Fat Fanny"	"Short Fat Fanny"
steals anything she	steals anything she
can fit on her body	can fit on her body
narcotics violations	narcotics violations
Winford W. Watson	Winford W. Watson
"Winnie the Weasel"	"Winnie the Weasel"
5'8 180' bald/brown	5'8 180' bald/brown
numerous tattoos	numerous tattoos
narcotics, weapons,	narcotics, weapons,
and armed robbery	and armed robbery
violations	violations
LOCATION OF SUBJECT	LOCATION OF SUBJECT
has been seen with a	has been seen with a
UPDATE	UPDATE
Last seen by several	Last seen by several
witnesses early Wed.	witnesses early Wed.
morning. Statements	morning. Statements
indicate Freddie	indicate Freddie
Justinfletch was at	Justinfletch was at
intersection of	intersection of
Center and 3rd Sts	Center and 3rd Sts
directing traffic	directing traffic
while totally nude.	while totally nude.
When officers arrived	When officers arrived
"the Freak" could	"the Freak" could
not be found.	not be found.
Jenkins also wanted	Jenkins also wanted
for questioning in	for questioning in
several West Side	several West Side
daylight burglaries.	daylight burglaries.
ADDITIONAL	ADDITIONAL
If arrested, notify	If arrested, notify
Officer James Lucas,	Officer James Lucas,
Lytton Probation	Lytton Probation
UNUSUAL TRAITS	UNUSUAL TRAITS
Halitosis to the	Halitosis to the
magnitude equal to	magnitude equal to
the breath of	the breath of
APPROACH WITH CAUTION	APPROACH WITH CAUTION
will not hesitate to	will not hesitate to
knock you down and	knock you down and
spit in your eyes	spit in your eyes
while she breaths	while she breaths
heavily into your	heavily into your
your face, thereby	your face, thereby
junkie hooker known	junkie hooker known
as "Big Bonnie"	as "Big Bonnie"
NOTE	NOTE
has large red & blue	has large red & blue
tattoo of sinking	tattoo of sinking
ship on top of head	ship on top of head
nauseating you to	nauseating you to
the point of	the point of
unconsciousness.	unconsciousness.
Male 5'11 197#	Male 5'11 197#
Which file?	Which file?
You can only read one file at a time.	You can only read one file at a time.
You're not looking at a folder.	You're not looking at a folder.
The file drawer contains five folders, each labeled with the name of the case.	The file drawer contains five folders, each labeled with the name of the case.
You remove the Hoffman file from the drawer.	You remove the Hoffman file from the drawer.
Good thinking; maybe this will be of use.	Good thinking; maybe this will be of use.
You return the folder to the file drawer.	You return the folder to the file drawer.
You ARE looking at a file!	You ARE looking at a file!
COMPUTER DOWN.	COMPUTER DOWN.
No record for input.	No record for input.
45 caliber,	45 caliber,
automatic handgun	automatic handgun
serial #SW9764912	serial #SW9764912
reported stolen.	reported stolen.
Chicago, 12/4/86	Chicago, 12/4/86
Contact Det. Taber at	Contact Det. Taber at
CPD, 1 (312) 555-3382	CPD, 1 (312) 555-3382
555-6537,	555-6537,
unlisted number	unlisted number
1037 Grove St.	1037 Grove St.
Apt #334,	Apt #334,
Delphoria Hotel	Delphoria Hotel
FED Warrant: 123-1985	FED Warrant: 123-1985
Alias: Marvin Hoffman	Alias: Marvin Hoffman
5'11", 195', blk/brn	5'11", 195', blk/brn
Tattoo of flower	Tattoo of flower
above left nipple.	above left nipple.
1985 Motorcycle 750	1985 Motorcycle 750
Color: cherry red	Color: cherry red
Stolen: %m18	Stolen: %m18
License: M65789	License: M65789
VIN: M09876543	VIN: M09876543
459PC Burglary	459PC Burglary
.22-cal. lever-action	.22-cal. lever-action
Ramington rifle	Ramington rifle
oak stock, gold trig.	oak stock, gold trig.
Serial #R12345678	Serial #R12345678
Still outstanding:	Still outstanding:
Contact Lytton PD	Contact Lytton PD
Record not on file.	Record not on file.
Victim:	Victim:
Fancy Pants Lingerie	Fancy Pants Lingerie
57 pair silk skivvies	57 pair silk skivvies
Blue, size 46-50,	Blue, size 46-50,
Zippered crotch	Zippered crotch
Suspect:	Suspect:
Short Fat Fanny	Short Fat Fanny
2400 lbs Dog Feed	2400 lbs Dog Feed
Fat Fred's Feed Farm	Fat Fred's Feed Farm
9 Large-mouth Belly	9 Large-mouth Belly
Bustin' Stink Baits	Bustin' Stink Baits
"Chink's Cast N	"Chink's Cast N
Missing dog:	Missing dog:
Name of Big Dog	Name of Big Dog
3', 115 lbs, blk/wht	3', 115 lbs, blk/wht
Approach with caution	Approach with caution
is very affectionate	is very affectionate
with uniformed police	with uniformed police
officers.	officers.
8 diamond wedding	8 diamond wedding
rings.	rings.
Jessie the Jeweler	Jessie the Jeweler
Ill. DDL #A472457	Ill. DDL #A472457
2231 W 104th St	2231 W 104th St
Chicago, Illinois	Chicago, Illinois
5'11",195lbs,blk/brn	5'11",195lbs,blk/brn
DOB: 3/1/39	DOB: 3/1/39
1983 Cadillac deVille	1983 Cadillac deVille
Color: black	Color: black
Stolen, %m18	Stolen, %m18
License: LOP1238	License: LOP1238
VIN: C03456218	VIN: C03456218
Registered owner:	Registered owner:
Biologic intercourse.	Biologic intercourse.
Anal release of an	Anal release of an
elastic fluid.	elastic fluid.
Solid waste matter	Solid waste matter
from the bowels.	from the bowels.
A yellowish fluid	A yellowish fluid
secreted by the	secreted by the
kidneys, passed	kidneys, passed
through ureters to	through ureters to
bladder, from which	bladder, from which
it is discharged	it is discharged
through the urethra.	through the urethra.
Any port in a storm!	Any port in a storm!
Found on a male.	Found on a male.
Freddie Justinfletch	Freddie Justinfletch
Alias:	Alias:
Freddie the Freak	Freddie the Freak
Physical:	Physical:
5'3",219lbs,bald/grn	5'3",219lbs,bald/grn
Wanted for:	Wanted for:
Jimmy "the Junky"	Jimmy "the Junky"
6'4",160lbs,blk/brn	6'4",160lbs,blk/brn
4'9",160lbs,blk/blu	4'9",160lbs,blk/blu
WAR: Q72, petty theft	WAR: Q72, petty theft
Winiford Watson	Winiford Watson
Winnie the Weasel	Winnie the Weasel
5'8",180lbs,bald/brn	5'8",180lbs,bald/brn
Numerous tattoos.	Numerous tattoos.
Narcotics, weapons,	Narcotics, weapons,
violations.	violations.
unlisted telephone	unlisted telephone
number of: Police	number of: Police
Commissioner Hacker	Commissioner Hacker
Enter search string:	Enter search string:
Lytton Police Dept.	Lytton Police Dept.
On-Line Database	On-Line Database
Good morning!	Good morning!
Didn't match %s1.	Didn't match %s1.
Former programmer;	Former programmer;
author of that cult	author of that cult
classic, "Bop-A-Bet!"	classic, "Bop-A-Bet!"
Computer renaissance	Computer renaissance
man: artist, program-	man: artist, program-
mer, guitarist.	mer, guitarist.
Nice ol' family man;	Nice ol' family man;
former CHiP (not as	former CHiP (not as
in cow).	in cow).
Like a civil servant:	Like a civil servant:
we can't fire him and	we can't fire him and
can't get him to work	can't get him to work
15-year veteran, LPD	15-year veteran, LPD
202 Gyrate Ct,	202 Gyrate Ct,
License: OHMYMG	License: OHMYMG
On-Line Help is no	On-Line Help is no
longer available.	longer available.
ohmymg	ohmymg
dir	dir
BDOS err on a:	BDOS err on a:
convicted drug pusher	convicted drug pusher
al lowe	al lowe
greg rowland	greg rowland
jim walls	jim walls
ken williams	ken williams
Wanted for murder,	Wanted for murder,
drug involvement,	drug involvement,
prostitution.	prostitution.
Last seen area of	Last seen area of
Chicago, Ill.	Chicago, Ill.
prgrmr1	prgrmr1
Art Serabian,	Art Serabian,
No wants.	No wants.
m65789	m65789
m09876543	m09876543
r12345678	r12345678
sw9764912	sw9764912
lop1238	lop1238
c03456218	c03456218
ul6942	ul6942
License: UL6942	License: UL6942
Issued to:	Issued to:
1979 Cadillac,	1979 Cadillac,
junked in 1983.	junked in 1983.
VIN: C0864213579	VIN: C0864213579
C0864213579	C0864213579
hots	hots
3:00 lunch Robert G.	3:00 lunch Robert G.
$2,000.00 col. R.G. 	$2,000.00 col. R.G. 
set up H.D. gambling	set up H.D. gambling
blackjack         X 	blackjack         X 
initiate plan for   	initiate plan for   
  dealer R.O.     X 	  dealer R.O.     X 
meet J.M. & L.W.  X 	meet J.M. & L.W.  X 
Cindy $100.00     X 	Cindy $100.00     X 
Ammo              X 	Ammo              X 
meet N/W boss       	meet N/W boss       
discipline pimp 1   	discipline pimp 1   
discipline pimp 2   	discipline pimp 2   
terminate L.W.    X 	terminate L.W.    X 
terminate J.M.    X 	terminate J.M.    X 
       Sunday       	       Sunday       
poker with J.B.   X 	poker with J.B.   X 
evaluation of drug  	evaluation of drug  
  saturation plan X 	  saturation plan X 
cash profit total   	cash profit total   
phone East Coast    	phone East Coast    
meet Gutless Wonder 	meet Gutless Wonder 
initiate Plan 3     	initiate Plan 3     
You leave the suspect's black book undisturbed, to be impounded with the car.	You leave the suspect's black book undisturbed, to be impounded with the car.
After browsing through the suspect's personal address book, you return it to evidence.	After browsing through the suspect's personal address book, you return it to evidence.
It's a Smith and Weston .45-caliber, automatic handgun.	It's a Smith and Weston .45-caliber, automatic handgun.
The serial number on the gun is SW9764912.	The serial number on the gun is SW9764912.
You place the gun back in the car to be impounded by Officer Jack Cobb along with the car.	You place the gun back in the car to be impounded by Officer Jack Cobb along with the car.
Your partner will take care of the details back at HQ.	Your partner will take care of the details back at HQ.
When you're finished looking at the gun, return it to the glove compartment. %m4	When you're finished looking at the gun, return it to the glove compartment. %m4
After careful examination of the weapon, you return it to evidence.	After careful examination of the weapon, you return it to evidence.
"Hey, Jack," you shout, "book this gun!!"	"Hey, Jack," you shout, "book this gun!!"
The evidence label bears a box marked "Fingerprints," with the initials of Det. Frank Williams, of the Lytton PD Crime Lab.	The evidence label bears a box marked "Fingerprints," with the initials of Det. Frank Williams, of the Lytton PD Crime Lab.
            THE LYTTON TRIBUNE        	            THE LYTTON TRIBUNE        
 DOPE IN THE CITY  \\| PRESIDENT HICKLE	 DOPE IN THE CITY  \\| PRESIDENT HICKLE
The city of Lytton,\\|	The city of Lytton,\\|
once a beautiful,  \\|	once a beautiful,  \\|
peaceful, quiet    \\|	peaceful, quiet    \\|
city with few major\\|	city with few major\\|
crime problems, is \\|	crime problems, is \\|
now experiencing   \\|	now experiencing   \\|
rapid growth and   \\|Smugsville, U.S.A.	rapid growth and   \\|Smugsville, U.S.A.
prosperity. But,   \\|President Hickle	prosperity. But,   \\|President Hickle
along with growth  \\|was in Smugsville	along with growth  \\|was in Smugsville
has come an alarm- \\|yesterday evening,	has come an alarm- \\|yesterday evening,
ing increase in the\\|observing the	ing increase in the\\|observing the
crime rate that is \\|annual migration	crime rate that is \\|annual migration
     see Dope, pg 2\\|   see Birds, pg 2	     see Dope, pg 2\\|   see Birds, pg 2
   Birds, from pg 1\\|   Dope, from pg 1	   Birds, from pg 1\\|   Dope, from pg 1
of the red-bellied \\|threatening the	of the red-bellied \\|threatening the
swamp coddlers.    \\|peace of Lytton.	swamp coddlers.    \\|peace of Lytton.
The President, who \\|Police Sgt. John	The President, who \\|Police Sgt. John
has been a bird    \\|Dooley states that	has been a bird    \\|Dooley states that
lover since child- \\|dangerous drugs	lover since child- \\|dangerous drugs
hood, rates the    \\|are showing up on	hood, rates the    \\|are showing up on
mating dance of the\\|the streets and in	mating dance of the\\|the streets and in
coddler as being   \\|our schools.	coddler as being   \\|our schools.
"as spectacular as \\|The homicide rate	"as spectacular as \\|The homicide rate
the golden-crowned \\|and prostitution	the golden-crowned \\|and prostitution
scum sucker." The  \\|are at a level the	scum sucker." The  \\|are at a level the
President candidly \\|city has never	President candidly \\|city has never
admitted that he   \\|seen. The Tribune	admitted that he   \\|seen. The Tribune
once skipped the   \\|has learned from a	once skipped the   \\|has learned from a
    see Birds, pg 3\\|    see Dope, pg 3	    see Birds, pg 3\\|    see Dope, pg 3
   Birds, from pg 2\\|   Dope, from pg 2	   Birds, from pg 2\\|   Dope, from pg 2
Geneva Arms Conven-\\|reliable source	Geneva Arms Conven-\\|reliable source
tion to watch some \\|that a big-time	tion to watch some \\|that a big-time
old coddlers mate. \\|drug dealer with a	old coddlers mate. \\|drug dealer with a
The President says \\|street name of	The President says \\|street name of
a bill is presently\\|"Death Angel" may	a bill is presently\\|"Death Angel" may
before the Senate  \\|be responsible for	before the Senate  \\|be responsible for
proclaiming Nat-   \\|the drug traffic.	proclaiming Nat-   \\|the drug traffic.
ional Coddler Day! \\|	ional Coddler Day! \\|
                   \\|  LPD OFFICER OF	                   \\|  LPD OFFICER OF
      ESCAPED      \\| THE YEAR NOMINEES	      ESCAPED      \\| THE YEAR NOMINEES
Lytton City Jail   \\|Lytton PD Chief	Lytton City Jail   \\|Lytton PD Chief
reported the escape\\|Whipplestick has	reported the escape\\|Whipplestick has
of a female prison \\|nominated Sonny	of a female prison \\|nominated Sonny
inmate last night. \\|Bonds and Joe	inmate last night. \\|Bonds and Joe
  see Escaped, pg 4\\| see Nominee, pg 4	  see Escaped, pg 4\\| see Nominee, pg 4
 Escaped, from pg 3\\|Nominee, from pg 3	 Escaped, from pg 3\\|Nominee, from pg 3
Floreen "Flustered \\|	Floreen "Flustered \\|
Flora" Paxton flew \\|	Flora" Paxton flew \\|
the coop by hiding \\|	the coop by hiding \\|
beneath a pile of  \\|	beneath a pile of  \\|
soiled prison      \\|	soiled prison      \\|
laundry in a hand- \\|	laundry in a hand- \\|
pushed basket.     \\|	pushed basket.     \\|
                   \\|	                   \\|
KINGDOM OF DAVENTRY\\|Bonds and Walters	KINGDOM OF DAVENTRY\\|Bonds and Walters
is now under siege \\|	is now under siege \\|
by a renegade, 3-  \\|Walters for LPD	by a renegade, 3-  \\|Walters for LPD
headed dragon. One \\|"Officer of the	headed dragon. One \\|"Officer of the
unidentified gnome \\|Year Award" due to	unidentified gnome \\|Year Award" due to
stated the kingdom \\|outstanding effort	stated the kingdom \\|outstanding effort
is in a "state of  \\|and commitment in	is in a "state of  \\|and commitment in
emergency."        \\|crime prevention.	emergency."        \\|crime prevention.
Since your shift is beginning, you discard the newspaper.	Since your shift is beginning, you discard the newspaper.
You ARE reading the paper.	You ARE reading the paper.
This is not a good place to exit your vehicle.	This is not a good place to exit your vehicle.
%m1 There is nothing of interest here.	%m1 There is nothing of interest here.
There is no reason to stop at this location.	There is no reason to stop at this location.
Ok. Now, find a good place to stop.	Ok. Now, find a good place to stop.
Laura says, "Sonny, if you blow this stakeout you'll be '86ed from Narcotics, real quick-like. Now, move it to the park!"	Laura says, "Sonny, if you blow this stakeout you'll be '86ed from Narcotics, real quick-like. Now, move it to the park!"
Laura reminds you, "Sonny! Are we going on a tour? Get these pushers to jail!	Laura reminds you, "Sonny! Are we going on a tour? Get these pushers to jail!
Hello. Welcome to Lytton.	Hello. Welcome to Lytton.
Disobeying Sgt. Dooley is not a good idea. Better get back on patrol.	Disobeying Sgt. Dooley is not a good idea. Better get back on patrol.
Take your prisoner to jail!	Take your prisoner to jail!
Are you planning to buy this crook lunch? %m9	Are you planning to buy this crook lunch? %m9
The Department Picnic is next month. %m9	The Department Picnic is next month. %m9
%m24Blue Room! %m9	%m24Blue Room! %m9
%m24station! %m9	%m24station! %m9
Taking lawbreakers directly to court is highly efficient, but our justice system doesn't funtion that way!	Taking lawbreakers directly to court is highly efficient, but our justice system doesn't funtion that way!
Now, that's an idea. Give the culprit the ol' anchor test in the river. Nah, you'd better not.	Now, that's an idea. Give the culprit the ol' anchor test in the river. Nah, you'd better not.
Laura says, "Sonny, I have reports to finish. Head for the office."	Laura says, "Sonny, I have reports to finish. Head for the office."
You have driven out of your jurisdiction. Time to whip a "U" and head back to town!	You have driven out of your jurisdiction. Time to whip a "U" and head back to town!
It is a lovely day for a drive, but this is no vacation!	It is a lovely day for a drive, but this is no vacation!
You must stay in Lytton to defend its inhabitants from crime.	You must stay in Lytton to defend its inhabitants from crime.
Nice job, crash! That's one way to get a vacation!	Nice job, crash! That's one way to get a vacation!
You're driving a car, not "Helicopter Simulator!"	You're driving a car, not "Helicopter Simulator!"
It's back to driving school for you, Sonny!	It's back to driving school for you, Sonny!
You may only ignore intersection controls when operating a patrol car in Code-3 status, and even then only using due caution.	You may only ignore intersection controls when operating a patrol car in Code-3 status, and even then only using due caution.
Criminals are not welcome in the 	Criminals are not welcome in the 
Map 	Map 
%m29A1	%m29A1
%m29A2	%m29A2
%m29A3	%m29A3
%m29A4	%m29A4
%m29B1	%m29B1
%m29B2	%m29B2
%m29B3	%m29B3
%m29B4	%m29B4
%m29C1	%m29C1
%m29C2	%m29C2
%m29C3	%m29C3
%m29C4	%m29C4
%m29D1	%m29D1
%m29D2	%m29D2
%m29D3	%m29D3
%m29D4	%m29D4
You are in front of 	You are in front of 
, but you need to find the parking area.	, but you need to find the parking area.
%m46the Hotel Delphoria%m47	%m46the Hotel Delphoria%m47
%m46Carol's Caffiene Castle%m47	%m46Carol's Caffiene Castle%m47
%m46Lytton City Park%m47	%m46Lytton City Park%m47
%m46the Blue Room%m47	%m46the Blue Room%m47
%m46the Lytton Police Department%m47	%m46the Lytton Police Department%m47
%m46the Lytton Court house%m47	%m46the Lytton Court house%m47
%m46the Lytton City Jail%m47	%m46the Lytton City Jail%m47
%m46Cotton Cove%m47	%m46Cotton Cove%m47
You observe an erratically-driven vehicle and feel the driver may have had one too many.	You observe an erratically-driven vehicle and feel the driver may have had one too many.
Dispatch relays, "83-32, be advised. Possible stolen vehicle reported in your vicinity."	Dispatch relays, "83-32, be advised. Possible stolen vehicle reported in your vicinity."
"Vehicle is light blue, late-model Cadillac, last seen near Jefferson High. Possible drug involvement."	"Vehicle is light blue, late-model Cadillac, last seen near Jefferson High. Possible drug involvement."
"Approach with caution. 10-4."	"Approach with caution. 10-4."
Did you see that red sports car run that red light?!	Did you see that red sports car run that red light?!
%m10Respond to 11-83, SW corner of Fig and 4th."	%m10Respond to 11-83, SW corner of Fig and 4th."
Steve radios, "83-32, this is 83-31. Time for 11-98 at Caffeine Castle!"	Steve radios, "83-32, this is 83-31. Time for 11-98 at Caffeine Castle!"
You cruise your beat, just aching to write a ticket.	You cruise your beat, just aching to write a ticket.
%m10Respond to a complaint at Carol's Caffeine Castle."	%m10Respond to a complaint at Carol's Caffeine Castle."
Dispatch squawks, "83-32. 83-32. 	Dispatch squawks, "83-32. 83-32. 
?	?
Patrol Car Keys	Patrol Car Keys
Corvette Keys	Corvette Keys
Cadillac Keys	Cadillac Keys
Radio Extender	Radio Extender
Revolver	Revolver
Ammunition	Ammunition
Briefcase	Briefcase
Note Book	Note Book
Pen	Pen
Ticket Book	Ticket Book
Lytton Tribune	Lytton Tribune
Wallet	Wallet
Nightstick	Nightstick
Loaded Revolver	Loaded Revolver
Hoffman File	Hoffman File
Wanted Poster	Wanted Poster
White Suit	White Suit
Trick Cane	Trick Cane
Hair Bleach	Hair Bleach
Marked Money	Marked Money
Transmitter Pen	Transmitter Pen
Room Key	Room Key
No Bail Warrant	No Bail Warrant
Handcuffs	Handcuffs
