\n      Police Quest\n\n   in Pursuit of the\n      Death Angel\n\n      by Jim Walls\n\n  Ver 2.0G     12/3/87   \n	警察故事\n\n追捕死亡天使\n\nJim Walls 編劇\n\n版本 2.0G　1987 年 12 月 3 日
On the back of your hand?	寫在手背上嗎？
You can't write with a radio!	無線電不是拿來寫字的！
You see nothing special.	你沒看到任何特別的東西。
How can you do that?	你怎麼能那樣做？
Using what?	要用什麼？
%m8it.	%m8它。
You don't need 	你不需要
Just do that yourself.	那你自己做吧。
What would you do with it?	你想拿它做什麼？
 key is documented in%m17 Please refer to it for proper usage.	%m17 裡記載了鑰匙的使用方式，請參閱。
call	呼叫
Note: 	注意：
Once you tasted it, you wouldn't want it!	你一嚐就不會想要它了！
 your "LPD Policeman's Indoctrination Guide."	你的「LPD 警員入職指南」。
You shouldn't have done that!	你不該那樣做！
It's more valuable to you as it is!	它保持原樣對你更有價值！
Please refer to%m17	請參閱%m17
%m8to close it.	%m8關閉它。
%m87 Please review proper gun handling procedures in%m17	%m87 請參閱%m17 中的正確槍械操作程序。
%m87 You'll blow out a window!	%m87 你會把窗戶打爆的！
My, what a filthy mind you have!	天啊，你的思想真不純潔！
%m8to open it.	%m8打開它。
If you climb that, Sgt. Dooley will climb your back!	你要是爬那個，Dooley 警佐就會爬到你背上！
"Hey, thanks a lot!"	「嘿，非常感謝！」
But now you'll NEVER get it back!	但你現在永遠拿不回來了！
"Hello."	「哈囉。」
%m8to move it.	%m8移動它。
There's no one nearby.	附近沒有人。
That's not necessary at this time.	現在沒這個必要。
Save your writing for reports.	把你的文筆留到寫報告時再用吧。
You are wearing blue polyester and gabardine trousers, a long-sleeve shirt, and shiny black shoes.	你穿著藍色聚酯纖維與華達呢長褲、長袖襯衫，以及閃亮的黑鞋。
Not here!	不是這裡！
You're not close enough.	你離得不夠近。
You already have it.	你已經有那件物品了。
You don't have it.	你沒有那件物品。
Ok.	好。
Your clothes are stylish, but the pockets are empty.	你的衣服很有型，但口袋是空的。
Locals missed it!	本地隊沒接到！
Everybody missed!	大家都沒接到！
Captain Whipplestick comes on the air and advises you to review proper radio procedures in%m17	Whipplestick 隊長透過無線電提醒你，請參閱%m17 中的正確無線電程序。
Caught undressed in public, you spend the rest of your life in shame!	在公共場所被抓到沒穿衣服，你將在羞恥中度過餘生！
Thanks for playing\n"Police Quest."\n\nNext time, don't make\nthis mistake again!	感謝遊玩《警察故事》。\n\n下次別再犯同樣的錯！
Since you're dead...\n\nall you can do is restore a saved game or start over.	既然你已經死了……\n\n你只能讀取存檔或重新開始。
"'Bye."	「再見啦。」
"You're welcome."	「不客氣。」
There's no answer.	沒有回應。
What's a 	什麼是
%m50%w1?	%m50%w1？
%m50%w2?	%m50%w2？
%m50%w3?	%m50%w3？
%m50%w4?	%m50%w4？
%m50%w5?	%m50%w5？
%m50%w6?	%m50%w6？
%m50%w7?	%m50%w7？
%m50%w8?	%m50%w8？
You find them quite illuminating!	你覺得它們相當啟發人心！
It holds you up (which, in this case, is not a felony).	它支撐著你（這次不算重罪）。
Yep, it's still up there!	沒錯，它還在上面！
You are carrying a blank notebook.	你帶著一本空白筆記本。
Just a moment, please...	請稍候……
The F4%m11	F4%m11
The F6%m11	F6%m11
The F8%m11	F8%m11
The F10%m11	F10%m11
With what, Sonny?	要用什麼，Sonny？
Your beat covers from Palm Street to Parkway Drive, and from River Road to Clearwater Drive.	你的巡邏區域從Palm 街到Parkway 大道，從River 路到Clearwater 路。
Your briefcase IS closed.	你的公事包確實關著。
A police officer without a weapon, is like being...	警察沒有武器，就像是……
...up a creek without a paddle!	……沒有槳卻被困在溪流裡！
As Chief Whipplestick would say, "A cop without ammo is like a bullet without powder!"	正如 Whipplestick 局長所說：「沒有彈藥的警察，就像沒有火藥的子彈！」
These walls do a fine job of holding up the ceiling.	這些牆把天花板支撐得很好。
Do you have a kidney problem?	你有腎臟問題嗎？
My gawd! Do you have a weak sphincter?	我的天！你的括約肌很無力嗎？
You don't have time to relax.	你沒時間休息。
You can't see the Help Screen right now. Try again elsewhere.	你現在看不到說明畫面。換個地方再試。
%m8to do that.	%m8那樣做。
You don't have them.	你沒有那些東西。
Fastest%m85	最快%m85
Fast%m85	快%m85
Normal%m85	正常%m85
Slow%m85	慢%m85
 speed.	速度。
Now?!	現在？！
As you blow off your right leg, you resolve that, in the future, you will DRAW your weapon before you FIRE it!	右腿被你自己轟飛後，你決定今後一定要先拔槍，再開槍！
Go where?	要去哪裡？
You rip out the speed loader and load your weapon.	你拔出快速裝彈器，替武器裝填。
It is loaded. You have %v34 shells left.	已經裝填完畢。你還有 %v34 發子彈。
What are you going to load? %m93	你要裝填什麼？%m93
You're unarmed.	你手無寸鐵。
Click! (Dry firing an empty gun is good practice for proper grip.)	喀嚓！（對空槍扣扳機是練習正確握槍的好方法。）
Why do that?	為什麼要那樣做？
You have no ammunition.	你沒有彈藥。
Nah. Just wear it.	不用，直接穿上就好。
An interesting approach -- but fatal!	方法挺有意思——但會致命！
What are you going to do? Scream, and pray that Dispatch will hear you?	你打算怎麼辦？尖叫，然後祈禱調度台聽得見？
Handling your weapon while driving is dangerous.	開車時操作武器很危險。
Your backups ARE listening.	你的支援人員確實正在聽。
This car has a tape player, but no police radio.	這輛車有卡帶播放器，但沒有警用無線電。
\n\nYou've been playing for\n	\n\n你已經玩了\n
Notebook? What notebook?	筆記本？什麼筆記本？
You don't have one.	你沒有那個。
Jim Walls, Greg Rowland, Al Lowe, Mark Crowe, Scott Murphy, Ken Williams, Jerry Moore, Jeff Stephenson, Chris Iden and Bob Heitman.	Jim Walls、Greg Rowland、Al Lowe、Mark Crowe、Scott Murphy、Ken Williams、Jerry Moore、Jeff Stephenson、Chris Iden、Bob Heitman。
%m1%m103%v14 days, %v13 hours, %v12 minutes and %v11 seconds.\n	%m1%m103%v14 天、%v13 小時、%v12 分鐘、%v11 秒。\n
%m1%m103%v13 hours, %v12 minutes and %v11 seconds.\n	%m1%m103%v13 小時、%v12 分鐘、%v11 秒。\n
%m1%m103%v12 minutes and %v11 seconds.\n	%m1%m103%v12 分鐘、%v11 秒。\n
Sierra	Sierra
About PQ  	關於《警察故事》  
Help  <F1>	說明  <F1>
File	檔案
Save     <F5>	儲存     <F5>
Restore  <F7>	讀取     <F7>
-------------	-------------
Restart  <F9>	重新開始  <F9>
Quit  <Alt-Z>	離開  <Alt-Z>
Action	動作
Inventory      <Tab>	物品欄      <Tab>
See Object  <Ctrl-S>	查看物品  <Ctrl-S>
Dispatcher  <Ctrl-D>	調度中心  <Ctrl-D>
Special	特殊
Sound On/Off       <F2>	音效 開／關       <F2>
Graphics Mode  <Ctrl-R>	畫面模式  <Ctrl-R>
Joystick/Mouse <Ctrl-J>	搖桿／滑鼠 <Ctrl-J>
Joystick       <Ctrl-J>	搖桿       <Ctrl-J>
Pause Game             	暫停遊戲             
Speed	速度
Normal 	正常 
Slow   	慢速   
Fast   	快速   
Fastest	最快
-------	-------
Slower 	較慢 
Give away your handcuffs?	把手銬送人？
No way!	想都別想！
Adventure Game Development System	冒險遊戲開發系統
(C) 1987 by Sierra On-Line, Inc.	(C) 1987 Sierra On-Line, Inc.
%g88	%g88
load gun	裝填槍械
draw gun	拔槍
fire gun	開槍
As you look into the car, you wonder, "Can this be happening?"	你望向車內，心想：「這種事真的會發生嗎？」
The young lady has a smile that could melt the polar ice caps, beautiful flashing eyes, gorgeous hair, and her unbuttoned blouse makes it obvious she has nothing to hide!	年輕女子的笑容足以融化極地冰帽；她雙眼明亮、秀髮動人，而解開的襯衫更清楚說明她沒什麼好隱瞞的！
In a soft, seductive voice she murmers, "Why, officer! I'm just sure I didn't do anything wrong."	她用輕柔誘人的聲音喃喃說：「警官！我確定自己沒有做錯任何事。」
"I'm truly sorry, sir. I honestly did not even see that red light. Is there anything I can do to convince you to let me off? And, I DO mean anything!"	「真的很抱歉，長官。我確實沒看到紅燈。要怎樣你才肯放過我？任何事都可以！」
You quickly trade your integrity for a shot at cheap thrills and torrid sex!	你很快就拿自己的操守換取廉價刺激與火熱性愛！
"Who cares?!"	「誰在乎啊？！」
"My phone number is 555-4369," she says with a smile, "Give me a call some time."	她笑著說：「我的電話是 555-4369，有空打給我。」
Being the veteran you are, you overcome temptation and stare the young lady straight in the eyes, "May I please see your driver's license, Ma'am?"	身為老練警員，你克服誘惑，直視年輕女子的雙眼說：「小姐，可以請你出示駕照嗎？」
"Again??"	「再一次？？」
She's hopping mad as she yells, "Oh, you cops are all alike! All you care about is making your quotas! Well, come on, snap it up. I am in a hurry, Mr. Bigshot Traffic Cop!"	她氣得跳腳，大喊：「你們警察都一個樣！只在乎達成配額！快點，我趕時間，大牌交通警察先生！」
"Guys like you make me want a big dip of snuff! You never give a decent girl a break! You just hassle people!"	「你這種人讓我想大嚼一口鼻煙！你從不放過正經女孩！只會找人麻煩！」
You can't write a ticket without your pinch book.	沒有開單簿就不能開罰單。
What a pair of headlights!!	好大的車頭燈！！
She verbally pounds you again, "Officer, did your mother have any children that lived?"	她又用話語痛擊你：「警官，你母親有沒有生下活著的孩子？」
You must see the violator's driver's license in order to write a ticket.	要開罰單，必須先查看違規者的駕照。
She hands your ticket book back and suggests with a sarcastic smile, "Why don't you shove that pen where the sun don't shine, Officer? 'Mommy and Daddy,' really!"	她把開單簿還給你，帶著諷刺笑容說：「警官，你何不把那支筆塞到不見陽光的地方？『爸爸媽媽』，真是的！」
She hasn't signed it, Sonny.	她還沒簽名，Sonny。
You're holding it.	你正拿著它。
As your eyes meet, you're momentarily stunned.	你們四目相交的一瞬間，你愣住了。
"My name is Helen. Helen Hots," she says as heat detectors go off for miles around. "What's yours, Handsome?"	「我叫 Helen，Helen Hots。」她說，周圍的熱感測器彷彿全都響了起來。「帥哥，你叫什麼？」
"I'm truly sorry, sir. Is there anything I can do to convince you to let me off? And, I DO mean anything!"	「真的很抱歉，先生。我能做些什麼說服你放我一馬嗎？而且，我是認真的！」
"Why, I've never heard of anyone by that name, Officer!"	「警官，我從沒聽過那個名字！」
Helen Hots	Helen Hots
Female 5'2 105	女性 5 呎 2 吋，105 磅
HAIR Black	頭髮 黑色
EYES Blue	眼睛 藍色
DOB 2/14/66	出生日期 1966 年 2 月 14 日
202 Gyrate Ct	Gyrate Court 202 號
Lytton, CA	加州 Lytton
RESTRICTIONS	限制
None.	無。
Politely, you tell her, "You ran a red light back there, Miss."	你禮貌地告訴她：「小姐，你剛才闖了紅燈。」
"Thanks for not giving me a ticket, Officer!"	「謝謝你沒有開我罰單，警官！」
"What? And, as nice as I have been to you! Why, I gave you my phone number and everything. If you do anything to me, Turkey, I'll file rape charges on you so fast it'll make your head swim! Gawd, what a BUM!"	「什麼？我對你這麼好耶！電話號碼什麼的我都給你了。你敢對我怎麼樣，笨蛋，我馬上告你性侵，告到你頭暈眼花！天啊，真是個廢物！」
Your briefcase is in the car.	你的公事包在車裡。
"Why, Officer!" she smiles coyly. "Please don't stare there!!"	「哎呀，警官！」她羞怯地笑著。「請別盯著那裡看！」
First, return her license.	先把她的駕照還回去。
What a face. What a pair of eyes!	這張臉，這雙眼睛！
You hand her the ticket book and your pen. "Please sign at the 'X,' Ma'am," you politely instruct her.	你把開單簿和筆交給她。「小姐，請在 X 上簽名。」你禮貌地指示。
You haven't written her up yet.	你還沒替她開單。
You can only write one ticket per violation, Sonny!	每項違規只能開一張罰單，Sonny！
You can't write a ticket without your pen.	沒有筆就不能開罰單。
"Well, how rude," she says, attempting to be offended. "But, if that's what it takes, I suppose it's all right with me!"	她故作生氣地說：「哼，真沒禮貌！」「不過，如果非這樣不可，我想我也沒意見！」
"Why don't you look at my license?" she asks.	「你為什麼不看看我的駕照？」她問。
"Good day, Ma'am," you say, trying to keep your glance high. "I'm Officer Sonny Bonds."	你努力把視線抬高，說：「午安，女士。我是 Sonny Bonds 警員。」
Your heart slips up into your throat! %m5	你的心臟一下子跳到喉嚨口！%m5
"Short memory, Officer?" she snickers.	「警官，你記性真差？」她竊笑道。
"What did I do wrong, Officer?" she says, showing her best smile.	「警官，我做錯了什麼？」她露出最燦爛的笑容。
That is unnecessary for a simple traffic violation.	普通交通違規不需要那樣做。
Nice try, but unfortunately, unnecessary in a traffic violation.	想得不錯，但很遺憾，交通違規不需要那樣做。
You carefully fill in all the necessary information on the citation.	你仔細填妥罰單上的所有必要資料。
Where!?	在哪裡！？
This is the pulpit from which Sgt. Dooley delivers his words of wisdom and inspiration to his troops. Listen and take careful notes during each briefing.	這是 Dooley 警佐向部下傳授智慧與鼓舞士氣的講台。每次簡報都要仔細聽並做筆記。
The pigeonhole is a police officer's mailbox. He can receive love letters, subpoenas, nasty messages, and even departmental memos. You ought to check yours.	信件格是警員的郵箱，裡面可能有情書、傳票、討厭的留言，甚至警局備忘錄。你應該查看自己的。
It's just an everyday, run-of-the-mill, rosewood, report-writing table with four legs, three drawers, and 243 pieces of gum stuck underneath.	這只是一張普通的玫瑰木報告桌，有四條腿、三個抽屜，底下還黏著 243 塊口香糖。
It's a regular blackboard, but Dooley keeps all his chalk and erasers locked up so you can't leave any cute messages.	這是普通黑板，但 Dooley 把粉筆和板擦都鎖起來了，所以你留不了可愛的留言。
You see nothing special about this drawer.	你沒在這個抽屜裡看到任何特別的東西。
There's nothing on the podium that opens.	講台上沒有能打開的東西。
You open the drawer and observe various tools used in diagraming traffic collisions. Nothing here will aid you.	你打開抽屜，看見各種繪製交通事故示意圖的工具。這裡沒有能幫上你的東西。
Don't get any ideas, Sonny!	別打什麼主意，Sonny！
There is no chalk available.	這裡沒有粉筆。
How nasty!	真討厭！
It is not wise to leave just as briefing is ready to start!	簡報即將開始時離開可不是明智之舉！
Sgt. Dooley will play "kick the can" with yours if you leave when he's ready to begin his briefing. Get to your desk!	Dooley 警佐準備開始簡報時你還離開，他會把你的屁股當足球踢。快回座位！
There is a newspaper lying on the table.	桌上放著一份報紙。
The briefing room contains a single podium and four report writing tables. %m16	簡報室裡有一座講台和四張寫報告用的桌子。%m16
On the far wall are eight pigeonholes. On the front wall there is a blackboard.	遠牆上有八個信件格，前牆上有一塊黑板。
R. J. Jefferson, the Department's janitor, does good work. Don't mess it up!	警局清潔工 R. J. Jefferson 做得很不錯。別把它弄亂！
You see a textured ceiling with florescent lighting.	你看見有紋理的天花板和螢光燈。
Anyone caught climbing tables is automatically directed to the locally-contracted Departmental Psychologist.	任何被抓到爬上桌子的人，都會被自動轉介給本地簽約的警局心理師。
You don't need anything in the drawer.	抽屜裡沒有你需要的東西。
Under the table, 243 pieces of gum defy gravity.	桌子底下有 243 塊口香糖違反重力黏著。
If you mess with his blackboard, Sgt. Dooley may verbally assault you with his highly-acclaimed, personal collection of four-letter words.	如果你亂動他的黑板，Dooley 警佐可能會用他那套赫赫有名的四字經狠狠罵你。
You are looking at the latest in locker room benches. Don't slide after sitting or you'll spend the evening plucking wood chips out of your tail!	你正在看更衣室最新款的長椅。坐下後別滑動，否則今晚就得從屁股拔木屑！
The wooden bench is securely attached to the floor.	木頭長椅牢牢固定在地板上。
You can't move something that's anchored to the floor.	固定在地板上的東西動不了。
This shower is unique. It will give you all the hot water you want for two minutes, or all the ice water you want forever.	這間淋浴間很特別：它會給你兩分鐘想要多少就有多少的熱水，或永遠供應你想要多少就有多少的冰水。
The shower IS on!	淋浴已開啟！
The shower IS Off!	淋浴已關閉！
The spigot is out of reach.	水龍頭搆不到。
Congratulations. Most players don't enter a shower while fully-clothed. You've just lost a point.	恭喜。大多數玩家不會穿著全套衣服走進淋浴間。你剛失去一分。
You'd better unlock your locker first!	你最好先打開置物櫃！
You've been docked one point for leaving the shower running.	你讓淋浴持續開著，被扣了一分。
There's no doubt that somewhere in your life you fell off a high porch and landed hard on your head!	毫無疑問，你人生某個時候一定從高高的門廊摔下來，還重重撞到了頭！
Grown policemen don't climb on benches, Sonny.	成年警察不會爬長椅，Sonny。
Your locker is too far away.	你的置物櫃太遠了。
Your locker is closed.	你的置物櫃是關著的。
This shower is already occupied. (And you're not that kind of boy!)	這間淋浴間已經有人了。（而且你不是那種男孩！）
Morris Fudley has worn out this shower!	Morris Fudley 把這間淋浴間用壞了！
Aaah... there's nothing like a nice, hot shower!	啊……沒有什麼比舒服的熱水澡更棒了！
Sorry, but your crime-stopping just can't wait!	抱歉，但制止犯罪可不能等！
You look at the ceiling and observe a lighting system that adequately illuminates the locker room. (Otherwise, it'd be dark in here!)	你抬頭看天花板，發現照明系統把更衣室照得很亮。（不然這裡可會一片漆黑！）
You look down and note a very clean, blue-tiled floor.	你低頭看見非常乾淨的藍色磁磚地板。
Yuck!	噁！
"Hey! Somebody die in there?!"	「嘿！裡面有人死了嗎？！」
Hearing the sound of rustling paper, you accurately surmise this stall's occupant is concentrating deeply!	聽見紙張窸窣聲，你很準確地猜到隔間裡的人正專心致志！
Grunts and groans encourage you to leave this area!	陣陣呻吟聲讓你覺得最好離開這裡！
From behind the door you hear the occupant whistling a familiar tune. At least he enjoys his handiwork.	你從門後聽見裡面的人吹著熟悉的曲調。至少他很享受自己的工作。
A disgusted voice snaps back, "Don't be so impatient!"	一個不耐煩的聲音回道：「別這麼沒耐性！」
"Use the next stall! I'm giving birth to a sergeant in here!"	「用下一間！我正在這裡生一個警佐！」
"I'd love to visit with you, Sonny, but there just isn't enough room in here for both of us!"	「我很想和你聊天，Sonny，但這裡沒有足夠空間容納我們兩個！」
"I'm taking time out from any discussions right now, buddy boy!"	「老兄，我現在暫時不想討論任何事！」
You see uniform trousers crumpled on the floor around a pair of bare legs, and conclude the stall is occupied.	你看見一雙光腿周圍皺著制服長褲，判斷淋浴間有人使用。
The Lytton PD locker room has two rows of full-sized, double-stacked lockers with a bench between them, two showers, and three toilet stalls.	Lytton 警局更衣室有兩排全尺寸雙層置物櫃，中間放著長椅，另有兩間淋浴間和三個廁所隔間。
If you had any points, you would have lost them for leaving the shower running. Remember, Sonny, "waste not, want not!"	要是你還有分數，淋浴沒關會被扣分。記住，Sonny：「節約才能不缺！」
Don't you feel foolish standing in the shower fully clothed? If you had any points, you'd have lost some for this!	穿著整套衣服站在淋浴間裡不覺得丟臉嗎？要是你有分數，這樣會被扣掉一些！
That would be best done in the shower.	這件事最好在淋浴間做。
Good idea!	好主意！
At last, you'll find out if blondes really have more fun!	終於，你可以知道金髮女郎是不是真的比較快樂！
One of these all-metal, double-stacked lockers is assigned to you. Finding it is up to you.	這些全金屬雙層置物櫃中有一格屬於你。自己找出來吧。
You carefully pour the bleach on your hair. Now what?	你小心地把漂白劑倒在頭髮上。接下來呢？
What are you going to rinse out?	你打算沖掉什麼？
Your hair is wet.	你的頭髮濕了。
With great anticipation, you carefully rinse the bleach from your hair.	你滿懷期待，小心地把頭髮上的漂白劑沖掉。
Aaahhh! That feels good.	啊……感覺真好。
Pervert!	變態！
"Strangers in the night, la da de dee dah..."	「夜裡的陌生人，啦答滴滴答……」
Around the hallway is a key board, a table holding radio extenders, a photograph on the far wall, and a barred window to the evidence room.	走廊周圍有一面鑰匙板、一張放著無線電延伸器的桌子、遠牆上的照片，以及通往證物室的鐵窗。
The table holds hand-held radio extenders that work in conjunction with your police car radio, when you are not near your patrol car.	桌上放著手持無線電延伸器，當你不在巡邏車附近時，可搭配警車無線電使用。
This key board holds the keys to the squad cars that are presently operable.	這面鑰匙板掛著目前可用警車的鑰匙。
This the most recent photograph of Lytton's Chief of Police Randolph "Brown Nose" Whipplestick. Appointed to the department only ten years ago, "Ol' B. N." rapidly manipulated his way to the top.	這是 Lytton 警局長 Randolph「馬屁精」Whipplestick 最近的照片。他十年前才加入警局，「老 B.N.」很快就靠手腕爬到頂端。
On the far wall is a photograph of Chief Whipplestick. On another wall, you see a key board.	遠牆上掛著 Whipplestick 局長的照片，另一面牆上有鑰匙板。
Good cops don't take city property without permission. Besides, what kind of nut would want the Chief's ugly face?	好警察不會未經許可拿走市政府財產。而且，哪個瘋子會想要局長那張醜臉？
That thing is screwed into the wall so tight, it would take you half a shift to remove it!	那東西鎖在牆上緊得要命，你得花半個班次才能拆下來！
Come on. You only need one!	拜託，你只需要一把！
You pick up a squelchy, noisy, but workable extender.	你拿起一個雜音很大的延伸器，但還能正常運作。
You look down and note a very clean, gray-tiled floor.	你低頭看到非常乾淨的灰色磁磚地板。
Whew! At least you have enough time to change clothes before briefing!	呼！至少你還有足夠時間在簡報前換衣服！
Why would you need a radio extender when you're off duty?	下班時何必需要無線電延伸器？
A radio extender is too bulky to carry on an undercover assignment.	無線電延伸器太笨重，不適合臥底任務攜帶。
You imagine that Russ must feel like a prisoner inside the tiny, evidence lockup.	你想像 Russ 在狹小的證物室裡一定像個囚犯。
You return your radio extender to the recharge stand.	你把無線電延伸器放回充電座。
Fluorescent lights illuminate the hallway.	日光燈照亮走廊。
You can't drive two cars at once.	你不能同時開兩輛車。
You take the patrol car's keys from the key board.	你從鑰匙板拿下巡邏車鑰匙。
"We lock it up, not give it out."	「我們把它鎖起來，不是拿出去。」
The evidence lockup is operated by officer "Russ Dinkle."	證物室由「Russ Dinkle」警官管理。
You hang the keys on the key board.	你把鑰匙掛回鑰匙板。
"Hi, Sonny," says Russ. "What do you need?"	Russ 說：「嗨，Sonny。你需要什麼？」
"Sonny, you should have seen Sgt. Dooley when he first discovered that chicken! He threw a screaming fit and wanted the Lieutenant to dust for prints."	「Sonny，你真該看看 Dooley 警佐第一次發現那隻雞時的樣子！他暴跳如雷，還要求中尉採集指紋。」
"If that 'Gremlin' keeps messing with me," says Sgt. Dooley, "I'm going to notify Internal Affairs to start an investigation!"	Dooley 警佐說：「那個『Gremlin』要是繼續找我麻煩，我就通知內務調查科展開調查！」
"When I find out who the little weasel is," says Sgt. Dooley, "you'd better believe that he or she will be walking a footbeat from the river all the way to Joe's Junkyard!"	Dooley 警佐說：「等我查出那隻小鼬鼠是誰，你最好相信他或她會從河邊一路徒步巡邏到 Joe 的廢車場！」
Walking out on Sgt. Dooley's words of wisdom is unwise! You are hereby found guilty of "Contempt of Dooley."	在 Dooley 警佐訓話時離開可不明智！現在判你「藐視 Dooley」罪名成立。
It sure clears out quick around here.	這裡的人跑得可真快。
"Look at Dooley! The man has gone berserk! I thought that new desk decoration was rather comical."	「看看 Dooley！那傢伙瘋了！我覺得他桌上的新裝飾挺滑稽的。」
"Hey, Sonny! Dooley says he's gonna start a big Internal Affairs investigation just because some fool put a stinkin', smelly bird on his desk."	「嘿，Sonny！Dooley 說只因為有人把一隻臭烘烘的鳥放到他桌上，就要展開大規模內務調查。」
"Take a look in my office, Sonny. Maybe you can shed some light as to how that creature made his way to the top of my desk!"	「Sonny，來我辦公室看看。也許你能查出那隻生物是怎麼爬到我桌上的！」
"This door to remain open during business hours."	「營業時間內本門應保持開啟。」
The locker room has a partition but no door!	更衣室有隔板，卻沒有門！
"Why, Sonny!" Russ says. "You know I don't keep them here!"	Russ 說：「怎麼了，Sonny！你知道我不把它們放在這裡！」
It is open.	它是開著的。
The door is closed.	門是關著的。
Russ says, "What can I do for you, Fly Boy?"	Russ 說：「我能為你做什麼，飛行小子？」
"Now, Sonny, you know this is official evidence. Don't go running off with it!"	「Sonny，你知道這是正式證物。別拿著它跑掉！」
Russ, the keeper of the evidence lockup, says, "Howdy, Sonny! Haven't seen anything with your name on it come in lately."	負責證物保管室的 Russ 說：「嗨，Sonny！最近沒看到寫著你名字的東西送進來。」
Since you're not in uniform, you don't need keys to a patrol car.	既然你沒有穿制服，就不需要巡邏車鑰匙。
You see Russ looking back at you.	你看見 Russ 回頭望著你。
Detective Laura Watts wanders into the room, giggles, then compliments you on the handsome towel you're wearing. "Boy, are YOU out of uniform," she laughs!	Laura Watts 警探走進房間，咯咯笑著稱讚你身上那條帥氣的毛巾。「天啊，你真的沒穿制服！」她笑道。
"Hey, Sonny! You're off duty, aren't you? Some of us are going by the Blue Room to throw Jack a little surprise party. After you change clothes, why don't you stop by?"	「嘿，Sonny！你現在下班了，對吧？我們有些人要去 Blue Room 為 Jack 辦個驚喜派對。換好衣服後過來吧？」
"The dancer we hired for Jack's party is something else!"	「我們為 Jack 派對請的舞者真是不得了！」
"See you there!"	「到時見！」
"Move outta the way!"	「讓開！」
You look under the table just to satisfy your curiosity. You find nothing.	你只是為了滿足好奇心而看看桌下，什麼也沒找到。
"Another day, another dollar! Write some tickets and Dooley won't holler!"	「過一天賺一天！多開幾張罰單，Dooley 就不會吼叫！」
"How do you do, Officer? Welcome to the Lytton PD Pharmaceutical and Weaponry Lockup."	「你好，警官？歡迎來到 Lytton 警局藥品與武器保管室。」
"I've got zip guns, shotguns, rockets and dope,\n\nsmack and crack, knives and coke.\n\nA little of this and a lot of that.\n\nIt's all locked up and that's a fact!"	「我有土製手槍、散彈槍、火箭和毒品，\n\n海洛因、快克、刀子和古柯鹼。\n\n這裡一點、那裡一大堆。\n\n全都鎖好了，這可是事實！」
"Detective Bonds, it appears you've been on a roll lately!"	「Bonds 警探，看來你最近表現得很順利！」
Dooley ain't fit to talk to now!	現在不適合和 Dooley 說話！
You lost your radio extender and now you want another?	你弄丟了無線電延伸器，現在還想再拿一個？
Forget it!	算了！
You lost those keys, remember?	你把那些鑰匙弄丟了，記得嗎？
The car door is open.	車門是開著的。
The car door is closed.	車門是關著的。
Since you're not assigned to this vehicle, there's no need to safety check it.	你不是這輛車的編派警員，不需要檢查它的安全性。
The back seat is reserved for prisoners and you have none!	後座是給犯人坐的，而你現在沒有犯人！
Trying to crawl through the window? %m2	想從窗戶爬進去嗎？%m2
Hmmm! This side looks ok!	嗯！這一側看起來沒問題！
You don't have the keys to this car.	你沒有這輛車的鑰匙。
There's no need to safety check your personal car.	沒必要檢查你的私人座車安全狀況。
There is no reason to open the passengers' doors.	沒有理由打開乘客側的車門。
The parking lot is surrounded by brick and chain link.	停車場四周是磚牆和鐵絲網。
It looks like Laura is waiting for you. You wonder what's up.	Laura 好像在等你。你不知道發生了什麼事。
"Hold on, Sonny. We've got work to do."	「等等，Sonny。我們有工作要做。」
"Sonny, one of my informants just told me a drug deal is going down soon in Lytton City Park" says Laura, getting into your car. "Lieutenant Morgan wants us to stake it out and see what we can do."	Laura 上車時說：「Sonny，我的一名線人剛告訴我，Lytton 市立公園很快會有毒品交易。Morgan 中尉要我們埋伏觀察，看看能做什麼。」
"Well, Cowboy, let's roll!"	「好了，牛仔，我們出發！」
There's no need to safety check the patrol car unless you're going to use it.	除非要使用巡邏車，否則不必做安全檢查。
The PR-24 must remain in the vehicle.	PR-24 警棍必須留在車內。
Having performed the prescribed, walk-around safety check of your vehicle, you're now ready to hit the streets.	你已完成規定的繞車安全檢查，現在可以上街執勤了。
You don't need to double check the car!	你不必再檢查一次車子！
The parking lot holds three patrol cars, an unmarked car and a shiny, clean Corvette.	停車場裡有三輛巡邏車、一輛無標誌車和一輛光亮乾淨的 Corvette。
Your marked patrol car features a powerful "V-8" engine choked down with the very latest in smog devices, and purchased from the lowest bidder! It is capable of attaining speeds of up to 87 (or more) miles per hour.	你的標誌巡邏車配備強大的「V-8」引擎，裝上最新的廢氣抑制裝置，還是向最低報價者買來的！最高時速可達 87 英里（甚至更快）。
This is an unmarked vehicle used in undercover operations. It was confiscated in an earlier arrest.	這是一輛用於臥底行動的無標誌車輛，先前逮捕行動中被沒收而來。
This is your sports car! You can't really afford one, but it's your one real luxury in life! Besides, you have few other financial obligations.	這是你的跑車！你其實負擔不起，但它是你人生唯一真正的奢侈品！何況你也沒什麼其他財務負擔。
Laura says, "Sonny, I'll go write up this arrest."	Laura 說：「Sonny，我去寫這份逮捕報告。」
"I'll bet Jack is over at the Blue Room," says Laura. "Why don't you go tell him we nailed the rat who was dealing dope at Jefferson High!"	Laura 說：「我猜 Jack 在 Blue Room。你何不去告訴他，我們抓到那個在 Jefferson 高中販毒的鼠輩了！」
It seems you have missed one briefing too many. Sgt. Dooley places you on administrative leave, without pay, for five days. Next time, attend briefings!	看來你缺席太多次簡報了。Dooley 警佐將你停職五天，不支薪。下次記得參加簡報！
Marvin Hoffman	Marvin Hoffman
Male 6'0 194#	男性 6呎0吋 194磅
DOB 6/2/56	出生日期 1956 年 6 月 2 日
31 W 104th St	31 W 104th St
Chicago, IL	Chicago, IL
Leroy Pierson	Leroy Pierson
Male 5'10 187#	男性 5呎10吋 187磅
DOB 4/28/55	出生日期 1955 年 4 月 28 日
1134 Beach St	1134 Beach St
Newport, CA	Newport, CA
You open the note book.	你打開筆記本。
Your partner will impound these items into evidence, along with the car.	你的搭檔會把這些物品連同車輛一起扣押為證物。
You observe a black notebook, and two driver's licenses.	你看到一本黑色筆記本和兩張駕照。
You open the trunk and discover a clear plastic bag containing a white powdery substance resembling cocaine and another clear plastic bag containing a green leafy substance resembling marijuana.	你打開後車廂，發現一個透明塑膠袋，裡面是疑似古柯鹼的白色粉末；另一個透明塑膠袋裡則是疑似大麻的綠色葉片。
As you start to examine the evidence, you hear Jack's voice behind you, "Just leave that stuff in the trunk, Sonny. I'll impound it along with the car."	你開始檢查證物時，聽見 Jack 在身後說：「那些東西就留在後車廂，Sonny。我會連同車子一起扣押。」
"Ok, Jack," you say, "See you back at the station."	你說：「好的，Jack。警局見。」
This is a quiet, residential area of Lytton.	這是 Lytton 安靜的住宅區。
You're outside the beautiful "Hotel Delphoria."	你人在美麗的「Delphoria 飯店」外。
You patrol the streets near "Carol's Caffeine Castle," and the famous "Wino Willey's" beer joint.	你在「Carol 咖啡城堡」與著名的「Wino Willey 酒館」附近街道巡邏。
The freeway leaves the City of Lytton here.	高速公路從這裡離開 Lytton 市。
To the west is the entrance to Lytton City Park.	西邊是 Lytton 市公園入口。
This is a commercialized area of Lytton.	這是 Lytton 的商業區。
In the battle of building vs vehicle, the vehicle has lost!	在建築物與車輛的戰鬥中，車輛輸了！
The pollutants of this industrialized area give the air a pungent odor.	這片工業區的污染物讓空氣散發刺鼻氣味。
The Blue Room is in this part of town.	Blue Room 就在城鎮這一帶。
Freeway traffic passes over this sparsely industrialized area of Lytton.	高速公路車流從 Lytton 這片工業稀疏的區域上方通過。
You skipped the required safety inspection of your vehicle prior to leaving the station yard. You're now disabled here with a flat tire!	你離開警局停車場前跳過了必要的車輛安全檢查。現在你因為爆胎而困在這裡！
The Lytton Police Department is located here.	Lytton 警察局就在這裡。
The Clearwater River borders the eastern edge of this residential area.	Clearwater 河流沿著這片住宅區的東側邊界流過。
The freeway stretches out above this quiet neighborhood.	高速公路延伸在這個安靜街區上方。
The Clearwater River borders the southern edge of this neighborhood.	Clearwater 河流沿著這個街區的南側邊界流過。
You are near the Lytton Courthouse and the City Jail.	你在 Lytton 法院與市立監獄附近。
Cotton Cove is located here, near the lovely Clearwater River.	Cotton Cove 就在這裡，靠近美麗的 Clearwater 河。
Being a highly trained observer, you immediately notice a smashed coupe on the sidewalk, and a crowd of rubberneckers milling around nearby. The crowd includes one particularly anxious young man.	你受過高度訓練，立刻注意到人行道旁撞毀的雙門轎車，以及附近圍觀的人群。其中有個年輕人顯得特別焦慮。
The broken glass of the driver's window has a strange pattern for a car wreck. It appears to be a bullet hole!	駕駛座車窗的碎玻璃呈現不尋常的車禍形狀。看起來像是彈孔！
You take a deep breath, look in the car, and see a male slumped motionless over the steering wheel.	你深吸一口氣往車內看，發現一名男子一動也不動地癱在方向盤上。
A closer look reveals a bloody injury to the left side of his head, and a gaping hole in his lower-right jaw!	仔細一看，他頭部左側有血淋淋的傷口，下顎右下方還有一個大洞！
No pulse. No breathing. No vital signs.	沒有脈搏、沒有呼吸，也沒有生命跡象。
There is a bullet hole in the driver's window. This is not your normal, everyday traffic accident. In your opinion, this man was murdered!	駕駛座車窗上有彈孔。這不是普通的交通事故。依你的判斷，這名男子遭到謀殺！
You use your radio to advise Dispatch of the apparent homicide.	你用無線電向調度中心通報疑似謀殺案。
The car radio crackles a response...	車上的無線電發出沙沙聲後回應……
Without a radio extender, you can't use your car radio from here.	沒有無線電延伸器，你無法在這裡使用車上的無線電。
"10-4, 83-32. We copy 187pc homicide."	「10-4，83-32。我們收到 187pc 謀殺案通報。」
"Be advised, one homicide unit is en route, and the Coroner's Office has been notified. Continue investigation."	「請注意，一組命案小組正在前往現場，法醫辦公室也已通知。繼續調查。」
You have nothing to report. Investigate the accident scene to see if you can discover something.	你沒有可報告的事。調查事故現場，看看能否發現什麼。
If you were closer, they might notice you.	如果你再靠近一點，他們可能會注意到你。
An excited young man approaches you.	一名激動的年輕人走近你。
"Officer," he says, "I saw what happened! I saw everything!!"	「警官，」他說，「我看到事情經過！我全都看到了！」
"I was buying a paper at the newsstand across the street when I heard the scream of tires," he tells you. "I looked down the street, and here comes this car and a light blue, late-model Cadillac racing down the street side-by-side!"	「我在街對面的報攤買報紙時，聽到輪胎尖叫聲，」他告訴你。「我往街上一看，就看到這輛車和一輛淺藍色的新款 Cadillac 並排沿街狂奔！」
"When they got closer, I heard a 'bang.' I thought one of 'em had a blowout!"	「它們靠近時，我聽到一聲『砰』。我還以為其中一輛爆胎了！」
"But, right after that, this car here lost control and crashed. The light blue Caddie just kept on jammin'!" he finishes breathlessly.	「可是緊接著，這輛車失控撞上了。那輛淺藍色 Caddy 繼續狂飆！」他上氣不接下氣地說完。
"I think I saw part of his license plate number, 'L964.'"	「我想我看到部分車牌號碼，是『L964』。」
You notify dispatch of the vehicle information.	你向調度中心通報車輛資訊。
Homicide Detective Oscar Hamilton arrives with Sergeant Dooley.	命案刑警 Oscar Hamilton 和 Dooley 警佐抵達現場。
Dooley tells you, "Bonds, Detective Hamilton will handle the investigation from here."	Dooley 告訴你：「Bonds，Hamilton 警探會從這裡接手調查。」
"Hit the streets and try to find the rat responsible," says Sgt. Dooley. "I'll introduce the witness to Hamilton."	「上街找出那隻混蛋，」Dooley 警佐說。「我會把證人介紹給 Hamilton。」
This guy won't be doing anything soon!	這傢伙短時間內什麼也做不了！
To whom are you speaking?	你在跟誰說話？
The little old lady in the crowd cries out, "Officer, do something. That man is hurt bad! Help him!!"	人群中的老太太喊道：「警官，快做點什麼。那個人傷得很重！救救他！」
They can't hear you from here.	你在這裡說話，他們聽不見。
This man is beyond help.	這名男子已經無法救治。
The sign reads, "Colonial Van and Storage."	招牌寫著：「Colonial 搬運與倉儲。」
The bricks won't do you any good.	磚頭對你沒有用。
Hold on, Sonny. It seems Sergeant Dooley has something to tell you.	等等，Sonny。Dooley 警佐似乎有話要告訴你。
"All I know is," says the witness, %m19	「我只知道，」證人說，%m19
You can't see the driver very well from here.	你從這裡看不太清楚駕駛。
The green coupe will require a major front-end job!	這輛綠色轎車的車頭需要大修！
Dooley reminds you, "Ok, Sonny, move it out! That's an order."	Dooley 提醒你：「好了，Sonny，離開現場！這是命令。」
Dooley tells you, "Resume patrol now, Officer Bonds."	Dooley 告訴你：「Bonds 警官，現在恢復巡邏。」
Dooley says, "Anytime now, Bonds. Hit the street!"	Dooley 說：「Bonds，現在就走。上街！」
There's a man slumped over the steering wheel.	有個男人癱倒在方向盤上。
Dispatch will not hear you unless you use the radio.	除非使用無線電，否則調度中心聽不到你的通報。
You assess the damage to the building.	你評估建築物的損傷。
That's a job for the coroner.	那是驗屍官的工作。
It's obvious the radiator was damaged from impact.	很明顯，散熱器因撞擊而受損。
"Why doncha get some help?"	「你怎麼不找人幫忙？」
"10-4, 83-32. We copy light blue Cadillac, partial license 'L964.'"	「10-4，83-32。我們收到淺藍色 Cadillac，部分車牌『L964』。」
You have nothing further to report.	你沒有其他要報告的事。
"10-4, 83-32. Hamilton and Dooley are in route. Estimated time of arrival is momentarily!"	「10-4，83-32。Hamilton 和 Dooley 正在途中，馬上就到！」
This door is jammed.	這扇門卡住了。
It would be more professional to wait until the homicide detectives arrive before leaving the scene.	等命案刑警抵達後再離開現場，會比較符合專業程序。
Forget it! Just walk around to the other side.	算了！繞到另一邊走就好。
You see a man slumped over the wheel.	你看見一名男子癱在方向盤上。
The crowd appears to be fixated on the wreck.	人群似乎全都盯著車禍現場。
Sgt. Dooley honks his horn and yells out the window, "Hey, Sonny! Move out of the way, I need to park there!"	Dooley 警佐按喇叭，對著窗外喊：「嘿，Sonny！讓開，我要停車！」
"10-4, 83-32. We copy 187pc homicide. Continue investigation."	「10-4，83-32。我們收到 187pc 謀殺案通報。繼續調查。」
%m20 "Dispatch, this is 83-32. Be advised description of suspect vehicle is late-model, light blue Cadillac."	%m20「調度中心，這裡是 83-32。請注意，嫌疑車輛是一輛新款淺藍色 Cadillac。」
It's difficult to see though the smoke and debris, but you feel certain you can see programmers working on adventure games inside.	雖然煙霧和碎屑讓視線很差，但你確定自己看見裡面有程式設計師正在製作冒險遊戲。
The wreck victim's license plate appears to have been lost during the accident.	車禍受害者的車牌似乎在事故中遺失了。
This car smells of death.	這輛車散發著死亡的氣味。
Someone in this crowd smells of musk and cheap perfume.	人群中有人身上散發麝香和廉價香水味。
The inside of this building smells of flatulence.	這棟建築物裡有股腸胃氣味。
Yes, the tailpipe smells of exhaust.	沒錯，排氣管聞起來是廢氣味。
Ah! The air of Lytton.	啊！Lytton 的空氣。
%g79	%g79
You can't. It's sprung.	不行。它是彈簧式的。
"Hey, Sonny! You sure missed a good one while you was off duty," says R. J. Jefferson, Lytton PD custodian. "Someone filled a pair of pantyhose full of cotton balls and crammed 'em into Sgt. Dooley's pigeonhole."	Lytton 警局清潔工 R. J. Jefferson 說：「嘿，Sonny！你休假時可錯過一場好戲。有人把絲襪塞滿棉花球，硬塞進 Dooley 警佐的信箱。」
"Sonny, my man, you keeping 'the fat boy' off your back?" asks Jefferson. "I sure felt sorry for Jack yesterday. Ol' Dooley was really reaming him about his low activity!"	Jefferson 問：「Sonny，老兄，你有讓『胖小子』別找你麻煩嗎？我昨天真替 Jack 難過。老 Dooley 因為他的工作量太低，把他罵得狗血淋頭！」
"Say, Sonny!" says R. J. "Better keep your eye on that female officer. She was eyeballin' you the other day like a rat lookin' at a piece o' cheese!!"	R. J. 說：「喂，Sonny！最好留意那位女警。她前幾天盯著你的樣子，就像老鼠盯著起司！」
"Mercy, mercy, mercy! If it ain't Sonny 'Big Man' Bonds! How is my favorite cop? You should have been with me last night! I had such a good time, I had to come back to work just to get some rest!"	「哎呀，哎呀，哎呀！這不是『大個子』Sonny Bonds 嗎！我最喜歡的警察最近好嗎？你昨晚真該跟我一起的！我玩得太開心了，還得回來上班才能休息一下！」
"Saaaay, fool! Back out of here just a shade? You gettin' close enough to dance with and lord only knows I did enough dancin' last night!"	「喂，笨蛋！退後一點好不好？你都快貼到可以跳舞了，天曉得我昨晚跳得還不夠嗎！」
"Sho' would be nice if the city fixed some of these vents in here. Smells like one, big, cattle yard after every shift change!"	「要是市政府肯把這裡的通風口修一修就好了。每次換班後，這裡都像個大牛棚一樣臭！」
"Come on, Man! Give me some room before I mop a shine onto those big feet of yours."	「拜託，老兄！讓開一點，不然我要把拖把抹到你那雙大腳上囉。」
"Say, Man! I heard the word from the bird last night. I heard that a fine little lady of the evening by the name of Sweet Cheeks Marie thinks you are the finest, 'USDA Prime Cut' in blue she ever did see!"	「喂，老兄！我昨晚聽到小道消息。聽說有位叫 Sweet Cheeks Marie 的漂亮『夜間淑女』，說你是她見過穿制服最棒的『特選上等肉』！」
"I heard the 'Gremlin' got to ol' Sarge again last night. What a shame! He should learn to leave you people alone."	「我聽說那個『搗蛋鬼』昨晚又整了老警佐一頓。真可惜！他該學學別再煩你們了。」
"Well, if it ain't Sonny 'My Main Man' Bonds!"	「哎呀，這不是我的『好兄弟』Sonny Bonds 嗎！」
"Hey, Brother! You can see I'm still sloppin', moppin', and hoppin' on clothes. I'm gettin sick of this job and I'll bet it shows!"	「嘿，老兄！你看，我還在拖地板、忙東忙西。這工作快讓我煩死了，看我這表情就知道！」
"That's close enough, Turkey. Quit trackin up my floor!"	「夠近了，笨蛋。別把我剛拖好的地板踩髒！」
Say baby, what it is!! Watch out for that wet floor. The last man that came in here, he fell right straight down on his tail bone.	嘿，老兄，怎麼樣啊！！小心地板濕滑。上一個走進來的人，直接一屁股跌坐在地上。
R. J. Jefferson yells, "I sho' do wish you'd walk 'round where I'm workin'!"	R. J. Jefferson 喊道：「我真希望你走路能繞開我正在打掃的地方！」
"All right, Sonny, my man! I hear you're now assigned to the Narc Division. You better watch them dudes loadin' up on all that dope. They get real crazy!"	「好啦，Sonny，老兄！聽說你現在被調到緝毒組。小心那些把毒品裝滿身的傢伙，他們真的很瘋！」
"I'll tell you one thing, Sonny. You be signed up with the finest looking partner in this whole police force!"	「我告訴你，Sonny。你可是和整個警隊裡最好看的搭檔一起工作！」
"I see you's still workin' Narco and you's still in one piece," says Jefferson, the janitor. "You be careful with those dope people. I knew a dude, he got so high, he thought he was a buzzard. He sailed off a five-story building and broke his back in ninty-nine places."	工友 Jefferson 說：「看你還在緝毒組上班，人也還好好的。」「你跟那些嗑藥的人打交道要小心點。我認識一個傢伙，嗑到嗨翻天，以為自己是隻禿鷹，從五層樓高的地方一躍而下，摔斷了九十九處骨頭。」
"Mr. Plainclothes Bonds, himself."	「便衣警察 Bonds 先生，親自大駕光臨啊。」
"Sonny, you been swipin' dope from the lockup, or are you tryin' to walk over me just 'cause you wants to?"	「Sonny，你是從證物室偷毒品，還是只因為想就想踩在我頭上？」
"Watch out for the floor, man! It's so slippery, you'll look like one of them dudes in the Russian Ice Follies."	「小心地板，老兄！滑得跟溜冰場一樣，你會滑得像俄羅斯冰上表演的那些人一樣。」
"Sonny, you should have been here an hour ago," says R. J. "The boys were crawlin' over each other like rats on a sinkin' ship lookin' for a porthole, when they found out the Chief was a'coming through."	R. J. 說：「Sonny，你一小時前就該在這裡了。」「大夥兒一聽說局長要巡視，全都跟沉船上找艙口逃命的老鼠一樣，爭先恐後地擠成一團。」
He doesn't clean very well, but he sure cleans slow!	他打掃得不怎麼樣，但動作倒是慢得很！
"Woooo wheeee! Lookee whats we gots here!" laughs Jefferson.	Jefferson 笑著說：「哦呵呵！瞧瞧我們這是逮到什麼了！」
Look: her license plate says "OHMYMG." Isn't that cute!	你看，她的車牌寫著「OHMYMG」。是不是很可愛！
Dispatch returns with the information you requested, "'OHMYMG' is currently registered to Helen Hots. No wants."	調度台回覆你要求的資料：「OHMYMG 目前登記在 Helen Hots 名下。沒有通緝紀錄。」
She's inside her car; you can see her, but not very well.	她在車裡；你看得到她，但看得不太清楚。
Cautiously, you approach the vehicle. The driver appears to be a female in her early twenties. Very female!	你小心翼翼地走近車輛。駕駛看起來是位二十出頭的女性。而且非常有女人味！
%m3 Try moving closer to her door.	%m3 試著靠近她的車門。
She looks deep into your eyes, and says, "What may I do for you, Officer?"	她深情地望進你的眼睛，說：「警官，我能為你做什麼呢？」
She replies in a heated voice, "Just remember, Fish Breath: I'm gonna file a complaint on you! I'll cheat, lie, and do anything possible to get your little fuzz butt in trouble! YOU HEAR ME?"	她怒氣沖沖地回答：「給我記住，臭魚嘴：我要去投訴你！我會欺騙、說謊，用盡一切辦法讓你這個小條子吃不完兜著走！你聽到了沒？」
"Dispatch, this is 83-32. Run wants%m14	「調度，這裡是 83-32。查詢通緝紀錄%m14
"Dispatch, this is 83-32. Check registration%m14"	「調度，這裡是 83-32。查詢車籍登記%m14」
"The car is registered to Helen Hots."	「這輛車登記在 Helen Hots 名下。」
Well, well. Just what every poor, little, rich girl needs; a little red sports car.	哎呀哎呀，這正是每個可憐的富家千金都需要的：一輛紅色小跑車。
You can't see the %w2 from here.	你在這裡看不到 %w2。
 on Ocean, Henry, Mary, Yellow, Mary, George."	，字母依序是 Ocean、Henry、Mary、Yellow、Mary、George。」
There is no reason to do so.	沒有理由這麼做。
"Get lost, jerk!"	「滾開，混蛋！」
She sounds very grateful as she says, "Thank you, Officer! Please call me, and soon!"	她語氣充滿感激地說：「謝謝你，警官！請打電話給我，越快越好！」
Dispatch responds, "83-32, 10-4. You must have been away from your radio. Repeating, 'OHMYMG' is currently registered to Helen Hots. No wants."	調度回覆：「83-32，收到。你剛才一定離開無線電旁。重複一次，『OHMYMG』目前登記給 Helen Hots。沒有通緝。」
You should look at her before you talk to her.	你應該先看看她，再跟她說話。
The gentleman responds to your request, "Da, yas ssshir."	這位先生回應你的要求：「係，長……長官。」
The drunk reminds you, "Es-cuse me, butt cher bloc'in' da door, Ociffer."	醉漢提醒你：「不、不好意思，你擋到門了，警官。」
Proper police procedure indicates the suspect should do that!	正確的警察程序要求嫌犯這麼做！
You're not in the car.	你不在車上。
You can't do that with the suspect inside his car.	嫌犯還在車裡時，你不能這麼做。
You correctly administer the Field Sobriety Test, and are amused as your subject gives his best imitation of a young swan attempting its first takeoff.	你正確地執行了酒測平衡測試，對方使出渾身解數，模仿幼天鵝初次試飛的模樣，把你逗樂了。
There's no need to question him; his problem is obvious!	沒必要盤問他了，他的問題一目了然！
The man fumbles with his wallet, "My license? Uh, yeah, uh, it's, uh, it's right... Here it is!"	那男子笨拙地摸索著皮夾：「我的駕照？呃，對，呃，就在……呃，就在這裡！」
Reluctantly he says, "Uh, ok, wh-where we goin'?"	他不情願地說：「呃，好吧，我、我們要去哪？」
So as not to excite him, you say, "Oh, we're just going to take a little ride to see some friends of yours. It's ok, buddy. Come on."	為了不讓他情緒激動，你說：「喔，我們只是要去兜個風，見見你的一些朋友。沒事的，老兄。走吧。」
"I am!"	「我是啊！」
The drunk begs you, "Could ja 'cuff me in front, please? I'm not feelin' sssho goods."	醉漢求你：「可、可以把手銬銬在前面嗎？拜託，我不太舒……服。」
You think, "He doesn't look dangerous. Sure, why not?"	你心想：「他看起來不危險，好啊，何不呢？」
Not wanting to take a chance, you explain, "I'm sorry, sir, but Departmental Policy dictates all custody arrests shall be restrained by proper handcuffing procedure, and that means 'behind your back.'"	你不想冒險，於是解釋道：「先生，很抱歉，但依局裡規定，所有拘捕都必須依正確程序上銬，也就是『銬在背後』。」
You just fell victim to an old trick. There are two rules to remember: always follow procedures, and never trust a drunk!	你剛剛中了一個老套的圈套。記住兩條規則：永遠遵守程序，絕對別相信醉漢！
You look into the glassy, watery eyes of a middle-aged man. He is certainly feeling no pain!	你望進一位中年男子迷濛、水汪汪的雙眼。他顯然已經醉得毫無知覺！
You hear a voice that sounds like Tiny Tim singing through a mouthful of crackers...	你聽到一個聲音，像是 Tiny Tim 嘴裡塞滿餅乾在唱歌一樣……
..."I didn't do nossshin' wrong, Ociffer."	……「我什麼都沒、沒做錯，警官。」
You take a whiff and detect a strong odor of an alcoholic beverage.	你聞了一下，察覺到一股濃烈的酒味。
You place your subject under arrest for the violation of Lytton City Vehicle Code VC23502, "driving while under the influence."	你以違反 Lytton 市車輛法規 VC23502「酒後駕車」逮捕這名嫌犯。
You cautiously approach the vehicle and observe one male seated behind the wheel. Rolling down his window appears to be quite a challenge to him!	你小心翼翼地走近車輛，看見一名男子坐在駕駛座上。光是搖下車窗似乎就讓他費盡了力氣！
It's in your car.	它在你車上。
Art Serabian	Art Serabian
Male 5'8" 199#	男性 5呎8吋 199磅
HAIR None	頭髮 無
DOB 12/14/47	出生日期 1947 年 12 月 14 日
2 MacIntosh St	2 MacIntosh St
RESTRICTIONS:	限制：
Programmer	程式設計師
He can't hear you from this distance.	他隔這麼遠聽不到你說話。
The fresh air smells good!	新鮮空氣聞起來真好！
It looks like a possible DUI.	這看起來像是一起酒駕案件。
Since the information on the driver's license matches the subject, you return his license to him.	由於駕照上的資料與本人相符，你把駕照還給了他。
You radio Dispatch, "Run check on personalized license plate 'PRGRMR1.' It appears to be currently registered."	你用無線電呼叫調度：「查詢個人車牌『PRGRMR1』。看起來目前有登記。」
Dispatch returns with, "'PRGRMR1' is clear, with valid, local registration in the name of Art Serabian."	調度回覆：「『PRGRMR1』查無問題，登記在 Art Serabian 名下，且為本地有效登記。」
"Record check shows two prior DUI convictions."	「紀錄查詢顯示他曾有兩次酒後駕車定罪。」
"Why, Occifer!" lisps the drunk, "I'm as ssssober assss a judge! HIC!"	醉漢含糊地說：「哎呀，警、警官！我可清醒得跟法官一樣呢！打嗝！」
You pat down the gentleman, and find no weapons.	你拍搜這名男子，沒有發現武器。
The car belongs to the driver.	這輛車是駕駛本人的。
You key the radio, "Dispatch, this is 83-32. Request one 11-85 at my 10-20."	你按下無線電：「調度，這裡是 83-32。請派一輛 11-85 到我的 10-20。」
83-32, 10-4. One tow truck in route.	83-32，10-4。一輛拖吊車正在前往途中。
This vehicle has personalized plates, "PRGRMR1."	這輛車掛著個人車牌「PRGRMR1」。
He is handcuffed!	他已經被上銬了！
Just put him in the car.	把他放進車裡就好。
That is unnecessary.	這沒有必要。
You'd better do more than just write this one a ticket.	你最好別只給這傢伙開張罰單了事。
Sonny! How could you?	Sonny！你怎麼可以這樣？
It's too late to do that now.	現在做這件事已經太遲了。
Dispatch responds, "Be advised, 83-31 is responding Code-3 to your location."	調度回覆：「請注意，83-31 正以 Code-3 狀態前往你的位置。」
Review the "Levels of Force" section of your "LPD Policeman's Indoctrination Guide."	請查閱你的《LPD 警員入職指南》中的「用武等級」章節。
The license plate is "UL6942." Hmmm. You remember the partial plate seen by the witness to the Lonnie West murder was "L964." You may have found your man.	車牌是「UL6942」。嗯……你記得 Lonnie West 命案目擊者看到的部分車牌是「L964」。你可能已經找到凶手了。
Officer Jack Cobb arrives on the scene. Cobb radios Dispatch, %m5	Jack Cobb 警員抵達現場。Cobb 用無線電呼叫調度，%m5
"Dispatch, be advised. Hold all radio traffic until Code-4 confirmed."	「調度請注意。在確認 Code-4 前暫停所有無線電通訊。」
Dispatch responds, "Affirmative."	調度回覆：「肯定。」
"83-32, this is 83-31. Sonny! I'll cover you from the passenger side of your patrol car while you make contact with the suspect."	「83-32，這裡是 83-31。Sonny！你接觸嫌犯時，我會在巡邏車乘客側掩護你。」
"83-31, out."	「83-31，通話結束。」
Well, that's certainly one way to save the taxpayers' money: mow 'em down instead of taking 'em to court.	這倒也是替納稅人省錢的一種辦法：直接把他們撂倒，省得上法院。
While some may applaud your exercise in street justice, democratic societies have no place for "trigger happy" cops. Sorry, Sonny.	有些人或許會讚賞你的街頭正義，但民主社會容不下「動不動就開槍」的警察。抱歉，Sonny。
Be careful! This dude's dangerous.	小心！這傢伙很危險。
The suspect falters for a moment, then slowly raises his hands. He realizes he does not have a chance and follows your order.	嫌犯遲疑了片刻，接著緩緩舉起雙手。他明白自己毫無勝算，於是照你的命令行事。
"Ok, ok. I'm lying down!"	「好，好啦。我趴下就是了！」
Your partner just punched that punk's ticket.	你的搭檔剛送了那個小混混一張『單程票』。
But, a little too late for you, pal. Remember, proper procedure promotes police preservation.	不過，老兄，這對你來說有點太遲了。記住，正確程序才能保住警察的性命。
Cranking off a few live rounds at this particular time is not recommended.	現在這個時候開實彈射擊可不是個好主意。
Jack says, "I've got him covered, Sonny. Go ahead and 'cuff him."	Jack 說：「我掩護著他，Sonny。上前把他銬起來。」
You apprehensively approach the suspect, sensing his desperation.	你戰戰兢兢地靠近嫌犯，感受到他的絕望。
Attempting to handcuff the suspect while holding your weapon could be hazardous to your health!	手持武器時試圖給嫌犯上銬，可能危及你的性命！
You feel relief as you close the handcuffs around his wrists.	當手銬扣上他手腕的那一刻，你鬆了一口氣。
Stand him up, first.	先讓他站起來。
You order the suspect into your patrol car. He submits with a sarcastic, "All right, &!#$%&."	你命令嫌犯上巡邏車。他諷刺地服從：「好啦，&!#$%&。」
"Good job, Sonny!" says Jack. "I'll call Dispatch and put out a Code-4."	Jack 說：「做得好，Sonny！我會呼叫調度，發出 Code-4。」
You must be in your car or have a radio extender.	你必須人在車內，或攜帶無線電延伸器。
You'd better handcuff him first!	你最好先把他銬起來！
This guy may be armed!	這傢伙可能身上有武器！
Place him in physical custody before entering his car.	進入他的車子前，先將他正式拘留。
You do not need anything from the trunk.	你不需要後車廂裡的任何東西。
You're not close enough to Jack to obtain the gun.	你離 Jack 不夠近，拿不到槍。
This vehicle almost matches the description of the vehicle mentioned by the witness to the fatal car crash.	這輛車幾乎符合致命車禍目擊者提供的車輛描述。
You can't see it from here.	你從這裡看不見它。
Your radio crackles to life with a message from Dispatch, "83-32, license plate 'UL6942' not listed as stolen. Registered to a '79 Cadillac junked in 1983."	你的無線電傳來調度台訊息：「83-32，車牌 UL6942 未列為失竊。登記於一輛 79 年 Cadillac，已在 1983 年報廢。」
You think, "The odds of finding a legit registration for this car are slim to none."	你心想：「這輛車有合法登記的機率幾乎是零。」
This door is locked.	這扇門上鎖了。
It IS open.	它確實是開著的。
It IS closed.	它確實是關著的。
Something about the interior of this car just doesn't feel right.	這輛車的內部有些地方就是讓人覺得不對勁。
You look at the floorboard, the seats, and even under the seats, but you find nothing.	你查看腳踏板、座椅，甚至座椅下方，但什麼也沒找到。
The door IS closed.	門確實關著。
There's nothing special about the door.	這扇門沒什麼特別的。
Say! The doorjamb of the suspect's vehicle is black instead of light blue!	等等！嫌犯車輛的門框是黑色，不是淺藍色！
A closer examination of the doorjamb reveals the vehicle's VIN plate. A quick rub with your thumb uncovers its number: C03456218!	仔細檢查門框後，你找到車輛的 VIN 銘牌。用拇指迅速擦拭後，露出號碼：C03456218！
You must first locate its VIN.	你必須先找到它的 VIN。
"Dispatch, this is 83-32," you radio. "Run VIN C03456218 through the computer."	你用無線電說：「調度，這裡是 83-32。請查詢車身識別碼 C03456218。」
Shortly, Dispatch returns with...	不久後，調度台回覆……
"Suspect vehicle is confirmed 10851! Lytton PD holds a signed stolen report on this vehicle."	「已確認嫌犯車輛是 10851！Lytton 警察局有這輛車的正式失竊報案紀錄。」
"Vehicle information, 1983 black Cadillac deVille."	「車輛資料：1983 年黑色 Cadillac deVille。」
"Registered owner, Malcolm Washington, 234 W Center St, Lytton, CA."	「登記車主：Malcolm Washington，加州 Lytton Center 西街 234 號。」
You search the suspect and find only pocket change.	你搜查嫌犯，只找到一些零錢。
The suspect is already in the car. You'd better take him to jail!	嫌犯已經在車裡了。最好把他送進拘留所！
The suspect cuts you off short as he says, "I know my rights, you jackass!"	嫌犯打斷你，說：「我知道自己的權利，你這個笨蛋！」
"This is harassment. You'll hear from my attorney!"	「這是騷擾。我會讓我的律師找你！」
"You wanna get out of the way??"	「你想不想讓開？」
What are you talking about?	你在說什麼？
You radio, "Dispatch, this is 83-32. Request wants on license plate 'UL6942.'"	你用無線電說：「調度，這裡是 83-32。請查詢車牌『UL6942』是否有通緝。」
You don't know the license plate number yet.	你還不知道車牌號碼。
To be safe, you read his rights to him anyway.	為了安全起見，你還是向他宣讀了權利。
Then, you remember the glove compartment.	接著，你想起了手套箱。
Plus, a loaded, Smith & Weston .45-caliber, semi-automatic handgun.	另外還有一把裝滿子彈的 Smith & Weston .45 口徑半自動手槍。
The suspect pipes up, "Honest, Officer. I only carry that for self-defense on the freeways!!"	嫌犯插話：「真的，警官。我帶它只是為了在高速公路上自衛！」
"Quiet down," you order him. "Hey, Jack," you yell to your backup, "how's about booking this evidence?"	你命令他：「安靜。」接著向支援你的 Jack 喊道：「嘿，Jack，把這些證物登記入庫如何？」
"Ok," Jack replies.	Jack 回答：「好。」
Attempting to apprehend the suspect single-handedly was brave but fatal. Review the "Felony Stop Procedures" section of your "LPD Policeman's Indoctrination Guide."	單獨逮捕嫌犯雖然勇敢，卻是致命的。請複習《LPD 警員訓練指南》的「重罪攔查程序」章節。
You'd better get him in the car, first.	你最好先把他弄進車裡。
You carefully handle the gun so as not to smudge any possible fingerprints.	你小心處理手槍，避免弄花可能存在的指紋。
You key your radio, "83-32, backup has arrived."	你按下無線電：「83-32，支援已抵達。」
He can't hear you when you're inside your car.	你在自己的車裡時，他聽不見你說話。
He IS!	他確實在！
He's still inside his car.	他還在自己的車裡。
He doesn't have his hands raised yet!	他還沒有舉起雙手！
You'd better get him under your control, first!	你最好先控制住他！
If it's a tie, you lose!	如果平手，就是你輸！
"Oops, I must have forgotten it!" says the suspect.	嫌犯說：「糟糕，我一定是忘了！」
Jack took it with him.	Jack 把它帶走了。
"I place you under arrest!"	「我現在逮捕你！」
Once is enough.	一次就夠了。
You nervously key your radio, "Dispatch, this is 83-32. Request backup Code-3!"	你緊張地按下無線電：「調度，這裡是 83-32。請求 Code-3 支援！」
"Shove it, Pig!"	「去你的，條子！」
felScene %v119|3 Script %v139|3 susScript %v220|3	felScene %v119|3 Script %v139|3 susScript %v220|3
The door swings; just push on it.	門會擺動；推一下就好。
It's a real swinger.	它真的會擺動。
You look at the patrol car, and wish that it ran as well as your 'Vette.	你看看巡邏車，希望它也能像你的 Corvette 一樣跑得好。
You love your cherry 'Vette.	你喜愛那輛鮮紅的 Corvette。
This Caddie is just not your style.	這輛 Cadillac 不是你的風格。
"The Blue Room" is the local, police officers' watering hole. It is owned and operated by retired traffic officer, "Big Bobby" Lopez.	「Blue Room」是當地警察的聚會酒吧，由退休交通警官「大個子 Bobby」Lopez 經營。
Whew. Have you had some good times here over the years!	呼。這些年來，你在這裡度過不少美好時光！
"Bud" who?	「Bud」是誰？
You peer through the department store window, but see nothing of interest.	你透過百貨公司窗戶往裡看，但沒看到有趣的東西。
The mini-blinds prevent you from seeing inside.	百葉簾擋住你的視線。
You see your friend, Jack, seated alone at a table. There is a jukebox against the wall to the left.	你看見朋友 Jack 獨自坐在桌旁。左邊牆邊有一台點唱機。
Jack speaks, in a very depressed voice, "Oh, Sonny! I just discovered my daughter is doing drugs! It's really screwed me up!"	Jack 用非常沮喪的聲音說：「噢，Sonny！我剛發現女兒在吸毒！這真的讓我大受打擊！」
"I know she's getting 'em at school, but I just can't finger the punk who's supplying!"	「我知道她是在學校拿到的，但就是找不出是哪個混蛋在供應！」
"My life is going to crap. I can't talk to my daughter, she won't listen to me any more! My drinking has my marriage on the rocks, my wife's ready to leave me! Everything's a mess!"	「我的人生一團糟。我沒辦法和女兒溝通，她再也不聽我的話！我喝酒把婚姻搞砸了，老婆也準備離開我！一切都亂成一團！」
Jack is totally surprised as everyone sings "Happy Birthday."	大家唱起「生日快樂」時，Jack 完全驚呆了。
While everyone wishes Jack a "Happy Birthday," you notice the front door open, as one wild-looking female enters the Blue Room.	大家向 Jack 祝賀「生日快樂」時，你注意到前門打開，一名外表狂野的女子走進 Blue Room。
%m64, a dancer from the local "Rent-A-Gag" business, enters the room, dressed in a grass skirt and balloons!	當地「Rent-A-Gag」公司的舞者 %m64 走進房間，穿著草裙、身上綁著氣球！
You relax and enjoy the selection "My Eyes Cross With Your Touch."	你放鬆下來，欣賞歌曲「你的觸碰讓我眼花撩亂」。
You select the latest in love songs, "I Shoulda Bought A Monkey To Take Your Place."	你選了最新情歌「我早該買隻猴子代替你」。
You select that old instrumental classic "My Nostrils Slam Shut When You Breathe."	你選了那首老牌器樂曲「你呼吸時我的鼻孔會緊閉」。
In a depressed, slurred voice, Jack speaks to you...	Jack 用沮喪含糊的聲音對你說……
"Sonny, I really do appreciate you nailing that filthy scum bag pusher, but I'm afraid it might be too late."	「Sonny，我真的很感激你抓到那個骯髒的毒販，但恐怕可能已經太遲了。」
"My daughter, Kathy, is in the Intensive Care Ward over at Lytton General Hospital!" he explains. "She's in a coma from a drug OD! There's nothing I can do!"	他解釋：「我女兒 Kathy 在 Lytton 綜合醫院的加護病房！她因吸毒過量陷入昏迷！我什麼也做不了！」
"Oh, Sonny! There's nothing anyone can do!!"	「噢，Sonny！誰也無能為力！」
"That's it for me, Sonny. I'll see you later."	「我先走了，Sonny。回頭見。」
Jack motions you to the chair on his left.	Jack 示意你坐他左邊的椅子。
This table is occupied.	這張桌子有人坐了。
Move closer to the chair.	靠近椅子。
Jack says, "I can't hear you, Sonny. Come over here".	Jack 說：「我聽不到你，Sonny，過來這邊。」
Keith pipes up, "Ohm'gosh, Sonny! Did you forget? We swapped shifts last week! You're due at the station for swing shift briefing in fifteen minutes!"	Keith 插話：「天啊，Sonny！你忘了嗎？我們上週換班！十五分鐘後你要回警局參加晚班簡報！」
"You'd better get moving, boy!"	「你最好快點動身，小子！」
The bartender says, "For your information, Sonny, I have a cab on the way for Jack."	酒保說：「告訴你一聲，Sonny，我已經叫計程車來接 Jack。」
This is "The Blue Room", a popular lounge for cops. Behind the bar stands the owner, retired LPD officer Bobby Lopez.	這是「Blue Room」，警察常去的酒廊。吧台後站著老闆、退休 LPD 警官 Bobby Lopez。
Please don't sit here.	請別坐這裡。
escaped	escaped
been released	已被釋放
Morgan wants to see you back in his office, ASAP!	Morgan 要你立刻回他辦公室！
There is a city-wide dragnet out on him right now and...	現在全市正在搜索他，而且……
"%m27"	「%m27」
You are looking at the latest in jukeboxes. This machine features a one-touch, fully-automated selection system.	你看到最新款點唱機。這台機器採用一鍵全自動選曲系統。
Its sound system features light amplification by stimulated emissions of radiation...	它的音響系統採用受激輻射光放大……
...and fully-computerized, video reproductions of your favorite artists, which thankfully are inoperative at this time!	……並能以電腦播放你最喜愛藝人的影像，幸好現在這功能壞了！
In her most seductive voice, %m64 whispers, "Here's a little something so you'll have a happy birthday, Jack, baby!"	%m64 用最誘人的聲音低語：「這是小小心意，祝你生日快樂，Jack，寶貝！」
"Wow!"	「哇！」
Keith says, "Well, Jack, you ol' codger. What did you think of %m64?"	Keith 說：「Jack，你這老傢伙。你覺得 %m64 怎麼樣？」
"You know, Keith," Jack answers, "I think I'll ask Santa to put her under my tree this year."	Jack 回答：「你知道嗎，Keith，我想今年要請聖誕老人把她放在我的樹下。」
Jack invites you to join him, "Hi, Sonny. Come on over here, and have a seat."	Jack 邀請你加入：「嗨，Sonny。過來坐吧。」
"See you later, Sonny. I have business to take care of."	「待會見，Sonny。我還有事要處理。」
Jack speaks, "Boy, what a depressing day I've had today, Sonny!"	Jack 說：「小子，Sonny，我今天過得真沮喪！」
"Hey, Keith!" you say. "How's it goin'?"	你說：「嘿，Keith！最近怎麼樣？」
"Oh, my God!"	「我的天啊！」
"Happy Birthday, Jack."	「生日快樂，Jack。」
Jack says, "Oh, no! Now what?!"	Jack 說：「喔，不！現在怎麼辦？！」
You say, "It's time to stand up and face the music, Jack!"	你說：「該站起來面對現實了，Jack！」
You enter the Blue Room and see Jack seated at a table. He appears to be quite intoxicated.	你走進 Blue Room，看見 Jack 坐在桌旁。他看起來醉得不輕。
Jack says, "Have a sssheat, Sssshonny."	Jack 說：「坐、坐下，Sonny。」
Trying to cheer Jack, you tell him about the Victor Simms arrest and how he was responsible for selling dope at the high school.	你想安慰 Jack，告訴他 Victor Simms 被捕，以及他在高中販毒的事。
It seems to be a happy, but quiet, group.	這群人看起來很開心，但很安靜。
"Ain't it great! Some big-city lawyer shows up and, pop, out he goes."	「真棒！大城市律師一出現，砰，他就出去了。」
This couple is so engrossed in conversation they don't hear you.	這對情侶聊得太投入，沒聽見你。
"I sure would love to stretch the neck of that sorry dope-pushing scum-sucker that hurt my little girl!"	「我真想把那個傷害我女兒的可惡毒蟲脖子拉長！」
The cab driver shouts out, "Hey, who called for the taxi?"	計程車司機喊道：「嘿，誰叫的車？」
The cabby says, "Right this way, Buddy Boy, and don't fall down!"	計程車司機說：「這邊走，小老弟，別摔倒！」
"Whew, man! Is this boy in bad shape!"	「呼，老兄！這小子狀況真糟！」
"I'm sorry to have to tell you this, Sonny," says Keith, "but I have some bad news for you!"	Keith 說：「Sonny，我很抱歉必須告訴你，但我有些壞消息！」
"Lieutenant Morgan sent me over here to advise you that your boy, %s2, has %s3 from jail."	「Morgan 中尉派我來告知，你的人 %s2 已經從監獄 %s3。」
"%s2 jumped a guard, then made it to the exercise yard, where he escaped by climbing over the fence."	「%s2 攻擊獄警，接著跑到運動場，翻過圍牆逃走。」
"There is a city-wide dragnet out on him right now! %m27"	「現在全市正在搜索他！%m27」
For some reason, they're ignoring you.	不知為何，他們忽略了你。
"Hello, Bonds!"	「你好，Bonds！」
"Hi Sonny! Long time, no see."	「嗨，Sonny！好久不見。」
"Well! If it ain't Super Cop Bonds!"	「哎呀！這不是超級警察 Bonds 嗎！」
On the walls is Bobby's personal collection of photographs, taken when he was still with the Department.	牆上掛著 Bobby 還在警察局服務時拍攝的私人照片收藏。
Hoochy Coochy Hannah	Hoochy Coochy Hannah
Taselli	Taselli
Hoffman	Hoffman
"Good, Sonny," he replies.	他回答：「很好，Sonny。」
Try sitting down first.	先試著坐下。
"Hey, Bobby," you shout, "what's the word?"	你喊：「嘿，Bobby，最近有什麼消息？」
"Nothing 'round here, baby," he replys.	他回答：「這裡沒什麼，寶貝。」
From a distance you hear, "We've got your number, Pig!"	你從遠處聽到：「我們已經記下你的編號了，臭條子！」
This is the front entrance of Carol's Caffeine Castle, and the "lovely" Wino Willy's Cocktail Lounge.	這裡是 Carol 咖啡城堡的正門，以及『別緻』的 Wino Willy 酒館。
You see a beautiful, blue, cloudless sky.	你看到一片美麗、湛藍、萬里無雲的天空。
You see an oil-stained asphalt street, bordered by a hot concrete sidewalk.	你看到一條沾滿油漬的柏油路，兩旁是曬得發燙的水泥人行道。
As you peer in the window, you see a couple of Carol's patrons giggling and pointing out at you.	你從窗戶往裡看，看見幾個在 Carol 咖啡城堡的客人正對著你竊笑、指指點點。
Looking in the window, you see Carol waiting on some customers.	你往窗戶裡看，看見 Carol 正在招呼幾位客人。
A quick scan of your partner's patrol car interior clearly shows he is not in it.	你迅速看了一眼搭檔的巡邏車內部，很清楚他不在車上。
When the department bought these cars, they had a choice between comfort and power. They picked comfort.	局裡當初買這些車時，得在舒適與馬力之間二選一。他們選了舒適。
You wonder if Carol's designer once worked for a cab company!	你不禁懷疑，Carol 咖啡城堡的設計師是不是曾經在計程車行上班！
The new, red, brick facade at Wino Willy's sure dresses up an otherwise depressing joint!	Wino Willy 酒館那全新的紅磚外牆，還真是把這個原本死氣沉沉的地方妝點了一番！
Your partner's car is locked.	你搭檔的車鎖著。
Oooops!	哎呀呀！
Somebody is gonna have to answer to four angry people!	有人可要向四個火大的人交代交代了！
Parked in front of Carol's are four bad-news motorcycles.	Carol 咖啡城堡門口停著四輛來頭不小的機車。
You can't see through translucent glass.	半透明的玻璃讓你看不透裡面。
Get closer.	靠近一點。
The plates on these hogs appear to be currently registered.	這幾輛重機的車牌看起來都是現行登記有效的。
You radio dispatch and request checks on the license plates.	你用無線電呼叫調度，請他們查詢這些車牌。
Your radio sings out, "%m23 All plates are clear and currently registered."	你的無線電傳出聲音：「%m23 所有車牌均查無問題，且登記有效。」
"%m27 copies %s3 at Carol's Caffeine Castle."	「%m27 收到，%s3，地點在 Carol 咖啡城堡。」
"%m23 %m27 copies 10-8."	「%m23，%m27 收到 10-8。」
83-32,	83-32,
You key your radio, "%m27, %m23 complaint resolved."	你按下無線電：「%m27，%m23，投訴已處理完畢。」
10-97	10-97
10-7	10-7
Dispatch	調度
Carol says, "Hello, Sonny! Have a seat. I'll bring your daily coffee fix right over."	Carol 說：「哈囉，Sonny！坐吧。我馬上把你每天必喝的咖啡端過來。」
Can't you see someone is already sitting here?	你沒看到這裡已經有人坐了嗎？
Come on now, you don't want to sit on the floor.	拜託，你總不會想坐在地上吧。
Where?!	哪裡？！
Carol yells at you from across the room. "Officer Bonds, there's a Detective Hamilton on the phone for you."	Carol 隔著整個房間對你喊：「Bonds 警員，Hamilton 警探打電話找你。」
You take the phone and hear, "Bonds, this is Detective Hamilton. We identified the 187 victim in the car as Lonny West, a local, small-time drug dealer. Believe it or not, he's the second small-timer to get his ticket punched in the last two weeks."	你接過電話，聽到：「Bonds，我是 Hamilton 警探。我們查出車裡那具 187 命案的被害人是 Lonny West，本地一個小毒販。信不信由你，這已經是兩週內第二個被送上『單程票』的小毒販了。」
"I just wanted you to know about West since you worked the scene. Gotta run, got another call waiting. Don't spend the whole day drinking coffee!"	「我只是想說你之前處理過現場，讓你知道 West 的事。我得掛了，還有另一通電話在等。別一整天都在喝咖啡啊！」
Steve says, "Well, guess it's time to get back to the business of crime fighting!"	Steve 說：「好啦，看來該回去幹我們打擊犯罪的正經事了！」
Carol has rigged this old pay phone so local calls are free.	Carol 把這台老舊的投幣電話動了手腳，本地電話都打免費的。
This is your favorite coffee shop. Carol, the busy, but friendly, waitress, makes the strongest coffee in town. There is a menu on the left wall and a telephone on the far wall. The restroom is down the hall from the phone.	這是你最愛的咖啡店。Carol 這位忙碌卻親切的女侍，煮的咖啡是全鎮最濃的。左邊牆上掛著菜單，最裡面的牆上有支電話。廁所就在電話那頭的走廊盡頭。
Carol sets your coffee down and says, "Here you go, Big Boy. One caffeine I.V."	Carol 把咖啡放下，說：「來吧，大個子。一劑咖啡因點滴。」
There's lots of ketchup, pickles, onion, and fries on the side -- but there's not a lot of meat!	旁邊配了一大堆番茄醬、酸黃瓜、洋蔥和薯條——就是肉不太多！
Carol is a very busy woman.	Carol 是個大忙人。
You are now in the restroom.	你現在在廁所裡。
Steve says, "You'd better not keep Detective Hamilton waiting on the phone, boy."	Steve 說：「小子，你最好別讓 Hamilton 警探在電話那頭等太久。」
"Hey, Sonny! It's good to see you."	「嘿，Sonny！見到你真好。」
"Boy, this weather's been great!"	「哎呀，這天氣真是好極了！」
You can't reach the phone from here.	你在這裡碰不到電話。
The empty paper towel dispenser hangs over the sink.	洗手台上方掛著一個空的擦手紙架。
The white porcelain sink is clean enough for who it's for!	這個白瓷洗手台，乾淨的程度剛好夠用！
Don't bother to get up. Carol answers her own telephone.	別麻煩起身了，Carol 會自己接電話。
"Hi, Sonny," says Carol. "No time to talk today, this joint's really jumpin'!"	Carol 說：「嗨，Sonny，今天沒空聊了，這裡忙翻天了！」
You can't reach the counter from here!	你在這裡碰不到櫃檯！
"This is a coffee break, not your dinner hour."	「這是喝咖啡的休息時間，不是你的晚餐時間。」
Carol likes officers to frequent her establishment. Many items are "on the house."	Carol 喜歡警員常來她店裡光顧，很多東西都算「店家招待」。
Steve says "Don't run off, Sonny. You just got here."	Steve 說：「別急著走啊，Sonny，你才剛到耶。」
You look over Carol's "Blue Plate Specials du Jour."	你瀏覽了一下 Carol 的「本日精選特餐」。
"Filet of Hummingbird Breast"	「蜂鳥胸肉排」
Panic fills your heart as you watch the nasty fluid nearly breach the rim, before it slowly subsides.	你看著那噁心的液體幾乎要滿出邊緣，心中一陣恐慌，接著它才緩緩退去。
You quietly relieve yourself.	你安靜地上了個廁所。
You whistle a happy tune as you clear your mind.	你一邊清空思緒，一邊吹著愉快的口哨。
There is a toilet, a sink, a paper towel dispenser, and an overflowing wastebasket.	這裡有一座馬桶、一個洗手台、一個擦手紙架，還有一個滿出來的垃圾桶。
You soap up, rinse off, and dry your hands.	你抹上肥皂、沖洗乾淨，再把手擦乾。
"Is that all you guys do: 'take coffee breaks?'"	「你們警察整天只會『休息喝咖啡』嗎？」
"Please, Officer! I don't want to be bothered."	「拜託，警官！我不想被打擾。」
"Make your quota for the day yet?"	「今天的配額達標了嗎？」
"Hello, Officer. Nice day, isn't it?"	「你好，警官。今天天氣不錯吧？」
"I'd like you to know that my family and I really appreciate the job you police officers do."	「我想讓你知道，我和家人真的很感謝你們警察的工作。」
"Hey, you're that guy I read about in the Tribune! Weren't you nominated for Officer of the Week or something? Good luck!"	「嘿，你就是我在《論壇報》讀到的那個人！你是不是被提名什麼本週警官？祝你好運！」
"Don't order the Hummingbird. Carol must have made it last week!"	「別點蜂鳥。Carol 一定是上週做的！」
"Boy, if the local police have to come here to eat, they MUST need a raise."	「天啊，如果當地警察得來這裡吃飯，他們『一定』需要加薪。」
"I sure don't envy the job you men have to do."	「我可一點也不羨慕你們的工作。」
"I wish someone would patrol my neighborhood more often! The teenagers are going crazy!"	「真希望有人能多巡邏我的街區！那些青少年都快失控了！」
"Why don't you guys quit writing so many speeding tickets and take care of a few of those slow-moving Sunday drivers that keep traffic so screwed up!"	「你們為什麼不別開那麼多超速罰單，去處理幾個把交通搞得一團亂的慢吞吞週日駕駛！」
"Something should be done about those jaywalking pedestrians! I almost ran over two of them yesterday and they had the nerve to act like it was my fault!"	「應該處理那些亂穿馬路的行人！我昨天差點撞到兩個，他們竟然還敢裝得好像是我的錯！」
"Well, well, well. If it isn't the city's finest!"	「哎呀，哎呀。這不是本市最優秀的警察嗎！」
"Officer Bonds, I know you're a good man, but the officer who gave me that ticket yesterday is a real rat!"	「Bonds 警官，我知道你是好人，但昨天開我罰單的警察真是個卑鄙小人！」
"Most cops I don't like, but you're one of the good ones! And, I mean that sincerely."	「我不喜歡大多數警察，但你是好警察之一！我是認真的。」
You're not in the bathroom!	你不在廁所裡！
You're here on a complaint, not for a snack.	你是為了處理投訴來的，不是來吃點心的。
There is a time and a place for everything, but this is not the time for a coffee break!	凡事都有適當的時間和地點，但現在不是喝咖啡休息的時候！
Carol is obviously upset as she blurts in a loud tone of voice...	Carol 明顯很生氣，大聲脫口說道……
"Oh, Sonny! Those drunken bikers in the bar next door are taking up all the parking places in front of my cafe! They just have no consideration for others! Where are my customers going to park? Would you ask them to move their motorcycles, please?"	「喔，Sonny！隔壁酒吧那些醉醺醺的騎士佔滿我咖啡館前的停車位！他們完全不替別人著想！我的客人要停哪裡？可以請你叫他們把機車移走嗎？」
"Thanks, Sonny!"	「謝謝你，Sonny！」
"Come on now, it's your job!"	「拜託，這是你的工作！」
Carol sounds relieved as she says, "Thanks for getin' those bikes removed, Sonny."	Carol 鬆了一口氣，說：「謝謝你把那些機車弄走，Sonny。」
Steve says, "Boy! It sounded over the air like you had a real mess on your hands at that 187 scene!"	Steve 說：「老兄！無線電聽起來，你在那個 187 現場可真是遇到大麻煩！」
Steve says, "This coffee'll blow your socks off!"	Steve 說：「這杯咖啡會讓你大吃一驚！」
Steve tells you, "Man, that murder makes a guy wonder what's going on around this town!"	Steve 告訴你：「老兄，那起謀殺案真讓人懷疑這城鎮到底發生了什麼事！」
Steve says, "Boy, you earned your coffee after that mess!"	Steve 說：「老兄，處理完那場混亂後，你值得喝杯咖啡！」
You wonder why some people don't learn to flush!	你想不通為什麼有些人學不會沖馬桶！
You push the handle down and flush the toilet.	你壓下把手，沖了馬桶。
"Did we do something wrong?"	「我們做錯什麼了嗎？」
"We're too busy to talk!"	「我們太忙了，沒空說話！」
"Get lost!"	「滾開！」
"Pig Sty Stew"	「豬圈燉菜」
"Fried Pork Rind"	「炸豬皮」
Yum?	好吃嗎？
You see people outside admiring your car.	你看見外面的人正在欣賞你的車。
There isn't one!	根本沒有！
Great. Another chapter in your life of big-time crime stopping -- parking space hogging!	太好了。你制止重大犯罪的人生又添一章——佔用停車位！
Whoosssshhhh!	咻——！
You've discovered where all the paper towels went!	你發現所有紙巾都跑去哪裡了！
It looks like each person has his own greasy spoon.	看來每個人都有自己的油膩小餐館。
She can't hear you from here; that grill must be loud!	她在這裡聽不見你；那個烤架一定很吵！
"What are you doin' back here again, Sonny?" Carol asks.	Carol 問：「Sonny，你怎麼又跑回這裡？」
This formerly public telephone formerly belonged to LT&T.	這支曾經是公共電話的電話，以前屬於 LT&T。
You don't have any coffee.	你沒有咖啡。
You slam back the entire mug of Jamaican Java. Your eyeballs roll back in your head.	你一口氣喝完整杯牙買加咖啡，眼珠子都快翻到腦後。
Steve looks like he's on a caffeine high.	Steve 看起來像是咖啡因嗨過頭了。
Bye...\n\nClick!	再見……\n\n喀！
"I've talked to my informants," says Steve, "have you seen Sweet Cheeks Marie yet?"	Steve 說：「我已經問過線人了，你見過 Sweet Cheeks Marie 嗎？」
"No, but I'm keeping both eyes peeled for her," you respond.	你回答：「沒有，但我會睜大雙眼找她。」
They look choked up from too much hummingbird.	他們看起來像是蜂鳥肉吃太多噎到了。
You find a lot of dirty towels.	你發現了一大堆髒毛巾。
You key your radio,"%s3	你按下無線電，「%s3
 83-32,%s4%m91	 83-32，%s4%m91
 83-Nora-10,%s4%m91	 83-Nora-10，%s4%m91
 10-97 	 10-97 
 10-7 	 10-7 
at Carol's."	在 Carol's。」
You feel your stomach grow tense when you hear, "Hey, Flat Foot! Move it!!"	你聽到「喂，死條子！閃啦！！」時，胃不禁一陣緊縮。
"You're in my way Mr. PO-lice."	「你擋到我的路了，警——察先生。」
You radio in, %s2	你用無線電通報，%s2
BULLSEYE!	正中紅心！
You've been nailed by a 4-gram dart, tossed by a 250-pound biker. Good job!	你被一個 250 磅重的機車惡漢丟出的 4 克飛鏢正中要害。幹得好！
Next time, watch where you're walking!	下次走路看清楚點！
The leader of this bunch, comes over to you and says, "Well, well! If it ain't the Tidy Bowl Man!"	這群人的頭頭走了過來，說：「哎呀，哎呀！這不是馬桶芳香劑裡那個藍衣小人嗎！」
"What the (*&^$(# do you want, PIG?"	「你他 (*&^$(# 到底想幹嘛，臭條子？」
"Lose somethin', son?"	「小子，掉了什麼東西嗎？」
"This ain't the kind of place for do-gooders, Chump!"	「這種地方可不歡迎你這種好管閒事的人，廢物！」
"83-32, %s3	「83-32，%s3
The animal in the black-leather jacket says, 	那個穿黑皮衣的傢伙說道，
%m12"Hey, Pal! I'm da leader 'round here! Ya wanna talk? Come over here and talk to me!!"	%m12「嘿，老兄！這裡我最大！想聊是吧？過來，跟我聊聊！！」
"How do ya plan to make us move our %w2, wimp?"	「你這孬種要怎麼讓我們把 %w2 移走啊？」
%m12"We don't talk to no pigs."	%m12「我們才不跟臭條子講話。」
"Say goodnight, Pig! We're gonna kick the S!@#$^&* out of you!!"	「跟你說晚安啦，臭條子！我們要把你揍得 S!@#$^&*！！」
%m53 If only you had your PR-24!	%m53 要是你手邊有 PR-24 警棍就好了！
You remove your PR-24 and take a defensive stance. The head biker quickly backs down, saying, "Excuse us, Sir! If you're going to be rough with us, we'll just leave quietly!"	你取出 PR-24 擺出防禦姿勢。帶頭騎士很快退縮，說：「對不起，先生！如果你要動粗，我們就安靜離開！」
It appears you are just what these low-lifes wanted...	看來你正是這些敗類想要的……
...a cop to pound on!	……一個可以痛打一頓的警察！
As he heads for the back room, the bartender mumbles under his breath, "Here comes trouble!"	他走向後房時，酒保低聲咕噥：「麻煩來了！」
"Com' on, guys. Let's blow this joint!"	「來吧，夥計們。我們離開這鬼地方！」
The local working girl seated at the bar seems to know you! She hops from the stool and shouts...	坐在吧台的當地應召女郎似乎認識你！她跳下凳子喊道……
"SONNY BONDS! 'Zat you?"	「SONNY BONDS！是你嗎？」
"My hero! Boy, am I glad you showed up. Those guys had some pretty strange ideas!"	「我的英雄！小子，我真高興你出現。那些傢伙有些奇怪的想法！」
"What's cookin', good lookin'?" asks your old friend, Sweet Cheeks Marie. "It's been too long, Sonny. I haven't seen ya around lately; I just know you want something!"	老朋友 Sweet Cheeks Marie 問：「最近在忙什麼，帥哥？太久沒見了，Sonny。我最近都沒看到你；我知道你一定想要什麼！」
"Well, you know, Sonny, I'm yours any time you're ready!"	「你知道的，Sonny，只要你準備好，我隨時是你的！」
Sweet Cheeks' eyes brighten, "Oh, Sonny! You know I'd just love that, but I'm meeting someone in a few minutes."	Sweet Cheeks 眼睛一亮：「喔，Sonny！你知道我很樂意，但我幾分鐘後要見人。」
Obviously, you have come to the right place. Sweet Cheeks Marie spills her guts to you...	顯然你來對地方了。Sweet Cheeks Marie 對你和盤托出……
"You know what I heard the other day?" says Marie, "there's a big dope man tryin' to take over Lytton. He likes to call himself 'The Death Angel!' I don't know no more about him, but this john was sure a peculiar duck."	Marie 說：「你知道我前幾天聽到什麼嗎？有個大毒梟想接管 Lytton。他喜歡自稱『死亡天使』！我不知道更多，但這個嫖客真是個怪人。」
"I only seen him once, and I'm not sure about his name. I think it was Coffman, or Hoffman, or something like that. He's a real spiffy dresser, but the funniest thing: the guy has a sweet, little, flower tattoo above his left nipple. It was kinda cute, really."	「我只見過他一次，也不確定名字。我想是 Coffman、Hoffman，或類似的名字。他穿得非常時髦，但最有趣的是：那傢伙左邊乳頭上方有朵可愛的小花刺青。真的有點可愛。」
"That's the only real news in town, Sweet Thing!"	「這就是城裡唯一真正的新聞，親愛的！」
"Any time, Sonny.%m62	「隨時都可以，Sonny。%m62
Sweet Cheeks steps back into her office and says, "See ya later, Sonny!"	Sweet Cheeks 走回辦公室說：「待會見，Sonny！」
Where are you looking?	你在看哪裡？
%m64July, '65%m65Donna Lovely%m66	%m64 1965 年 7 月%m65Donna Lovely%m66
%m64June '86%m65Sweet Cheryl%m66	%m64 1986 年 6 月%m65Sweet Cheryl%m66
A boss plaque on the back wall reads, "Give Me Harley or Give Me Death!"	後牆上的老闆牌寫著：「給我 Harley，不然給我死亡！」
The bar's speakers sound like they've been "rode hard and put up wet!"	酒吧喇叭聽起來像是「被狠狠騎過又濕淋淋地掛起來！」
The only thing in the cracks of these walls is an occasional cockroach.	牆縫裡唯一的東西偶爾是蟑螂。
The table is covered with scratches, dents and cracks. It looks like it was salvaged from Joe's Junk Yard.	桌子滿是刮痕、凹痕與裂縫，看起來像從 Joe 的廢車場撿來的。
You see a well-used dartboard, and, being a trained observer, you conclude by the pattern of holes around the bulls-eye that local competition isn't that tough.	你看見一個用得很舊的飛鏢靶。身為受訓觀察員，你從靶心周圍的孔洞判斷，本地競爭不算激烈。
The best way to play darts is to save your game, turn off your computer, and buy a dart board! (Maybe you'll get to play darts in "Police Quest II!")	玩飛鏢最好的方法是儲存遊戲、關掉電腦，然後買一個飛鏢靶！（也許你能在《警察故事 II》裡玩飛鏢！）
In return for the information on the Death Angel, you tell Sweet Cheeks of the upcoming undercover crack down on prostitution called "Operation Trick Trap."	為了交換死亡天使的情報，你告訴 Sweet Cheeks 即將進行名為「陷阱行動」的臥底掃蕩賣淫任務。
This is the worst dive in town. Everything that crawls lives here!	這是城裡最糟的破酒吧。所有會爬的東西都住在這裡！
Lots of blood, sweat and tears (and other things) have been deposited in Wino Willy's!	Wino Willy's 裡沉積了大量血、汗、淚（以及其他東西）！
"83-Nora-10, %s3	「83-Nora-10，%s3
"Why, Sweet Thing!" says the hooker. "You'd arrest your old sweetie, Sweet Cheeks Marie?"	妓女說：「什麼，親愛的！你要逮捕你的老情人 Sweet Cheeks Marie？」
Keep moving, you don't need to sit here.	繼續走，你不必坐在這裡。
The barkeep isn't very talkative as he says, "Nice day outside."	酒保不太健談，只說：「外面天氣不錯。」
The bartender sums everything up by saying, "Looks like a good day for fishing."	酒保總結道：「看來是個釣魚的好日子。」
It's Willy Wily, in the flesh.	Willy Wily 本人就在這裡。
You can't use your gun here, with all%m63around.	周圍有這麼多%m63，你不能在這裡用槍。
Why hurt%m63?	為什麼要傷害%m63？
Once was enough; they're on their way.	一次就夠了；他們正在路上。
"What for, Man? We ain't done nothin' wrong!"	「為什麼，老兄？我們什麼壞事都沒做！」
"So long, Sweetie!%m62	「再見，親愛的！%m62
You recognize Sweet Cheeks Marie as an old chum from high school. She obviously failed stewardess school!	你認出 Sweet Cheeks Marie 是高中老同學。她顯然沒讀完空服員學校！
Probably the lips of those ugly bikers  have been wrapped around these bottles.	這些瓶子大概被那些醜陋騎士的嘴唇碰過。
These rickety old stools have seen better days.	這些搖搖晃晃的老凳子曾有過更好的日子。
All they've done is hog Carol's parking.	他們唯一做的事就是佔滿 Carol 的停車位。
" says Sweet Cheeks Marie. "Come see me some time when we can spend more time, Darlin'!"	Sweet Cheeks Marie 說：「找時間來看我，我們可以多待一會兒，親愛的！」
 these (presumedly) innocent people 	 這些（想必）無辜的人們 
On this wall hangs the centerfold from the 	這面牆上掛著一張跨頁海報，出自
 issue of "Gnarly Biker" magazine, "	月號《粗獷機車手》雜誌，封面女郎「
, Gnarly of the Month."	，本月最辣機車妹」。
These are some pretty rough-looking dudes!	這些傢伙看起來還真不好惹！
10-97%m71	10-97%m71
10-8%m72	10-8%m72
10-20%m71	10-20%m71
 at Wino Willy's."	 在 Wino Willy 酒館。」
, complaint resolved."	，投訴已處理完畢。」
You already are looking in the briefcase.	你已經在看公事包裡面了。
Your pinch book isn't here.	你的違規紀錄本不在這裡。
You take your pinch book from your briefcase.	你從公事包裡拿出你的違規紀錄本。
Nothing else in the briefcase would be use to you.	公事包裡沒有其他對你有用的東西了。
You take the notebook from your briefcase.	你從公事包裡拿出筆記本。
The case is fresh out of books.	公事包裡已經沒有本子了。
This pen was a high school graduation gift.	這支筆是你高中畢業時收到的禮物。
It IS in the briefcase.	它就在公事包裡。
You place your pinch book into your briefcase.	你把違規紀錄本放進公事包裡。
Which book?	哪一本書？
You place the notebook back in the briefcase.	你把筆記本放回公事包。
You put your pen back into the briefcase.	你把筆放回公事包。
There's nothing left of importance.	沒有其他重要物品了。
Your briefcase contains your pen, a notebook, and your Official LPD ticket book.	你的公事包裡有筆、筆記本和 LPD 官方罰單簿。
Your notebook remains in your briefcase.	你的筆記本仍在公事包裡。
Your pen remains in your briefcase.	你的筆仍在公事包裡。
Your ticket book remains in your briefcase.	你的罰單簿仍在公事包裡。
Where did you put it?	你把它放哪裡了？
"Say, Sonny, do you know how to tell the difference between an oral and rectal thermometer?"	「Sonny，你知道怎麼分辨口腔體溫計和肛門體溫計嗎？」
"By the taste."	「靠味道。」
"Well, see you later. I'm late for a date to raise my caffeine level."	「好，待會見。我約了人提升咖啡因濃度，快遲到了。」
"Can you believe that Morris Fudley? Every day he showers here, 'cause he's too cheap to shower at home!"	「你相信 Morris Fudley 嗎？他每天都在這裡洗澡，因為他小氣到不肯在家洗！」
"Boy, what a hangover I have! I shoulda left the Blue Room earlier last night."	「老天，我宿醉得真厲害！昨晚我應該早點離開 Blue Room。」
"Do you know the best thing about this shower, Sonny?"	「Sonny，你知道這間淋浴間最棒的地方是什麼嗎？」
"It's free."	「免費。」
"Too bad you have to work, Sonny," says Fudley. "I'm 10-10. It's beer time for me."	Fudley 說：「可惜你得工作，Sonny。我已經 10-10。該喝啤酒了。」
"You'd better get on your beat before Sergeant Dooley catches you blowing off department time."	「你最好在 Dooley 警佐發現你浪費勤務時間前回到崗位。」
This is the Lytton PD locker room.	這是 Lytton 警察局的更衣室。
"You wouldn't enjoy it. I'd just lie there!"	「你不會喜歡的。我只會躺在那裡！」
"Sonny, I heard a rumor that Sweet Cheeks Marie has the hots for you! You'd better watch your step 'cause those hookers will put their hooks in you before you know it!"	「Sonny，我聽說 Sweet Cheeks Marie 對你有意思！你最好小心，因為那些妓女會在你察覺前把你牢牢勾住！」
"Speaking of girls, that 'Hoochie Coochie' Hannah is sure one spicy dancer! She drove the guys completely crazy!"	「說到女孩，那個『Hoochie Coochie』Hannah 真是火辣舞者！她讓男人們完全瘋狂！」
"Boy, you can sure tell there's a full moon out! You should see the nut I arrested last night for being under the influence of drugs.	「哎呀，看得出來今晚是滿月吧！你真該看看我昨晚逮到的那個嗑藥嗑到瘋掉的傢伙。
"This dude was so wired, he was nude break-dancing on loose gravel. His back looked like raw meat!"	「這傢伙嗨到不行，光著身子在碎石地上跳霹靂舞。他的背都磨得跟生肉一樣了！」
"Can you believe that Morris Fudley? I hid all the soap and he's still in there showering. I wonder if his wife goes down to the river to bathe?"	「你相信 Morris Fudley 嗎？我把肥皂全藏起來，他還是待在裡面洗澡。我想知道他老婆是不是去河邊洗澡？」
"I'm going to write a memo about this hot water situation. This place never has enough hot water! I, for one, think we should be able to take longer, more comfortable showers."	「我要寫備忘錄反映熱水問題。這裡的熱水永遠不夠！至少我認為我們應該能洗更久、更舒服的澡。」
"You know as well as I do: Dooley doesn't like cops who waste time."	「你和我都知道：Dooley 不喜歡浪費時間的警察。」
"Hey, man! What're you staring at?!"	「嘿，老兄！你在瞪什麼？！」
"Isn't it nice how affirmative action has helped guys like you get on the force?"	「平權措施幫助像你這樣的人加入警隊，不是很好嗎？」
That's good, old "Morris Fudley." He's so tight, when he walks, he squeaks!	真是老「Morris Fudley」。他小氣到走路都會吱吱作響！
"Book him for what?" asks the jailer.	獄警問：「要以什麼罪名登記他？」
The jailer does that electronically.	獄警用電子設備完成那件事。
"Hey, man, lemme outta here! I didn't know it was illegal to copy disks!"	「嘿，老兄，放我出去！我不知道複製磁碟是違法的！」
The man in the cell is upset by your presence here. He jeers, "Say, fool, if you're not my lawyer, then get out of my face!"	牢房裡的男人因你的出現而不高興。他嘲笑道：「喂，笨蛋，如果你不是我的律師，就別在我面前晃！」
From behind the bars, you are verbally assaulted, "That's all you sidewalk lizards do: pick on us poor little folks! If you wanna pick on somethin', try runnin' your finger up your nose to about the second knuckle, Captain Crime Buster!"	隔著鐵欄杆，你遭到言語攻擊：「你們這些街頭蜥蜴只會欺負我們窮小民！如果真想欺負什麼，就把手指伸進自己的鼻子到第二個關節吧，犯罪剋星隊長！」
"Hey, Pig!" shouts the prisoner. "If you were on my side of these bars, I'd kick your mojo up between your shoulders!"	囚犯喊道：「嘿，條子！如果你在鐵欄杆這邊，我就把你的魂踢到肩膀中間！」
"Well, well, well!" shouts the prisoner. "If it ain't a wimp in cop's clothing!"	囚犯喊道：「哎呀，哎呀！這不是穿警察制服的膽小鬼嗎！」
%m15Well, well! Ol' Bonds is loose again."	%m15哎呀，哎呀！老 Bonds 又放出來啦。」
%m15Oh, no! Here comes more paperwork!"	%m15哦，不！又要來一堆文書作業了！」
%m15if you're selling tickets, I don't need any."	%m15要是你在賣票，我可不需要。」
The jailer hollers, "Get over there! I'll open the door!"	獄警喊道：「到那邊去！我來開門！」
The jailer has control of this door.	這扇門由獄警控制。
You need to get closer.	你需要再靠近一點。
It seems you have some unfinished business here first.	看來你得先處理這裡尚未完成的事情。
The jailer greets you with a friendly, "	獄警親切地向你打招呼：「
The jail is drab and depressing. The only reason the jailer works here is the vast variety of lifestyles that pass through.	監獄單調又令人沮喪。獄警之所以在這裡工作，唯一的理由就是每天經過這裡的生活百態。
"I'll have to process her paperwork before you can take her anywhere," says the jailer. "I'll send her over to HQ as soon as possible."	獄警說：「你要帶她去哪裡前，我得先處理她的文件。我會盡快把她送到總部。」
You don't have a suspect.	你沒有嫌犯。
The Jailer says "Bonds, you oughta know better than to bring your gun in here."	獄警說：「Bonds，你應該知道不該把槍帶進來。」
You're docked two points.	你被扣兩分。
Bonecrusher Gajarian stares back at you through the bars. You never realized software pirates were SO ugly!	Bonecrusher Gajarian 隔著鐵欄瞪著你。你從沒想過盜版軟體的人可以醜成這樣！
You wonder, "What did I do to fire Dooley's rockets?"	你心想：「我到底做了什麼，把 Dooley 惹得這麼火大？」
"I wonder if little Miss Bare Bosoms filed a complaint?"	「不知道那位『裸胸小姐』有沒有去報案？」
"See if you can walk up those stairs without falling down!" you order the drunk.	你命令那個醉漢：「看你能不能走上那些樓梯而不跌倒！」
"Hic! Whacha mean, Ociffer?" he replies. "I walk like this even when I'm sober!!"	他回答：「打嗝！你什麼意思，警、警官？」「我沒喝酒的時候也是這樣走路的啦！！」
The gun locker is open.	槍櫃是開著的。
The gun locker is closed.	槍櫃是關著的。
You place your revolver in the locker.	你把左輪手槍放進槍櫃。
You remove and holster your weapon.	你取出武器並收入槍套。
You can't reach the gun locker from there.	你從那裡搆不到槍櫃。
You can push the buzzer, but the door is already open.	你可以按蜂鳴器，但門已經開了。
You push the buzzer. The jailer releases the electronic lock.	你按下蜂鳴器。獄警解除電子鎖。
Only the jailer can open and close this door.	只有獄警能開關這扇門。
This is the officer's booking entrance to the Lytton City Jail. In the exercise yard, a prisoner dribbles continuously. (He also bounces his basketball!)	這裡是 Lytton 市立監獄的警員收押入口。運動場上，一名囚犯不停地流口水。（他也在拍籃球！）
There are gun lockers at the top of the stairs, a heavy, steel-plated door, and a pushbutton. A video surveillance camera slowly sweeps the area.	樓梯頂端有槍械置物櫃、一扇厚重的鋼板門，還有一個按鈕。一台監視攝影機緩緩掃視著這個區域。
%m42What are you looking at, Porky Pig?"	%m42你在看什麼啊，豬頭？」
%m42A dude like you put me here and I'm going to sue your whole department for false arrest!"	%m42就是你這種傢伙把我關進來的，我要告你們整個局，誣告非法逮捕！」
%m42Why don't you people go out and bust some real criminals, instead of messin' around with innocent folks like me? All I did was borrow somebody's car for a while!"	%m42你們怎麼不去抓真正的罪犯，反而來煩我這種無辜的人？我只不過是『借』了別人的車開一下而已！」
"Watch your step, Art! We don't want you falling down the stairs."	「小心腳步，Art！我們可不希望你從樓梯上摔下去。」
"Hic!" says Art.	Art 說：「打嗝！」
You must open the gun locker before you can put your weapon inside.	你得先打開槍械置物櫃，才能把武器放進去。
The buzzer is out of reach.	你碰不到那個蜂鳴器。
"The world would be a lot better off without cops like you!"	「這世界要是少了你這種條子，一定會好上許多！」
"I guess this is your big bust for the day, huh, Pig?"	「我猜這就是你今天的大戰績了吧，臭條子？」
"You're going to find out this was a big waste of your time, and mine!"	「你會發現，這根本是浪費你我雙方的時間！」
"Get up those stairs, Dog Meat!"	「給我上樓梯，垃圾！」
"Shut up and keep moving, Hoffman."	「閉嘴，繼續走，Hoffman。」
"Seeing you in 'cuffs gives me a natural high, Punk!"	「看到你被上銬，我整個人都爽起來了，小混混！」
The door IS open.	這扇門本來就是開著的。
%m42Hey, baby! You boys play basketball?"	%m42嘿，寶貝！你們這些傢伙會打籃球嗎？」
If you close the door on this guy, he will doubtlessly sue!	如果你把門甩在這傢伙身上，他肯定會告你！
Laura says, "Get the door, Sonny. I'll keep an eye on these boys."	Laura 說：「Sonny，去開門。我來盯著這些傢伙。」
Your service revolver is in the locker.	你的配槍放在置物櫃裡。
You don't have a gun!	你沒有槍！
Your weapon is in your holster.	你的武器在槍套裡。
You won't be going anywhere until you finish booking.	你在完成建檔收押之前哪裡都去不了。
"Looks like you'll be a valued addition to narcotics, Bonds," says Laura.	Laura 說：「看來你會是緝毒組的一大助力，Bonds。」
"Let's get back to the office. I've got work to do."	「我們回辦公室吧，我還有工作要做。」
Perhaps you should remove your prisoner from the car first.	或許你該先把囚犯從車上帶下來。
Around here, failure to secure the gun locker door can be hazardous to your health!	在這裡，沒把槍櫃門鎖好，可是會危害到你的健康！
First, close the door.	先把門關上。
Slam Dunk Donny yells through the fence, "	Slam Dunk Donny 隔著柵欄大喊：「
There is a pushbutton on the wall beside the jail door.	牢房門旁的牆上有一個按鈕。
Smile pretty.	笑一個吧。
The steel-plated door is bulletproof and as solid as a brick shipyard.	這扇鋼板門防彈，而且堅固得像一座磚造船塢。
These lockers are used to store officers' weapons while they're inside the jail on business.	這些置物櫃是讓警員在牢房內辦公時，用來存放武器的。
The locker is empty.	這個置物櫃是空的。
He seems to be tireless! His stamina is only equaled by his sentence. From past encounters, you know his nickname is "Slam Dunk Donny."	他似乎永遠不會累！他的體力和他的刑期一樣驚人。從過去的交手經驗，你知道他的綽號叫「Slam Dunk Donny」。
You have no business in the jail at this time. The jailer knows it, and he won't let you in.	你現在沒有理由進牢房。獄警知道這一點，不會讓你進去。
So many prisoners escape from this jail, you wonder if anyone is ever assigned to that tower.	這座監獄逃走的囚犯多到讓你懷疑，究竟有沒有人被派去看守那座瞭望塔。
"Ok, ok! I'm comin'!"	「好啦，好啦！我來了！」
You should have thought of that when you had him on his belly!	你早該在把他壓趴在地上時就想到這一點！
"Follow me," you order your prisoner.	「跟我走，」你命令囚犯。
You must open the gun locker before you can retrieve your weapon.	你必須先打開槍櫃，才能取出武器。
It belongs in your car.	它應該放在你車上。
Put your gun in the gun locker.	把槍放進槍櫃裡。
You were sent here to enlist Sweet Cheeks, and you leave after just a kiss?!	你被派來這裡吸收 Sweet Cheeks，結果只親了一下就走人？！
"Are you sizin' up my office, or what?"	「你是在打量我的辦公室，還是怎樣？」
"Sonny, you know you don't belong in this office without an invitation! Get to work!"	「Sonny，你知道沒受邀就不該進這間辦公室！快去工作！」
"Officer Bonds, your public awaits you!"	「Bonds 警員，大家都在等你了！」
"I heard you were going undercover at Hotel Delphoria, Sonny!"	「我聽說你要去 Delphoria 飯店臥底了，Sonny！」
"CLUCK!!"	「咕咕！！」
You can hardly believe your eyes. A full-grown chicken, with its legs tied together, is flapping about and clucking raucously, right on Sgt. Dooley's desk! Feathers fly everywhere! But that's not the worst: unfortunately, the chicken has lost control of her bodily functions.	你簡直不敢相信自己的眼睛。一隻雙腳被綁在一起的成年雞，正在 Dooley 警佐的辦公桌上又拍翅膀又大聲咯咯叫！羽毛四處亂飛！但這還不是最糟的：不幸的是，這隻雞已經失禁了。
The mysterious "Gremlin" has struck Sgt. Dooley again!	神秘的『搗蛋鬼』又對 Dooley 警佐下手了！
"Sonny! If I find out you are that inconsiderate, worthless 'Gremlin,' I'll hang you out to dry!!"	「Sonny！要是讓我發現你就是那個不知好歹、沒用的『搗蛋鬼』，我一定把你整慘！！」
Nah, you don't want to do that. Who'd dirty their clean uniform by picking up a chicken that just relieved herself all over Sgt. Dooley's desk?	不，你才不想這麼做。誰會想弄髒自己乾淨的制服，去抱起一隻剛在 Dooley 警佐桌上大小便的雞呢？
Before you say anything, you think back a few years and remember that Lytton PD officer who received a disability retirement because the blood stopped circulating in his brain. He also talked to chickens!	你還沒開口，就想起幾年前那位 Lytton 警局的警員，因為腦部血液循環中止而以傷殘退休——他也曾經跟雞說話！
The office is furnished with a desk and chair, a file cabinet, and a bookcase with a trophy on it.	這間辦公室擺著一張辦公桌和椅子、一個檔案櫃，還有一個放著獎盃的書櫃。
On one wall is a photograph of Sgt. Dooley with Chief Whipplestick. On the other wall hangs a Certificate of Accomplishment.	一面牆上掛著 Dooley 警佐與 Whipplestick 局長的合照，另一面牆上則掛著一張表揚證書。
The inscription on the trophy reads...\n\n"Sgt. John Dooley\n   Third Place\n   Fifth Annual\n Pygmy Goat Races"	獎盃上刻著……\n\n「John Dooley 警佐\n   第三名\n   第五屆\n 侏儒山羊賽跑」
"Sonny! Are you going to be late for briefing again?"	「Sonny！你是不是又要簡報遲到了？」
In the bookcase are various volumes of Official Departmental Procedures and General Orders guaranteed to cure insomnia.	書櫃裡擺著好幾冊《局內正式程序與一般命令》，保證看了包治失眠。
This file cabinet is crammed full of personnel records and officer evaluations.	這個檔案櫃裡塞滿了人事紀錄和警員考核表。
"Certificate of Accomplishment for Outstanding Achievement in the Leadership of City of Lytton Community Youth Programs"	「Lytton 市社區青少年計畫領導傑出成就表揚證書」
The file cabinet is off-limits to all except Sgt. Dooley, the Chief of Police, and the Department of Internal Affairs.	除了 Dooley 警佐、警察局長和內部事務處之外，任何人都不得碰這個檔案櫃。
"Well, hello, Mr. Bonds."	「哎呀，你好啊，Bonds 先生。」
The photograph of Sgt. Dooley and Chief Whipplestick amuses you.	Dooley 警佐與 Whipplestick 局長的合照，讓你覺得很好笑。
You see the brickwork of an exterior wall.	你看到一面外牆的磚造結構。
You're too far from the door.	你離門太遠了。
Closing the door now would be rather painful.	現在把門關上，恐怕會很痛。
"Hello, Sonny! I have a memo here concerning you. Let me read it to you."	「哈囉，Sonny！我這裡有一份跟你有關的備忘錄，我唸給你聽。」
As Sgt. Dooley starts to read, his eyes begin to sting and water profusely.	Dooley 警佐才剛開始唸，眼睛就開始又刺又濕，淚流不止。
"Get out of my way!" screams Dooley. "I think my eyeballs are comin' out of my head!"	「別擋我的路！」Dooley 尖叫道。「我覺得我的眼珠子要掉出來了！」
Sgt. Dooley races for the bathroom, cursing the "Gremlin" for spraying the memo with mace!	Dooley 警佐衝向廁所，咒罵那個用胡椒噴霧噴備忘錄的「Gremlin」！
On his way out, Dooley yells, "Read the memo yourself, Sonny -- if you can."	Dooley 離開時喊道：「Sonny，自己讀備忘錄——如果你看得懂的話。」
From the hallway comes uncontrolled laughter, as Dooley declares, "When I find who that 'Gremlin' is, I swear I'll kill him!"	走廊傳來失控的笑聲，Dooley 宣告：「等我找出那個『Gremlin』是誰，我發誓要宰了他！」
You can't; that thing is dripping with mace.	不行；那東西沾滿了胡椒噴霧。
You think to yourself, "This is one excited chicken," as you watch it flop, squirt and cluck around on Dooley's desk. You bite your lip trying to keep from laughing.	你看著雞在 Dooley 桌上撲騰、噴濺並咯咯叫，心想：「這真是一隻興奮的雞。」你咬住嘴唇，努力不笑出來。
You may be smart, but you can't read a memo upside down!	你也許很聰明，但你不能倒著讀備忘錄！
What a cruel thought.	真是殘酷的想法。
"Interdepartmental Memo\n\nFrom: Lt. James Morgan, Narcotics.\n\nRe: Officer Bonds\n\nOfficer Bonds' request for a temporary transfer to the Narcotics Department has been approved. Bonds is to report to my office ASAP in suitable street clothes."	「部門間備忘錄\n\n寄件人：James Morgan 中尉，緝毒組。\n\n主旨：Bonds 警官\n\nBonds 警官暫調緝毒組的申請已獲批准。Bonds 請儘速穿著合適的便服到我的辦公室報到。」
Dooley shouts, "I swear if I catch that 'gremlin,' whoever he is, I'm gonna make hamburger out of him!"	Dooley 喊道：「我發誓，如果抓到那個『Gremlin』，不管他是誰，我都要把他剁成漢堡！」
You don't need the books.	你不需要那些書。
They belong to Sgt. Dooley. Don't bother them.	那些書是 Dooley 警佐的。別去動它們。
Dooley keeps his desk neat and orderly.	Dooley 的桌子保持整潔有序。
Sgt. Dooley, the old veteran, barks a lot, but rarely bites.	老兵 Dooley 警佐很愛吼叫，但很少真的咬人。
This is Sgt. Dooley's office. Many butts have been chewed out in this room.	這是 Dooley 警佐的辦公室。許多人曾在這間房裡挨過訓。
"Bonds!" Dooley growls. "Aren't you assigned enough work to do? Go on, get out of here!"	Dooley 低吼：「Bonds！你分配到的工作還不夠多嗎？走，離開這裡！」
Do that in "King's Quest III."	去《國王密使 III》裡做那件事吧。
"Interdepartmental Memo\n\nFrom: Lt. James Morgan, Narcotics.\n\nRe: Officer Bonds\n\nDue to our extreme manpower shortage, Officer Bonds is hereby temporarily transferred to the Narcotics Department. Bonds is to report to my office ASAP in suitable street clothes."	「部門間備忘錄\n\n寄件人：James Morgan 中尉，緝毒組。\n\n主旨：Bonds 警官\n\n由於人力極度短缺，Bonds 警官即日起暫調緝毒組。Bonds 請儘速穿著合適的便服到我的辦公室報到。」
This is %m85's office.	這是 %m85 的辦公室。
Lt. Morgan is a handsome, middle-aged man, with a winsome touch of gray to his hair.	Morgan 中尉是位英俊的中年男子，頭髮帶著迷人的灰白色。
You're in %m85's office.	你在 %m85 的辦公室裡。
%m85 keeps his desk neat and clean, with a place for everything, and everything in its place. There is a telephone on his desk.	%m85 把桌面維持得整潔乾淨，物品各有其位。桌上有一支電話。
You are talented, but there is no need to climb the desk!	你很有天分，但沒必要爬上桌子！
You don't have time to sit on the desk!	你沒時間坐在桌上！
"I have a lot of paperwork and no time to talk!"	「我有一堆文書工作，沒時間聊天！」
"555-6674"	「555-6674」
"Sonny, you were selected because of your experience and years of good service to the force," says %m85.	%m85 說：「Sonny，之所以選中你，是因為你的經驗與多年優良的警隊服務。」
You look under the desk and surmise that %m85 picks his nose.	你看向桌下，推測 %m85 會挖鼻子。
%m85 keeps his window nailed shut!	%m85 把窗戶釘死了！
This file is locked!	這份檔案已鎖定！
Only %m85 has access to this file.	只有 %m85 能存取這份檔案。
Warming the chair would be all you accomplished.	你唯一能做到的，就只是把椅子坐熱。
It's a tile floor.	這是磁磚地板。
%m84's phone is not for your use.	%m84 的電話不是給你用的。
There is nothing on %m84's desk that concerns you.	%m84 桌上沒有與你有關的東西。
%m84 barks, "Sonny, get out from behind my desk!"	%m84 吼道：「Sonny，從我桌子後面出去！」
%v35	%v35
This door opens out, so you must leave in order to close it.	這扇門向外開，所以你必須離開才能關上。
%m83 jabs, "Sonny! Can't you see I'm busy!"	%m83 尖銳地說：「Sonny！你看不出我很忙嗎！」
"Please, Sonny! I've got a ton of paperwork to do, and no time for conversation."	「拜託，Sonny！我有一大堆文書工作要做，沒時間聊天。」
"Sonny, I don't have time for anything now!"	「Sonny，我現在什麼事都沒時間做！」
It's a window with mini-blinds.	這是一扇裝有百葉簾的窗戶。
That would anger %m83, as he likes his office dark.	那會惹怒 %m83，因為他喜歡辦公室昏暗。
"Lytton City Map"	「Lytton 市地圖」
You do not need it.	你不需要它。
Make your own map!	自己畫地圖吧！
The books on the shelves belong to the Lieutenant.	書架上的書屬於中尉。
You don't need them.	你不需要它們。
It's a ceiling.	這是天花板。
Morgan	Morgan
Lt. %m83	%m83 中尉
Lieutenant %m83	中尉 %m83
"I'm waiting for a return telephone call, Sonny," says %m84. "Keep working and see what you can discover."	「Sonny，我在等一通回電，」%m84 說。「繼續工作，看你能查到什麼。」
"Wanna bet five bucks on who gets the first arrest?"	「要不要賭五塊錢，看誰先抓到人？」
"Get to work, boy!"	「快去工作，小子！」
Sergeant Dooley will have your can if you read a newspaper while on duty.	你要是在值勤時看報紙，Dooley 警佐一定會修理你。
This is your assigned position for briefings.	這是你在簡報時的指定位置。
Sergeant John Dooley briefs the 1300 shift, beginning with the latest hot sheet of stolen rides...	John Dooley 警佐為 1300 班次做簡報，先從最新的失竊車輛清單開始……
"Welcome back, men" says Sergeant John Dooley. "I hope you enjoyed the long weekend."	John Dooley 警佐說：「各位，歡迎回來。希望你們週末過得愉快。」
"Now, listen up," he barks. "We're looking for a black 1983 Cadillac, license number 'LOP1238,' VIN C03456218, reported stolen last week. Try hard to find it, so I can get that Malcolm Washington character off my back for a change."	「聽好了，」他厲聲說道。「我們在找一輛黑色 1983 年 Cadillac，車牌『LOP1238』，車身號碼 C03456218，上週被通報失竊。努力找出來，好讓 Malcolm Washington 那傢伙別再來煩我。」
"Also, please contact any street informants that you may have. We need any line we can get on this stinking drug traffic."	「另外，請聯絡你們可能認識的街頭線人。關於這該死的毒品交易，我們需要任何線索。」
Dooley continues, "Now, hear this: last night, three teenagers were arrested in three separate arrests, each for drunk driving. Two of the three were in possession of cocaine, and all three attend Jefferson High School. That should tell you something, boys and girls!"	Dooley 接著說：「再聽好了：昨晚有三名青少年分別因酒駕被逮捕，三起獨立案件。其中兩人身上還持有古柯鹼，而且三人都就讀 Jefferson 高中。這應該能告訴你們一些事情，各位！」
"Well, that's it for today. Watch your butts, kids. We don't want ol' Chief Whipplestick whining about our industrial injury stats going up again! Sonny Bonds, your call number will be 83-32."	「好了，今天就到這裡。各位小心點，我們可不想再讓 Whipplestick 老局長為職災統計上升發牢騷了！Sonny Bonds，你的呼號是 83-32。」
You pick up this morning's edition of the "Lytton Tribune."	你拿起今天早上的《Lytton Tribune》。
You check your pigeonhole and find a hand-written message...	你查看自己的信箱格，發現一張手寫留言……
"Sonny:\n\nHow's about a 11-98 at Carol's Caffeine Castle later in the shift?\n\nSteve"	「Sonny：\n\n這班下班後，要不要在 Carol 咖啡城堡碰個面（11-98）？\n\nSteve」
You look in Steve's pigeonhole and see a stack of subpoenas.	你看了看 Steve 的信箱格，裡面是一疊傳票。
You look in Jack's pigeonhole and see a message that reads, "I shot the last sucker that nosed around in MY pigeonhole!"	你看了看 Jack 的信箱格，看到一張留言寫著：「上一個敢探頭到我信箱格裡亂翻的傢伙，被我一槍斃了！」
Sgt. Dooley runs a quiet, organized briefing. Wandering around and being a general nuisance just won't cut it. He demands respect for superior officers.	Dooley 警佐主持的簡報一向安靜有序。到處遊蕩、當個討人厭的傢伙可行不通。他要求大家尊重上級長官。
My, my! What a filthy little mind we have!	哎呀，哎呀！你的腦袋還真是不乾淨呢！
Your pigeonhole is empty.	你的信箱是空的。
Not now! Sgt. Dooley is ready to start his briefing.	現在不行！Dooley 警佐準備要開始簡報了。
Quit snooping around in other officer's pigeonholes.	別再偷翻其他警員的信箱格了。
"Hey, Sonny! That story in this morning's paper sure made you look good."	「嘿，Sonny！今天早報上那篇報導，把你寫得挺風光的。」
"Sonny Bonds, please find your place. Briefing is about to begin."	「Sonny Bonds，請回到自己的位置。簡報就要開始了。」
Since you no longer need the message, you discard it.	既然這則留言已經沒用了，你把它丟掉了。
Dooley yells, "Sonny, find your desk!"	Dooley 大喊：「Sonny，找到你的座位！」
"You're gonna havta hump to catch me, boy! I wrote so many tickets while you were off duty, I wore down two pencils and ran a pen clear out of ink!"	「你得拚了老命才追得上我，小子！你休班的時候我開了一堆罰單，磨壞了兩支鉛筆，還把一支筆的墨水用光了！」
"Did you hear? The 'Greasy Spoon' quit giving half-price meals!"	「你聽說了嗎？『油膩湯匙』餐廳不再提供半價餐點了！」
"Can you believe our flea-bitten jail lost another prisoner last night?"	「你相信嗎？我們這個破爛牢房昨晚又跑了一個囚犯！」
"Dooley sure has been putting on the pressure for ticket activity."	「Dooley 最近對開單業績抓得可緊了。」
"Sonny, you look good enough to take home."	「Sonny，你這模樣讓人真想把你帶回家。」
"Man! That aftershave lotion is getting to me, Sweet Thing."	「老兄！那款鬍後水快把我迷得神魂顛倒了，甜心。」
"I had two arrests last night; it's a shame both of them wanted to go the hard way!"	「我昨晚逮捕了兩個人，可惜他們兩個都要來硬的！」
"Step aside, boy!"	「讓開，小子！」
"It's guys like you that make me want to retire."	「就是你這種傢伙，讓我很想退休。」
"Better write some tickets, if you want to keep Dooley off your back."	「要是不想讓 Dooley 一直煩你，最好多開幾張罰單。」
"You keep wearing that aftershave lotion, and I'm going to jump you."	「你再繼續擦那款鬍後水，我可要撲上去了。」
Oh, no! Here you are for the 1300 briefing, and it's 1315! Once again, you've spent too much time goofing off.	糟了！你是來參加 1300 的簡報，結果現在已經 1315 了！你又花太多時間在鬼混了。
Time to buy "Leisure Suit Larry in the Land of the Lounge Lizards," the new, adult-themed 3-D animated, graphic adventure from Sierra!	是時候買下 Sierra 推出的全新成人主題 3D 動畫圖像冒險遊戲《Leisure Suit Larry in the Land of the Lounge Lizards》了！
Briefing should be starting soon.	簡報應該快要開始了。
"Bonds, next time find your place and face this podium," shouts Sgt. Dooley.	Dooley 警佐大喊：「Bonds，下次找到自己的位置，面對這個講台站好！」
Sgt. Dooley says, "Men, we've received information from the Day Sergeant concerning a Missing Persons report filed earlier this morning.	Dooley 警佐說：「各位，我們收到日班警佐轉來的消息，是今天稍早申報的一起失蹤人口案件。
"It seems that a Mexican male (physical description of 5'8", 145 lbs, black hair, brown eyes) by the name of Jose Martinez, was last seen by his wife two days ago, getting into a late-model light blue Cadillac. No one has seen or heard from Martinez since.	「據稱一名墨西哥裔男性（體型描述為 5 呎 8 吋、145 磅，黑髮棕眼），名叫 Jose Martinez，兩天前被他太太最後一次看見，當時他正上一輛新款淺藍色 Cadillac。從那之後就沒人再見過或聽過 Martinez 的消息。
"This person has some previous arrests involving narcotics sales," says Dooley, concluding the briefing. "Be advised that this black Cadillac may be one and the same as the one involved in the recent murder of Lonny West. We have a partial license plate number of 'L964.'"	Dooley 在結束簡報前說：「這個人有幾次因販毒被捕的紀錄。請注意，這輛黑色 Cadillac 有可能就是最近 Lonny West 命案中出現的那輛。我們目前掌握的部分車牌號碼是『L964』。」
You check your pigeonhole and find a sealed envelope.	你查看自己的信箱格，發現一個密封的信封。
Ripping it open, you read a message from an unknown informant, advising you of illegal, high-stakes gambling in the back room of the Hotel Delphoria Cocktail Lounge.	你撕開信封，讀到一則來自不明線人的訊息，告知你 Delphoria 飯店雞尾酒廊後方房間內，有非法的高額賭局。
There are some messages, but they're not for you.	這裡有一些留言，但都不是給你的。
You vow to remember the information, and discard the envelope and message.	你發誓會記住這則情報，然後把信封和留言丟掉了。
Dooley then proceeds to give everyone their beat assignments for the day, concluding with yours, "Sonny Bonds, your call number will be 83-32."	Dooley 接著開始分配大家今天的巡邏區域，最後輪到你：「Sonny Bonds，你的呼號是 83-32。」
"Keep it safe out there, boys and girls!"	「大家在外面小心安全！」
Sgt. Dooley cans your butt on the spot, "Bonds, you're FIRED for insubordination!"	Dooley 警佐當場把你開除：「Bonds，你因違抗命令被開除了！」
In his firm voice, Dooley reminds you, "Being punctual to briefings might keep some of those corrective memos out of your pigeonhole, Bonds! Now, find your seat!"	Dooley 語氣堅定地提醒你：「準時參加簡報，你的信箱格裡就能少幾張警告備忘錄了，Bonds！現在，找你的位置坐好！」
"I heard about that Honey you stopped last night who tried to negotiate her way out of a ticket by exposing the upper parts of her anatomy."	「我聽說你昨晚攔查了一個辣妹，她想靠露一點身材上半部來說服你別開單。」
"I'm late for court, Sonny. Catch you later."	「我出庭要遲到了，Sonny。晚點再聊。」
"You should buy a new watch, Sonny. You might show up on time, for once!"	「你該買支新錶了，Sonny，這樣你難得也能準時出現一次！」
"Boy, Sonny! Sgt. Dooley is hotter than a pistol at you!"	「天啊，Sonny！Dooley 警佐現在對你火大得很！」
"Sonny, the next time you sign up for graveyard shift, I'd just love to be your partner."	「Sonny，下次你排大夜班的話，我真想當你的搭檔。」
"The next time Dooley embarrasses you like that, you oughta tell him to go eat hub caps in the parking lot."	「下次 Dooley 再那樣讓你難堪，你就該叫他去停車場啃輪胎蓋。」
"Boy, Judge Palmer sure ticked me off this morning by finding that sleazy dude not guilty. What a judicial jerk-ette she is!"	「天啊，Palmer 法官今天早上真是把我氣炸了，居然判那個下流傢伙無罪。她簡直是個混帳女法官！」
Your message box, often called a pigeonhole, is empty.	你的信箱格（俗稱 pigeonhole）是空的。
It looks like Steve finally cleaned out his box.	看來 Steve 終於把他的信箱格清空了。
Well, Sonny, an empty pigeonhole is better than one full of subpoenas.	嗯，Sonny，信箱格空著總比塞滿傳票好。
Jack's pigeonhole holds several birthday cards.	Jack 的信箱格裡放著幾張生日卡。
You no longer receive your mail here.	你已經不在這裡收信了。
The pigeonhole is a police officer's mailbox. He can receive love letters, subpoenas, nasty notes, and even departmental memos. You ought to check yours.	信箱格是警員專用的信箱。可以收到情書、傳票、惡意留言，甚至是局裡的備忘錄。你該查查自己的。
The department has gone to great lengths to organize this undercover operation. Your informant is in a dangerous situation. You're all dressed for the occasion. Now, go do it!	局裡費了好大功夫才安排好這次臥底行動。你的線人正處於危險之中。你也已經打扮妥當了。現在，動手吧！
You don't need it for this operation. Leave it here.	這次行動用不到它，留在這裡吧。
You carefully unload your weapon before returning it to your locker.	你小心地卸下武器的子彈，才把它放回置物櫃。
You see your weapon in your gun belt.	你看到你的武器插在槍帶上。
The policeman's tool belt! Don't leave home without it.	警員的工具腰帶！出門千萬別忘了它。
There is a speed loader of ammunition on the shelf.	架子上有一個快速裝彈器。
You take a speed loader with six rounds of .357-magnum, hollow-point, silver-jacketed bullets.	你拿起一個裝有六發 .357 麥格農空尖銀被甲彈的快速裝彈器。
Your briefcase rests on the bottom of the locker.	你的公事包放在置物櫃底部。
Your briefcase contains many items you'll need in the field.	你的公事包裡裝著許多外勤會用到的東西。
You remove the ammunition from your revolver, place it on the shelf, then hang your gunbelt on the locker door.	你把子彈從左輪手槍裡取出，放到架子上，然後把槍帶掛在置物櫃門上。
The keys to your Corvette are hanging on a hook.	你 Corvette 的鑰匙掛在掛鉤上。
You replace your ammo on the shelf.	你把彈藥放回架子上。
Your towel is neatly folded in the bottom of the locker.	你的毛巾整整齊齊地摺放在置物櫃底部。
It's already in the locker.	已經放在置物櫃裡了。
You return the contents to your briefcase and place it in the locker.	你把裡面的東西放回公事包，再放進置物櫃。
You store your personal gear in your locker.	你把個人裝備收進置物櫃。
Your Lytton PD uniform is hanging neatly on a hanger.	你的 Lytton 警局制服整齊地掛在衣架上。
There's not enough room in that towel!	那條毛巾裝不下這麼多東西！
Your gun is still in the jail locker! Perhaps you should get it first.	你的槍還在監獄槍櫃裡！也許你該先拿回來。
Your civilian clothes are hanging on a hanger.	你的便服掛在衣架上。
You grab the keys to your 'Vette.	你拿起 Corvette 的鑰匙。
You put the keys in your locker.	你把鑰匙放進置物櫃。
An old T-shirt and a pair of jeans hang here.	這裡掛著一件舊 T 恤和一條牛仔褲。
Your new, white, pimp suit is hanging on a hanger.	你那套新的白色花花公子西裝掛在衣架上。
You have no use for it if you're not in uniform.	如果你沒穿制服，就用不到它。
You have your orders. Now, get with the plan and bleach your hair!	你已經接到命令。現在照計畫行動，把頭髮漂白！
Your cane with the derringer handle is leaning in the corner.	你的手杖靠在角落，握柄裡藏著小型手槍。
Regulations require a shower before changing.	規定要求換衣服前必須先洗澡。
You don't need the keys until you're off-duty.	下班前你不需要鑰匙。
How wonderful! Fifteen years of service have come to this: wearing a pimp suit to meet a hooker! Now, that's professional advancement!! (Wouldn't your Mommy be proud!)	真棒！十五年的服務生涯竟換來這個：穿花俏西裝去見妓女！這才叫職業升遷！（你媽媽一定很驕傲！）
Where's your other briefcase?	你的另一個公事包在哪裡？
What did you do with the other ammo?	你把另一批彈藥放哪裡了？
Where did you put your car keys?	你把車鑰匙放哪裡了？
Change clothes first.	先換衣服。
Ok. Who'll know?	好。誰會知道？
"What'll it be?"	「要點什麼？」
"Hi, Buddy. What would you like to quench your thirst?"	「嗨，老兄。想喝點什麼解渴？」
"What's your pleasure, my boy?"	「小子，想喝什麼？」
"How ya doing, Sonny? What can I get you?"	「你好嗎，Sonny？我能給你什麼？」
"One %w1, comin' right up."	「一杯 %w1，馬上來。」
"Yes sir! A %w1 %w2? You've got it!"	「好的，先生！一杯 %w1 %w2？沒問題！」
"I think I can handle a %w1 %w2!"	「我想我可以來一杯 %w1 %w2！」
"%m40Sonny. This one is on the house."	「%m40Sonny。這杯算我請客。」
"%m40Buddy. That'll be one dollar."	「%m40老兄。一美元。」
"%m40Big Boy. Sit and sip."	「%m40大男孩。坐下慢慢喝。」
"Come back anytime, Sonny."	「Sonny，隨時歡迎再來。」
"See you later, buddy."	「待會見，老兄。」
"Thanks, trooper. I appreciate your business."	「謝謝你，警官。感謝光顧。」
"Order? Order what?"	「點餐？要點什麼？」
"Ok, one %w2 comin' right up."	「好，一杯 %w2 馬上來。」
There's no waitress. You'd better move over to the bar.	這裡沒有女服務生。你最好移到吧台去。
The bartender can't hear you from here.	酒保在這裡聽不見你。
Don't yell, move over to the bar.	別喊，移到吧台去。
"My, aren't we thirsty today?"	「哎呀，今天口渴了嗎？」
"Hold on. It's comin'."	「等等，馬上來。」
"Hold your shorts. I'll be right there!"	「別急！我馬上過去！」
"Thanks, my man."	「謝謝，老兄。」
"Thank you, sir!"	「謝謝您，先生！」
"If you need anything, just come on back."	「需要什麼就再叫我。」
You don't have money?! Man, what a charmer! This creep stiffs me for a drink!!	你沒錢？！老兄，真會迷人！這傢伙喝酒還想賴帳！
"Sure, sure! You lost your wallet. Get lost, freeloader!"	「好啊，好啊！你丟了錢包。滾吧，吃霸王餐的！」
"Ordering drinks without cash! What a cop!!"	「沒現金還點酒！真是警察！」
"Gee thanks, Mister!"	「哎呀，謝謝你，先生！」
"Feelin' flush today? Thanks for the tip, Bud."	「今天手頭寬裕嗎？謝謝小費，老兄。」
"You're outta money and you try to give me a tip? Sure thing."	「你沒錢了還想給小費？當然可以。」
"If you can pay for your drinks, you can afford a tip, Jack."	「Jack，既然付得起酒錢，就付得起小費。」
The bar top is clean, well-worn, and horizontal. However, years of elbows and drinks have taken their toll.	吧台檯面乾淨、磨損明顯而且平整。不過多年的手肘與酒水已留下痕跡。
Like most glasses, these are more attractive full.	和大多數玻璃杯一樣，裝滿時更好看。
The shelves behind the bar are well-stocked with spirits.	吧台後的架子上備有充足的烈酒。
The %w2 are heavy duty and comfortable.	這些 %w2 結實又舒適。
They're not bad, considering they were purchased ten years ago at a swap meet!	考慮到它們十年前是在跳蚤市場買的，還算不錯！
"Here ya go. That's on the house."	「給你，這杯算我請客。」
"If you change your mind, just holler."	「如果你改變心意，就喊我一聲。」
Sonny, you should know drinking in uniform is strictly prohibited!	Sonny，你應該知道穿制服喝酒是嚴格禁止的！
Here you go, 	給你，
You swig the rancid fluid until you see the bottom of the glass.	你把腐敗的液體一飲而盡，直到看見杯底。
The bulletin board is filled with terminally boring stuff!	公告欄上貼滿無聊至極的東西！
Narcotics Detective Laura Watts says, "Sonny, you'd better not let Lieutenant Morgan or Sergeant Dooley catch you killing time in here!"	緝毒組 Laura Watts 警探說：「Sonny，你最好別讓 Morgan 中尉或 Dooley 警佐逮到你在這裡摸魚！」
"Are you lost Sonny?" Detective Laura Watts asks. "The patrol cars are out in the yard."	Laura Watts 警探問：「你迷路了嗎，Sonny？巡邏車都停在後院呢。」
"Shouldn't you be out on patrol?" Laura asks.	「你不是應該在外面巡邏嗎？」Laura 問。
The Department manuals won't help you.	警局的手冊幫不了你。
"Welcome to the Narcotics Division, Sonny," says Laura. "I'm pleased you were selected for the position."	Laura 說：「歡迎來到緝毒組，Sonny。我很高興你獲選這個職位。」
"Allow me to show you around."	「讓我帶你四處看看。」
"This file cabinet contains all our active narcotic cases, including Hoffman's file."	「這個檔案櫃裡是我們所有現正偵辦的毒品案件，包括 Hoffman 的案卷。」
"Walk this way."	「這邊請。」
"This key board contains keys to the unmarked cars that are assigned to the Narcotics Division. I've been meaning to update that clipboard hanging there."	「這面鑰匙板上是配發給緝毒組的無標誌車鑰匙。我一直想更新掛在那邊的夾板資料。」
"By the way, our radio call number is 83-Nora-10."	「順帶一提，我們的無線電呼號是 83-Nora-10。」
"This will be your desk," Laura continues. "Since you have your own desk now, your pigeonhole will be assigned to someone else."	Laura 繼續說：「這會是你的辦公桌。既然你現在有自己的桌子，原本的信箱就會分配給別人。」
"Sonny," Laura says earnestly, "I attended Hoffman's arraignment early this morning. He's being represented by some out-of-town, hotshot lawyer."	Laura 認真地說：「Sonny，我今天一早去參加了 Hoffman 的傳訊聆訊。幫他辯護的是個外地來的大牌律師。」
"The jerk has convinced Judge Palmer that Hoffman is who he says he is. And, that's not the worst of it..."	「那個混蛋已經說服 Palmer 法官相信 Hoffman 就是他自稱的身分。而且，這還不是最糟的……」
"Judge Palmer set Hoffman's bail at only $500,000.00!" Laura exclaims. "We've got to show cause to justify a No Bail Warrant. If Hoffman gets out on bail, we'll never see his ugly face again!"	Laura 驚呼：「Palmer 法官把 Hoffman 的保釋金訂在區區五十萬美元！我們得提出理由申請不得交保令。要是讓 Hoffman 交保出去，我們再也見不到他那張醜臉了！」
"Sonny, I have a meeting right now, and can't stay. Hoffman's your baby now and time is running out! I hope you can discover some information that will convince Judge Palmer to hold him without bail!"	「Sonny，我現在有個會議要開，沒辦法久留。Hoffman 現在歸你負責了，時間不多了！希望你能找到足夠的資訊，說服 Palmer 法官不准他交保！」
This file cabinet contains the files on the current Lytton PD active narcotics cases.	這個檔案櫃裡是 Lytton 警局目前偵辦中的毒品案件檔案。
Ah, hah! A note from Laura.	啊哈！是 Laura 留的字條。
"Bonds,\n\nWe just received a fax from Chicago PD Detective Joe Taber. He says our man Jason Taselli, (alias Hoffman, alias Pierson), is linked to a big time drug dealer by the name of Jessie Bains. Taber included a mug shot of Bains, a high stakes gambler who recently dropped out of sight in the Chicago area."	「Bonds，\n\n我們剛收到芝加哥警局 Joe Taber 警探的傳真。他說我們要找的 Jason Taselli（別名 Hoffman、別名 Pierson）與一名重量級毒販 Jessie Bains 有關聯。Taber 附上了 Bains 的嫌犯照片，此人是名高額賭徒，最近在芝加哥地區銷聲匿跡。」
You study the mug shot of Bains, and vow to remember it.	你仔細端詳 Bains 的嫌犯照片，決心記住這張臉。
You remember the anonymous letter about big-stakes gambling at the Hotel Delphoria and realize you are onto something hot.	你想起那封提到 Hotel Delphoria 高額賭博的匿名信，意識到自己挖到了大新聞。
"And," concludes the note, our Lab has matched the fingerprints on the .45-caliber automatic found in the stolen Cadillac to Taselli's prints.\n\nLaura"	字條最後寫道：「另外，鑑識實驗室已經比對出，那輛失竊 Cadillac 裡查獲的點45自動手槍上的指紋，與 Taselli 的指紋吻合。\n\nLaura」
You have no business in the Narcotics Division files.	緝毒組的檔案不歸你管。
The desk on the right has "In" and "Out" baskets, a telephone, but no nameplate.	右邊的桌上放著標示「收件」與「送件」的籃子，還有一支電話，但沒有姓名牌。
"Sonny," says Laura, "Just after you left, a hooker by the name of Sweet Cheeks Marie (who called you 'Precious'), called from the jail and said she needs to see you as soon as possible."	「Sonny，」Laura 說，「你剛離開後，一個叫 Sweet Cheeks Marie 的妓女（她都叫你『寶貝』）從監獄打電話來，說她得儘快見你。」
"But, before you go to the jail, Morgan wants to see you."	「不過，在你去監獄之前，Morgan 想先見你。」
You'd better change and get over there.	你最好換好衣服，趕過去。
"Sonny, I just got a call from the jail. Hoffman's attorney is on his way over there with a half-million dollars to bail him out."	「Sonny，我剛接到監獄的電話。Hoffman 的律師正帶著五十萬美元趕去那裡幫他交保。」
"If you've found anything at all that we can use to hold this sucker, now is the time to use it."	「你要是找到任何能拿來扣住這個混蛋的東西，現在就是用上它的時候。」
"Take whatever you have, get over to the courthouse and see if you can get a No Bail Warrant out of Judge Palmer."	「拿上你手邊有的東西，趕去法院，看看能不能從 Palmer 法官那裡申請到不得交保令。」
"Please feel free to research any and all files," Laura concludes.	「歡迎盡量查閱任何檔案，」Laura 說完便走了。
You take the keys to the undercover car.	你拿走便衣車的鑰匙。
Narcotics Detective Laura Watts is a veteran narcotics cop and all business.	緝毒組 Laura Watts 警探是位資深緝毒警官，做事一板一眼。
What keys?	什麼鑰匙？
Not here, please! The keys belong on the key board.	別放在這裡，拜託！鑰匙要掛回鑰匙板。
The message is important, but not the paper!	訊息很重要，但這張紙不重要！
Nothing in Laura's basket pertains to you.	Laura 籃子裡的東西跟你無關。
You'd better get over there!	你最好趕快過去！
The keys hanging on the key board are for the Narcotics Department's unmarked cars. Below the key board hangs a clipboard.	掛在鑰匙板上的鑰匙是緝毒組無標誌車的鑰匙。鑰匙板下方掛著一塊夾板。
The desk on the left has "In" and "Out" baskets, and a nameplate that says "Laura Watts, Narcotics Detective."	左邊的桌上放著標示「收件」與「送件」的籃子，還有一塊寫著「Laura Watts, Narcotics Detective」的姓名牌。
There's no need to open the desk.	沒有必要打開這張桌子。
You see blue sky and green bushes.	你看見藍天與綠色的灌木叢。
The bookcase contains Official Departmental Manuals.	書架上放著《警局官方手冊》。
Reading a Departmental Manual is about as much fun as reading the fine print on a life insurance policy. You'd rather read the back of a cereal box!	讀《警局官方手冊》跟讀人壽保險單上的小字一樣有趣。你寧可去讀麥片盒背面的說明！
This is a map of the City of Lytton.	這是一張 Lytton 市地圖。
Hey! It's empty!	嘿！這是空的！
Someday (if you ever move up to Narcotics) you may need keys to an unmarked car. But today is not that day.	總有一天（如果你調到緝毒組），你會需要無標誌車的鑰匙。但今天不是那一天。
Don't interrupt Laura when she's speaking.	Laura 說話時別打斷她。
"Hello, Sonny!" Laura Watts greets you. "Lieutenant Morgan is waiting for you. %s9"	Laura Watts 迎向你，說：「哈囉，Sonny！Morgan 中尉正在等你。%s9」
"Hey, Sonny," Laura Watts says, "Sergeant Dooley is expecting you in his office, pronto!"	Laura Watts 說：「嘿，Sonny，Dooley 警佐在他辦公室等你，快去！」
That's an entertaining idea, but you have work to do!	這主意是挺有意思，但你還有正事要做！
Ah, the Narcotics Office -- where undercover cops roam!	啊，緝毒組辦公室——臥底警察出沒的地方！
What? And spoil this wonderful air-conditioning?	什麼？破壞這麼棒的冷氣？
It's a genuine, LT&T black telephone.	這是一支道地的 LT&T 黑色電話。
Yes, there is a phone in the room.	沒錯，房間裡是有電話。
There are two desks, a filing cabinet against the rear wall, and a bookcase in the far right corner.	這裡有兩張桌子、一座靠著後牆的檔案櫃，以及最右角落的一座書架。
The left wall holds a key board and a clipboard. On the rear wall is a bulletin board. A bookcase and large map of the City of Lytton are on the right wall.	左牆掛著一面鑰匙板和一塊夾板。後牆是一塊公告板。右牆則有一座書架和一張 Lytton 市的大地圖。
"How's it hangin', Big Boy?" cracks Laura.	Laura 打趣道：「怎麼樣啊，大帥哥？」
"Hey! I thought you were supposed to go to the Hotel Delphoria!"	「嘿！我以為你應該去 Hotel Delphoria！」
PHYSICAL DESCRIPTION	外貌特徵
FBI MOST-WANTED LIST	FBI 頭號通緝要犯名單
WANTED FOR MURDER	通緝罪名：謀殺
187pc, Federal	187pc，聯邦
Warrant #219293-1985	通緝令 #219293-1985
Jason Taselli	Jason Taselli
ALIAS: known to use	別名：已知使用
the last names	姓氏
Harris and Hoffman.	Harris 與 Hoffman。
5'11, 195 lbs, black	身高 5 呎 11 吋、體重 195 磅、黑色
hair, brown eyes.	頭髮、棕色眼睛。
Has tattoo of a	有一枚刺青，位於
flower above left	左側上方的花朵
nipple.	乳頭。
Wanted for the	通緝罪名：
murder of a Columbia	謀殺一名哥倫比亞
national, suspected	籍人士，涉嫌
GRAND THEFT, AUTO	重大竊車罪
1983 Cadillac Coupe	1983 年 Cadillac Coupe
deVille, black	deVille，黑色
Stolen in Lytton, CA	在加州 Lytton 遭竊
CA License  LOP1238	加州車牌 LOP1238
VIN C03456218	VIN C03456218
1985 Yamamama 750cc	1985 年 Yamamama 750cc
motorcycle, cherry	機車，鮮紅色
red, w/saddlebags.	附馬鞍袋。
CA License  M65789	加州車牌 M65789
VIN  M09876543	VIN M09876543
459pc BURGLARY	459 條文竊盜
action, oak stock,	槍機、橡木槍托、
Ramington rifle,	Ramington 步槍、
gold-plated trigger.	鍍金扳機。
SERIAL #R12345678	序號 #R12345678
Ladies silk panties,	女士絲質內褲，
57 pair, size 46-50,	57 件，尺寸 46-50，
"Fancy Pants	「Fancy Pants
blue, with zippered	藍色，帶拉鍊
crotch. Stolen from	襠部。從
Hog and dog food,	豬狗飼料、
2400 lbs. Taken from	2400 磅。取自
Fat Fred's "Fat and	Fat Fred 的「Fat and
9 large-mouthed,	9 隻大嘴的、
belly-bustin' stink	撐破肚子的臭
"Chink's Cast 'N'	「Chink's Cast 'N'
Catchit" Bait Store	Catchit」餌店
BE ON THE LOOKOUT:	請注意：
Dog, 3', 145 lbs,	狗，3 呎、145 磅，
Name: "Buffie"	名字：「Buffie」
Wedding rings, 8,	婚戒，8 枚，
stones. Taken from	寶石。取自
"Jessie the Jeweler"	「珠寶商 Jessie」
Ah, ha!! "Tattoo of flower above left nipple..." You take the FBI Wanted Poster, knowing Judge Palmer will find it very interesting!	啊哈！！「左側乳頭上方有花朵刺青……」你拿走 FBI 通緝海報，知道 Palmer 法官會覺得非常有趣！
Do you see a poster here?	你在這裡看到海報嗎？
You've already taken the FBI Wanted Poster.	你已經拿走 FBI 通緝海報了。
.22-caliber, lever-	.22 口徑，槓桿式
baits. Stolen from	誘餌。從
Feed" Farm, Lytton	Feed」農場，Lytton
black & white spots	黑白斑點
24-carat, w/diamond	24K 金，鑲鑽
narcotics runner.	毒品運送人員。
AKA "The Consumer"	別名『The Consumer』
Lingerie Emporium."	Lingerie Emporium。
10851vc	10851vc
The clipboard must remain here in the office.	剪貼板必須留在辦公室裡。
You may also use the cursor keys to turn the pages.	你也可以使用方向鍵翻頁。
This is LPD's Computer Room, complete with an outdated terminal just packed with valuable information.	這是 LPD 的電腦室，配有一台充滿寶貴資訊的老舊終端機。
"Sonny, you should be out on duty, not fooling around here in the Computer Room."	「Sonny，你應該在外面值勤，不是在電腦室裡胡鬧。」
It works much more slowly when it's "off!"	它「關機」時運作得慢多了！
It's a beautiful day in the neighborhood!	今天街區的天氣真好！
If you're feeling stuffy, take a walk outside. Fresh air makes computers do funny things.	如果覺得悶，就出去走走。新鮮空氣會讓電腦做出奇怪的事。
Mounted on the wall above the computer are two shelves holding approximately nine books.	電腦上方牆上有兩層架子，放著大約九本書。
You could rip the armpit out of your shirt trying to reach that shelf. Anyway, don't you know: no one reads computer manuals!	你要是想伸手拿那層架的書，可能會把衣服腋下扯破。再說，你不知道嗎：沒人會看電腦手冊！
A few outdated memos, filled with superfluous crap, hang on the bulletin board!	公告欄上掛著幾張過時備忘錄，充滿多餘的廢話！
It's a typical, acoustic ceiling with florescent lighting.	這是普通的吸音天花板，配有螢光燈。
It's a plain, gray-tiled floor.	這是樸素的灰色磁磚地板。
Under the table you see spider webs, dust and approximately eighteen wads of dried gum.	桌下有蜘蛛網、灰塵和大約十八團乾掉的口香糖。
"Nice talking to you, Sonny" says Laura. "See you later!"	Laura 說：「和你聊天很愉快，Sonny。待會見！」
"I'd like to dance with you Sonny, but, ah, not at the moment! Ok?"	「Sonny，我想和你跳舞，但，呃，不是現在！好嗎？」
Laura Watts, of Narcotics, enters the room. "Hello, Sonny," she says.	緝毒組的 Laura Watts 走進房間。她說：「你好，Sonny。」
You have no use for the computer manuals.	你用不到電腦手冊。
On the table is an outdated (but workable) computer system, complete with monitor, keyboard and printer.	桌上是一套過時（但仍可運作）的電腦系統，配有螢幕、鍵盤和印表機。
It IS off.	它確實是關著的。
"Go on, Sonny. Get out of here, and get to work."	「走吧，Sonny。離開這裡，去工作。」
"Come on Sonny, get to work!"	「快點，Sonny，去工作！」
The office bulletin board hangs on the left wall, while the rear wall contains two bookshelves.	辦公室的公告板掛在左牆上，後牆則有兩座書架。
The computer's blank screen indicates it's off.	電腦螢幕一片空白，顯示它是關著的。
It looks good enough to submit!	看起來夠水準，可以提交了！
It IS open!	它確實是開著的！
A sign on the door says, "This door to remain open during business hours."	門上的告示寫著：「上班時間本門須保持開啟。」
Although you're anxious to get on your beat, missing Sgt. Dooley's briefing is not wise.	雖然你急著出去巡邏，但錯過 Dooley 警佐的簡報並不明智。
You really don't need it.	你其實用不到它。
There is a table against the far wall below a photograph. The three doorways lead to Lt. Morgan's office, to the outside, and to the Narcotics Office.	遠牆上掛著一張照片，下方靠牆放著一張桌子。三扇門分別通往 Morgan 中尉的辦公室、戶外，以及緝毒組辦公室。
A group photograph of the Lytton Superior Court Justices hangs on the wall.	牆上掛著一張 Lytton 高等法院法官們的合照。
You try to look through the window but you can't see in, since the blinds are shut.	你試著透過窗戶往裡看，但百葉窗是關著的，看不到裡面。
Knocking on the window brings no response.	敲窗戶沒有得到任何回應。
No way. Cops don't break windows!	想都別想。警察才不會打破窗戶！
It's another acoustic ceiling, complete with florescent lighting.	這是另一片吸音天花板，同樣配有螢光燈。
Below your feet is a clean, gray-tiled floor.	你腳下是乾淨的灰色磁磚地板。
This window does not open.	這扇窗戶打不開。
So! Did you decide to just skip work today, or what?	哦！你是決定翹班不上班了，還是怎樣？
On the table is a basket marked "In." This is where you submit your reports and memos. Next to the basket is a pad of blank memos.	桌上有一個標示「收件」的籃子，你要在這裡提交報告和備忘錄。籃子旁邊放著一疊空白備忘紙。
The basket is empty.	籃子是空的。
On the table you see a stack of blank office memos.	桌上放著一疊空白的辦公室備忘錄。
You don't need to submit a memo at this time. But, if you did, this would be a perfect place to do it!	你現在不需要提交備忘錄。不過，如果需要的話，這裡正是最理想的地方！
You look under the table and conclude...	你看了看桌子底下，得出結論……
...Everyone here must chew gum!	……這裡每個人一定都愛嚼口香糖！
Climbing up on this table would rip the crotch right out of your trousers!	爬上這張桌子會把你褲子的胯部整個扯破！
You don't need to write any reports right now, but if you did, this would be a perfect place to do it!	你現在不需要寫任何報告，不過如果需要的話，這裡正是最理想的地方！
You write out a request for transfer to the "Narcotics Division."	你寫了一份申請書，要求調往「緝毒組」。
You place your request into the "In" basket.	你把申請書放進「收件」籃裡。
Sorry, but the "In" basket stays here!	抱歉，「收件」籃必須留在這裡！
They must remain on the table.	它們必須留在桌上。
Your prior request for transfer is still current.	你先前提出的調職申請仍然有效。
Carefully you double-check your request.	你仔細地再次檢查申請書。
Submitting a blank memo will get you nowhere.	提交一張空白備忘錄不會有任何幫助。
Your freshly-written request for transfer is in the "In" basket.	你剛寫好的調職申請已經放進「收件」籃裡。
Your request is being processed in the usual bureaucratic manner. Having been removed by the officially-designated individual, it is at this very moment being distributed, in triplicate, to the LPD brass.	你的申請正依照一貫的官僚程序處理中。經指定人員取出後，此刻正一式三份分送給 LPD 高層。
Your request for transfer has been granted. No further memos are required.	你的調職申請已經核准，不需要再提交備忘錄了。
You'd better return that radio extender. It makes an unsightly bulge in your trousers!	你最好把那支無線電延伸器還回去，它讓你褲子鼓起一塊，很不雅觀！
Sonny, you can't use the patrol car now. You'd better return the keys to the key board.	Sonny，你現在不能用巡邏車。你最好把鑰匙還到鑰匙板上。
The people of Lytton are very proud of this courthouse, built in 1873 by descendants of the towns' first settlers. The marble was imported all the way from West Lytton.	Lytton 的居民對這座法院大樓十分自豪，它建於 1873 年，由本鎮最早一批拓荒者的後代所建。大理石全是從 West Lytton 千里迢迢運來的。
There are people inside. They wonder why you're staring in the windows, instead of walking inside.	裡面有人。他們納悶你為什麼盯著窗戶看，而不直接走進去。
These doors open into the (sometimes) hallowed halls of justice.	這幾扇門通往（有時）神聖的正義殿堂。
The hot sidewalk is contrasted by a cool, well manicured lawn.	炎熱的人行道與一旁修剪整齊、涼爽宜人的草坪形成對比。
You look up at a beautiful, cloudless sky and feel a gentle breeze ramble through your hair. You think to yourself, "What a day."	你抬頭望向晴朗無雲的美麗天空，感受微風輕拂髮絲。你心想：「真是美好的一天。」
"How do you do, Sir. May I help you?"	「您好，先生。有什麼能為您效勞的嗎？」
"I'm sorry, but Judge Kim Palmer's court is presently in session."	「很抱歉，Kim Palmer 法官目前正在開庭。」
"I can only interrupt a court in session for an extreme emergency!"	「除非是極度緊急的狀況，否則我不能打斷正在進行的庭審！」
"Please wait a moment. I'll send a message with the bailiff."	「請稍等片刻，我會請法警幫忙傳話。」
For emergencies, dial "911."	緊急狀況請撥打「911」。
"The bailiff says Judge Palmer will see you, if you can make it quick! Go on into the courtroom."	「法警說 Palmer 法官願意見你，但你得長話短說！請進法庭。」
This door doesn't open.	這扇門打不開。
"Good day, Sir. How may I help you?"	「日安，先生。有什麼能為您效勞的嗎？」
This is the outer reception room of the courthouse. The Court Clerk's office is behind the glass window to the right. The courtroom is through the double doors.	這裡是法院的外部接待室。右側玻璃窗後方是書記官辦公室，雙開門後則是法庭。
"It seems obvious you have no business here, Sir. You're just wasting my time!"	「看來您在這裡根本沒有正事，先生。您只是在浪費我的時間！」
You can't enter while court is in session. See the Court Clerk first!	開庭期間你不能進入。請先去找書記官！
The Court Clerk asks, "Did you get what you needed?"	法院書記官問道：「你要的東西都拿到了嗎？」
The Court Clerk responds, "Very good, Officer. Go get 'em."	法院書記官回答：「很好，警官。去逮到他們吧。」
There's nothing of interest,  except that statue of Justice above the double doors leading to the courtroom.	沒什麼特別的，只有通往法庭的雙開門上方那尊正義女神像。
These doors lead to Judge Kim Palmer's courtroom.	這扇門通往 Kim Palmer 法官的法庭。
"That's very nice, sir," responds the Clerk, "but I have no authority in matters such as this."	「這樣很好，先生，」書記官回答，「但這類事務不在我的職權範圍內。」
Judge Kim Palmer addresses her courtroom...	Kim Palmer 法官向法庭上眾人訓話……
"Silence in the court!"	「法庭肅靜！」
In a firm voice the bailiff speaks to you, "Well? The judge is waiting for you."	法警語氣堅定地對你說：「怎麼樣？法官在等你了。」
"Mr. Bonds, who, or what, is this warrant for?" says the judge.	法官問：「Bonds 先生，這張通緝令是要對誰，或針對什麼核發的？」
"And, what information do you have to substantiate the validity of a warrant?"	「那麼，你有什麼資訊可以證明這張通緝令的正當性？」
You hand the evidence to the bailiff.	你把證物交給法警。
Judge Palmer reviews the FBI flyer and the file. To your great relief, she issues a No Bail Warrant for Mr. Jason Taselli, alias Marvin Hoffman!	Palmer 法官審閱了 FBI 通緝海報與檔案。讓你大大鬆了一口氣，她核發了一張不得交保的通緝令，對象是 Jason Taselli，化名 Marvin Hoffman！
"Here you are, Mr. Bonds. I hope you are not too late. Taselli's attorney is at the jail at this very moment, attempting his release."	「拿去吧，Bonds 先生。希望你還來得及。Taselli 的律師此刻正在監獄，設法讓他獲釋。」
This court is in session. The bailiff proceeds toward you.	本庭正在開庭。法警朝你走了過來。
"For your information, Sir, this court is in session!"	「跟你說一聲，先生，本庭正在開庭！」
"You are most fortunate that I do not hold you in contempt!"	「算你走運，我沒有以藐視法庭罪起訴你！」
"Bailiff! Show this gentleman out of my courtroom!"	「法警！把這位先生請出我的法庭！」
As you are launched from Judge Palmer's court, the bailiff bids you farewell, "Boy, is your face red!"	你被 Palmer 法官的法庭轟出去時，法警向你道別：「小子，你的臉真紅！」
Judge Palmer strikes the gavel, "Silence. I will consider Mr. Bonds' request."	Palmer 法官敲下法槌：「肅靜。我會考慮 Bonds 先生的請求。」
"Mr. Bonds, you may approach the bench."	「Bonds 先生，你可以走到法官席前。」
Who is that?	那是誰？
"All right. Do you have any other information?"	「好吧。你還有其他資訊嗎？」
"For attempting to present evidence you do not have," Judge Palmer says, "I hereby find you in comtempt of court!"	Palmer 法官說：「你企圖提出不存在的證據，我現在判你藐視法庭！」
"Mr. Bonds, I've a good mind to let you cool your heels in the City Jail for the next three days! But, since this court tries to go out of its way to help the Department, I'll suspend sentence. Just be sure you never interrupt my court without evidence again!"	「Bonds 先生，我很想讓你在市立監獄冷靜三天！但本法庭一直努力協助警察局，所以我暫緩判決。只要確保你下次不要再沒有證據就打斷我的法庭！」
"The FBI wanted poster does arouse suspicion%m35	「FBI 通緝海報確實引起懷疑%m35
"I remind you, Mr. Bonds, I have reviewed the file%m35	「提醒你，Bonds 先生，我已經審閱過檔案%m35
"Mr. Bonds, you are keeping this entire courtroom waiting, while you attempt to establish your case!"	「Bonds 先生，你建立案件時，讓整個法庭都在等你！」
Judge Palmer motions the bailiff to retrieve the evidence.	Palmer 法官示意法警取回證物。
Your heart races as Judge Palmer evaluates your evidence. You think to yourself, "This punk can not go free!"	Palmer 法官評估你的證物時，你心跳加速。你心想：「這個混蛋不能逍遙法外！」
Judge Palmer scans the items presented and questions, "What makes you think these two men are the same person, Mr. Bonds?"	Palmer 法官查看提交的物品，問道：「Bonds 先生，你憑什麼認為這兩個男人是同一個人？」
The bailiff and court reporter squirm and choke, trying to conceal their laughter, while you quietly tell the judge your tale of tattoos and nipples!	法警與法庭記錄員扭動身體、強忍笑意，而你悄悄向法官說明刺青與乳頭的故事！
The Judge attempts to stifle her giggles, but fails.	法官試圖忍住笑聲，但失敗了。
Judge Palmer whispers softly to you, "Well, Mr. Bonds, it appears your friend 'has his tit caught in the wringer!'"	Palmer 法官輕聲對你說：「Bonds 先生，看來你的朋友『被自己的把柄抓住了！』」
Stifling her laughter, Judge Palmer says, "Congratulations, Mr. Bonds! Your request is granted!"	Palmer 法官強忍笑意說：「恭喜你，Bonds 先生！你的請求獲准！」
"Here is a No Bail Warrant, issued in the name of Jason Taselli, alias Marvin Hoffman."	「這是以 Jason Taselli、別名 Marvin Hoffman 名義簽發的不得交保令。」
"Bailiff, deliver this to Mr. Bonds, and escort him out."	「法警，把這份文件交給 Bonds 先生，並護送他離開。」
Judge Palmer announces, "Mr. Bonds, I will review these documents today and return them to your department this afternoon."	Palmer 法官宣布：「Bonds 先生，我今天會審閱這些文件，下午送回你的警察局。」
"Well?"	「怎麼樣？」
," says Judge Palmer. "However, by itself, it is not sufficient evidence to detain Mr. Hoffman."	，」Palmer 法官說。「不過，單憑這一點，還不足以構成拘留 Hoffman 先生的證據。」
Laura says, "Ok, Sonny, I'll move the car out of sight and monitor you for backup."	Laura 說：「好，Sonny，我會把車移到視線外，監看你並提供支援。」
Laura asks, "What took you so long, Hot Rod? I picked up this loose end trying to take foot bail on you!"	Laura 問：「Hot Rod，你怎麼花了這麼久？我抓到這個想徒步逃跑的漏網之魚！」
You mumble under your breath, "Yeah, sure, Laura! You probably just grabbed the first white male you could find!"	你低聲咕噥：「是啊，Laura！你可能只是隨手抓了第一個找到的白人男子！」
What's wrong with you?	你怎麼了？
From here, the park looks lovely. Perhaps you should enter it.	從這裡看，公園很美。也許你該進去看看。
The search reveals an identification card, and a small bag containing a white powdery substance.	搜查發現一張身分證，以及一個裝有白色粉末的小袋子。
The contents of the bag appear to be cocaine!	袋中的內容物看起來是古柯鹼！
Simms is reluctant but cooperative. You learn he has been selling to kids at Jefferson High School, including Officer Cobb's daughter, Kathy.	Simms 不太情願但願意合作。你得知他一直向 Jefferson 高中的學生販賣毒品，包括 Cobb 警官的女兒 Kathy。
"I used to buy from a guy named Jose Martinez, but then Martinez introduced me to Don Colby here," Simms says, "I haven't seen Martinez since."	Simms 說：「我以前向一個叫 Jose Martinez 的人買，但後來 Martinez 把我介紹給這裡的 Don Colby。我從那之後就沒見過 Martinez。」
Colby refuses to answer any questions.	Colby 拒絕回答任何問題。
After persistant questioning of Colby, you discover he buys his drugs from Leroy Pierson. He says Leroy's telephone number is 555-6537. He also asks that his cooperation be noted for consideration by the court.	持續盤問 Colby 後，你發現他向 Leroy Pierson 買毒品。他說 Leroy 的電話是 555-6537，並要求法庭記錄他的合作態度。
You search the trembling youngster.	你搜查那名顫抖的年輕人。
It might be wise to question these guys while they're still shaking.	趁這些傢伙還在發抖時盤問他們，也許是明智之舉。
"What's the matter? Let's get this show on the road!"	「怎麼了？讓我們開始辦正事吧！」
Laura comments, "Lt. Morgan will be real happy with this bust!"	Laura 說：「Morgan 中尉一定會對這次逮捕非常高興！」
"Let's get these boys to jail."	「把這些小子送進監獄吧。」
You can't release these pushers here!	你不能在這裡釋放這些毒販！
The door is already shut.	門已經關上了。
Where are you going?	你要去哪裡？
"Sonny, go stake out the picnic area."	「Sonny，去野餐區埋伏。」
"His name is Don Colby, Officer," says the shaking youngster. Colby glares at the boy.	顫抖的年輕人說：「警官，他叫 Don Colby。」Colby 瞪著那男孩。
The Jefferson High School Student Identification Card (in the name of Victor Simms) matches the general description of your suspect.	Jefferson 高中學生證（姓名 Victor Simms）符合嫌犯的大致描述。
You find nothing more.	你沒找到其他東西。
question colby	盤問 Colby
question simms	盤問 Simms
Laura searches her suspect.	Laura 搜查她的嫌犯。
She finds his gun, an envelope of money and little else.	她找到他的槍、一個裝錢的信封，沒有其他東西。
"Yes, sir!"	「是，長官！」
Laura says, "I'll book this stuff into evidence."	Laura 說：「我會把這些東西登記為證物。」
Laura looks pretty good today.	Laura 今天看起來很漂亮。
The young man is dressed in dark clothes.	年輕人穿著深色衣服。
You would not buy a used car from this man.	你不會向這個人買二手車。
You key your radio, "Dispatch, this is 83-Nora-10. Be advised, Code-4 with two in custody."	你按下無線電：「調度台，這是 83-Nora-10。請注意，Code-4，兩人已拘留。」
That drug-peddling punk just blew you%m46	那個販毒的小混混剛把你撂倒%m46
You just blew that drug-peddling punk%m46	你剛把那個販毒的小混混撂倒%m46
The old, redwood picnic table covered with bird droppings, ants, peanut butter smudges and assorted initials.	這張老舊的紅木野餐桌上滿是鳥糞、螞蟻、花生醬污漬，還有各種刻上去的姓名縮寫。
The hedge is nicely trimmed.	這排樹籬修剪得整整齊齊。
This wall is composed of 3500 bricks and 2000 pounds of mortar, and was built by the Mark Crowe Graphics Construction Company.	這面牆由 3500 塊磚頭和 2000 磅水泥砌成，由 Mark Crowe Graphics Construction Company 所建造。
This beautiful old, oak tree will give you shade but little else.	這棵美麗的老橡樹能給你遮蔭，但也就僅此而已。
You conceal yourself in the bushes, but with a clear view of the table.	你躲進灌木叢裡藏身，但視野依然能清楚看到那張桌子。
Your extender crackles, "This is 83-Nora-10. Notify when you are in position."	你的無線電延伸器傳出雜音：「這裡是 83-Nora-10。就定位後請通知。」
If you had a radio extender, that would be easy.	如果你有無線電延伸器，這就簡單多了。
You key your extender and notify Detective Watts that you're in a concealed position.	你按下無線電延伸器的通話鍵，通知 Watts 警探你已就隱蔽位置。
She responds to your transmission, "10-4! Will maintain radio silence until I hear from you."	她回覆你的通報：「10-4！在收到你的消息前，我會保持無線電靜默。」
You're supposed to be hiding! No one will play "Let's Make A Dope Deal" with you milling about.	你應該要躲起來才對！你在這裡晃來晃去，沒有人會想跟你玩這場『毒品交易』遊戲。
Working a stakeout without a radio extender isn't exactly the way they taught it at the Academy.	沒帶無線電延伸器就執行埋伏勤務，警校可不是這樣教的。
"Keep it down. This is a stakeout, remember?"	「小聲點。這裡是埋伏現場，忘了嗎？」
You quietly watch a man enter the picnic area.	你悄悄看著一名男子走進野餐區。
He cautiously nears the picnic table.	他小心翼翼地靠近野餐桌。
Another figure carefully approaches the picnic table. Could it be his drug contact?	另一個人影小心地靠近野餐桌。會是他的毒品交易對象嗎？
"Psst, Vic! Were you followed?"	「噓，Vic！你有被跟蹤嗎？」
"No way, man. It's cool!"	「不可能，老兄。沒事的！」
"I got the stuff. Did you bring the cash?"	「貨我帶來了。你把錢帶來了嗎？」
"Ya, right here."	「有，就在這裡。」
One suspect hands what appears to be an envelope to the other suspect.	一名嫌犯把一個看似信封的東西遞給了另一名嫌犯。
The second suspect returns a small plastic bag containing a white substance.	第二名嫌犯則遞回一個裝著白色物質的小塑膠袋。
"Hey, Butt Breath! This ain't enough!! Where's the rest?"	「喂，臭嘴巴！這樣不夠！！剩下的呢？」
As they argue, you realize the pusher is dissatisfied with the contents of the envelope.	從他們的爭執中，你發現毒販對信封裡的東西不太滿意。
You quietly radio Laura, "I'm moving in. You hook up anybody trying to take foot bail!"	你悄聲用無線電通知 Laura：「我要行動了。要是有人想拔腿就跑，你負責把他銬起來！」
You trade your career for a few seconds of heavenly bliss.	你用自己的警察生涯，換來了短短幾秒鐘的極樂快感。
"Halt!" you shout. "Police officer!!"	「站住！」你大喊。「警察！！」
"Yeah? So what! Ain't nothin' wrong been done here!!"	「怎樣？那又如何！我們又沒做錯什麼事！！」
You follow Simms to the patrol car.	你押著 Simms 走向巡邏車。
You 'cuff one trembling suspect.	你把一名瑟瑟發抖的嫌犯銬了起來。
You'd better 'cuff him first.	你最好先把他銬起來。
Pushing a little, you rush out, and frighten away the suspects!	你操之過急，衝了出去，結果把嫌犯都嚇跑了！
He is 'cuffed!	他已經被銬起來了！
The search reveals nothing except his school identification card, and the small bag containing a white powdery substance that you watched him get from the pusher.	搜身結果除了他的學生證，以及你親眼看他從毒販手中拿到的那袋白色粉末之外，沒有其他發現。
As you move, a dry branch snaps beneath your weight. Unfortunately, its loud "CRACK!" reveals you to the suspects!	你一移動，腳下一根乾樹枝應聲折斷。不巧那聲響亮的「啪！」暴露了你的行蹤！
Those two are sure paranoid. They're history now.	那兩個人疑心病真重。現在也已經是過去式了。
Well, you blew that one! There won't be any drug deal here today!	哎，你搞砸了！今天這裡是不會有毒品交易了！
Whoops! You're not going to get 'em this time! Failure to follow proper procedure leaves you in an awkward position. You'd better refer to your "PIG" manual!	哎呀！這次你逮不到他們了！沒有遵照正確程序，讓你陷入了尷尬的處境。你最好翻翻你的『PIG』手冊！
This kid is so scared, that won't be necessary.	這孩子嚇得半死，這麼做沒有必要。
Holster your weapon first.	先把你的槍收回槍套。
You can't just go off and leave your suspect.	你不能就這樣丟下嫌犯不管。
 into "Police Quest II," coming soon to a computer near you!	，變成《Police Quest II》，敬請鎖定你身邊的電腦！
"Ah, ha! Colby!"	「啊哈！Colby！」
You radio Laura, "I've got mine in custody, and we're heading for the car. I'll meet you there."	你用無線電通知 Laura：「我這邊已經拘留了，我們正往車子走。我到那裡跟你會合。」
The bushes seem unimpressed with your bravado!	這叢灌木似乎對你的逞英雄一點也不買帳！
It's a little early for that!	現在做這個還太早了點！
"I used to buy from a guy named Jose Martinez, but then Martinez introduced me to that guy, Colby," Simms says, "I haven't seen Martinez since."	Simms 說：「我以前都跟一個叫 Jose Martinez 的傢伙買貨，後來 Martinez 把我介紹給了那個叫 Colby 的人，」「從那之後我就沒再見過 Martinez 了。」
"It's a pleasure doin' business with 'cha."	「跟你做生意真愉快。」
"See ya next time, Dude!"	「下次見啦，老兄！」
And then, they quickly hit the road.	接著，他們便迅速離開了。
"Laura! Grab him!!"	「Laura！抓住他！！」
"Hey, who's 'dat?"	「嘿，那是誰啊？」
"(crackle... static... crackle...)"	「（沙沙……雜訊……沙沙……）」
Where are you going? Nobody's going to do anything illegal with you hanging around!	你要去哪裡？你在這裡晃來晃去，沒人會做任何違法的事！
A little slow today, are we? Now you've missed your chance. Those two are history.	今天手腳有點慢喔？現在機會沒了。那兩個人已經跑了。
You key your extender, "83-Nora-10, this is 32-12. Are you in place?"	你按下無線電延伸器的通話鍵：「83-Nora-10，這裡是 32-12。你就定位了嗎？」
It seems they have resolved their differences, since the older man says...	他們的爭執似乎已經解決了，因為那個年紀較大的男子說……
"I dunno. Let's get outta here!"	「我不知道啦。我們快離開這裡！」
"Jiggers! The fuzz!!"	「糟了！條子來了！！」
"Beat it!!"	「快跑！！」
"Hey, Man! It's some guy wit' a gun!!"	「喂，老兄！有個傢伙拿著槍！！」
"I'm outta here!"	「我要閃了！」
%m64 shouts the pusher, %m67	%m64 毒販喊道，%m67
"Don't shoot, Officer!" shouts the young man, "I give up!!"	「別開槍，警官！」年輕男子喊道，「我投降了！！」
Well, you caught yourself a nice, little fish, but you let the shark get away. Next time, try following proper police procedures.	哎，你抓到了一條小魚，卻讓大鯊魚跑了。下次試著遵守正確的警察程序吧。
The beautiful park is caressed by a gentle breeze.	微風輕拂著這座美麗的公園。
The cool, green grass feels good under your feet.	涼爽的綠草踩在腳下感覺很舒服。
You see a beautiful blue sky, a couple of clouds, and an airplane way up there.	你看到一片美麗的藍天，幾朵雲，還有遠方高空中的一架飛機。
You've resolved this stakeout in an interesting and creative manner, but surely you can come up with a more professional approach!	你用一種有趣又有創意的方式解決了這次埋伏，但你肯定能想出更專業的做法！
%m84 Trying to shoot an unarmed, high-school boy who's obviously scared to death is hardly the proper solution here.	%m84 對一個明顯嚇壞了、手無寸鐵的高中生開槍，可不是這裡的正確解決辦法。
"Hands up!" you shout. "Police officer!!"	「舉起手來！」你大喊。「警察！！」
He can't. He's handcuffed.	他辦不到，他已經被銬住了。
You've got him under control. Just 'cuff him.	你已經制伏他了，直接把他銬起來就好。
"You are under arrest!"	「你被捕了！」
Carved into the table is "DW + JW" and "GR loves CW."	桌上刻著「DW + JW」和「GR loves CW」。
The young man is wearing dark clothes.	這名年輕男子穿著深色衣服。
There is slightly older man talking with him.	有一名年紀稍長的男子正在跟他說話。
A little trigger-happy, aren't we?	手指有點太癢了吧？
Laura enters the jail and says, "Hey, Sonny! I need to speak with you for a moment."	Laura 走進監獄說：「嘿，Sonny！我需要和你談一下。」
"A position has opened in the Narcotics Division, and according to Lieutenant Morgan, it will be filled by a veteran street cop."	「緝毒組有個職缺，Morgan 中尉說會由資深街頭警察擔任。」
"If you're interested, submit a memo to Lieutenant Morgan as soon as possible. It would be a great chance for you to get out of that uniform for awhile."	「如果你有興趣，儘快向 Morgan 中尉提交備忘錄。這是讓你暫時脫下制服的大好機會。」
The jailer yells, "Hey, Hot Pencil! Come over here."	獄警喊道：「嘿，Hot Pencil！過來這裡。」
"I just hung up from talking to Dooley, and is he hot!"	「我剛和 Dooley 講完電話，他可火大了！」
The jailer continues, "He wants you back at the office on the double!"	獄警繼續說：「他要你立刻回辦公室！」
The jailer says, "What can I do for you, Hot Pencil?"	獄警說：「我能為你做什麼，Hot Pencil？」
"What are you charging him with?" the jailer asks.	獄警問：「你要以什麼罪名控告他？」
You remove and inventory the prisoner's personal property, then hand it to the jailer with the booking slip.	你取下並清點囚犯的個人物品，再和收監單一起交給獄警。
The jailer takes the prisoner's property, then says, "Ok, Monty, remove this gentleman's 'cuffs and place him behind 'door number one.'"	獄警接過囚犯物品，說：「好，Monty，解開這位先生的手銬，把他放到『一號門』後面。」
"If he throws up on the floor," the jailer laughs, "you're gonna clean it up, Bonds!"	獄警笑道：「如果他吐在地板上，你就得清理，Bonds！」
"Gee, thankssh a lot, Ociffer," says the drunk. "I'm so happy, I could just s^%$!"	醉漢說：「哎呀，非常謝謝你，警官。我太高興了，簡直想要 s^%$！」
Just as Laura leaves, the jailer yells at you...	Laura 正要離開時，獄警對你喊道……
You remove the 'cuffs and place them in your handcuff case.	你解開手銬，把它們放進手銬套。
"Whew! Boy, that feels good," says the drunk. "Those 'cuffs were so tight I thought my hands had fallen off."	醉漢說：「呼！真舒服。」那些手銬太緊了，我以為手都掉了。」
"Well, are you going to remove his 'cuffs or not?" asks the jailer.	獄警問：「所以你到底要不要解開他的手銬？」
"Are you deaf?" prompts the jailer. "I said, 'what can I do for you?'"	獄警提醒：「你聾了嗎？我說『我能為你做什麼？』」
"Are you going to book this dude or not?"	「你到底要不要把這傢伙收監？」
"Listen, bud, I need to talk to you before you leave. Just drag 'em on over here."	「聽著，老兄，你離開前我得和你談談。把他拖過來就好。」
The jailer has difficulty hearing you at this distance.	獄警在這個距離很難聽見你。
"Ok, ok!" says the jailer, "I heard you."	獄警說：「好，好！我聽到了。」
"Any time now, you can remove the 'cuffs."	「現在你可以解開手銬了。」
Thinking about grabbing your gun, the drunk delivers a blow to the top of your head. You fall to the floor, unconscious.	醉漢想到要搶你的槍，朝你頭頂猛擊。你倒在地上失去知覺。
Suddenly he realizes what a bad decision he's made, but by then it's too late for you. You're a pile on the floor. Next time, lock up your gun before you enter a jail!	他突然意識到自己做了多糟的決定，但對你來說已經太遲。你癱在地板上。下次進監獄前，先把槍鎖起來！
"Well," asks the jailer, "are you going to remove his 'cuffs or not?"	獄警問：「所以你到底要不要解開他的手銬？」
After a short wait, the jailer asks, "Are you going to book this dude or not?"	等了一會兒，獄警問：「你到底要不要把這傢伙收監？」
"My goodness gracious!" says the jailer. "Here stands Bonds again on behalf of the people."	獄警說：「我的天啊！Bonds 又代表人民站在這裡。」
"This is one bad dude," says the jailer. "What are you booking him for, Sherlock?"	獄警說：「這傢伙很糟。Sherlock，你要用什麼罪名收監他？」
The jailer responds, "Ok, %w1 will do. Fill out the booking slip and give me his property!"	獄警回答：「好，%w1 就行。填好收監單，把他的物品給我！」
"You can't book anyone on a %w1!"	「你不能以 %w1 收監任何人！」
Deep down you know this sleeze bag is not the man he claims he is. You book him as "Marvin Hoffman" anyway, hoping his numerous felony charges will keep him in the slammer long enough for you to ascertain his true identity.	你心底知道這個卑鄙傢伙不是他自稱的那個人。你仍以「Marvin Hoffman」名義收監他，希望眾多重罪指控能讓他在牢裡待到你查明真實身分。
You hand the jailer the booking slip and the suspect's property.	你把收監單和嫌犯物品交給獄警。
"Ok, Bonds," the jailer says, "you can remove his 'cuffs and place Mr. So-Called "Marvin Hoffman" into cell number one."	獄警說：「好，Bonds，你可以解開他的手銬，把所謂的『Marvin Hoffman 先生』放進一號牢房。」
"You little meter maids can't keep me in here!" he shouts.	他喊道：「你們這些小小開單員關不住我！」
Hoffman yells, "I'll be out of this tank before you finish your coffee break!"	Hoffman 喊道：「你們喝完咖啡休息前，我就會離開這個牢房！」
"Since my shift is over, I'll see you back at the station."	「我的勤務結束了，回警局見。」
"I received a call from dispatch on the way over here. Dooley wants to see you in his office when you are done here."	「我來這裡途中收到調度台電話。你處理完這裡後，Dooley 要在辦公室見你。」
"If you want to book this crook, I'll need a clue as to the charges."	「如果你想收監這個罪犯，我需要知道控告罪名。」
Jack says, "Well, I see you got that slimeball pusher booked!"	Jack 說：「看來你把那個卑鄙毒販收監了！」
"Your penthouse awaits you, Hoffman!"	「你的頂樓牢房等著你，Hoffman！」
"The car's tucked away and all the evidence is booked. This is one clean bust, my boy!"	「車子藏好了，所有證物也登記完成。這真是一次漂亮的逮捕，小子！」
The jailer seethes, "I hope you know, Bonds, at this very moment Hoffman's lawyer is in the front reception area, bailing that worm out."	獄警怒氣沖沖地說：「Bonds，希望你知道，此刻 Hoffman 的律師就在前台，要把那條蟲保釋出去。」
"Hey, Sonny, come over here," says the jailer. "I have something to tell you."	獄警說：「嘿，Sonny，過來這裡。我有事告訴你。」
You hand the jailer the No Bail Warrant just in time to keep Mr. Taselli from returning to the streets.	你及時把不得交保令交給獄警，阻止 Taselli 先生重返街頭。
"Oh, man! This is great, Sonny," the jailer laughs. "I hope you know this will slam the ol' boy's orifice shut."	獄警大笑：「老兄！太棒了，Sonny。我希望你知道，這會把那老傢伙的出口徹底封死。」
"I bet you wish you had a No Bail Warrant on this guy!" says the jailer.	獄警說：「我敢打賭，你一定希望手上早就有這傢伙的不得交保令！」
"I'll be right back. This is gonna blow his attorney's mind!"	「我馬上回來。這會讓他的律師大吃一驚！」
"You know something, Pig? All you're doing is slightly delaying my exit!" Taselli rants.	Taselli 咆哮：「你知道嗎，條子？你只是在稍微延遲我的離開！」
"Boy, that made my day, Sonny! You should have seen the guy."	「小子，這讓我今天心情大好，Sonny！你真該看看那傢伙。」
"He started ranting and raving like a little kid who just had his lollipop taken away!"	「他開始像棒棒糖被拿走的小孩一樣又吵又鬧！」
In a desperate attempt to escape, the suspect seizes your weapon and blows you into eternity! Next time, check your weapon at the door!	嫌犯絕望地企圖逃跑，奪走你的武器，把你送進永恆！下次進門時先把武器交出去！
"Sonny, you already gave me the No Bail Warrant."	「Sonny，你已經把不得交保令給我了。」
Failure to search the suspect has cost you dearly! The LPD Widows and Orphan Fund will contact your next of kin!	沒有搜查嫌犯讓你付出慘痛代價！LPD 寡婦與孤兒基金會會聯絡你的親屬！
"What's your name?" the jailer asks your prisoner.	獄警問囚犯：「你叫什麼名字？」
"The name's, uh, Marvin Hoffman, you scum bag!" he responds. "And that's all you're gettin' outta me!"	他回答：「呃，我叫 Marvin Hoffman，你這個人渣！你只能從我這裡得到這些！」
Officer Steve Johnson greets you upon your arrival at Cotton Cove.	你抵達 Cotton Cove 時，Steve Johnson 警員前來迎接你。
"Good to see you, Sonny," he says. "We've got a ripe one here, with no ID! Is this the dude you arrested?"	他說：「很高興見到你，Sonny，」「這裡有一具腐爛的屍體，身上沒有身分證件！這是你逮捕過的那傢伙嗎？」
"Since you're the guy who booked him, we hope you can identify him."	「既然當初是你把他建檔收押的，我們希望你能指認他。」
You lift the white blanket and examine the swollen body. It resembles %s6, however, you can't be sure.	你掀開白布，檢視這具浮腫的屍體。看起來很像 %s6，不過你無法確定。
The soggy shirt peels slowly from his chest. Above his left nipple you spot the flower tattoo which confirms your identification.	濕透的襯衫慢慢從他胸口剝落。你在他左乳上方發現了那個花朵刺青，確認了他的身分。
"I know he reeks, Sonny, but you'll have to get closer to do that," says Steve.	Steve 說：「我知道他很臭，Sonny，但你得靠近一點才能看清楚。」
You see as much as you care to!	你已經看得夠多了！
You key the radio, "Dispatch, this is 83-Nora-10. Report positive ID on body of one %s6. 10-8, Cotton Cove."	你按下無線電通話鍵：「調度，這裡是 83-Nora-10。回報已確認身分，死者為 %s6。10-8，Cotton Cove。」
Your radio crackles, "10-4, 83-Nora-10. Dispatch copies 10-22 APB %s6."	你的無線電傳出雜音：「10-4，83-Nora-10。調度收到 10-22，將對 %s6 發布全境通告。」
The water is nice this time of year, but swimming is deadly!	這個時節的水質很不錯，但游泳可是會出人命的！
With an extender, you could radio dispatch from here.	要是有無線電延伸器，你就能在這裡呼叫調度了。
Your radio crackles, "10-4, 83-Nora-10. Dispatch copies 10-97 Cotton Cove."	你的無線電傳出雜音：「10-4，83-Nora-10。調度收到，10-97，Cotton Cove。」
"Go on, Sonny. Get up there and take a look."	「去吧，Sonny。上去看看。」
You'd better report your findings.	你最好回報你的發現。
"Thanks, Sonny. Be advised Coroner is en route. 10-19, per Lt. Morgan."	「謝了，Sonny。請注意，驗屍官正在前往途中。10-19，這是 Morgan 中尉的指示。」
You observe two patrol units parked with emergency lights flashing. They both appear unoccupied.	你看到兩輛巡邏車停在那裡，警示燈閃爍著。車上似乎都沒有人。
You look around at a beautiful wooded area. The Clearwater River flows in the background.	你環顧四周，是一片美麗的林地。Clearwater 河在後方靜靜流淌。
You see nothing that would help you.	你沒看到任何有幫助的東西。
The Clearwater River looks refreshing.	Clearwater 河看起來十分清涼宜人。
Thinking your car is one slick machine, you admire it one more time.	你覺得自己的車真是一台帥氣的機器，忍不住又多欣賞了一眼。
The two marked patrol cars with emergency lights flashing, and the covered body in the clearing, clouds the natural beauty of Cotton Cove.	兩輛警示燈閃爍的標誌巡邏車，加上空地上那具用布蓋著的屍體，讓 Cotton Cove 原本的自然美景蒙上了一層陰影。
"Yep," you respond, "this is %s6, alright."	你回答：「沒錯，」「這就是 %s6，沒有問題。」
You radio in, "Dispatch, 83-Nora-10 10-97 Cotton Cove."	你用無線電回報：「調度，83-Nora-10，10-97，Cotton Cove。」
"Well, Sonny," says Steve, "is this %s6, or not?"	Steve 說：「怎麼樣，Sonny，」「這是不是 %s6？」
"Are you going to inform Dispatch?" asks Steve.	Steve 問：「你要通知調度嗎？」
"Thanks for your help, Sonny," says Steve.	Steve 說：「謝謝你的幫忙，Sonny。」
You don't need to uncover any more.	你不需要再掀開更多了。
The body is covered by a blanket.	屍體上蓋著一條毯子。
Gladly.	樂意之至。
The policemen stand near a dead body.	警員們站在一具屍體旁邊。
Just walk right in, the water looks fine!	直接走進去吧，水看起來很不錯！
You radio, "10-8 from scene."	你用無線電通報：「10-8，現場任務結束。」
You've always thought this a lovely part of Lytton.	你一直覺得 Lytton 這一帶很漂亮。
The jailer says, "This is certainly a fine-looking group ya got this time, Sonny!"	獄警說：「Sonny，你這次抓來的這幫人真是『一表人才』啊！」
You remove, inventory, and deliver the prisoner's personal property to the jailer along with the booking slip.	你取出並清點嫌犯的隨身物品，連同拘留單一起交給獄警。
"Ok, %w1 it will be," the jailer says. "Fill out a booking slip and give me his property!"	獄警說：「好，那就是 %w1 了。填一張拘留單，把他的財物交給我！」
"I think you boys know where to go!" you tell them.	你對他們說：「我想你們這幫小子知道該去哪裡！」
"Up your's, Dick Tracy! You'll never make this stick!"	「去你的，Dick Tracy！你休想讓這罪名成立！」
The jailer says, "Ok, Sonny, remove their 'cuffs and put the little pushers into cell number one."	獄警說：「好了，Sonny，把他們的手銬解開，把這幾個小毒販關進一號牢房。」
"What are you charging these dudes with?" asks the jailer.	獄警問：「你要用什麼罪名起訴這些傢伙？」
"I'm gonna sue you for makin' them 'cuffs so tight, Flatfoot!" threatens your prisoner.	你的囚犯威脅道：「我要告你把手銬銬得這麼緊，臭條子！」
"Come on, Bonds," says the jailer impatiently. "Take the 'cuffs off this pair!"	獄警不耐煩地說：「快點，Bonds，把這兩個人的手銬解開！」
"I'm still waiting, Bonds," says the jailer. "What are you going to do with them?"	獄警說：「我還在等呢，Bonds。你打算拿他們怎麼辦？」
"Sonny," says Laura, "I'll wait here while you complete the booking."	Laura 說：「Sonny，你去辦拘留手續，我在這裡等你。」
"Hey, Bonds," yells Laura. "I'll wait for you in the car."	Laura 喊道：「嘿，Bonds！我在車上等你。」
Move to the counter before making a case.	先走到櫃檯，才能辦理案件。
The jailer heard you the first time!	獄警第一次就聽到你說的了！
The suspects should be booked first.	應該先把嫌犯做拘留登記。
The cuffs are removed.	手銬已經解開了。
As you die...\n\nthe last thing you hear...\n\nis the suspect mumbling something about...\n\nwhat he does to pigs...	你死去的那一刻……\n\n你聽到的最後一句話……\n\n是嫌犯喃喃自語……\n\n說著他打算怎麼對付臭條子……
"My Mommy's gonna be bummin' when she finds out where I am!" whines Victor Simms.	Victor Simms 哭喪著臉說：「我媽咪知道我在哪裡，一定會超難過的！」
"Well, it's about time, Bonds!" exclaims the jailer. "That gal in cell one has been whining like a lonely puppy for you!"	獄警喊道：「終於來了，Bonds！一號牢房那個女的一直像隻孤單的小狗一樣哀哀叫，吵著要見你！」
"Do your best to calm that girl down, will ya, Sonny? I don't get paid enough to listen to that crap!"	「Sonny，麻煩你去把那女的安撫一下好嗎？我領的薪水可沒多到要聽這些鬼話！」
As you approach cell one, Sweet Cheeks spots you and says...	你走近一號牢房時，Sweet Cheeks 看到你，說道……
"Oh, Precious! I'm so happy to see you!"	「喔，寶貝！看到你我好開心！」
"Please come here and talk to me! I need your help, Sonny."	「拜託過來跟我說幾句話！我需要你的幫忙，Sonny。」
"I'm sorry, Sonny, but I got picked up by Operation Trick Trap."	「對不起，Sonny，我在 Operation Trick Trap 行動中被抓了。」
"I know you warned me, but I thought the operation was over."	「我知道你警告過我，但我以為那次行動已經結束了。」
"I'll do anything to get out!"	「只要能出去，要我做什麼都行！」
"Oh, Sonny! If only I had someone like you to call my own!"	「喔，Sonny！要是我也能有像你這樣的人可以依靠就好了！」
"Wow, Sweet Lips!" you exclaim. "Was that hot, or what?!"	你驚呼：「哇，甜心！那個吻夠辣吧？！」
"I'm sorry, Precious. I just couldn't resist you!"	「對不起，寶貝，我實在無法抗拒你！」
"Oh please, get me out of this place."	「拜託，帶我離開這個地方吧。」
"Oh, Sonny, I'll help you do anything. Thank you so much!"	「喔，Sonny，我什麼都願意幫你，太謝謝你了！」
"Oh, please, tell me what to do."	「拜託，告訴我該怎麼做。」
Embarrassed, you feel as though all the blood in your body has rushed to your face.	你感到尷尬，彷彿全身的血液都湧上了臉。
You explain the arrangements of Sweet Cheek's immediate release to her.	你向 Sweet Cheeks 說明了她即將獲釋的安排。
"Sweet Cheeks, as soon as you're released, I want you to go to the police station for a meeting with Lieutenant Morgan."	「Sweet Cheeks，你一獲釋，我要你馬上到警局跟 Morgan 中尉見面。」
"Hey, Sonny!" says the jailer in a loud voice, "You been messing with my female prisoners or did you just start wearing lipstick today?"	獄警大聲說：「嘿，Sonny！你是對我的女囚犯上下其手，還是你今天開始擦口紅了？」
"Lt. Morgan just called. He's sending a car over for Sweet Cheeks."	「Morgan 中尉剛打電話來，他會派車來接 Sweet Cheeks。」
She can't hear you from here.	她在這裡聽不到你說話。
This is the front entrance to the Hotel Delphoria.	這裡是 Delphoria 飯店的正門入口。
This sky is certainly clear today!	今天的天空真是晴朗！
That's what servants are for!	這就是僕人存在的意義！
The hot sidewalk makes the awning's shade inviting.	炎熱的人行道讓遮陽棚的陰影顯得格外誘人。
The man is wearing the uniform of a doorman, which seems appropriate since that is his job. You notice nothing out of the ordinary.	這名男子穿著門房的制服，畢竟那就是他的工作，看起來理所當然。你沒有發現任何異狀。
A quiet sort, the doorman offers, "May I open the door for you?"	這位沉默寡言的門房開口問：「需要我為您開門嗎？」
The red carpet leads through the front door of the hotel.	紅地毯一路延伸，通往飯店的正門。
The planters hold small, manicured shrubs and trees.	花盆裡種著修剪整齊的小灌木和樹木。
The small, green, decorative shrubs are certainly well-maintained.	這些小巧翠綠的裝飾灌木確實照顧得很好。
The windows are not especially interesting.	窗戶沒什麼特別的。
That will not be beneficial.	那樣沒有幫助。
The green and white awning protects the doorman from the elements, and helps him maintain that washed-out complexion.	綠白相間的遮棚替門房遮風避雨，也幫助他維持那張蒼白的臉。
"Good day, Sir!" says the desk clerk in his best, plastic voice. "How may I help you?"	櫃台職員用最制式的聲音說：「您好，先生！我能為您服務嗎？」
"I hope you get your money's worth, Buddy!" says the desk clerk. "Hey, Sweet Cheeks! Remember: no more jello in the bathtub, okay?"	櫃台職員說：「希望你花錢花得值得，老兄！嘿，Sweet Cheeks！記住：浴缸裡不准再放果凍，好嗎？」
"Thank you very much, sir. Here are your keys. I hope you enjoy your stay!"	「非常謝謝您，先生。這是您的鑰匙。祝您住宿愉快！」
After you fill out the register, the desk clerk says, "Just take the elevator to the second floor. Your room is to the right."	你填好登記簿後，櫃台職員說：「搭電梯到二樓，您的房間在右邊。」
This is the lobby of the Hotel Delphoria. It is decorated in the style of the era in which it was constructed, its prime days long gone. There is a desk to the east and an elevator to the north.	這是 Delphoria 飯店大廳。裝潢採用建造年代的風格，鼎盛時期早已遠去。東側有櫃台，北側有電梯。
The marble desk top is empty except for a bell. Behind the desk are the hotel's mailboxes.	大理石櫃台除了鈴鐺外空無一物。櫃台後是飯店的信箱。
The mailboxes are used by hotel personnel only.	信箱僅供飯店人員使用。
The desk clerk appears to be a neat and clean-looking gent.	櫃台職員看起來整潔乾淨。
It's not yours. Leave it alone.	那不是你的。別碰它。
You are already on that floor.	你已經在那一層了。
You have no business here. Get back to the business of crime stopping.	你不該待在這裡。回去辦案吧。
"I'm sorry, sir, but we have no vacancies at this time," says the desk clerk. "Please check back with us tomorrow."	櫃台職員說：「抱歉，先生，目前沒有空房。請明天再來詢問。」
Don't get impatient!	別不耐煩！
Embarrassed, you admit to the desk clerk, "Uh, it appears you've caught me a little short."	你尷尬地對櫃台職員承認：「呃，看來我的錢有點不夠。」
You hand the clerk $100.00. He asks you to fill out the registration card. You do, under the name of %s3	你交給職員 100 美元。他請你填寫登記卡，你用 %s3 的名字填好。
The bell is metal and small. The button on top, when pressed, causes it to ring.	鈴鐺小巧金屬製成。按下上方按鈕就會響。
"We have a vacancy in Room 204, on the second floor. All our rooms are very clean and nicely furnished, with telephones and queen-sized beds," says the desk clerk. "That will be $100.00, please."	櫃台職員說：「二樓 204 號房有空房。所有房間都很乾淨、家具漂亮，配有電話與加大雙人床。房費是 100 美元。」
"I'm sorry, Sir," responds the desk clerk, "but you'll have to use the telephone in your room."	櫃台職員回答：「抱歉，先生，但您必須使用房間裡的電話。」
No one heard you.	沒有人聽見你。
"I'll BET you're a little short," snaps the clerk, "and not just in the wallet!"	職員挖苦道：「我『敢打賭』你有點短，不只是錢包短！」
Leaving the hotel, you drop the room key at the desk.	離開飯店時，你把房間鑰匙放回櫃台。
"Just ring if I may be of assistance. Goodbye."	「需要協助就按鈴。再見。」
That's a pretty general statement.	這句話太籠統了。
Jimmy Lee Banksten.	Jimmy Lee Banksten。
Jonathan Doe.	Jonathan Doe。
"Hey, Baby! Let's go up to the room! Come on!!"	「嘿，寶貝！我們上房間吧！來啊！！」
The front wall of the elevator has four buttons marked "One," "Two," "Three," and "Four." What could they possibly do?	電梯前牆有四個按鈕，標示「一」、「二」、「三」和「四」。它們到底能做什麼？
"D"	「D」
Majestic, isn't it!	很宏偉吧！
Which floor number?	幾樓？
Your mission is in the Hotel Delphoria. Nothing elsewhere will help you in your capture of the Death Angel!	你的任務在 Delphoria 飯店。其他地方的東西都無法幫你抓到死亡天使！
You have no way to inform your backups.	你沒有辦法通知支援人員。
%m5 second %m6 201 to 204 %m7	%m5 二樓 %m6 201 至 204 %m7
%m5 third %m6 301 to 304 %m7	%m5 三樓 %m6 301 至 304 %m7
%m5 fourth %m6 401 to 404 %m7	%m5 四樓 %m6 401 至 404 %m7
You are standing on the	你站在 Delphoria 飯店的
floor of the Hotel Delphoria. Rooms	樓層。房間
are on this floor.	就在這一層。
The door is already open.	門已經開了。
You whisper a soft "Room 404" into your transmitter "pen," informing your backup unit of your location.	你對著發報器「筆」輕聲說「404 號房」，通知支援單位你的位置。
You admire the plush carpet.	你欣賞著厚實柔軟的地毯。
The door appears to be made of heavy wood.	這扇門看起來是厚重木材製成。
You try, but the door is locked.	你試了試，但門鎖著。
You don't have the key to this door.	你沒有這扇門的鑰匙。
You knock, and hear a muffled voice from within say, "Mind your own business, dude!"	你敲門，聽見裡面傳來悶聲：「管好你自己的事，老兄！」
No one answers.	沒有人回答。
You knock and hear nothing but screaming obscenities from within.	你敲門，只聽見裡面大聲叫罵。
After you knock, you hear footsteps, then silence.	你敲門後聽見腳步聲，接著一片寂靜。
Your knock brings the reply, "You can knock till your knuckles bleed, but I ain't opening the door!"	你敲門後，裡面回答：「你儘管敲到指關節流血，我就是不開門！」
Clinking glasses and loud laughter drown out your knock.	玻璃杯碰撞聲與大笑聲蓋過你的敲門聲。
An interesting manuever on your part has separated you from your suspect. Now what will you do?	你這神來一手，讓你跟嫌犯走散了。現在你打算怎麼辦？
You hear a hollow, ringing sound.	你聽到一陣空洞的迴響聲。
"Hey, come on, Darlin'," Sweet Cheeks whines. "I may do a lot of things, but stairs ain't one of them! When you been walking streets as long as I have, you'll use the elevator, too."	Sweet Cheeks 撒嬌抱怨道：「嘿，拜託啦，甜心。我什麼都能幹，但爬樓梯可不行！你要是跟我一樣在街頭混這麼久，你也會選電梯的。」
The door appears to be made of a heavy wood.	這扇門看起來是用厚重的木頭做的。
It looks like something from an old, French movie. Don't you just love rococo ironwork?	這看起來像是老法國電影裡的場景。你不覺得洛可可風格的鐵藝很迷人嗎？
You do not have a key for this room.	你沒有這個房間的鑰匙。
It is already open.	它已經是開著的了。
It is already closed.	它已經是關著的了。
This door closes automatically.	這扇門會自動關閉。
%m18 second %m19 201 to 204 %m20	%m18第二%m19，201到204%m20
%m18 third %m19 301 to 304 %m20	%m18第三%m19，301到304%m20
%m18 fourth %m19 401 to 404 %m20	%m18第四%m19，401到404%m20
can be found on this floor. The door on the west wall opens to the stairway.	都可以在這層樓找到。西側牆上的門通往樓梯間。
With your knock, the sound of heavy moaning and slapping leather fades into silence.	你敲門後，屋內沉重的呻吟聲與皮革拍打聲漸漸歸於寂靜。
After a short pause, a voice bellows from the other side of the door. "Get out of here, you nosy PERVERT!"	短暫停頓後，門後傳來一聲怒吼：「滾開，你這個愛管閒事的變態！」
Your knock can't penetrate the loud music coming from within.	你的敲門聲被屋內震耳欲聾的音樂蓋過，根本沒人聽見。
After you knock, you hear two people talking inside the room.	你敲門後，聽到房裡有兩個人在說話。
"Henry, someone's at the door! You didn't order another pepperoni pizza, did you?"	「Henry，有人在敲門！你該不會又叫了一份義式辣腸披薩吧？」
"Just forget the door, Donna! Get over here and help me get my boots off!"	「別管門了，Donna！過來幫我把靴子脫掉！」
Either your knock is being ignored, or nobody's there.	不是沒人理你敲門，就是裡面根本沒人。
Your knocking brings no one to the door, but the noise coming through the door alerts your curiosity.	你敲了門也沒人來應門，但門後傳來的聲響引起了你的好奇心。
After listening carefully, and trying to decipher the sound, you surmise... someone in the room is trying to launch the hotel bed into a low orbit.	你仔細聆聽，試圖分辨那聲音……你猜想，房裡有人正打算把飯店的床墊發射進近地軌道。
It's not locked.	它沒有上鎖。
You observe a spacious, nicely-furnished, one-room apartment.	你看到一間寬敞、佈置精美的單房公寓。
Through the window you see the pulsating metropolis of Lytton.	透過窗戶，你看到脈動不息的 Lytton 大都會。
"Hey, Sonny! Sorry if we interrupted you in the bathroom, there. Everything come out ok?"	「嘿，Sonny！抱歉在你如廁時打擾了。一切都『順利』吧？」
"Did you get anywhere with the bartender, Precious?"	「你跟那個酒保談出什麼結果了嗎，寶貝？」
"In all my endeavors, I have found that only money makes the world go 'round."	「以我所有的經歷來看，我發現只有錢才能讓世界運轉。」
"Maybe you should go back and try again."	「或許你該回去再試一次。」
"Do you have enough money to carry you through a gambling session, Big Boy?"	「你身上的錢夠讓你撐過一場賭局嗎，大個子？」
The men aren't interested in conversation. There is much tension here due to the seriousness of the operation.	這些人沒有交談的興趣。由於這次行動事關重大，現場氣氛相當緊繃。
They're as ugly as a computer programmer!	他們醜得跟寫程式的工程師不相上下！
Forget about that nail and start concentrating on nailing Bains.	別管那顆釘子了，專心想辦法『釘』住 Bains 吧。
It's the kind of dresser you'd expect to find in a room like this.	這就是你在這種房間裡會預期看到的那種衣櫃。
The nightstand is bolted to the floor.	床頭櫃被固定在地板上。
The lamp is bolted to the nightstand.	檯燈被固定在床頭櫃上。
It's hardly state-of-the-art. The first program it showed was a live broadcast of Uncle Miltie. It's got more tubes than an emergency room patient.	這台可說不上先進。它播的第一個節目是 Uncle Miltie 的現場轉播。裡面的真空管比急診室病人身上的管子還多。
The nightstand is very plain looking, with no drawers. If they didn't need something to bolt the lamp to, it probably wouldn't be here.	這張床頭櫃看起來很樸素，沒有抽屜。要不是需要固定檯燈，這東西大概根本不會出現在這裡。
The bathroom is very basic. It contains a shower, a small sink and a toilet.	這間浴室非常簡陋，只有淋浴間、小洗手台和馬桶。
It's not something you'd want to look at for an extended period of time!	這可不是什麼你會想盯著看太久的東西！
The curtains are of no interest.	這些窗簾沒什麼好看的。
You feel a sense of pride when you see the city you protect.	看著自己守護的城市，你心中湧起一股自豪感。
"Hey, Sonny! How's it going?" says the lead detective. "I'm sure glad we found your room! I'd hate to have someone call the cops on us for breaking and entering!"	帶隊警探說：「嘿，Sonny！最近如何？我們可算找到你的房間了！真怕有人看到我們闖進來，還報警說我們非法入侵！」
"We're ready whenever you are, 'Whitey'!" he concludes.	他最後說：「『Whitey』，你準備好我們就開始行動！」
"Ok, Sonny, here's your voice transmitter. I've tested it thoroughly to make sure works properly."	「好了，Sonny，這是你的無線發報器。我已經徹底測試過，確保運作正常。」
You detach the handle of your cane to expose the .22-magnum derringer. You double-check it, just to make certain it is loaded.	你拆下手杖握把，露出裡面藏的 .22 麥格農德林傑手槍。你再三檢查，確認子彈已經上膛。
"We'll monitor your voice transmitter at all times. We're anxiously waiting to assist you in any arrests."	「我們會全程監聽你的發報器訊號。只要你需要逮捕支援，我們隨時待命。」
The lamp is bolted to the nightstand, which is bolted to the floor.	檯燈固定在床頭櫃上，床頭櫃則固定在地板上。
This may be a nice hotel, but they don't furnish bathroom telephones.	這間飯店雖然不錯，但浴室裡可沒配電話。
There's nothing you should do here that can't be done in the light.	你在這裡該做的事，在有燈光的地方一樣做得到。
It is already on.	它已經是開著的了。
It is already off.	它已經是關著的了。
You see a well-worn carpet.	你看到一塊已經磨損不堪的地毯。
You've already done it.	你已經做過這件事了。
As much as you'd love to catch some old "Dragnet" reruns, you realize you must keep your mind on the case.	雖然你很想看幾集《Dragnet》的重播，但你知道自己得專心辦案。
If you insist. The toilet is quite a sight indeed. There isn't much doubt as to its function all these years.	既然你堅持。這座馬桶確實別有一番風景，這麼多年來它的用途從沒讓人懷疑過。
The bed looks like it's been heavily used. There is a large sag in the middle that's about the size of your boss.	這張床看起來被操得很兇，中間陷下一個大坑，大小差不多跟你老闆的身材一樣。
You open the drawers to the dresser and (as expected) find nothing.	你打開衣櫃的抽屜，（不出所料）什麼也沒找到。
You nervously flush the toilet. Much to your relief, all goes well.	你緊張地沖了馬桶。讓你鬆一口氣的是，一切順利。
You consider spreading out on the comfortable looking bed, but the case keeps running through your mind. You'd never be able to rest at a time like this!	你考慮在這張看起來很舒服的床上躺一下，但案子一直在你腦中揮之不去。這種時候你怎麼可能休息得下！
The window is sealed shut for your protection.	為了你的安全，這扇窗戶被封死了。
You hear a knock on the door, followed by the turn of the doorknob. Three men enter, two of them familiar.	你聽到敲門聲，接著門把被轉動。三個男人走了進來，其中兩個你認識。
You utter a sigh of relief as you expel the eighteen cups of coffee that have been wreaking havoc on your bladder. You think more clearly now.	你鬆了一口氣，把那十八杯咖啡在膀胱裡造成的災難全都排解掉了。你現在腦筋清楚多了。
Everything seems to be in order.	一切看起來都井然有序。
You start to unzip your trousers, but decide this isn't a good location to initiate such an action.	你開始拉下褲子拉鍊，但轉念一想，這裡不是做這種事的好地方。
You ease down on the cool seat and meditate for a short time. Soon, everything works itself out. As you pull up your trousers, you feel noticeably lighter on your feet.	你緩緩坐上冰涼的馬桶座，靜坐了片刻。很快地，一切都順利解決了。當你拉起褲子時，感覺腳步都輕盈了不少。
A shower would be relaxing, but you have work to do.	沖個澡應該會很放鬆，但你還有工作要做。
The shower is lined with brightly colored, imported tile.	淋浴間貼滿了色彩鮮豔的進口磁磚。
The small sink is made of porcelain.	這個小洗手台是瓷製的。
Detective Angland hands you the transmitter and a new supply of marked hundred-dollar bills. You carefully clip the transmitter to your pocket.	Angland 警探把發報器和一批新的標記百元鈔遞給你。你小心地把發報器夾在口袋上。
Your backups will arrive with your voice transmitter soon.	你的支援人員很快就會帶著你的發報器抵達。
An abstract painting decorates the west wall.	一幅抽象畫裝飾著西牆。
Why, that looks like a phone over there!	咦，那邊看起來像是一支電話！
It's a genuine, LT&T touchtone model.	這是一支貨真價實的 LT&T 按鍵式電話。
You see lots of lint, but nothing you'd consider touching.	你看到一堆棉絮，但沒有什麼是你會想碰的東西。
"I don't have the transmitter; Detective Angland does."	「發報器不在我這裡，在 Angland 警探那邊。」
"Good luck, Sonny!"	「祝你好運，Sonny！」
"Oh, gawd, Sonny! What will you do!?"	「喔，天啊，Sonny！你打算怎麼辦！？」
You instruct Sweet Cheeks to catch a cab and go to the police station.	你叫 Sweet Cheeks 搭計程車去警局。
As instructed, she heads for the elevator.	遵照指示，她朝電梯走去。
"Take a look at this," says Angland. "We just received a fax from Chicago that includes the mug shots of one Jessie Bains."	Angland 說：「看看這個。我們剛收到芝加哥傳真，裡面有 Jessie Bains 的嫌犯照片。」
Although the fax is rather fuzzy, you have the feeling that you've seen this face before.	雖然傳真相當模糊，但你覺得以前見過這張臉。
"Oh, you!" giggles Sweet Cheeks, "that's all you ever think about!"	Sweet Cheeks 咯咯笑：「哎呀，你真是的！你整天只想這個！」
This hotel has no room service!	這間飯店沒有客房服務！
Your hands are now clean.	你的手現在乾淨了。
You're clean enough for this job!	你已經乾淨到足以執行這項任務！
"Oh, honey," says Sweet Cheeks, "I'd be afraid to stay here all alone!"	Sweet Cheeks 說：「喔，親愛的，我才不敢一個人待在這裡！」
"Ok. Coming right up."	「好，馬上來。」
He's the kind of guy you'd expect to find working the bar in a place like this.	他就是你預期會在這種地方吧台工作的那種人。
The tables look ordinary, except for the wear of years of serious drinking.	桌子看起來很普通，只是多年豪飲留下了磨損。
Sweet Cheeks is her normal, outgoing, bubbly self. She has dressed to the nines for her assignment, and is wearing an enticing perfume.	Sweet Cheeks 和平常一樣外向活潑。她為任務精心打扮，身上噴著誘人的香水。
Around the dimly-lit lounge, people sit at tables. Behind the bar stands the bartender.	昏暗的酒廊裡，人們坐在桌旁。酒保站在吧台後。
Constructed in the late 1800's, imported from France, this bar has had enough beverage passed across it to float the City of Lytton in alcohol.	這座吧台建於十九世紀末、從法國進口，流過的飲料多到足以讓 Lytton 市漂在酒精上。
The walls are adorned in an attractive fashion.	牆壁裝飾得很漂亮。
The only door is that darling, little, red, padded, vinyl number over there.	唯一的門就是那扇可愛、小巧、紅色、有軟墊的乙烯基門。
Sweet Cheeks pretends she has just noticed you. "Whitey, is that YOU?" she shouts.	Sweet Cheeks 假裝剛注意到你，喊道：「Whitey，是你嗎？」
"Oh, Whitey, it's so good to see you," says Sweet Cheeks, playing her role to the hilt. "It's been such a long, long time!"	Sweet Cheeks 演技十足地說：「喔，Whitey，很高興見到你。真的好久好久不見了！」
"Come on, Cheeks," you say, "let's sit at that table over there."	你說：「來吧，Cheeks，我們坐那邊那張桌子。」
"Here you are, sir," says the bartender. "That'll be five dollars, please."	酒保說：「給您，先生。請付五美元。」
You slip a marked hundred from your wallet and hand it to the bartender.	你從錢包取出一張做過記號的百元鈔，交給酒保。
"Thank you, sir," he says. "I'll be right back with your change."	他說：「謝謝，先生。我馬上拿零錢回來。」
"You know, Sonny," says Sweet Cheeks softly, "I've seen four guys go in that door since I got here!"	Sweet Cheeks 輕聲說：「你知道嗎，Sonny，自從我來這裡，已經看到四個人走進那扇門！」
"Here is your change, sir."	「這是您的零錢，先生。」
"Well, how about it, Sweet Cheeks?" the bartender says. "Are you going to introduce me to your new friend?"	酒保說：「怎麼樣，Sweet Cheeks？你不介紹你的新朋友給我嗎？」
"Woody, I'd like you to meet Jimmy Lee Banksten, but everyone I know calls him 'Whitey,'" says Sweet Cheeks. "Whitey's a dear, old friend that I haven't seen for over a year."	Sweet Cheeks 說：「Woody，介紹 Jimmy Lee Banksten 給你認識，不過我認識的人都叫他『Whitey』。Whitey 是我親愛的老朋友，我超過一年沒見過他了。」
The bartender asks you what you do for a living. "I'm presently unemployed; just taking it easy, you know. Enjoying life, and looking for a good time," you tell him.	酒保問你以什麼為生。你告訴他：「我目前失業；只是放鬆一下，你知道的。享受生活，找點樂子。」
"I just finished doing a little time for embezzlement and haven't had a chance to land a job yet," you tell Woody. Acting surprised at your slip, you lower your voice and say, "but I'd sure appreciate your keeping that information under your hat, ok?" Woody assures you that you can trust him.	你告訴 Woody：「我剛因挪用公款服完一點刑，還沒機會找到工作。」你裝作對失言感到驚訝，壓低聲音說：「但我很感謝你替我保密，好嗎？」Woody 保證你可以信任他。
Sweet Cheeks returns. Even after the drinks, and your conversation with the bartender, Woody Roberts is tight-lipped about any back room gambling.	Sweet Cheeks 回來了。即使喝了酒、和酒保聊過，Woody Roberts 對後房賭局仍守口如瓶。
"Say, Sweet Cheeks," you say loudly. "How'd you like to go to Vegas with me for the weekend?" Sweet Cheeks acts quite excited as she accepts your offer.	你大聲說：「Sweet Cheeks，你想不想週末和我去 Vegas？」Sweet Cheeks 接受邀請時顯得非常興奮。
Just before leaving the cocktail lounge, you ask Sweet Cheeks to remain at the table, while you try to get Woody to open up.	離開雞尾酒廊前，你請 Sweet Cheeks 留在桌旁，自己試著讓 Woody 開口。
You slip the bartender a twenty... and then, it happens!	你塞給酒保二十美元……接著，事情發生了！
In a suddenly soft voice, the bartender asks, "Whitey, exactly what are you looking for in the way of a good time?"	酒保突然用柔和的聲音問：「Whitey，你到底想找什麼樂子？」
"Just about anything," you tell him, "but women, gambling, and money top the list."	你告訴他：「幾乎什麼都行，但女人、賭博和錢排在最前面。」
"Well, Whitey," Woody whispers, "there IS a little card game in our back room that is available by invitation only. It's pretty serious; it'll cost ya two hundred just to get into the game."	Woody 低聲說：「Whitey，我們後房確實有個小牌局，只接受邀請。那是很認真的牌局；光入場就要兩百美元。」
He continues, "If you think you can handle it, come back a little later with the two hundred, and I'll see what I can do for ya." With your heart pounding, you offer him your thanks, and assure him you'll be right back after you finish with Sweet Cheeks.	他繼續說：「如果你覺得能應付，晚點帶兩百美元回來，我看看能為你做什麼。」你心跳加速，向他道謝，並保證和 Sweet Cheeks 完事後馬上回來。
"Gee! Thanks, Mac!"	「哎呀！謝了，老兄！」
Woody says, "If you decide you want a drink, I'm at your service.	Woody 說：「如果你決定想喝一杯，我隨時為你服務。
"Hey, Whitey," says Sweet Cheeks. "When you've been walkin' the streets as long as I have, you don't need to climb stairs! What'cha say we take the elevator?"	Sweet Cheeks 說：「嘿，Whitey，像我一樣在街上走這麼久，就不需要爬樓梯！我們搭電梯如何？」
It would benefit you to stay put for the moment.	你目前最好留在原地。
"Here you go, Sir. That'll be on the house!"	「給您，先生。這杯算我請客！」
"So, you want to try your luck," says Woody. "Come on, Whitey. Follow me."	Woody 說：「所以你想試試運氣。」他又說：「來吧，Whitey，跟我走。」
Sweet Cheeks says, "Baby, you can go in that ol' storeroom if you want to, but I'm gonna wait out here!"	Sweet Cheeks 說：「寶貝，你想進那間老儲藏室就去吧，但我會在外面等！」
"Nice to see you again, Mr. Banksten. Please, follow me."	「很高興再見到您，Banksten 先生。請跟我來。」
"Just one moment, Sir."	「請稍等，先生。」
Push on it.	推它。
OK. You do!	好，你推了！
This is private property. It's locked; don't mess with it!	這是私人財產。它鎖著；別亂動！
There are no empty stools at the bar.	吧台沒有空凳子。
This is no time to fool around. Sweet Cheeks is nervously watching your every move.	現在不是胡鬧的時候。Sweet Cheeks 緊張地看著你的一舉一動。
"Excuse me, sir, but I'd rather you not sit in my lap. REALLY, dahrling! Some people!"	「不好意思，先生，但我不想讓你坐在我腿上。真的，親愛的！有些人真是的！」
Great idea: make yourself unnoticed by sitting on the floor!	好主意：坐在地板上讓自己不被注意！
You have to buy one first.	你得先買一個。
It seems no one notices you.	似乎沒有人注意到你。
"Come back later, if you want in the big game."	「想參加大牌局就晚點再回來。」
"Some people!!"	「真是的！！」
The floor is covered by a plush, red carpet.	地板鋪著柔軟的紅地毯。
"We're not interested, sir!"	「我們沒興趣，先生！」
"Can't you see this is a private conversation!"	「你沒看到這是私人談話嗎！」
Remember the policeman's commandment: "Thou Shalt Not Drink On Duty."	記住警察的戒律：「值勤時不得飲酒。」
"So you can't pay, eh? Get lost, chump!"	「這麼說你付不出來，是吧？滾開，笨蛋！」
"Thank You!"	「謝謝你！」
"Thanks for nothing!"	「什麼都沒幫，還真『謝謝』你啊！」
"I have no idea what you're talking about!"	「我完全不知道你在說什麼！」
"Hey, buddy, this ain't no charity show!"	「嘿，老兄，這裡可不是做慈善的！」
"I told you, Whitey," says Woody, "I've gotta see two hundred cash just to open the door."	Woody 說：「我告訴過你了，Whitey，我得先看到兩百塊現金才能開門。」
Woody glances left, then right. He looks you straight in the eyes and whispers, "Come back after you ditch the broad, and I'll see what I can do."	Woody 左右張望了一下，直視著你的雙眼低聲說：「你把那女人甩掉之後再回來，我看看能幫你做點什麼。」
Woody says, "Oh, that's all right, Mr. Banksten. You're good around here."	Woody 說：「喔，沒關係，Banksten 先生。你在這裡沒問題的。」
"Ok, Mr. Banksten," says Woody. "Let's go."	Woody 說：「好的，Banksten 先生，我們走吧。」
"I'm here to push booze, Buddy. What can I getcha?"	「我在這裡是賣酒的，老兄。你要點什麼？」
"You must not be all bad, Whitey; not when you know a cute, little number like that Sweet Cheeks!"	「你人應該不壞嘛，Whitey；能認識 Sweet Cheeks 這種可愛的小妞。」
They're engrossed in their own, little worlds.	他們都沉浸在自己的小世界裡。
"Why, Sonny! What a wonderful thought; but now ain't the time, Honey!"	「哎呀，Sonny！這想法真棒；不過現在不是時候，親愛的！」
Sweet Cheeks squeals, "Ooooh! This is so exciting, Son-- I mean, Whitey!"	Sweet Cheeks 尖叫道：「噢噢！這真是太刺激了，Son——我是說，Whitey！」
Sweet Cheeks whispers, "Having just a small part in this is SO thrilling!"	Sweet Cheeks 低聲說：「光是參與這麼一小部分，就讓人好興奮！」
Sweet Cheeks smiles as she says, "Gawd, this is fun!"	Sweet Cheeks 微笑著說：「天啊，這真好玩！」
Hmm... the door is locked!	嗯……門鎖住了！
She then excuses herself to powder her (already heavily-powdered) nose.	接著她藉口要去補妝（她的妝其實已經濃得不能再濃了）。
You look down and see a gray-tiled floor.	你低頭看見灰色磁磚地板。
Woody raps a staccato rhythm on the door.	Woody 用斷續的節奏敲了敲門。
A panel in the door slides open. Woody whispers through the opening, "I've got a new player for you."	門上的一塊小板滑開了。Woody 從縫隙間低聲說：「我帶了個新玩家給你們。」
"Go away!" yells a voice from inside the door.	門裡傳來一個聲音吼道：「滾開！」
The door is securely locked.	這扇門鎖得很牢固。
"If you'll just step aside, I'll get back to my bar."	「你讓開一下，我要回去顧我的吧檯。」
The panel opens once again. Woody explains to the mysterious person behind the door, "I've brought a player for the big game in the back room."	小板再度滑開。Woody 向門後那個神秘人解釋：「我帶了一位玩家，要參加後面房間的那場大牌局。」
This time Woody says he'll escort you to the card room.	這次 Woody 說他會帶你去牌室。
"Come over here," says Woody. "I have to frisk you before you can get in. We don't want no trouble around here."	Woody 說：「過來這邊。你進去之前我得先搜你的身，我們這裡不希望出亂子。」
"Come over here, please, Whitey," says Woody. "I have to frisk you again. It's just a formality, you understand, sir."	Woody 說：「麻煩過來這邊，Whitey。我得再搜你一次身，只是走個形式，您明白的，先生。」
Woody tells you, "Ok, Whitey. Have a good time!"	Woody 對你說：「好了，Whitey。玩得開心點！」
This room is lit by a shaded lamp hanging from the ceiling.	這個房間由一盞天花板垂下、罩著燈罩的燈照亮。
You don't need it.	你不需要它。
You surmise by the stacked boxes that this is a storage room.	從堆疊的箱子看來，你猜這裡是個儲藏室。
They appear to be boxes for shipping booze.	這些看起來是裝酒用的運送箱。
The door appears to have a sliding window.	這扇門似乎裝有一扇滑動窗。
Sure enough, the boxes are full of booze.	果然，箱子裡裝滿了酒。
You're on a wild goose chase. Further investigation here is a waste of time!	你在做白工。繼續在這裡調查只是浪費時間！
You try, but the window is locked from the inside.	你試了一下，但這扇窗從裡面鎖住了。
You see some unfamiliar men playing cards.	你看到幾個陌生男子在打牌。
This door is securely locked.	這扇門鎖得很牢固。
"I said later tonight, Banksten!"	「我說了今晚晚一點，Banksten！」
There are no chairs at this table.	這張桌子沒有椅子。
"Listen, bozo: you can have this chair when I leave!"	「聽好了，笨蛋：等我走了你再坐這張椅子！」
Angered at your interruption, the man says, "Can't you see? We're busy at this table!"	那男子因你打斷而動怒，說：「你沒看到嗎？我們這桌正忙著呢！」
"If you continue to bother our game, you're outta here, Jack!"	「你再打擾我們玩牌，就滾出去，老兄！」
"Someone is sitting there, but he'll be right back. Take the other chair."	「那裡有人坐，他馬上就回來。坐另一張椅子吧。」
It seems you've tried to sit on the floor before.	看來你之前試過坐在地上。
This is no place to strech out on the floor.	這裡可不是讓你躺在地上休息的地方。
"Yes, we're playing poker."	「對，我們在玩撲克。」
"We'll begin when our other player returns," says Otto.	Otto 說：「等我們另一位牌友回來就開始。」
"Good evening, gentlemen," you say to the men at the table. "I'm %m15. May I join you?"	你對桌邊的人說：「晚安，各位。我是 %m15，可以加入嗎？」
Jimmy Lee Banksten	Jimmy Lee Banksten
"Glad to meet you," you respond.	你回答：「幸會。」
"Let's play poker!"	「來玩撲克吧！」
Solitaire is a good game to play by yourself. However, there is no action at this table.	接龍是很適合一個人玩的遊戲，不過這張桌子上沒有牌局。
Find an open seat.	找個空位坐下。
Don't leave now! You might blow your cover.	現在別走！你可能會暴露身分。
Frank says, "Well, Mr. Banksten, it seems that poker is your kind of game."	Frank 說：「嗯，Banksten 先生，看來撲克正合你的胃口。」
"If you'd like to come back later tonight, we'll be playing a more private game with considerably higher stakes."	「如果你今晚晚一點回來，我們會有一場更私密、賭注也高得多的牌局。」
"Be sure to give Woody the password 'Frank sent you!' He'll let you in for free, and you'll gain admission to our private room."	「記得跟 Woody 說暗號『Frank 叫我來的！』他就會免費放你進來，讓你進我們的私人房間。」
Woody knocks on the door at the back of the room.	Woody 敲了敲房間後方的門。
"Gentlemen," announces Woody, "welcome back Mr. %m15."	Woody 宣布：「各位，歡迎 %m15 先生回來。」
Over each table hangs a shaded lamp.	每張桌子上方都掛著一盞罩燈。
The carpet is worn, but clean.	地毯雖然磨損，但很乾淨。
They appear to be professional card tables.	這些看起來是專業的牌桌。
You peek under the table and see knees, legs, ankles, and feet, but nothing unusual.	你往桌子底下窺看，只看到膝蓋、小腿、腳踝和腳，沒什麼異常。
You look under the empty table and see nothing.	你看了看空桌子底下，什麼都沒有。
"Luckily, you didn't speak loudly enough for anyone to hear. Otherwise, you would have blown this whole operation!"	「還好你講話沒大聲到讓人聽見，不然你會把整個行動都搞砸的！」
No one can hear you from this distance.	隔這麼遠沒人聽得到你說話。
These men are too engrossed to talk to you.	這些人太專注了，沒空理你。
The men at the table greet you, and invite you to join them.	桌邊的人向你打招呼，邀你一起加入。
"If everything works out well," says Frank, "perhaps we can talk a little business afterwards."	Frank 說：「如果一切順利，之後我們或許可以談點生意。」
"Obviously, you're no gambler," says Frank. You're no longer welcome in this game.	Frank 說：「看來你不是玩牌的料。」這場牌局不再歡迎你了。
Well, Sonny. It seems you're not going to get anywhere disguised as a gambler until you learn how to gamble!	好吧，Sonny。看來你在學會怎麼賭之前，扮成賭徒也是白搭！
"So, Mr. %m15, this game a little too intense for you?" asks Otto. "Come back later, if you change your mind and want to try again."	Otto 問：「怎麼，%m15 先生，這場牌局對你來說太刺激了嗎？如果改變主意想再試一次，晚點再回來吧。」
Perhaps this would be a good time to take a break, Sonny.	Sonny，現在或許是個休息一下的好時機。
"Welcome back, %m15," says Frank, "I presume you're ready to resume play."	Frank 說：「歡迎回來，%m15，我猜你準備好繼續牌局了。」
"Yes, you may, Mr. Banksten," says the man across the table. "Have a seat."	桌子對面的男子說：「可以，Banksten 先生，坐吧。」
Otto introduces you to the newcomer, "Frank, this is Mr. %m15. He's going to join us for a few hands. Mr. Banksten, meet Frank."	Otto 向你介紹新來者：「Frank，這位是 %m15 先生。他要和我們玩幾手。Banksten 先生，認識一下 Frank。」
"I'm Otto, and to your left is Gene."	「我是 Otto，你左邊的是 Gene。」
"Pleased to meet you, Mr. Banksten," says the newcomer.	新來者說：「很高興認識你，Banksten 先生。」
"Shall we play?" you ask.	你問：「我們開始嗎？」
You take your position at the table.	你在桌旁就座。
Mr. Banksten	Banksten 先生
It's already open.	它已經開了。
Don't leave now!	現在別離開！
"%m1, we've got a chair open for you."	「%m1，我們有個空位給你。」
"Hello, %m1. Have a seat. Welcome to our friendly little poker game."	「你好，%m1。請坐。歡迎參加我們友善的小牌局。」
If you sit here, you'll miss the chair and hit the floor.	如果你坐這裡，會坐不到椅子而摔到地板上。
Frank welcomes you back to the game...	Frank 歡迎你回到牌局……
"Hello again, %m1. I believe you know everyone here."	「再次你好，%m1。我想你認識這裡的每個人。」
This time, you look carefully at Frank as he shuffles the cards. Cold chills race down your spine and a blast of adrenalin surges through your body as you realize he exactly matches the description of Jessie Bains!	這次 Frank 洗牌時，你仔細看著他。當你發現他完全符合 Jessie Bains 的描述，寒意竄過脊椎，腎上腺素猛然湧遍全身！
"The Death Angel!"	「死亡天使！」
You are 	你目前
%m11sitting.	%m11坐著。
%m11standing.	%m11站著。
"Well, %m1," says Frank. "You're a poker player after my own heart!"	Frank 說：「%m1，你真是我心目中的牌手！」
Frank then asks, "Whitey (if I may call you that), I understand you may be looking for work?"	Frank 接著問：「Whitey（如果我可以這樣叫你），我聽說你可能在找工作？」
"Very good! I like your style."	「很好！我喜歡你的風格。」
"A simple 'yes' or 'no' would suffice, Whitey!"	「簡單回答『是』或『不是』就好，Whitey！」
"How would you like to join me in my suite for a drink, Whitey?" asks Frank. "I've a business proposition to discuss with you."	Frank 問：「Whitey，要不要到我的套房和我喝一杯？我有個生意提案想和你談。」
"Well, %m1? 	「那麼，%m1？
"Great! Follow me."	「很好！跟我來。」
%m20Are you interested?"	%m20你有興趣嗎？」
%m20What do ya say?"	%m20你說怎麼樣？」
%m20Let's go, shall we?"	%m20我們走吧？」
Well, you blew that one!	好吧，你搞砸了！
Your undercover assignment has quickly ended, and now you're locked in a room with these guys!	你的臥底任務很快結束，現在你和這些傢伙一起被鎖在房間裡！
Better luck next time.	下次祝你好運。
Three men are seated around a lone card table in the middle of the room.	三個男人坐在房間中央唯一的牌桌旁。
A single, shaded light hangs over the table.	一盞有燈罩的燈懸在桌上方。
The floor is bare.	地板是裸露的。
, %m1!" says Frank. "Consider our relationship terminated."	，%m1！」Frank 說：「我們的關係到此結束。」
"Hello, Mr. Banksten. Come on over and have a seat."	「你好，Banksten 先生。過來坐吧。」
You sneak a glance under the table, but see nothing unusual.	你偷偷瞄向桌下，但沒看見異常。
If you do that now, you may not remember anything for the rest of your life.	如果你現在那樣做，可能一輩子都不會再記得任何事。
The game is over; greater things await you elsewhere.	牌局結束了；外面還有更重要的事等著你。
"I have no respect for someone who plays poker as badly as you%m31	「我不尊重像你一樣把撲克打得這麼差的人%m31
"I have no respect for quiters%m31	「我不尊重半途而廢的人%m31
Carefully, you admonish your suspect of his "Miranda" rights.	你小心地向嫌犯宣讀「米蘭達」權利。
"You have the right to remain silent."	「你有保持沉默的權利。」
"What you say may be used against you in a court of law."	「你所說的話可能在法庭上對你不利。」
"You have the right to an attorney."	「你有聘請律師的權利。」
"If you cannot afford an attorney, one will be appointed to represent you before questioning, if you wish."	「如果你無力聘請律師，在盤問前可以依你的意願由法院指派律師代表你。」
Due to your failure to admonish your suspect to his constitutional right to remain silent, the information you just obtained will be inadmissible as evidence, and will be drop-kicked by the Honorable Judge Palmer across the Clearwater River.	由於你未向嫌犯宣讀憲法保障的沉默權，剛取得的資訊將不得作為證據，並會被尊敬的 Palmer 法官一腳踢過 Clearwater 河。
"That sounds like a good idea, Honey!" says Sweet Cheeks Marie, "but I thought we were on duty!"	Sweet Cheeks Marie 說：「聽起來是個好主意，親愛的！但我以為我們正在值勤！」
Sweet Cheeks is, hmmmm, an intensely good-looking female-type unit. As you ogle her shapely figure, your imagination numbs your conscious mind, sending you into a lecherous dream world.	Sweet Cheeks 是一個，嗯，非常漂亮的女性。你盯著她玲瓏的身材，想像力麻痺了意識，把你送進好色的夢境。
SC %v242/%v243 	SC %v242/%v243 
"Whee!"	「哇吼！」
"Isn't this fun, darlin'?" Sweet Cheeks whispers into your ear.	Sweet Cheeks 在你耳邊低語：「好玩吧，親愛的？」
"All I know is what I told you at Wino Willy's, Sweet Pea!"	「我知道的都跟你在 Wino Willy 酒館說的一樣了，小甜心！」
"Why, darlin', street corners ain't got phones!"	「哎呀，親愛的，街角哪來的電話啊！」
"Honey, I only do mink-lined handcuffs."	「親愛的，我只用貂皮內襯的手銬。」
"I'm with you Big Guy!"	「我挺你，大個子！」
Is this an endless flight of stairs?	這是一段沒有盡頭的樓梯嗎？
People who enjoy aerobic activity use the stairs.	喜歡有氧運動的人才會走樓梯。
It's just a flight of stairs. Most buildings over one story tall have them.	這只是一段樓梯。大多數超過一層樓的建築都有。
You know quite well you can accomplish two goals by using these stairs. You can get to the top and increase your heart rate at the same time.	你很清楚走這段樓梯能一舉兩得：既能到達頂端，還能順便提高心跳。
You look under the stairs and see cobwebs and dust. You think someone should discuss with the janitor about cleaning this area.	你看了看樓梯下方，只見蜘蛛網和灰塵。你覺得該有人跟工友談談，把這裡打掃一下。
You carefully look under the stairs and find nothing!	你仔細查看樓梯下方，什麼都沒找到！
You look under the stairs and find that you have wasted your time.	你查看樓梯下方，發現只是在浪費時間。
You can't! (It just looks like you could.)	你不能這麼做！（只是看起來好像可以而已。）
It's an steel banister welded at the joints.	這是一根鋼製扶手，接合處都是焊接的。
This is heavy-duty, royal blue, short-pile, all-nylon, commercial-type carpet.	這是一款厚重耐用的寶藍色短毛全尼龍商用地毯。
Sonny! Are you a cop or a kid? If you're looking for a thrill ride, seek out your nearest amusement park!	Sonny！你到底是警察還是小孩啊？想找刺激就去附近的遊樂園吧！
They ARE boring, aren't they!?	它們的確很無聊，對吧！？
And you thought there were no stairways in Lytton!	你還以為 Lytton 沒有樓梯呢！
It looks like something from an old French movie. Don't you just love rococo ironwork?	這看起來像是老法國電影裡的場景。你不覺得洛可可風格的鐵藝很迷人嗎？
You see ceiling.	你看到天花板。
In a soft voice, you whisper into your "pen," "be advised, in stairwell with Bains."	你壓低聲音對著你的「筆」低聲說：「請注意，我與 Bains 一同在樓梯間。」
Gene	Gene
Otto	Otto
Frank	Frank
Whitey	Whitey
You have $%v170%v171.     Pot is %v234 chips.  	你有 $%v170%v171。     彩池為 %v234 枚籌碼。  
All antes are in.	底注已全數下注。
"What's your hurry,\nWhitey?"	「急什麼，\nWhitey？」
One Pair	一對
Two Pair	兩對
Three of\na kind	三\n條
Straight	順子
Flush	同花
Full\nHouse	葫\n蘆
Four of\na kind	四\n條
Straight\nflush	同花\n順
Royal\n Flush	皇家\n 同花順
Wins    	獲勝    
Folds   	棄牌   
Shuffles	洗牌
Deals   	發牌   
%s2 calls.	%s2 跟注。
%s2 bets %v236.	%s2 下注 %v236。
%s2 passes.	%s2 過牌。
%s2 raises %v206.	%s2 加注 %v206。
%s2 stands.	%s2 不換牌。
How many $10 chips (%v207-%v152)? 	要買幾枚 $10 籌碼(%v207-%v152)？
%s2 folds.	%s2 棄牌。
%s2 takes %v158 cards.	%s2 拿了 %v158 張牌。
How many cards (0-3)? 	要換幾張牌(0-3)？
Which card to discard (1-5)? 	要丟棄哪張牌(1-5)？
First card to discard (1-5)? 	第一張要丟棄的牌(1-5)？
Second card to discard? 	第二張要丟棄的牌？
Last card to discard? 	最後一張要丟棄的牌？
You cautiously follow "Mr. Jessie Bains" up the flight of stairs.	你小心翼翼地跟著「Jessie Bains 先生」走上樓梯。
You cautiously follow Jessie Bains up the flight of stairs.	你小心翼翼地跟著 Jessie Bains 走上樓梯。
The door is locked.	這扇門鎖著。
This door is labeled "Basement."	這扇門標示著「地下室」。
This door is labeled "Cocktail Lounge."	這扇門標示著「雞尾酒廊」。
This door is labeled "Second Floor."	這扇門標示著「二樓」。
You have no key to fit this door.	你沒有能開這扇門的鑰匙。
Just then, the telephone rings in the next room.	就在這時，隔壁房間的電話響了。
Bains draws his gun, and aims it directly at you! "Hold it right there, PIG!" he shouts. "It seems one of our card-playing comrades recognizes your ugly mug from a minor misunderstanding he had with the heat a while back. You're about to find out just how much I hate cops!"	Bains 拔出槍，直接對準你！「就地不准動，臭條子！」他大吼。「看來我們有位牌友認出了你這張醜臉，他之前跟條子有過一點小誤會。你馬上就會知道我有多恨警察！」
Just then, a knock on the door diverts Bains' attention!	就在這時，一陣敲門聲分散了 Bains 的注意力！
You dive to the floor and struggle to remove the derringer from your cane. A loud "CRASH" and the door flies open. Your backups have arrived!	你猛然撲倒在地，奮力從手杖裡拔出小型手槍。一聲巨響「碰！」，門被撞開——你的支援抵達了！
Bains is taken down in the barrage of gunfire.	Bains 在一陣槍林彈雨中應聲倒地。
In the twinkling of an eye, the shootout is over. Sprawled unconcious on the carpet with a near-fatal belly wound, lies Jessie Bains, "the Death Angel!"	眨眼間，槍戰結束。Jessie Bains——『死亡天使』——腹部中彈瀕死，昏迷不醒地倒在地毯上。
You step up to the bar and peruse the selection of beverages.	你走到吧台前，端詳著各式飲品。
Unfortunately, you transmitted your location to your backups a few seconds too late. Bains has been stopped, but you died in the line of duty.	很遺憾，你把位置通報給支援的時間晚了幾秒。Bains 雖然被制伏了，但你也因公殉職。
"Well, Mr. Banksten," says Bains, "I have a little proposition for you that I know you'll love."	Bains 說：「這樣吧，Banksten 先生，我有個提議，我知道你一定會喜歡。」
"I'm interested," you reply.	你回答：「我有興趣。」
"Fix yourself a drink while I answer the phone," says Bains.	Bains 說：「我去接個電話，你先幫自己倒杯酒。」
You whisper a soft "Room 404" into your "pen," to tip your backups of your location.	你對著你的「鋼筆」輕聲低語「404 號房」，藉此把位置通報給支援。
You hope they have time to respond.	你希望他們還來得及趕到。
You whisper a soft "Room 404" into your empty shirt pocket.	你對著空空的襯衫口袋輕聲低語「404 號房」。
Unfortunately, your failure to transmit your location has resulted in your untimely demise.	很遺憾，你未能通報位置，導致你英年早逝。
Don't bother. You'd just be spinning your wheels!	別費事了，你只是在白費力氣！
There is no answer.	沒有任何回應。
Someday you'd like to own a home in a neighborhood like this.	總有一天，你希望能在這樣的社區裡擁有一棟房子。
This is private property. You have no business here.	這裡是私人產業，你不該在這裡逗留。
Much urine, from many dogs, has taken its toll on the paint.	不少狗在這上頭撒過尿，油漆早已慘不忍睹。
You can't see it, but believe it or not, there is a light at the top of the pole.	你看不到，但信不信由你，電線桿頂端裝著一盞燈。
It's just an old, abandoned disco, left over from another Sierra game.	這只是一間老舊廢棄的迪斯可舞廳，是另一款 Sierra 遊戲留下來的東西。
Fresno 41 miles.	Fresno 41 英里。
Looking out over the ocean, you see perfect ten- to twelve-foot "peelers" sliding out of mirror glass, and realize this is a rotten day to be working.	眺望海面，你看到十到十二呎高、從如鏡般平滑的海面捲起的完美『peelers』浪頭，這才驚覺今天上班簡直浪費了一個絕佳衝浪日。
The%s2door is open.	%s2 門是開著的。
The%s2door is closed.	%s2 門是關著的。
You arms are not that long.	你的手臂沒那麼長。
Do you plan to crawl through the window?	你打算爬窗戶嗎？
"Oh, no! I left my door open!"	「糟糕！我把門開著！」
You don't have the keys for this vehicle.	你沒有這輛車的鑰匙。
The Department frowns on dumping suspects from cars at high speed. Try closing the rear door!	警察局不允許高速行駛時把嫌犯從車裡丟出去。試著關上後門！
Nothing of interest is happening in that direction.	那個方向沒有發生值得注意的事。
You've already spent ten years on a foot beat. That should be enough walking for anyone!	你已經徒步巡邏十年了。對任何人來說都走夠多了！
Are you planning to release this criminal? This is neither the time nor place to remove your prisoner from the car.	你打算釋放這名罪犯嗎？現在不是把囚犯移出車子的時間或地點。
Taking a suspect into the station is strictly prohibited.	嚴禁把嫌犯帶進警局。
Close your back door.	關上後門。
You will never be a passenger in this car.	你永遠不會是這輛車的乘客。
There's nowhere to run, and nowhere to hide. You've got to face this guy.	無處可逃，也無處可藏。你必須面對這傢伙。
 front 	 前方
 back 	 後方
Just because this guy is a crook, there's no need to slam the door on his head.	這傢伙是罪犯，也沒必要把門砸在他頭上。
Closing the door on your suspect's head could blow the bust.	把門關在嫌犯頭上可能會搞砸逮捕。
c d	c d
You notice a nightstick in a holder on the driver's door panel.	你注意到駕駛座車門板的套子裡有一根警棍。
Good move! Your wallet is on the seat.	做得好！你的錢包在座位上。
Why do you always get the car that needs cleaning!?	你為什麼總是拿到需要清潔的車！？
It's not here.	它不在這裡。
You wouldn't want to leave your wallet here!	你不會想把錢包留在這裡！
Since your suspect can't go through you, you might consider moving out of the way!	既然嫌犯不可能穿過你，也許你該讓開！
You won't be going anywhere without keys!	沒有鑰匙你哪裡也去不了！
It's seems there's a job you've left unfinished here.	看來你在這裡留下了未完成的工作。
You don't need to do that.	你不需要那麼做。
You managed to stop a reckless driver.	你成功攔下了魯莽駕駛。
You've made the stop. Now try getting closer.	你已經攔停車輛。現在試著靠近。
You need to be more specific.	你需要更具體一點。
Seeing you don't have control of the situation, the violator drives off.	違規者看出你沒控制住局面，開車離去。
You observe a small, red, sports car fail to stop for that red light.	你看到一輛小型紅色跑車沒有在紅燈前停下。
You activate your red emergency lights and observe the sports car pull to the curb and stop.	你開啟紅色警示燈，看著跑車靠路邊停下。
You'd better check your "PIG" manual for proper stop procedures.	你最好查閱「PIG」手冊中的正確攔車程序。
You'll need the suspect's driver's license to do that.	你需要嫌犯的駕照才能那樣做。
Enraged, the young woman shrieks as you drive off, "Your Mama wears Army boots, you $%^&!head."	年輕女子憤怒地尖叫，你開車離去時她喊：「你媽媽穿軍靴，你這個 $%^&! 頭。」
You just made that broad's day, Studly!	你剛剛讓那女人的一天變精彩了，Studly！
The driver of the car you stopped wonders, "Are all cops that lame?" as she drives away.	你攔下的車輛駕駛離去時想：「所有警察都這麼遜嗎？」
He slowly pulls to the right, jumps the curb, and comes to a stop.	他慢慢向右靠，衝上路緣後停下。
"What about my car?"	「我的車怎麼辦？」
"Don't worry. It'll be towed somewhere safe. At your expense."	「別擔心。它會被拖到安全的地方。費用由你負擔。」
Noting your persistence and driving skill, the driver of the Cadillac pulls it over after his attempts to lose you fail.	Cadillac 駕駛發現你的堅持與駕駛技術，在甩掉你的嘗試失敗後靠邊停車。
"If anything happens to my car I'll have my lawyer on you so fast, he'll..."	「我的車要是出任何事，我會立刻叫律師找你，他會……」
"Keep it down back there, Slimeball!"	「後面安靜點，黏液球！」
Jack comes on the radio...	Jack 從無線電傳來……
"Dispatch, this is 83-31 confirming Code-4 on felony stop, one in custody. 83-32 proceeding to jail. Request tow truck to location."	「調度台，這是 83-31，確認重大犯罪攔車 Code-4，一人拘留。83-32 前往監獄。請派拖吊車到現場。」
Dispatch responds, "Affirmative, 83-31. Code-4, tow truck en route."	調度台回覆：「收到，83-31。Code-4，拖吊車前往中。」
Upon your arrival at the scene of the accident, you observe a group of bystanders gawking at a green sedan that attempted to carve its own door in the side of a brick building.	抵達事故現場後，你看到一群旁觀者盯著一輛綠色轎車——它似乎想在磚牆上硬生生撞出一扇門。
This accident looks serious! Where are you going?	這起事故看起來很嚴重！你要去哪裡？
Your first assignment, and you blew it.	你的第一個任務，而你搞砸了。
There is no reason to return to the accident scene! You have your orders, now move.	沒理由回事故現場！你已經收到命令，現在行動。
You may as well return to patrol. That gal is mad!	你不如回去巡邏。那女孩氣瘋了！
You already have her telephone number, don't go back to make an even bigger fool of yourself!	你已經拿到她的電話號碼了，別再回去出更大的洋相！
No sense returning to the scene. Transport your suspect to jail!	回現場沒有意義。把嫌犯送到監獄！
"%m6. Go ahead."	「%m6，請講。」
You are on a difficult mission. You must save the City of Lytton from the "Death Angel."	你正在執行艱難任務。你必須拯救 Lytton 市免於「死亡天使」的威脅。
You have no time for sightseeing now!	現在沒時間觀光！
Your radio crackles, "	你的無線電傳出雜音：「
You key your radio, "	你按下無線電：「
The officers standing by at Cotton Cove request, "Respond Code-2."	在 Cotton Cove 待命的警員請求：「請以 Code-2 前往支援。」
%m4%m68 respond to Cotton Cove. Officers on scene need ID of 187 victim."	%m4%m68 前往 Cotton Cove。現場警員需要確認 187 案被害人身分。」
%m4%m68, the Coroner has been dispatched."	%m4%m68，驗屍官已經派出。」
parked	parked
%m19north	%m19北
%m19northeast	%m19東北
%m19east	%m19東
%m19southeast	%m19東南
%m19south	%m19南
%m19southwest	%m19西南
%m19west	%m19西
%m19northwest	%m19西北
traveling 	朝 
%m6,	%m6，
Parkway Drive	Parkway 大道
1st Street	第一街
2nd Street	第二街
3rd Street	第三街
4th Street	第四街
5th Street	第五街
6th Street	第六街
7th Street	第七街
8th Street	第八街
9th Street	第九街
10th Street	第十街
Clearwater Drive	Clearwater 路
Palm	Palm
Oak	Oak
Fig	Fig
Peach	Peach
Rose	Rose
Lilly	Lilly
Poppy	Poppy
River Road	River 路
%m5%s2 %s3 on Freeway 41."	%m5%s2 %s3，位於 41 號高速公路上。」
%m5%s2 %s3 under Freeway 41."	%m5%s2 %s3，位於 41 號高速公路下方。」
%m5%s2 %s3 on %s4."	%m5%s2 %s3，位於 %s4。」
%m5%s2 %s3 on %s5."	%m5%s2 %s3，位於 %s5。」
%m5%s2 %s3 at intersection of %s4 and %s5."	%m5%s2 %s3，位於 %s4 與 %s5 路口。」
%m5%s2 %m53 traffic accident.	%m5%s2 %m53 交通事故。
%m5%s2 %m51"OHMYMG."	%m5%s2 %m51「OHMYMG」。
%m5%s2 %m52"OHMYMG."	%m5%s2 %m52「OHMYMG」。
%m4Currently registered, no wants."	%m4目前已登記，沒有通緝紀錄。」
%m4%s2 dispatch copies 10-97."	%m4%s2 調度收到，10-97。」
run vehicle, check on license 	查詢車輛，核對車牌 
suspect license 	嫌疑車牌 
at scene of	位於現場：
%m5%s2 %m51"UL6942."	%m5%s2 %m51「UL6942」。
%m4%s2 %m52"UL6942."	%m4%s2 %m52「UL6942」。
%m4Registered to 1979 Cadillac, junked in 1983."	%m4登記於一輛 1979 年 Cadillac，已在 1983 年報廢。」
"%s2 approach with caution."	「%s2，小心接近。」
%m5%s2 %m51"PRGRMR1."	%m5%s2 %m51「PRGRMR1」。
%s2 %m52"PRGRMR1."	%s2 %m52「PRGRMR1」。
Your radio crackles, "83-32, repeating 10-20 of 11-83 is southwest corner of Fig and 4th."	你的無線電傳出雜音：「83-32，重複一次，11-83 的 10-20 位置在 Fig 街與第四街的西南角。」
%m4%s2 personalized plate 'PRGRMR1' appears to be currently registered."	%m4%s2 個人化車牌『PRGRMR1』目前看起來有效登記。」
%m5%s2 one%m64	%m5%s2 一名%m64
%m5%m68 two%m64	%m5%m68 兩名%m64
 in custody, en route to jail."	 已拘留，正解送看守所。」
"%s2 request subject check on Don Colby, Charles, Ocean, Lincoln, Boy, Yellow."	「%s2 請求核對對象：Don Colby，字母依序是 Charles、Ocean、Lincoln、Boy、Yellow。」
%m70%s2, possible hit, Paul D. Colby, DOB 12/8/61, 5'8", 155 pounds. Served 18 months State Penitentiary '85-'87 for assault on a police officer and possession and sale of a controlled substance. Three year probation, still active."	%m70%s2，查到疑似吻合對象：Paul D. Colby，出生日期 1961 年 12 月 8 日，身高 5呎8吋，體重 155 磅。曾於 1985 至 1987 年間，因襲警及持有並販售毒品服刑 18 個月，目前仍在三年觀察期內。」
83-Nora-10,	83-Nora-10，
Your 'Vette doesn't have a police radio.	你的 Corvette 沒有配備警用無線電。
Dispatch responds, "	調度回覆：「
%m5%s2 10-20 at %s3."	%m5%s2 10-20 位置在 %s3。」
Hotel Delphoria	Delphoria 飯店
Carol's Caffeine Castle	Carol 咖啡城堡
Lytton City Park	Lytton 市公園
Blue Room	Blue Room
LPD Headquarters	LPD 總部
Cotton Cove Picnic Area	Cotton Cove 野餐區
Lytton Municipal Court Building	Lytton 市法院大樓
Lytton City Jail	Lytton 市立監獄
in pursuit of	追緝
%m5%s2%m80 attempting to overtake light blue Cadillac, suspect vehicle.	%m5%s2%m80 試圖攔截淺藍色 Cadillac，嫌疑車輛。
%m5%s2%m80  attempting to overtake and stop light colored sedan, possible DUI."	%m5%s2%m80  試圖攔截並攔停淺色轎車，疑似酒駕。」
%m5%s2%m80 bright red sports car.	%m5%s2%m80 亮紅色跑車。
That would be unsafe while driving!	開車時這麼做並不安全！
%m5%s2 Dispatch, %s2 is 10-98 from the scene."	%m5%s2 調度，%s2 已離開現場，10-98。」
"10-19 the office, per Lieutenant Morgan."	「10-19 返回警局，這是 Morgan 中尉的指示。」
Dispatch copies your car-to-car radio traffic, "%s2 be advised that 83-31 is off the air at Carol's."	調度收到你的車對車無線電通話：「%s2，請注意，83-31 在 Carol's 已下線。」
%m5%s2 Dispatch, 83-32 en route to traffic collision."	%m5%s2 調度，83-32 正前往交通事故現場。」
You need to observe a violation first.	你得先目擊到違規行為。
Get closer to the suspect vehicle.	靠近嫌疑車輛。
%m5%s2 responding to Carol's Caffeine Castle."	%m5%s2 正前往 Carol 咖啡城堡。」
%m85 says, "Sonny, I am extremely busy right now; besides, uniformed cops don't belong in Narcotics Division. Would you please hit the road and write some tickets?"	%m85 說：「Sonny，我現在非常忙；此外，穿制服的警察不該待在緝毒組。請你出去開罰單，好嗎？」
%m85 welcomes you to the Narcotics Division and explains the necessity of your new image.	%m85 歡迎你加入緝毒組，並說明你需要新形象的原因。
"Sonny, I've decided to put you on the Hoffman case due to your involvement in the arrest. Your partner will be Detective Laura Watts."	「Sonny，因為你參與逮捕，我決定讓你負責 Hoffman 案。你的搭檔是 Laura Watts 探員。」
"You can join Laura in her office now. Good luck on the case. And, welcome aboard, Sonny!"	「你現在可以去 Laura 的辦公室。祝案件順利。歡迎加入，Sonny！」
"Hello, Sonny. Please step over here to my desk."	「你好，Sonny。請到我桌子這邊來。」
"Sonny, step on over to my desk."	「Sonny，到我桌子這邊來。」
"I have devised a plan to infiltrate the gambling scene at the Hotel Delphoria," %m85 begins.	「我已經想出一個計畫，能滲透 Delphoria 飯店的賭局，」%m85 開口說道。
"Sonny, I want you to check into the Hotel under the name of Jimmy Lee Banksten," he continues. "Meet Sweet Cheeks in the hotel cocktail lounge."	「Sonny，我要你用 Jimmy Lee Banksten 的名字入住飯店，」他接著說。「到飯店的雞尾酒廊和 Sweet Cheeks 會合。」
"Signal Sweet Cheeks that you're ready to begin the operation by ordering a drink. She'll pretend to recognize you as 'Whitey,' an old friend recently released from prison. She'll introduce you to bartender Woody Roberts, whom we believe is the contact man for the back room hustle."	「跟 Sweet Cheeks 點一杯酒，示意你已經準備好展開行動。她會假裝認出你是剛出獄的老朋友『Whitey』。她會把你介紹給酒保 Woody Roberts，我們認為他就是後房賭局的聯絡人。」
"You'll be carrying a large sum of money (in marked bills, of course), and will pretend to be eager for action."	「你會帶著一大筆錢（當然是做了記號的鈔票），並假裝自己躍躍欲試。」
%m85 concludes, "Since Laura developed your disguise, I'll let her fill you in on its details."	%m85 總結道：「既然你的偽裝是 Laura 設計的，細節就讓她跟你說明。」
"Sonny, I've picked out a white suit for you," Laura says, "and, by the way, we've decided your hair must be bleached!"	「Sonny，我幫你挑了一套白色西裝，」Laura 說，「對了，我們決定你的頭髮必須漂白！」
"You'll walk with the aid of this special cane. Its handle is really a detachable, .22-caliber magnum Derringer. When the need arises, you will carry a voice transmitter disguised as a plain-looking ballpoint pen."	「你要靠這根特製手杖走路。它的握把其實是一把可拆卸的 .22 麥格農口徑 Derringer 手槍。必要時，你還會帶著一支偽裝成普通原子筆的語音發報器。」
"That's all I have," concludes Laura. "Sweet Cheeks, do you have anything to add?"	「我要說的就這些，」Laura 總結道。「Sweet Cheeks，妳還有什麼要補充的嗎？」
In an excited voice, Sweet Cheeks says, "Oh, Sonny, I'm so happy I get to work with you! Why, it almost brings a tear to my eye! I'm looking forward to spending tonight working with you at the Hotel Delphoria, my Precious!" She winks at you.	Sweet Cheeks 用興奮的聲音說：「喔，Sonny，能和你一起行動我好開心！我都快感動得掉淚了！今晚能在 Delphoria 飯店和你共事，我好期待呢，我的寶貝！」她朝你眨了眨眼。
Sergeant Dooley, his voice cracking, interrupts the meeting.	Dooley 警佐聲音顫抖地打斷了會議。
"It is my regretful duty to inform you that I've just received a phone call from Jack Cobb. His daughter, Kathy, just died without ever regaining conciousness."	「我很遺憾必須通知各位，我剛接到 Jack Cobb 的電話。他的女兒 Kathy 剛剛過世了，始終沒有恢復意識。」
"Effective immediately, Jack is on extended family leave. Jack's taking this really hard. His brother is staying with him and he requests no visitors. I'm sure our sympathy goes out to Jack in his time of need."	「即日起，Jack 請延長家庭假。Jack 承受得很辛苦，他哥哥留下來陪他，他也希望暫時不見訪客。我相信大家都會在他最需要的時候給予慰問。」
Hatred wells up inside you. You vow revenge for Kathy's senseless death by tracking down the dope world animals responsible!	一股恨意在你心中湧起。你發誓要追查出害死 Kathy 的那群毒品世界禽獸，為她這場毫無意義的死報仇！
%m85 speaks softly, "Sonny, the sooner you get into the scene at the Hotel Delphoria, the sooner we can neutralize those blood suckers."	%m85 輕聲說：「Sonny，你越早混進 Delphoria 飯店的場子，我們就能越早鏟除那些吸血鬼。」
Laura adds, "I picked up these supplies at the beauty shop. Take this bottle of bleach creme activator into the shower and bleach your hair."	Laura 補充道：「我在美容院買了這些用品。把這瓶漂白霜活化劑拿進淋浴間，把頭髮漂白。」
%m85 instructs you, "Sonny, after you bleach your hair and change clothes, report back to me. I have more instructions for you."	%m85 吩咐你：「Sonny，漂白頭髮、換好衣服後回來找我，我還有其他指示要交代。」
"It's good to see you, Sonny. Come over to my desk."	「很高興見到你，Sonny。過來我桌邊。」
"I know you worked hard trying to keep that punk Hoffman in jail. What a shame that it was all for naught!"	「我知道你費了很大力氣想把 Hoffman 那個小混混關在牢裡。真可惜，全都白費了！」
"It's frustrating when a man does the best job he can do, and some dummy screws it up! I wouldn't trust that tower guard to guard our water fountain!"	「一個人已經盡力做好份內的事，卻被某個蠢蛋搞砸，真令人洩氣！那個崗哨警衛連看管飲水機都信不過！」
"After reviewing the Hoffman file, I think we should take a close look at the black book that was impounded along with his Cadillac. Get it from Russ in the evidence lockup."	「看過 Hoffman 的檔案後，我覺得我們該仔細查查那本連同 Cadillac 一起被扣押的黑色記事本。去證物室找 Russ 拿。」
"Check it out, then get back to me. I have some other leads to investigate. When we next meet, I may have some new ideas."	「查完之後回來找我。我還有其他線索要追查，下次見面時，我可能會有新想法。」
""	""
"Come over to my desk. I have some things to discuss with you."	「過來我桌邊，我有些事要跟你討論。」
"After you infiltrate the illegal gambling activities at the hotel, contact me. I'll send over a team of detectives to serve as your backups."	「等你滲透進旅館的非法賭博活動後，跟我聯絡。我會派一組警探過去當你的支援。」
"This envelope contains a thousand dollars in marked, hundred-dollar bills."	「這個信封裡裝著一千美元，全是做了記號的百元鈔票。」
"Use your head, Sonny, and don't forget: we want Mr. Big!"	「動動腦，Sonny，別忘了：我們要的是 Mr. Big！」
Just then the office intercom squelches, "%m85. Homicide detective Oscar Hamilton on line three."	就在這時，辦公室對講機傳出雜訊：「%m85，命案組 Oscar Hamilton 警探，三線。」
You patiently wait while %m83 grumbles on the phone.	你耐心等著，%m83 在電話裡發著牢騷。
When the conversation ends, %m83 relates Hamilton's comments on the floater found this morning at Cotton Cove.	談話結束後，%m83 轉述 Hamilton 對今天早上在 Cotton Cove 發現的那具浮屍的看法。
"Sonny, it seems that Hoffman/Taselli was shot execution-style before he decided to take his little swim."	「Sonny，看來 Hoffman／Taselli 是先被人以處決方式槍殺，之後才『下水游泳』的。」
"It looks like you're walking right into the dragon's lair at the Hotel Delphoria. Be careful, boy!"	「看來你正要走進 Delphoria 飯店這個龍潭虎穴。小心點，小子！」
"Well, that's it here," %m83 says. "Now, go meet Sweet Cheeks and get this campaign rolling."	「這裡的事就這樣了，」%m83 說。「現在去見 Sweet Cheeks，讓這場行動開始吧。」
"Sonny, change into a more suitable garb, and Code-3 yourself back in here!"	「Sonny，換上比較合適的裝扮，然後用 Code-3 趕回來這裡！」
"Hello, Sonny. I hear your 'little' Sweetheart is in the can!"	「哈囉，Sonny。聽說你那位『小』甜心被關起來了！」
"Sonny, I think your friend, Sweet Cheeks, may be able to help us out."	「Sonny，我想你的朋友 Sweet Cheeks 或許能幫上我們的忙。」
"It seems our drug problem is emanating from the Hotel Delphoria."	「看來我們的毒品問題，源頭就在 Delphoria 飯店。」
"In lieu of her current state of affairs, I'd bet Sweet Cheeks would be willing to help you establish your cover at the Hotel."	「考量到她目前的處境，我敢說 Sweet Cheeks 會願意幫你在飯店裡建立掩護身分。」
"Go over to the jail, and see if she'll help you with the hotel operation."	「去監獄一趟，看看她願不願意在飯店行動上幫你。」
"When you get back, I'll hold a briefing on the operation."	「等你回來，我會針對這次行動召開簡報。」
"I'll call the jail and arrange everything for you."	「我會打電話給監獄，幫你安排好一切。」
"I can't believe Judge Palmer fell for that bunk about a stolen ID."	「真不敢相信 Palmer 法官居然相信那套什麼身分證被偷的鬼話。」
"By the way, we learned from the fingerprint search that Hoffman is really one 'Jason Taselli' recently of Chicago."	「對了，我們透過指紋比對查出，Hoffman 其實是最近從芝加哥來的『Jason Taselli』。」
"Sweet Cheeks," says %m85, "why don't you head on over to the hotel. Sonny will follow shortly."	%m85 說：「Sweet Cheeks，妳先過去飯店吧，Sonny 隨後就到。」
"Thanks for your help, Laura," %m83 says, "that's all for now."	「謝謝妳的幫忙，Laura，」%m83 說，「目前就先這樣。」
discard.view(%v18):%m30	discard.view(%v18):%m30
set.view(%v18,_):%m26	set.view(%v18,_):%m26
set.view(_,%v18):%m30	set.view(_,%v18):%m30
set.loop(%v18,_):%m26	set.loop(%v18,_):%m26
set.loop(%v18,_):\nBad loop #.%m25	set.loop(%v18,_):\nloop 編號錯誤。%m25
set.loop(%v18,_):%m31	set.loop(%v18,_):%m31
set.cel(%v18,_):%m26	set.cel(%v18,_):%m26
set.cel(%v18,_):\nBad cel #.%m25	set.cel(%v18,_):\ncel 編號錯誤。%m25
sound(%v18):\nSound not loaded.%m25	sound(%v18):\n音效尚未載入。%m25
set.cel(%v18,_):%m31	set.cel(%v18,_):%m31
Script buffer overflow.\nMaximum size = %v18%m25	指令碼緩衝區溢位。\n上限 = %v18%m25
erase(%v18):%m26	erase(%v18):%m26
animate.obj(%v18):%m26	animate.obj(%v18):%m26
stop.update(%v18):%m28	stop.update(%v18):%m28
Bad test: %v18%m25	無效的 test：%v18%m25
Bad action: %v18%m25	無效的 action：%v18%m25
start.update(%v18):%m28	start.update(%v18):%m28
draw.pic(%v18):%m32	draw.pic(%v18):%m32
draw(%v18):%m26	draw(%v18):%m26
draw(%v18):%m31	draw(%v18):%m31
discard.pic(%v18):%m32	discard.pic(%v18):%m32
get(%v18) or put(%v18):%m26	get(%v18) 或 put(%v18):%m26
\nPress ESC to quit.	\n按 ESC 離開。
%m27.%m25	%m27.%m25
\nBad object number	\n無效的物件編號
%m27 or object not drawn.%m25	%m27 或物件尚未繪製。%m25
\nView not 	\n視圖 
%m29loaded.%m25	%m29 尚未載入。%m25
%m29set.%m25	%m29 已設定。%m25
Picture not loaded.%m25	圖片尚未載入。%m25
New room:	新房間：
X coordinate:	X 座標：
Y coordinate:	Y 座標：
Object number:	物件編號：
Flag number:	旗標編號：
New value:	新數值：
Current room = %v0	目前房間 = %v0
Variable number:	變數編號：
Variable %v164 = %v165	變數 %v164 = %v165
Flag %v164 set	旗標 %v164 已設定
Flag %v164 not set	旗標 %v164 未設定
You gottum, Sonny!	你逮到他了，Sonny！
Object %v165 is in room %v164.	物件 %v165 位於房間 %v164。
%v164|3/%v165|3	%v164|3/%v165|3
Rm %v0	房間 %v0
%v164|2  %o164	%v164|2  %o164
Number  Name of Object	編號  物件名稱
%v8/4K memory left.	%v8/4K 記憶體剩餘。
New priority:	新優先度：
H	H
_	_
<	<
PQ	PQ
POLICE QUEST	警察故事
Help	說明
 F1 displays this message.	 F1 顯示此訊息。
 F2 turns the sound off and on.	 F2 開關音效。
 F3 retypes the last line typed.	 F3 重新輸入上一行文字。
 F4 goes in/out of car; to/from map.	 F4 進出車輛；往返地圖。
 F5 saves your current game.	 F5 儲存目前遊戲。
 F6 loads%m26	 F6 載入%m26
 F7 restores a saved game.	 F7 讀取已儲存的遊戲。
 F8 draws%m26	 F8 拔出%m26
 F9 restarts the game.	 F9 重新開始遊戲。
F10 fires%m26	F10 開火%m26
TAB shows the status screen.	TAB 顯示狀態畫面。
ESC displays the menus.	ESC 顯示選單。
Ctrl-J sets up your joystick.	Ctrl-J 設定搖桿。
Ctrl-R toggles RGB monitor modes.	Ctrl-R 切換 RGB 螢幕模式。
 F1 or HELP displays this message.	 F1 或 HELP 顯示此訊息。
 F6%m25normal%m29-1).	 F6%m25正常%m29-1)。
Ctrl-J sets up your joystick/mouse.	Ctrl-J 設定搖桿／滑鼠。
For a Hint Book, call (209) 683-6858.	如需提示書，請撥打 (209) 683-6858。
 F4, F6, F8, F10 vary throughout game.	 F4、F6、F8、F10 會隨遊戲進行而改變。
F10%m25fastest%m29-3).	F10%m25最快%m29-3)。
F10 swings your PR-24.	F10 揮動 PR-24。
F10 turns the shower off and on.	F10 開關淋浴。
 drive car 	 駕駛車輛
 your weapon.	 你的武器。
 F8%m25faster%m29-2).	 F8%m25較快%m29-2)。
Ctrl-D radios Dispatch.	Ctrl-D 以無線電聯絡調度台。
 speed (Code	 速度 (Code
ESC displays the menus, as does\n     the joystick button or\n     the right mouse button.	ESC 顯示選單，\n     搖桿按鈕或\n    滑鼠右鍵也一樣。
Jessie Hiram Bains,    	Jessie Hiram Bains，
"The Death Angel,"     	「死亡天使」，
was brought to justice 	已被繩之以法，
and tried in the       	並在 Lytton 市
Superior Court of the  	高等法院
City of Lytton on the  	接受審判，罪名如下：
following charges:     	以下罪名：
ILLEGAL GAMBLING	非法賭博
Hotel Delphoria bartender Woody Roberts turned State's evidence and, as a witness for the prosecution (in return for a suspended sentence and three years probation), provided convincing testimony concerning the gambling activities of Jessie Bains, Otto Lipshitz, and Gene "the Bambino" Bamboni.	Delphoria 飯店酒保 Woody Roberts 轉為污點證人，作為控方證人（換取緩刑與三年觀察期），提供了 Jessie Bains、Otto Lipshitz 與 Gene「Bambino」Bamboni 賭博活動的有力證詞。
DRUG TRAFFICKING	毒品交易
Drug pusher Donald D. Colby turned State's evidence and, as a witness for the prosecution (in return for a suspended sentence and five years probation), provided convincing testimony concerning the Bains' narcotics distribution network.	毒販 Donald D. Colby 轉為污點證人，作為控方證人（換取緩刑與五年觀察期），提供了 Bains 毒品分銷網路的有力證詞。
ATTEMPTED MURDER	謀殺未遂
Lytton PD Detectives Bonds, Anglin, and Smith, presented eyewitness testimony concerning the shoot-out at the Hotel Delphoria.	Lytton 警察局探員 Bonds、Anglin 與 Smith 提供了 Delphoria 飯店槍戰的目擊證詞。
FIRST DEGREE MURDER	一級謀殺
Ballistic tests provided a positive match between Bains' .32-caliber automatic handgun and the weapon used to murder Jason Taselli.	彈道測試證實 Bains 的 .32 口徑自動手槍，與殺害 Jason Taselli 所用的武器吻合。
And now, the results of that trial...	現在公布審判結果……
The Honorable Judge Kim Palmer asks the foreman of the jury, "Ladies and gentlemen of the jury, have you reached your verdict?"	尊敬的 Kim Palmer 法官問陪審團主席：「陪審團女士先生，你們做出裁決了嗎？」
The foreman answers, "Yes, we have, Your Honor."	主席回答：「是的，法官大人。」
Guilty as charged.	罪名成立。
"Mr. Bains, please rise for sentencing. Do you have any last statement before I pronounce sentencing?"	「Bains 先生，請起立聽候判決。宣判前，你有什麼要說的嗎？」
Bains looks straight into your eyes. "No, your Honor."\n\nThen, under his breath, he hisses across the aisle, "Bonds, you're a dead man!"	Bains 直視著你的雙眼。「沒有，法官大人。」\n\n接著，他壓低聲音，隔著走道朝你嘶聲說道：「Bonds，你死定了！」
Staring intently at Bains, Judge Palmer says firmly, "Jessie Hiram Bains, you are hereby sentenced to a total of 97 years in the State Penitentiary, without possibility of parole."	Palmer 法官緊盯著 Bains，語氣堅定地說：「Jessie Hiram Bains，本庭判處你在州立監獄服刑，總計九十七年，不得假釋。」
The courtroom erupts in spontaneous applause. You smile broadly, until you catch Bains glaring holes through your skull! You know your life is not yet free of "the Death Angel!"	法庭裡爆出一陣自發的掌聲。你咧嘴大笑，直到瞥見 Bains 用彷彿要瞪穿你腦袋的眼神盯著你！你知道，你的人生還沒有真正擺脫「死亡天使」的陰影！
Three days pass.\n\nWith Bains safely ensconced in the State Penitentiary at Vacaville, the City of Lytton is once again a quiet, peaceful community freed from the grasp of "the Death Angel."	三天過去了。\n\n隨著 Bains 安穩地被關進 Vacaville 州立監獄，Lytton 市再度成為一個安靜祥和、擺脫「死亡天使」魔掌的社區。
Charge:	罪名：
"Bailiff, please read the jury's verdict to the court."	「法警，請向本庭宣讀陪審團的裁決。」
"Bailiff, please bring the jury's verdict to me."	「法警，請把陪審團的裁決呈給我。」
\n"%m28\n\n%m9.\n\n\n%m20"\n	\n「%m28\n\n%m9。\n\n\n%m20」\n
\n"%m28\n\n%m11.\n\n\n%m20"\n	\n「%m28\n\n%m11。\n\n\n%m20」\n
\n"%m28\n\n%m13.\n\n\n%m20"\n	\n「%m28\n\n%m13。\n\n\n%m20」\n
\n"%m28\n\n%m15.\n\n\n%m20"\n	\n「%m28\n\n%m15。\n\n\n%m20」\n
Following a ticker tape parade down Main Street in your honor, a huge crowd has gathered on the Courthouse steps.	為向你致敬，遊行隊伍沿著 Main Street 舉行了一場彩帶遊行，結束後，法院台階前聚集了大批群眾。
Mayor Fuddrucker and Chief Whipplestick wait at the top of the steps, while you pass through the Department Honor Guard.	Fuddrucker 市長與 Whipplestick 局長在台階頂端等候，你則穿過警局的榮譽儀隊。
"Sonny Bonds," the Mayor reads, "as Mayor, I wish to express the appreciation of the people of the City of Lytton for your service to them, and present you with this expression of our gratitude, the Key to the City!"	市長宣讀：「Sonny Bonds，身為市長，我謹代表 Lytton 市全體市民，對你的貢獻表達感謝之意，並致贈這份謝禮——本市之鑰！」
Congratulations. You've won "Police Quest!"	恭喜你，你已經打贏了「警察故事」！
You are a true, veteran police officer, proven in the line of duty. We hope you have enjoyed playing.	你是一位真正的老練警官，在勤務中證明了自己的能力。希望你玩得盡興。
If you liked "Police Quest," be sure to play the other 3D, animated, graphic adventure games from Sierra: "King's Quest I, II, and III;" "The Black Cauldron;" "Space Quest I and II;" and "Leisure Suit Larry in the Land of the Lounge Lizards."	如果你喜歡《Police Quest》，一定要試試 Sierra 其他的 3D 動畫冒險遊戲：《King's Quest I, II, and III》、《The Black Cauldron》、《Space Quest I and II》，以及《Leisure Suit Larry in the Land of the Lounge Lizards》。
You'll also enjoy our 3D "Helicopter Simulator" that allows you to have dogfights with your friends via modem, or just fly through many cities for fun.	你也會喜歡我們的 3D《Helicopter Simulator》，讓你能透過數據機和朋友來場空戰纏鬥，或單純在多座城市裡自由飛行。
"Oh, Sonny! My HERO!!"	「喔，Sonny！我的英雄！！」
increment	increment
decrement	decrement
assignn	assignn
assignv	assignv
addn	addn
addv	addv
subn	subn
subv	subv
lindirectv	lindirectv
rindirect	rindirect
lindirectn	lindirectn
set	set
reset	reset
toggle	toggle
set.v	set.v
reset.v	reset.v
toggle.v	toggle.v
new.room	new.room
new.room.v	new.room.v
load.logics	load.logics
load.logics.v	load.logics.v
call.v	call.v
load.pic	load.pic
draw.pic	draw.pic
show.pic	show.pic
discard.pic	discard.pic
overlay.pic	overlay.pic
show.pri.screen	show.pri.screen
load.view	load.view
load.view.v	load.view.v
discard.view	discard.view
animate.obj	animate.obj
unanimate.all	unanimate.all
draw	draw
erase	erase
position	position
position.v	position.v
get.posn	get.posn
reposition	reposition
set.view	set.view
set.view.v	set.view.v
set.loop	set.loop
set.loop.v	set.loop.v
fix.loop	fix.loop
release.loop	release.loop
set.cel	set.cel
set.cel.v	set.cel.v
last.cel	last.cel
current.cel	current.cel
current.loop	current.loop
current.view	current.view
number.of.loops	number.of.loops
set.priority	set.priority
set.priority.v	set.priority.v
release.priority	release.priority
get.priority	get.priority
stop.update	stop.update
start.update	start.update
force.update	force.update
ignore.horizon	ignore.horizon
observe.horizon	observe.horizon
set.horizon	set.horizon
object.onWater	object.onWater
object.on.land	object.on.land
object.on.anything	object.on.anything
ignore.objs	ignore.objs
observe.objs	observe.objs
distance	distance
stop.cycling	stop.cycling
start.cycling	start.cycling
normal.cycle	normal.cycle
end.of.loop	end.of.loop
reverse.cycle	reverse.cycle
reverse.loop	reverse.loop
cycle.time	cycle.time
stop.motion	stop.motion
start.motion	start.motion
step.size	step.size
step.time	step.time
move.obj	move.obj
move.obj.v	move.obj.v
follow.ego	follow.ego
wander	wander
normal.motion	normal.motion
set.dir	set.dir
get.dir	get.dir
ignore.blocks	ignore.blocks
observe.blocks	observe.blocks
block	block
unblock	unblock
get	get
get.v	get.v
drop	drop
put	put
put.v	put.v
get.room.v	get.room.v
load.sound	load.sound
sound	sound
stop.sound	stop.sound
print	print
print.v	print.v
display	display
display.v	display.v
clear.lines	clear.lines
text.screen	text.screen
graphics	graphics
set.cursor.char	set.cursor.char
set.text.attribute	set.text.attribute
shake.screen	shake.screen
configure.screen	configure.screen
status.line.on	status.line.on
status.line.off	status.line.off
set.string	set.string
get.string	get.string
word.to.string	word.to.string
parse	parse
get.num	get.num
prevent.input	prevent.input
accept.input	accept.input
set.key	set.key
add.to.pic	add.to.pic
add.to.pic.v	add.to.pic.v
status	status
save.game	save.game
restore.game	restore.game
init.disk	init.disk
restart.game	restart.game
show.obj	show.obj
random	random
program.control	program.control
player.control	player.control
obj.status.v	obj.status.v
quit	quit
show.mem	show.mem
pause	pause
echo.line	echo.line
cancel.line	cancel.line
init.joy	init.joy
toggle.monitor	toggle.monitor
version	version
script.size	script.size
set.game.id	set.game.id
log	log
set.scan.start	set.scan.start
reset.scan.start	reset.scan.start
reposition.to	reposition.to
reposition.to.v	reposition.to.v
trace.on	trace.on
trace.info	trace.info
print.at	print.at
print.at.v	print.at.v
discard.view.v	discard.view.v
clear.text.rect	clear.text.rect
set.upper.left	set.upper.left
set.menu	set.menu
set.menu.item	set.menu.item
submit.menu	submit.menu
enable.item	enable.item
disable.item	disable.item
menu.input	menu.input
show.obj.v	show.obj.v
open.dialogue	open.dialogue
close.dialogue	close.dialogue
mul.n	mul.n
mul.v	mul.v
div.n	div.n
div.v	div.v
close.window	close.window
equaln	equaln
equalv	equalv
lessn	lessn
lessv	lessv
greatern	greatern
greaterv	greaterv
isset	isset
isset.v	isset.v
has	has
obj.in.room	obj.in.room
posn	posn
controller	controller
have.key	have.key
said	said
compare.strings	compare.strings
obj.in.box	obj.in.box
center.posn	center.posn
right.posn	right.posn
If you didn't just do a Restart, assume this isn't going to work!\n\nUse Level 255 to quit.\nUse Level 0 to Restore.\nAny Level > 31 to Restart.\n\nLevels 1 thru 31 are valid.	如果你剛才沒有執行『重新開始』，就當作這樣做不會有效果！\n\n輸入 255 結束遊戲。\n輸入 0 讀取進度。\n輸入大於 31 的數字重新開始。\n\n1 到 31 之間的數字才有效。
Pick a level from 1 thru 31: 	請輸入 1 到 31 之間的數字： 
(209) 683-6858	(209) 683-6858
911	911
411	411
555-4369	555-4369
555-6537	555-6537
555-4522	555-4522
555-2622	555-2622
555-7764	555-7764
0	0
(312) 555-3382	(312) 555-3382
555-9222	555-9222
555-6674	555-6674
683-6858	683-6858
555-1212	555-1212
1555-1212	1555-1212
2096836858	2096836858
12096836858	12096836858
1-209 683-6858	1-209 683-6858
1 209 683-6858	1 209 683-6858
Number to dial: 	請撥打的號碼： 
"The number you have reached is disconnected or no longer in service. Please check the number and dial again."	「您撥的號碼是空號或已停用，請查明後再撥。」
"This is a recording."	「這是一段錄音留言。」
Hum! Busy%m41	嗯，忙線中%m41
Enter party's last name: 	請輸入對方的姓氏： 
"I'm sorry. There is no one listed by that name%m41	「很抱歉，查無此姓氏的登記資料%m41
"You have reached Directory Assistance. Thank you for using LT&T."	「您已接通查號台，感謝您使用 LT&T。」
Sierra, Inc	Sierra, Inc
Sierra OnLine	Sierra OnLine
Hots	Hots
Pierson	Pierson
Williams	Williams
Cobb	Cobb
"The number is:\n\n%s8."	「號碼是：\n\n%s8。」
You haven't finished your last call, yet!	你上一通電話還沒打完呢！
The phone cord is not that long.	電話線沒有那麼長。
Not now!	現在不行！
...\n\nClick!	……\n\n喀嚓！
"Hello, Sierra On-Line Customer Support, Larry Weissenborne speaking. How may I help you? But hurry up, 'cause I'm leaving soon!"	「哈囉，這裡是 Sierra On-Line 客服中心，我是 Larry Weissenborne。請問需要什麼服務？不過麻煩快一點，我快下班了！」
"You know those crazy programmers; they can't do anything right the first time!!"	「你也知道那些瘋狂的程式設計師，他們第一次做什麼事都做不好！！」
"Hint books are available for $7.95. Try calling this number to place your order, but next time use a REAL phone, not this game!"	「提示攻略本只要 7.95 美元。打這支電話就能訂購，不過下次麻煩用真正的電話，別再用遊戲裡的了！」
"King's Quest I, II and III, The Black Cauldron, Leisure Suit Larry in the Land of the Lounge Lizards, and Space Quest I and II."	「King's Quest I, II and III、The Black Cauldron、Leisure Suit Larry in the Land of the Lounge Lizards，以及 Space Quest I and II。」
"Police Quest II and others are now in development!"	「《Police Quest II》以及其他作品目前都在開發中！」
"Thank you for calling. Goodbye%m41	「謝謝來電，再見%m41
"Changed your mind, eh?"	「改變主意了，是吧？」
For emergencies, dial 911. For information, dial 411.	緊急事件請撥 911，查號台請撥 411。
Hmmm. No answer%m41	嗯……沒有人接%m41
"Yes, Helen speaking."	「你好，我是 Helen。」
"I don't know who you're trying to call, Sonny Bonds, but I recognize your voice! This is Helen Hacker, you pervert!"	「我不知道你想打給誰，Sonny Bonds，不過我聽得出你的聲音！我是 Helen Hacker，你這個變態！」
"...you're in big trouble!!!"	「……你麻煩大了！！！」
"Crime Lab, Detective Williams%m81	「鑑識實驗室，我是 Williams 警探%m81
"Hello, Sonny! What can I do for you?"	「哈囉，Sonny！有什麼我能幫忙的？」
"Yes, the prints on the gun matched that Hoffman/Taselli fellow."	「是的，槍上的指紋和那個叫 Hoffman／Taselli 的傢伙吻合。」
"I heard he %s7! Bye now%m41	「我聽說他 %s7！先這樣囉%m41
"Cobb residence. If you are looking for Jack, he is probably drinking at the Blue Room%m41	「Cobb 公館。如果你要找 Jack，他這時候大概在 Blue Room 喝酒%m41
"Lieutenant Morgan%m81	「Morgan 中尉%m81
"Cops don't call 911!"	「警察才不會打 911！」
The phone is not ringing.	電話沒有在響。
escaped!	逃跑了！
got released.	被釋放了。
Taber	Taber
"Chicago PD, Detective Taber speaking. How may I help you?"	「芝加哥警局，我是 Taber 警探。有什麼能為你效勞？」
Detective Taber says, "Oh, yes, we know your man, Jason Taselli, alias Hoffman, alias Pierson."	Taber 警探說：「喔，對，我們知道你說的那個人，Jason Taselli，別名 Hoffman，又名 Pierson。」
"He is linked to a big time card shark and drug runner named Jessie Bains."	「他和一個叫 Jessie Bains 的職業老千兼毒販有牽連。」
"Both have dropped from sight in our area."	「這兩人都已經從我們這一帶銷聲匿跡了。」
"Good Luck!%m41	「祝你好運！%m41
"Boy, it's amazing how these guns get around."	「老天，這些槍到處流竄的方式還真是驚人。」
"That weapon was reported stolen by a local nightclub owner."	「那把武器是本地一家夜店老闆報案遺失的。」
"I guess it's your problem now!"	「我猜現在這是你的問題了！」
"I'll send you a mug shot of this guy Bains."	「我會把這個叫 Bains 的傢伙的檔案照片寄給你。」
The telephone in this room is a kinky gold.	這個房間裡的電話是俗氣的金色。
Lytton Cab	Lytton Cab
"Lytton Cab Co. Where's the pickup?"	「Lytton 計程車行，請問要在哪裡上車？」
"Ok. We have a car on the way. Thank you%m41	「好的，車子已經在路上了，謝謝%m41
"Call back when you find out where you are%m41	「等你搞清楚自己在哪裡再打來%m41
. Who's speaking, please?"	，請問是哪位？」
"Hello, Mr. Banksten."	「哈囉，Banksten 先生。」
"Why don't you send Sweet Cheeks Marie back to the station by cab?"	「你何不叫輛計程車把 Sweet Cheeks Marie 送回警局？」
"Try to get behind the scenes in the Hotel."	「想辦法摸進飯店的後台。」
"Your backup personnel will be arriving later this evening."	「你的支援人力今晚稍後會抵達。」
"Good luck%m41	「祝你好運%m41
Oh, my gawd! It's Police Commissioner Hacker's wife!	喔，我的老天！是警察局長 Hacker 的太太！
...and you are knee-deep in whale do-do!!	……而你現在深陷比鯨魚大便還深的麻煩裡！！
1-(209) 683-6858	1-(209) 683-6858
1 (209) 683-6858	1 (209) 683-6858
cab	cab
cab company	計程車行
taxi	taxi
taxicab	taxicab
3125553382	3125553382
312 5553382	312 5553382
312 555-3382	312 555-3382
13125553382	13125553382
1 3125553382	1 3125553382
1 312 5553382	1 312 5553382
1 312 555-3382	1 312 555-3382
1(312)555-3382	1(312)555-3382
1 (312) 555-3382	1 (312) 555-3382
1-312 555-3382	1-312 555-3382
1-312-555-3382	1-312-555-3382
There is no number on this telephone.	這具電話上沒有號碼。
"Cobb residence."	「Cobb 公館。」
You offer your condolences to the Cobb family.	你向 Cobb 一家表達哀悼之意。
"Thank you so much, Sonny."	「真的很謝謝你，Sonny。」
Fred Justinfletch	Fred Justinfletch
ARREST SUMMARY	逮捕摘要
1 Observed w/o front	1 觀察到車輛未懸掛前方
  license plate	  車牌
2 Rear plate near	2 後車牌相近，
  match w/suspicious	  疑似符合
  187vc vehicle	  187vc 車輛
3 Suspect attempted	3 嫌犯企圖
  to evade arrest	  逃避逮捕
4 Initiated pursuit	4 展開追捕
5 Felony stop	5 重罪攔查
6 Suspect in custody	6 嫌犯已收押
7 Narcotics seized	7 查扣毒品
8 Stolen vehicle	8 尋回
  recovered	  失竊車輛
9 Veh. turned over to	9 車輛移交
  narcotics division	  緝毒組
eight mules!	八個毒騾！
PHYSICAL	體貌特徵
LAST KNOWN ADDRESS	最後已知地址
DOB 3/1/49	出生日期 1949 年 3 月 1 日
Caucasian	白人
5'11 195' black/brown	5呎11吋 195磅 黑髮／棕眼
IDENTIFYING MARKS,	特徵、
SCARS, TATTOOS, ETC	疤痕、刺青等
petty theft	輕竊盜
Tattoo small flower	刺青：小花圖案
above left nipple	位於左胸乳頭上方
TIME OF ARREST  15:45	逮捕時間 15:45
DATE OF ARREST 9/7/83	逮捕日期 1983 年 9 月 7 日
CHARGES	罪名
Suspicion of murder,	涉嫌謀殺，
auto theft,	汽車竊盜，
narcotics possession,	持有毒品，
evading arrest,	拒捕，
concealed weapon	私藏武器
reckless driving	危險駕駛
BAIL $500,000.00	保釋金 $500,000.00
License #A472457, in	駕照號碼 #A472457，
Expired ILL. driver's	已過期的伊利諾州駕照，
name of "M. Hoffman"	持照人姓名為『M. Hoffman』
License #C84776356,	駕照號碼 #C84776356，
name of "L. Pierson"	持照人姓名為『L. Pierson』
EVIDENCE FORM	證物表
5 lbs. marijuana,	大麻 5 磅，
est. value, $4,000.00	估計價值 $4,000.00
1 lb. cocaine, est.	古柯鹼 1 磅，估計
value, $250,000.00	價值 $250,000.00
1 S&W .45 automatic	S&W .45 口徑自動
handgun SN SW9764912	手槍，序號 SW9764912
1 black notebook	黑色筆記本一本
VEHICLE INFORMATION	車輛資訊
'83 Cadillac deVille,	83 年份 Cadillac deVille，
blue (orig. blue)	藍色（原廠藍）
Stolen from	失竊自
LICENSE #LOP1238	車牌 #LOP1238
Registered to:	登記車主：
Malcolm Washington	Malcolm Washington
234 W Center St	234 W Center St
Temporary CA driver's	加州臨時駕照
"Freddie the Freak"	『Freddie the Freak』
Negro	黑人
ALIAS	別名
NAME	姓名
5'3 219' black/green	5呎3吋 219磅 黑髮／綠眼
WANTS	通緝罪名
purse snatching	搶奪皮包
assault and battery	傷害罪
METHOD OF OPERATION	作案手法
grabs victim, bites	抓住被害人，咬
neck, snatches	頸部，搶走
purse, runs away	皮包後逃跑
James Jenkins	James Jenkins
"Jimmy the Junky"	『Jimmy the Junky』
Department.	處。
6'4 160' black/brown	6呎4吋 160磅 黑髮／棕眼
Illegal flight to	為了規避
avoid prosecution on	毒品罪起訴而
narcotic violations.	潛逃在外。
Last seen heading	最後一次目擊他朝
south like an out-of-	南方疾駛而去，宛如一枚失控
control rocket.	的火箭。
Francis Malone	Francis Malone
4'9 160' black/blue	4呎9吋 160磅 黑髮／藍眼
Warrant #Q372	通緝令 #Q372
"Short Fat Fanny"	『Short Fat Fanny』
steals anything she	凡是能藏在身上的東西
can fit on her body	她都偷
narcotics violations	毒品違規
Winford W. Watson	Winford W. Watson
"Winnie the Weasel"	『Winnie the Weasel』
5'8 180' bald/brown	5呎8吋 180磅 禿頭／棕眼
numerous tattoos	多處刺青
narcotics, weapons,	毒品、槍械，
and armed robbery	以及持械搶劫
violations	violations
LOCATION OF SUBJECT	嫌犯行蹤
has been seen with a	曾與一名
UPDATE	最新消息
Last seen by several	最後被數名
witnesses early Wed.	目擊者於週三清晨
morning. Statements	目擊。證詞
indicate Freddie	顯示 Freddie
Justinfletch was at	Justinfletch 當時人在
intersection of	路口
Center and 3rd Sts	Center 街與 3rd 街
directing traffic	在指揮交通
while totally nude.	當時全身赤裸。
When officers arrived	當警員抵達時
"the Freak" could	『the Freak』已經
not be found.	不見蹤影。
Jenkins also wanted	警方同時也想以
for questioning in	涉案為由，就
several West Side	多起西區
daylight burglaries.	白晝入室竊盜案對 Jenkins 進行問話。
ADDITIONAL	補充事項
If arrested, notify	如遭逮捕，請通知
Officer James Lucas,	James Lucas 警員，
Lytton Probation	Lytton 觀護
UNUSUAL TRAITS	特殊特徵
Halitosis to the	口臭嚴重到
magnitude equal to	程度堪比
the breath of	……的口氣
APPROACH WITH CAUTION	謹慎接近
will not hesitate to	絕不會遲疑，
knock you down and	會把你撂倒，並
spit in your eyes	朝你眼睛吐口水，
while she breaths	一面朝你臉上
heavily into your	猛烈喘氣，
your face, thereby	藉此
junkie hooker known	——這名人稱
as "Big Bonnie"	『Big Bonnie』的癮君子妓女
NOTE	備註
has large red & blue	頭頂有一大片紅藍
tattoo of sinking	相間的沉船
ship on top of head	圖案刺青
nauseating you to	讓你噁心到
the point of	幾乎要吐
unconsciousness.	unconsciousness.
Male 5'11 197#	男性 5呎11吋 197磅
Which file?	要看哪一份檔案？
You can only read one file at a time.	你一次只能閱讀一份檔案。
You're not looking at a folder.	你並沒有看著資料夾。
The file drawer contains five folders, each labeled with the name of the case.	檔案櫃裡放著五個資料夾，每個都標示著案件名稱。
You remove the Hoffman file from the drawer.	你從抽屜裡取出 Hoffman 的檔案。
Good thinking; maybe this will be of use.	想得好；這也許派得上用場。
You return the folder to the file drawer.	你把資料夾放回檔案櫃。
You ARE looking at a file!	你這不是正看著一份檔案嗎！
COMPUTER DOWN.	電腦當機。
No record for input.	查無此輸入項目的紀錄。
45 caliber,	.45 口徑，
automatic handgun	自動手槍
serial #SW9764912	序號 #SW9764912
reported stolen.	已通報失竊。
Chicago, 12/4/86	Chicago, 12/4/86
Contact Det. Taber at	請聯絡 Taber 警探，電話：
CPD, 1 (312) 555-3382	CPD, 1 (312) 555-3382
555-6537,	555-6537,
unlisted number	未公開號碼
1037 Grove St.	1037 Grove St.
Apt #334,	Apt #334,
Delphoria Hotel	Delphoria 飯店
FED Warrant: 123-1985	聯邦通緝令：123-1985
Alias: Marvin Hoffman	別名：Marvin Hoffman
5'11", 195', blk/brn	5呎11吋，195磅，黑髮/棕眼
Tattoo of flower	花朵刺青，
above left nipple.	位於左乳頭上方。
1985 Motorcycle 750	1985 年 750 機車
Color: cherry red	顏色：櫻桃紅
Stolen: %m18	失竊時間：%m18
License: M65789	車牌：M65789
VIN: M09876543	車身號碼：M09876543
459PC Burglary	459PC 竊盜罪
.22-cal. lever-action	.22 口徑槓桿式
Ramington rifle	Ramington 步槍
oak stock, gold trig.	橡木槍托，鍍金扳機
Serial #R12345678	序號 #R12345678
Still outstanding:	仍未結案：
Contact Lytton PD	聯絡 Lytton 警局
Record not on file.	查無紀錄。
Victim:	被害人：
Fancy Pants Lingerie	Fancy Pants Lingerie
57 pair silk skivvies	57 件絲質內褲
Blue, size 46-50,	藍色，尺寸 46 至 50，
Zippered crotch	胯部拉鍊設計
Suspect:	嫌犯：
Short Fat Fanny	Short Fat Fanny
2400 lbs Dog Feed	2400 磅狗飼料
Fat Fred's Feed Farm	Fat Fred 飼料農場
9 Large-mouth Belly	9 罐大嘴鱸魚用的『腹脹
Bustin' Stink Baits	爆臭餌』
"Chink's Cast N	"Chink's Cast N
Missing dog:	走失犬隻：
Name of Big Dog	犬名：Big Dog
3', 115 lbs, blk/wht	3呎，115磅，黑白花色
Approach with caution	接近時請小心——
is very affectionate	牠對穿制服的警察
with uniformed police	特別親近。
officers.	officers.
8 diamond wedding	8 枚鑽石婚戒
rings.	rings.
Jessie the Jeweler	珠寶商 Jessie
Ill. DDL #A472457	伊利諾州駕照 #A472457
2231 W 104th St	2231 W 104th St
Chicago, Illinois	Chicago, Illinois
5'11",195lbs,blk/brn	5呎11吋，195磅，黑髮/棕眼
DOB: 3/1/39	出生日期：1939 年 3 月 1 日
1983 Cadillac deVille	1983 年 Cadillac deVille
Color: black	顏色：黑色
Stolen, %m18	失竊時間，%m18
License: LOP1238	車牌：LOP1238
VIN: C03456218	車身號碼：C03456218
Registered owner:	車主：
Biologic intercourse.	生物性交合。
Anal release of an	肛門排出的
elastic fluid.	彈性氣體。
Solid waste matter	固態廢物，
from the bowels.	來自腸道。
A yellowish fluid	一種淡黃色液體，
secreted by the	由
kidneys, passed	腎臟分泌，經過
through ureters to	輸尿管流向
bladder, from which	膀胱，再從
it is discharged	那裡排出，
through the urethra.	經由尿道排出。
Any port in a storm!	急難之時，什麼港口都能停靠！
Found on a male.	於男性身上尋獲。
Freddie Justinfletch	Freddie Justinfletch
Alias:	別名：
Freddie the Freak	怪胎 Freddie
Physical:	外貌特徵：
5'3",219lbs,bald/grn	5呎3吋，219磅，禿頭/綠眼
Wanted for:	通緝原因：
Jimmy "the Junky"	Jimmy「毒蟲」
6'4",160lbs,blk/brn	6呎4吋，160磅，黑髮/棕眼
4'9",160lbs,blk/blu	4呎9吋，160磅，黑髮/藍眼
WAR: Q72, petty theft	通緝案號：Q72，輕竊盜罪
Winiford Watson	Winiford Watson
Winnie the Weasel	黃鼠狼 Winnie
5'8",180lbs,bald/brn	5呎8吋，180磅，禿頭/棕眼
Numerous tattoos.	多處刺青。
Narcotics, weapons,	毒品、槍械，
violations.	violations.
unlisted telephone	未公開電話
number of: Police	號碼，屬於
Commissioner Hacker	警察局長 Hacker
Enter search string:	請輸入搜尋字串：
Lytton Police Dept.	Lytton 警局
On-Line Database	線上資料庫
Good morning!	早安！
Didn't match %s1.	找不到符合「%s1」的資料。
Former programmer;	前程式設計師；
author of that cult	曾撰寫那部
classic, "Bop-A-Bet!"	邪典經典之作《Bop-A-Bet!》
Computer renaissance	電腦界的
man: artist, program-	全才：藝術家、程式
mer, guitarist.	設計師、吉他手。
Nice ol' family man;	顧家的老好人；
former CHiP (not as	曾是加州公路巡警（不是
in cow).	那種乳牛的意思）。
Like a civil servant:	就像個公務員：
we can't fire him and	開不了他，
can't get him to work	也叫不動他工作。
15-year veteran, LPD	LPD 資深警員，年資 15 年
202 Gyrate Ct,	202 Gyrate Ct,
License: OHMYMG	車牌：OHMYMG
On-Line Help is no	線上說明已經
longer available.	不再提供。
ohmymg	ohmymg
dir	dir
BDOS err on a:	BDOS 錯誤發生於：
convicted drug pusher	已定罪毒販
al lowe	al lowe
greg rowland	greg rowland
jim walls	jim walls
ken williams	ken williams
Wanted for murder,	通緝原因：謀殺，
drug involvement,	涉毒，
prostitution.	prostitution.
Last seen area of	最後出現地點為
Chicago, Ill.	Chicago, Ill.
prgrmr1	prgrmr1
Art Serabian,	Art Serabian,
No wants.	無通緝紀錄。
m65789	m65789
m09876543	m09876543
r12345678	r12345678
sw9764912	sw9764912
lop1238	lop1238
c03456218	c03456218
ul6942	ul6942
License: UL6942	車牌：UL6942
Issued to:	核發對象：
1979 Cadillac,	1979 年 Cadillac，
junked in 1983.	1983 年報廢。
VIN: C0864213579	車身號碼：C0864213579
C0864213579	C0864213579
hots	hots
3:00 lunch Robert G.	3:00 與 Robert G. 吃午餐
$2,000.00 col. R.G. 	$2,000.00 收自 R.G. 
set up H.D. gambling	安排 H.D. 賭局
blackjack         X 	二十一點        X 
initiate plan for   	啟動計畫，針對   
  dealer R.O.     X 	  R.O. 這個莊家   X 
meet J.M. & L.W.  X 	與 J.M. 和 L.W. 碰面 X 
Cindy $100.00     X 	給 Cindy $100.00  X 
Ammo              X 	彈藥              X 
meet N/W boss       	與西北幫老大碰面    
discipline pimp 1   	教訓皮條客 1        
discipline pimp 2   	教訓皮條客 2        
terminate L.W.    X 	解決 L.W.        X 
terminate J.M.    X 	解決 J.M.        X 
       Sunday       	        星期日       
poker with J.B.   X 	與 J.B. 打撲克    X 
evaluation of drug  	評估毒品            
  saturation plan X 	  滲透市場的計畫  X 
cash profit total   	現金利潤總計        
phone East Coast    	致電東岸            
meet Gutless Wonder 	與 Gutless Wonder 碰面
initiate Plan 3     	啟動第三號計畫      
You leave the suspect's black book undisturbed, to be impounded with the car.	你沒有動嫌犯的記事本，留待隨車一併扣押。
After browsing through the suspect's personal address book, you return it to evidence.	翻閱過嫌犯的私人通訊錄後，你把它放回證物袋。
It's a Smith and Weston .45-caliber, automatic handgun.	這是一把 Smith and Weston .45 口徑自動手槍。
The serial number on the gun is SW9764912.	這把槍的序號是 SW9764912。
You place the gun back in the car to be impounded by Officer Jack Cobb along with the car.	你把槍放回車內，留給 Jack Cobb 警員與車輛一併扣押。
Your partner will take care of the details back at HQ.	細節部分，你的搭檔回總部後會處理。
When you're finished looking at the gun, return it to the glove compartment. %m4	看完這把槍後，把它放回置物箱。%m4
After careful examination of the weapon, you return it to evidence.	仔細檢查過這件武器後，你把它放回證物袋。
"Hey, Jack," you shout, "book this gun!!"	「嘿，Jack，」你喊道，「把這把槍登記入案！！」
The evidence label bears a box marked "Fingerprints," with the initials of Det. Frank Williams, of the Lytton PD Crime Lab.	證物標籤上有一欄標示「指紋」，簽著 Lytton PD 鑑識實驗室 Frank Williams 警探的縮寫姓名。
            THE LYTTON TRIBUNE        	            THE LYTTON TRIBUNE        
 DOPE IN THE CITY  \\| PRESIDENT HICKLE	 毒品入侵本市  \\| Hickle 總統
The city of Lytton,\\|	Lytton 市曾經是\\|
once a beautiful,  \\|	美麗、安寧、\\|
peaceful, quiet    \\|	治安良好的城市，\\|
city with few major\\|	鮮少發生\\|
crime problems, is \\|	重大治安問題，\\|
now experiencing   \\|	如今卻快速\\|
rapid growth and   \\|Smugsville, U.S.A.	成長，日益\\|Smugsville, U.S.A.
prosperity. But,   \\|President Hickle	繁榮。然而\\|Hickle 總統
along with growth  \\|was in Smugsville	伴隨著成長，\\|昨晚人在
has come an alarm- \\|yesterday evening,	犯罪率也\\|Smugsville，
ing increase in the\\|observing the	出現驚人的\\|觀賞一年一度的
crime rate that is \\|annual migration	攀升，正威脅著\\|遷徙盛況
     see Dope, pg 2\\|   see Birds, pg 2	     見〈毒品〉，第2頁\\|   見〈候鳥〉，第2頁
   Birds, from pg 1\\|   Dope, from pg 1	   〈候鳥〉接第1頁\\|   〈毒品〉接第1頁
of the red-bellied \\|threatening the	紅腹沼澤\\|Lytton 的
swamp coddlers.    \\|peace of Lytton.	絨鳧的遷徙。\\|和平。
The President, who \\|Police Sgt. John	這位總統\\|Dooley 警佐
has been a bird    \\|Dooley states that	從小就是\\|表示，危險
lover since child- \\|dangerous drugs	愛鳥人士，\\|毒品已經
hood, rates the    \\|are showing up on	他形容\\|流入街頭
mating dance of the\\|the streets and in	絨鳧的\\|與校園。
coddler as being   \\|our schools.	求偶舞\\|凶殺案與
"as spectacular as \\|The homicide rate	『精彩程度\\|賣淫案件的
the golden-crowned \\|and prostitution	不輸金冠\\|數量，更
scum sucker." The  \\|are at a level the	吸垢雀』。\\|創下本市
President candidly \\|city has never	總統還\\|前所未見
admitted that he   \\|seen. The Tribune	坦承自己\\|的新高。
once skipped the   \\|has learned from a	曾經翹掉\\|本報從可靠
    see Birds, pg 3\\|    see Dope, pg 3	    見〈候鳥〉，第3頁\\|    見〈毒品〉，第3頁
   Birds, from pg 2\\|   Dope, from pg 2	   〈候鳥〉接第2頁\\|   〈毒品〉接第2頁
Geneva Arms Conven-\\|reliable source	日內瓦\\|消息來源
tion to watch some \\|that a big-time	軍備公約\\|得知，一名
old coddlers mate. \\|drug dealer with a	大會，就為了\\|毒販綽號
The President says \\|street name of	看老絨鳧\\|『死亡天使』
a bill is presently\\|"Death Angel" may	交配。總統說\\|很可能就是
before the Senate  \\|be responsible for	參議院正\\|這波毒品
proclaiming Nat-   \\|the drug traffic.	審議法案，\\|氾濫的幕後黑手。
ional Coddler Day! \\|	要訂『全國絨鳧節』！\\|
                   \\|  LPD OFFICER OF	        \\|  Lytton 警局
      ESCAPED      \\| THE YEAR NOMINEES	     越獄     \\| 年度最佳警員提名
Lytton City Jail   \\|Lytton PD Chief	Lytton 市立監獄   \\|Lytton 警局
reported the escape\\|Whipplestick has	昨晚通報，\\|局長 Whipplestick
of a female prison \\|nominated Sonny	一名女性\\|已提名 Sonny
inmate last night. \\|Bonds and Joe	受刑人逃獄。\\|Bonds 與 Joe
  see Escaped, pg 4\\| see Nominee, pg 4	  見〈越獄〉，第4頁\\| 見〈提名〉，第4頁
 Escaped, from pg 3\\|Nominee, from pg 3	 〈越獄〉接第3頁\\|〈提名〉接第3頁
Floreen "Flustered \\|	Floreen『慌張\\|
Flora" Paxton flew \\|	Flora』Paxton \\|
the coop by hiding \\|	躲進一輛\\|
beneath a pile of  \\|	手推洗衣籃裡，\\|
soiled prison      \\|	藏身於一堆\\|
laundry in a hand- \\|	髒污的囚服\\|
pushed basket.     \\|	之下，逃之夭夭。\\|
                   \\|	         \\|
KINGDOM OF DAVENTRY\\|Bonds and Walters	Daventry 王國\\|Bonds 與 Walters
is now under siege \\|	目前正遭\\|
by a renegade, 3-  \\|Walters for LPD	一頭三頭\\|角逐 Lytton 警局
headed dragon. One \\|"Officer of the	惡龍圍攻。\\|『年度最佳
unidentified gnome \\|Year Award" due to	一名不具名\\|警員獎』，表彰
stated the kingdom \\|outstanding effort	的地精表示，\\|兩人在打擊
is in a "state of  \\|and commitment in	王國已進入\\|犯罪上的
emergency."        \\|crime prevention.	『緊急狀態』。\\|傑出表現與奉獻。
Since your shift is beginning, you discard the newspaper.	由於你的勤務開始了，你丟下報紙。
You ARE reading the paper.	你確實正在看報紙。
This is not a good place to exit your vehicle.	這不是適合下車的地方。
%m1 There is nothing of interest here.	%m1 這裡沒有值得注意的事。
There is no reason to stop at this location.	沒有理由在這個位置停車。
Ok. Now, find a good place to stop.	好。現在找個適合停車的地方。
Laura says, "Sonny, if you blow this stakeout you'll be '86ed from Narcotics, real quick-like. Now, move it to the park!"	Laura 說：「Sonny，如果你搞砸這次埋伏，很快就會被踢出緝毒組。現在，把車開到公園！」
Laura reminds you, "Sonny! Are we going on a tour? Get these pushers to jail!	Laura 提醒你：「Sonny！我們是在觀光嗎？把這些毒販送進監獄！」
Hello. Welcome to Lytton.	你好。歡迎來到 Lytton。
Disobeying Sgt. Dooley is not a good idea. Better get back on patrol.	不服從 Dooley 警佐不是好主意。最好回去巡邏。
Take your prisoner to jail!	把囚犯送進監獄！
Are you planning to buy this crook lunch? %m9	你打算請這個罪犯吃午餐嗎？%m9
The Department Picnic is next month. %m9	警察局野餐會在下個月。%m9
%m24Blue Room! %m9	%m24Blue Room！%m9
%m24station! %m9	%m24警局！%m9
Taking lawbreakers directly to court is highly efficient, but our justice system doesn't funtion that way!	把違法者直接送上法庭很有效率，但我們的司法制度不是這樣運作的！
Now, that's an idea. Give the culprit the ol' anchor test in the river. Nah, you'd better not.	這倒是個主意。把罪犯做老式的河中錨測試。不，你最好別這麼做。
Laura says, "Sonny, I have reports to finish. Head for the office."	Laura 說：「Sonny，我還有報告要完成。回辦公室去。」
You have driven out of your jurisdiction. Time to whip a "U" and head back to town!	你已經開出管轄區。現在該迴轉，回城裡了！
It is a lovely day for a drive, but this is no vacation!	今天很適合開車，但這不是度假！
You must stay in Lytton to defend its inhabitants from crime.	你必須留在 Lytton，保護居民免受犯罪侵害。
Nice job, crash! That's one way to get a vacation!	撞得好，車禍王！這倒是度假的一種方式！
You're driving a car, not "Helicopter Simulator!"	你在開車，不是在玩《直升機模擬器》！
It's back to driving school for you, Sonny!	Sonny，你該回駕訓班了！
You may only ignore intersection controls when operating a patrol car in Code-3 status, and even then only using due caution.	只有駕駛處於 Code-3 狀態的巡邏車時，才能忽略路口號誌，而且仍須格外小心。
Criminals are not welcome in the 	罪犯不受歡迎於
Map 	地圖
%m29A1	%m29A1
%m29A2	%m29A2
%m29A3	%m29A3
%m29A4	%m29A4
%m29B1	%m29B1
%m29B2	%m29B2
%m29B3	%m29B3
%m29B4	%m29B4
%m29C1	%m29C1
%m29C2	%m29C2
%m29C3	%m29C3
%m29C4	%m29C4
%m29D1	%m29D1
%m29D2	%m29D2
%m29D3	%m29D3
%m29D4	%m29D4
You are in front of 	你位於
, but you need to find the parking area.	，但你需要找到停車區。
%m46the Hotel Delphoria%m47	%m46Delphoria 飯店%m47
%m46Carol's Caffiene Castle%m47	%m46Carol 咖啡城堡%m47
%m46Lytton City Park%m47	%m46Lytton 市公園%m47
%m46the Blue Room%m47	%m46Blue Room%m47
%m46the Lytton Police Department%m47	%m46Lytton 警察局%m47
%m46the Lytton Court house%m47	%m46Lytton 法院%m47
%m46the Lytton City Jail%m47	%m46Lytton 市立監獄%m47
%m46Cotton Cove%m47	%m46Cotton Cove%m47
You observe an erratically-driven vehicle and feel the driver may have had one too many.	你看到一輛行駛不穩的車，覺得駕駛可能喝多了。
Dispatch relays, "83-32, be advised. Possible stolen vehicle reported in your vicinity."	調度台轉告：「83-32，請注意。你所在區域附近通報可能有失竊車輛。」
"Vehicle is light blue, late-model Cadillac, last seen near Jefferson High. Possible drug involvement."	「車輛是淺藍色新款 Cadillac，最後在 Jefferson 高中附近出現。可能涉及毒品。」
"Approach with caution. 10-4."	「小心接近。10-4。」
Did you see that red sports car run that red light?!	你看到那輛紅色跑車闖紅燈嗎？！
%m10Respond to 11-83, SW corner of Fig and 4th."	%m10前往支援 11-83，地點在 Fig 街與 4th 街西南角。」
Steve radios, "83-32, this is 83-31. Time for 11-98 at Caffeine Castle!"	Steve 以無線電說：「83-32，這是 83-31。該在咖啡城堡進行 11-98 了！」
You cruise your beat, just aching to write a ticket.	你巡邏自己的路線，渴望開張罰單。
%m10Respond to a complaint at Carol's Caffeine Castle."	%m10前往處理 Carol 咖啡城堡的報案。」
Dispatch squawks, "83-32. 83-32. 	調度呼叫：「83-32，83-32。 
?	？
Patrol Car Keys	巡邏車鑰匙
Corvette Keys	柯爾維特鑰匙
Cadillac Keys	凱迪拉克鑰匙
Radio Extender	無線電延伸器
Revolver	左輪手槍
Ammunition	彈藥
Briefcase	公事包
Note Book	筆記本
Pen	筆
Ticket Book	開單簿
Lytton Tribune	Lytton 論壇報
Wallet	皮夾
Nightstick	警棍
Loaded Revolver	裝填好的左輪手槍
Hoffman File	霍夫曼檔案
Wanted Poster	通緝海報
White Suit	白色西裝
Trick Cane	機關手杖
Hair Bleach	漂髮劑
Marked Money	記號鈔票
Transmitter Pen	發信器筆
Room Key	房間鑰匙
No Bail Warrant	不得交保令
Handcuffs	手銬
