Press this button for information about Police Quest.	按這個按鈕查看《警察故事》的遊戲資訊。
Police Quest: In Pursuit of the Death Angel Version: %s	《警察故事：追捕死亡天使》版本：%s
The entire Police Quest series features authentic law enforcement techniques. Our goal is to give you a taste of what policemen and policewomen actually encounter in their day-to-day dealings with the public and with each other.	《警察故事》系列採用真實的執法技巧。我們希望讓你體驗警察每天與民眾及同僚打交道時，實際會遇到的情況。
If you're finding POLICE QUEST: IN PURSUIT OF THE DEATH ANGEL entertaining and enlightening, you'll want to play the other games in the POLICE QUEST series:	如果你覺得《警察故事：追捕死亡天使》既有趣又長見識，也一定會想玩玩《警察故事》系列的其他作品：
POLICE QUEST 2: THE VENGEANCE is the story of Sonny Bonds's race to track down a cold-blooded cop killer before Sonny himself ends up as the next victim. This time, you'll use authentic homicide investigation techniques, master weapons, disarm explosive devices, and more in your desperate efforts to prevent your own murder.	《警察故事 2：復仇》描述 Sonny Bonds 追查冷血殺警兇手的故事；在自己成為下一名受害者前，你必須運用真正的命案調查技術、熟悉武器、拆除爆裂物，拼命阻止自己的死亡。
POLICE QUEST 3: THE KINDRED thrusts Sonny into a dark world of cult killers, drugs, and a corruption that's spreading throughout the Lytton Police Department itself! PQ3 features a soundtrack by Jan Hammer of MIAMI VICE fame, and our intuitive point-and-click interface.	《警察故事 3：血親》把 Sonny 推入邪教殺手、毒品，以及蔓延整個 Lytton 警察局的腐敗黑暗世界！《警察故事 3》採用《邁阿密風雲》作曲家 Jan Hammer 的配樂，並提供直覺的點擊介面。
To place an order, simply dial Sierra Sales at 800 326-6654. For International orders, call 0734-303171. Sierra Technical Support is available Monday through Friday, 7 am to 7 pm Pacific time, at 209 683-8989. Operators are standing by.	訂購請撥打 Sierra 銷售部 800 326-6654；國際訂單請撥 0734-303171。Sierra 技術支援週一至週五太平洋時間上午七點至晚上七點提供服務，電話 209 683-8989。客服人員等候中。
Police Quest: In Pursuit of the Death Angel was created by the following Honorary Members of the Lytton PD:	《警察故事：追捕死亡天使》由以下 Lytton 警察局榮譽成員共同製作：
Executive Producer: Ken Williams Creative Director: Bill Davis Producer: Tammy Dargan Art Director: Jim Larsen	執行製作：Ken Williams　創意總監：Bill Davis　製作人：Tammy Dargan　美術總監：Jim Larsen
Composer: Rob Atesalp Animators: Cindy Walker Daryle Smith Al Roughton Frances Anne Powell Deanna Yhalkee Spartaco Margioni Jim Larsen	作曲：Rob Atesalp　動畫：Cindy Walker、Daryle Smith、Al Roughton、Frances Anne Powell、Deanna Yhalkee、Spartaco Margioni、Jim Larsen
Background Artists: Jim Larsen Al Roughton Nathan Larsen Terrence C. Falls Willis Wong Maurice F. Morgan Michael Hutchison Arturo Sinclair Cindy Walker Richard Powell	背景美術：Jim Larsen、Al Roughton、Nathan Larsen、Terrence C. Falls、Willis Wong、Maurice F. Morgan、Michael Hutchison、Arturo Sinclair、Cindy Walker、Richard Powell
Programmers: Krishnan Shankar Charles "Chip" Kercher III Todd Powers Scott Murphy Carlos Escobar Michael Brock Hugh Diedrichs	程式設計：Krishnan Shankar、Charles「Chip」Kercher III、Todd Powers、Scott Murphy、Carlos Escobar、Michael Brock、Hugh Diedrichs
Music Director: Mark Seibert	音樂總監：Mark Seibert
Development System: Jeff Stephenson Mark Wilden Dan Foy J. Mark Hood Christopher Smith Larry Scott Ken Koch Jack Magne	開發系統：Jeff Stephenson、Mark Wilden、Dan Foy、J. Mark Hood、Christopher Smith、Larry Scott、Ken Koch、Jack Magne
Additional Written Material: Scott Murphy Lorlei Shannon	補充文字：Scott Murphy、Lorlei Shannon
Special Thanks: Kit Rees, Model Assembly Quality Assurance: Mike Pickhinke John Ratcliffe	特別感謝：Kit Rees、Model Assembly　品質保證：Mike Pickhinke、John Ratcliffe
A Very Special Thanks to the following people, who made this game possible: Hugh Diedrichs, SWAT Programmer Carlos Escobar, SWAT Programmer Josh Mandel, SWAT Director Stuart Moulder, SWAT Producer	特別感謝以下讓本遊戲得以完成的人員：Hugh Diedrichs（SWAT 程式設計）、Carlos Escobar（SWAT 程式設計）、Josh Mandel（SWAT 導演）、Stuart Moulder（SWAT 製作人）
These are lot more effective when used in conjunction with a weapon.	這些物品搭配武器使用時，效果會好得多。
Those only work in the lock of your personal vehicle.	那些只能用在你私人車輛的車鎖上。
Don't know what you had in mind. That's designed to be used only in your computer.	不知道你在想什麼。那是專供電腦使用的。
Those items won't work together.	那些物品不能一起使用。
That's an interesting idea.	這主意挺有意思。
That's not necessary.	沒必要這麼做。
That won't do anything helpful.	那樣做沒有幫助。
Listen, pal, frivolous use of your piece is grounds for termination, not to mention potential indictment.	聽著，夥計，隨意亂用配槍足以讓你丟掉工作，更別提可能遭到起訴。
Your cuffs have a specific application. That's not one of them.	手銬有特定用途；這不是其中之一。
That won't further your cause.	那樣無法幫你達成目的。
That will only work in the door to your hotel room.	那只能用在你飯店房間的門上。
You'll want to save these spiffy duds for your own use.	這套漂亮衣服還是留給自己穿吧。
That's not proper treatment of someone's personal effects.	那不是處理他人私人物品的正當方式。
Just another part of the Lytton landscape...what the Mayor would call, "another one of Lytton's thousand points of light."	Lytton 景色的另一部分……市長會稱它為「Lytton 千萬點燈火中的又一點」。
Keep that stowed unless the you're going to use it properly.	除非要正確使用，否則把它收好。
Hey! Hey! Hey! No grafitti! You're an officer of the law. Set a good example.	嘿！嘿！嘿！不准塗鴉！你是執法人員，要做好榜樣。
While it sounds like fun now, you'll regret it later.	現在聽起來也許很好玩，但你之後會後悔。
That's meant for your patrol car's ignition switch only.	那只適用於巡邏車的點火開關。
That's not a proper application for your radio extender.	那不是無線電延伸器的正確用途。
It's not unlike talking to a brick wall.	這就像對著磚牆說話一樣。
That's improper procedure. Try a different approach.	程序不正確。換個方法試試。
You can't be pasting tickets any place you want.	你不能想在哪裡開單就在哪裡開單。
Those keys are only meant to be used in the undercover car's ignition.	那些鑰匙只能用於便衣車的點火開關。
Pretty carefree behavior for a person drawing a salary from a police department.	領警察局薪水的人，這種行為未免太隨便了。
The warrant has a very specific purpose; that's not it.	這張令狀有非常明確的用途；不是拿來做這件事的。
You quickly slide the bullets into their respective chambers.	你迅速把子彈一一推入彈巢。
Select this icon to adjust the game's sound, detail level, Sonny's movement speed, or to save, restore, or quit a game.	選取此圖示可調整音效、畫面細節與 Sonny 的移動速度，也能存檔、讀檔或離開遊戲。
This is Sonny's currently selected inventory item.	這是 Sonny 目前選取的物品。
Use this to reduce animation and speed-up play if the game is running too slow on your machine.	如果遊戲在你的電腦上執行太慢，可用此功能減少動畫、加快遊戲速度。
Select this icon to manipulate objects or to pick up items.	選取此圖示可操作物件或拾取物品。
That's not something you need to do.	你不需要這麼做。
Just exactly where did you think that would fit?	你以為那究竟能裝在哪裡？
Not now.	現在不行。
That's not the way to load your gun.	那不是裝填槍械的方法。
You tug at your clothing to achieve a slightly more comfortable fit.	你拉了拉衣服，讓它穿起來舒服一點。
Simply having the gun as your "active" inventory item is sufficient to consider it drawn.	只要把槍設為目前使用的物品，就算已經拔槍。
Cuffing yourself will make it difficult to do much of anything.	把自己銬起來後，很多事都很難做。
It's you, Officer Sonny Bonds, proud member of the Lytton Police Department.	你就是 Sonny Bonds 警官，為身為 Lytton 警局的一員而自豪。
What could you possibly have done to deserve such brutality...and at your own hands, too?	你究竟做了什麼，竟值得這種殘酷對待……而且還是出自你自己之手？
Hey, watch it! You could put an eye out with that thing!	嘿，小心！那東西可能會戳瞎人的眼睛！
That's not a necessary step at this point.	現在還不需要這一步。
One might expect the infirm and the indigent to talk to themselves, but one does not expect this behavior of an officer of the law.	一般人可能會預期病弱者或窮困者自言自語，但警察做出這種行為就不太尋常了。
That won't help you now.	現在那幫不了你。
This is the help icon. Click this on other icons to see what they do.	這是說明圖示。將它點到其他圖示上，即可查看各圖示的功能。
Intro/Credits	開場／製作人員
Play New Game	開始新遊戲
Restore Old Game	讀取舊遊戲
Quit	離開
Police Quest:	《警察故事》：
The Death Angel	死亡天使
Use this icon to manipulate an inventory items.	使用這個圖示操作物品欄中的物品。
This the help icon. Click this on others to see what they do.	這是說明圖示。點擊其他圖示即可查看功能。
Use this icon to select one of the inventory items.	使用這個圖示選取物品欄中的物品。
Use this icon to get a closer look and description of an inventory item.	使用這個圖示查看物品欄物品的近照與說明。
Use this icon when you are ready to return to the game.	準備回到遊戲時使用這個圖示。
Use this icon to select one of the available inventory items.	使用這個圖示選取可用的物品。
Use this icon to examine things in the area.	使用這個圖示查看附近的事物。
Return to the game.	返回遊戲。
Use this Icon to quit the game.	使用這個圖示離開遊戲。
Start the game at the beginning.	從頭開始遊戲。
Restore A Game.	讀取遊戲。
Save your current game.	儲存目前的遊戲。
This displays your current score.	這裡顯示目前得分。
of	的
Use this to adjust the sound level.	用此功能調整音量。
Use this to control the speed of Sonny's movement.	用此功能控制 Sonny 的移動速度。
Select this icon to talk with other people in the area.	選取此圖示與附近的人交談。
Welcome to Police Quest. Pick one of the following.	歡迎來到《警察故事》。請選擇下列選項。
That is designed to fit only the locks of your unmarked car.	那只適用於無標誌車的車鎖。
Use this icon to move Sonny around.	用此圖示讓 Sonny 四處移動。
Lytton, California	加州 Lytton
Moulder's Travel Guide, 1965 Edition: "No tour of the California good life would be complete without a stop in Lytton...one of those gems of a small town where progress hasn't spoiled the land or the people..."	Moulder 旅遊指南，1965 年版：「加州美好生活之旅若沒在 Lytton 停留，就不算完整……這是一座進步尚未摧毀土地與人民的小鎮瑰寶……」
Western Lifestyles Magazine, May, 1975: "Through the craziness of the '60s, Lytton, California has managed to hang onto its high moral values and simple lifestyle, despite the inevitable encroachment of a few undesirable elements..."	《西部生活風格》雜誌，1975 年 5 月：「在瘋狂的六○年代，California 的 Lytton 仍設法維持崇高道德與簡樸生活，儘管少數不受歡迎的分子不可避免地逐步侵入……」
"Eyes On California," CBC News Report, January, 1985: "Lytton may be a small town geographically, but its problems are at least as serious as those in any major city..."	「聚焦加州」，CBC 新聞報導，1985 年 1 月：「Lytton 在地理上或許是小鎮，但它的問題至少和任何大城市一樣嚴重……」
The Present	現在
It seems well-constructed.	它看起來製作得很牢靠。
This is the parking garage.	這是停車場。
You don't want to use your personal car for business. You don't know if your insurance covers it!	你可不想開自己的車辦公。誰知道保險到底賠不賠！
You'll need your car keys first.	你得先拿到車鑰匙。
It's your sporty personal vehicle.	這是你那輛帥氣的私人座車。
This isn't Space Quest IV, Bonds. You can only go down the drain professionally in this game.	這不是《太空任務 IV》，Bonds。在這款遊戲裡，只有你的職涯會一路下水溝。
It's a storm drain. It rarely rains in this part of California, but in case it does, the LPD is ready.	這是雨水排水溝。加州這一帶很少下雨，但萬一真的下了，Lytton 警察局已做好準備。
Watch it, Sonny. I'll cite you for copping a feel...or is that feeling a cop?	小心點，Sonny。我可以開單告你亂摸……還是說，你是在摸警察？
Sonny, we got an anonymous tip that a drug deal is going down at Bert's Park. We've got to get over there.	Sonny，我們收到匿名線報，伯特公園正在進行毒品交易。我們得趕快過去。
Too bad you weren't able to secure the No Bail Warrant, Sonny. That really would have been a feather in your cap. Oh, well. Since it was your first action since joining the unit, I don't think Morgan will come down too hard on you. Better luck next time.	可惜你沒能拿到不得交保令，Sonny。那本來會是你的漂亮成績。算了，畢竟這是你加入小組後的第一次任務，我想 Morgan 不會對你太嚴厲。下次加油。
Alright, Sonny. You got the warrant. Good job! Boy, this'll be a feather in your cap.	好，Sonny。你拿到令狀了。做得好！這下可要記你一功。
The door opens automatically. Just walk up to it.	門會自動打開，直接走過去就好。
This is the entrance to the police station.	這是警察局入口。
What, did you think there was a key hidden under it?	怎麼，你以為鑰匙藏在下面嗎？
It's the mat that triggers the automatic sliding doors.	是這張墊子觸發自動滑門。
The pole doesn't budge. Good thing, too, since it helps hold up the building.	柱子紋風不動。這樣正好，畢竟它還要支撐整棟建築。
It's a support pole.	這是支撐柱。
You can't do that -- at least not now!	你不能那樣做——至少現在不行！
Hey, Sonny, I have some paperwork to take care of. Why don't you go to the Blue Room and tell Jack the good news? That creep won't be on the streets for a long time!	嘿，Sonny，我還有些文書工作要處理。你去藍房告訴傑克這個好消息吧？那個人渣很久都別想在街上逍遙了！
Okay, sounds good. I'll head on over there. See you later, Laura.	好，沒問題。我這就過去。回頭見，Laura。
You give the car a quick inspection. Everything looks ready to go.	你快速檢查車輛，一切看起來都已準備就緒。
You haven't been on foot patrol for years. Use a car!	你已經好幾年沒徒步巡邏了。開車吧！
Only uniformed officers can use the patrol car, Bonds.	Bonds，只有穿制服的警員才能使用巡邏車。
You'll need keys for that.	你需要鑰匙才能那樣做。
That's your departmental issue patrol car.	那是警局配發給你的巡邏車。
You'll need the undercover car's keys before you can drive it.	你得先拿到便衣車的鑰匙才能開它。
This vehicle belongs to the Narcotics Unit. It was confiscated in a large drug bust upstate and issued to the department through a program which distributes siezed assets to local law enforcement agencies.	這輛車屬於緝毒組。它是在州外的大型掃毒行動中查扣的，之後透過分配沒收資產給地方執法機關的計畫，配發給本局使用。
Yep, solid wall.	沒錯，是一面實心牆。
This is the Lytton Police station.	這是 Lytton 警察局。
You're not that tall, Bonds.	Bonds，你沒那麼高。
It's an air conditioning vent. Budgetary constraints have forced a cutback in the use of air conditioning, except in the hottest weather.	這是冷氣通風口。受限於預算，除非天氣熱到受不了，否則冷氣都得少開。
Yep, solid hallway.	沒錯，是一條實心走廊。
This hallway leads left to the parking garage and right to the main hallway.	這條走廊左通停車場，右通主走廊。
Despite the fact that some of these notices are pitifully out of date, you, like everybody else, leave them where they are.	儘管其中一些公告早已過時得可憐，你和其他人一樣，仍讓它們留在原處。
A bulletin board displaying general notices and announcements. There's nothing new today.	這是一面張貼一般通知與公告的佈告欄。今天沒有新消息。
You're more concerned with advancement at work and improving your social life than you are in performing volunteer work.	比起做志工，你更在意工作升遷和改善社交生活。
A flyer looking for volunteers for the Police Athletic League.	這是警察體育聯盟招募志工的傳單。
Don't take it down, it's an antique!	別把它撕下來，這可是古董！
A notice urging all Department personnel to sell their share of tickets to the annual Policeman's Ball.	這張通知鼓勵全體警局人員推銷年度警察舞會的票。
This particular notice is two years old. The Policeman's Ball isn't held here anymore; there wasn't enough community support.	這張通知已經兩年了。警察舞會現在不在這裡舉辦，因為社區支持不夠。
Don't bother. Whoever rear-ended the Jaguar will no doubt remove this notice as soon as possible.	別費事了。那個撞上美洲豹車尾的人，肯定會盡快把這張通知拿掉。
A typewritten notice: "Will whoever rear-ended my 1965 yellow Jaguar please come forward and admit it? Let's work out the insurance problems together. 555-7627."	一張打字通知：「哪位撞上我 1965 年黃色 Jaguar 的人，請出面承認？我們一起處理保險問題。555-7627。」
That's okay, there are nicer posters of La Boheme available by mail-order.	沒關係，郵購目錄裡有更好看的《波希米亞人》海報。
An announcement: Lytton High School presents "La Boheme," now through the 24th.	公告：Lytton 高中演出《波希米亞人》，演出至 24 日。
You'll pass.	你會通過的。
If there's any hope at all of finding this lost cat, you'll ruin it by taking the notice down.	如果還有任何找回這隻失貓的希望，拿下公告就會毀掉它。
Someone lost a male Tabby in Cotton Cove.	有人在棉花灣弄丟了一隻公虎斑貓。
You don't hold out much hope. Lost domesticated pets rarely survive long on their own.	你不抱太大希望。走失的家養寵物很少能獨自在外面活太久。
A lot of your friends are on the Grunters. Leave the notice up; it may be the only 15 minutes of fame these officers ever get.	很多朋友都在「咕嚕隊」。把通知留著吧，這可能是這些警員唯一能出名十五分鐘的機會。
A message from Lieutenant Morgan, congratulating the Lytton Grunters on their recent victory over the Steelton Sows. You recall reading about the astounding victory in the latest issue of the Gazette.	這是 Morgan 中尉恭賀 Lytton「咕嚕隊」最近擊敗「鋼城母豬隊」的訊息。你記得自己在最新一期《公報》讀過那場驚人勝利。
This is one of the few important memos on the board! Best to leave it where it is.	這是佈告欄上少數重要的備忘錄之一！最好讓它留在原處。
A notice reminding all officers to replace their standard-issue LPD-29 map of Lytton with the new one in the Gazette.	這張通知提醒所有警員，把標準配發的 LPD-29 Lytton 地圖換成《公報》附的新地圖。
It's the elevator button, grimy but still functional.	這是電梯按鈕，雖然髒兮兮的，還是能用。
The cabinet doors are kept locked, but you're not missing much. Pushpins, yellow post-its, and other office paraphernalia are kept inside.	櫃門一直鎖著，但裡面沒什麼值得錯過的東西。裡頭放著圖釘、黃色便利貼和其他辦公雜物。
It's an official Lytton Police Department particle board storage cabinet, Item #42115-54.	這是 Lytton 警察局的官方塑合板儲藏櫃，物品編號 42115-54。
No, no, no. Push the button, Bonds.	不、不、不。按按鈕，Bonds。
The elevator numbers tell you which floor the elevator is on.	電梯上的數字顯示目前所在樓層。
Knocking on the doors won't make it work any faster. Just press the button.	敲門不會讓它快一點。按按鈕就好。
The elevator doors are closed.	電梯門關著。
This door leads to the Evidence Lockup.	這扇門通往證物保管室。
You don't need to write a memo at this time.	你現在不需要寫備忘錄。
You've already submitted one transfer request; there's no point in filling out another. If you did, they'd probably transfer you back again.	你已經提交過一份調職申請，再填一份也沒有意義。真這麼做的話，他們大概會把你調回原單位。
Paperwork?! NOW?! You're off duty. Who wants to do paperwork when they're off duty? Do it on Police time.	文書工作？！現在？！你已經下班了。誰想在下班後處理文書？上班時間再做。
Summoning up your best grammar, you write a memo to Lt. Morgan requesting a transfer to Narcotics.	你使出最好的文法，寫了一份備忘錄給 Morgan 中尉，申請調往緝毒組。
This memo slot holds Transfer Request forms, Item #46471-32.	這個文件槽放著調職申請表，品號 #46471-32。
Since you're interested in the position, you briefly consider pulling the memo down before anybody else can apply. But you're too much of a straight-shooter to resort to such underhanded tactics...for now.	既然你對這個職缺有興趣，你短暫考慮過在別人申請前把備忘錄取下。但你太正直了，暫時還不會使這種卑鄙手段……
The memo indicates that applications are being accepted for a position in the Narcotics Unit.	備忘錄表示緝毒組正在接受職位申請。
test1	test1
test2	test2
test3	test3
test4	test4
You'd better get changed and get your butt to the Blue Room, Sonny. You're supposed to be at Jack's surprise party!	你最好換好衣服，趕快到藍房去，Sonny。你還得參加傑克的驚喜派對！
Maybe another time. You've got other tasks to handle currently.	下次再說吧。你目前還有其他工作要處理。
Sonny! Dooley wants you in his office, pronto! He's foaming about something...what'd you do this time?	Sonny！Dooley 要你立刻去他的辦公室！他氣得直冒泡……你這次又做了什麼？
Hey, Sonny, Dooley wasn't kidding when he said he wanted to see you ASAP. He's having conniptions. You better move it.	嘿，Sonny，Dooley 說要見你可不是開玩笑。他快抓狂了。你最好動作快點。
Hmmm...a chance to do something other than routine patrol. Maybe I should fill out one of those Narcotics Unit transfer applications.	嗯……終於有機會做點例行巡邏以外的事。也許我該填一份緝毒組調職申請。
Hey, Sonny, I saw the write-up in the paper. I suppose your head's gonna swell. Don't forget, you've gotta fit it in the door of the Blue Room for Jack's surprise party tonight. See ya!	嘿，Sonny，我在報紙上看到你的報導了。你大概快得意忘形了。別忘了今晚得準時到 Blue Room 參加 Jack 的驚喜派對。回頭見！
You'd better fill out one of those transfer forms soon. This opportunity's too good to miss. Not much room for advancement in a small town like Lytton.	你最好快點填一份調職表。這個機會不能錯過。在 Lytton 這種小城，升遷空間可不大。
You don't have any need for those patrol car keys nor should you remove them from the premises when off duty, Bonds.	你不需要那些巡邏車鑰匙，而且下班時也不該把它們帶離警局，Bonds。
Since you are now a member of the Narcotics Unit, you won't have any need for those patrol car keys. Returning them will allow someone else to use the unit.	你現在已經是緝毒組成員，不再需要那些巡邏車鑰匙。把鑰匙歸還，其他人才能使用這輛車。
You're off duty and shouldn't be leaving the station with departmental property. Return the radio extender, Bonds.	你已經下班，不該帶著警局財產離開。把無線電延伸器交回來，Bonds。
You'd better leave the radio extender behind. If you get patted down, it could lead to blown cover and a premature ending to what you thought might be a promising career.	你最好把無線電延伸器留下。要是被搜身，臥底身分可能曝光，你以為前途光明的警察生涯也會提前結束。
You better get your radio extender. No good officer should leave their station without one.	你最好拿上無線電延伸器。稱職的警員不該不帶它就離開警局。
You'd better not leave now! You're almost late for your briefing as it is.	你現在最好別走！照目前的情況，你的簡報已經快遲到了。
Hey! Remember what Laura said about Narcotics. You'll be passing up a big opportunity for advancement.	嘿！記得 Laura 說過的緝毒組。你會錯過一個大好的升遷機會。
Hi, Sonny. Did you fill out that request form yet? Morgan wants to make a decision soon.	嗨，Sonny。你填好那份申請表了嗎？Morgan 很快就要做決定。
How's it goin', Sonny? I'd like to shoot the bull, but Dooley's gonna deep-fry my huevos if I'm late for one more briefing this week. Later, hot shot.	最近如何，Sonny？我本想和你閒聊，但這週再遲到一次簡報，Dooley 就要把我的蛋蛋炸熟了。待會見，明星！
Hi, Sonny!	嗨，Sonny！
How's it goin, Sonny?	最近過得怎樣，Sonny？
Hands off the officers, Bonds. They're departmental property.	別碰警員，Bonds。他們是警察局的財產。
Another one of Lytton's finest. You like your co-workers, and most of the time, you think that they like you.	Lytton 警局的另一名菁英。你喜歡同事，而且大多時候，你相信他們也喜歡你。
You don't have time to chat, Bonds.	你沒時間聊天，Bonds。
Seems like a good, solid hallway.	看起來是一條結實可靠的走廊。
This is the main hallway, which conveniently links several rooms together allowing you access to them all with a minimum of effort.	這是主走廊，方便地連接數個房間，讓你不用費多少力氣就能通往各處。
This door leads to the briefing room.	這扇門通往簡報室。
This door leads to Sgt. Dooley's office.	這扇門通往 Dooley 警佐的辦公室。
The doors are locked.	門鎖著。
Officer Billings keeps batteries for the radios in here. Since he checks the extenders each morning, there's nothing of interest to you.	Billings 警官把無線電電池放在這裡。既然他每天早上都會檢查延伸器，這裡沒有你感興趣的東西。
You take the keys for your patrol car.	你拿起巡邏車鑰匙。
You're a narcotics officer now. You don't need those squad car keys anymore.	你現在是緝毒警官，不再需要那些巡邏車鑰匙。
You already have the key to the squad car.	你已經有巡邏車的鑰匙了。
The board holds keys to the department's cars.	這面板上掛著警局各輛車的鑰匙。
This door leads to the locker room.	這扇門通往更衣室。
That radio is assigned to another officer.	那台無線電配給其他警員了。
Don't take a police radio extender undercover! If the find it on you, you're dead meat.	臥底時別帶警用無線電延伸器！要是被搜出來，你就完了。
One radio extender is plenty.	一台無線電延伸器就夠了。
The radios provide communication with the station when you're away from the car radio or you're patrolling on foot.	當你離開車上的無線電，或徒步巡邏時，無線電能讓你和警局保持聯絡。
The doors are in front.	門就在前面。
The side of the cabinet is scuffed, and the plastic paneling is starting to peel. The LPD budget being what it is, cosmetic appearance is considered unimportant.	櫃子側面滿是刮痕，塑膠面板也開始剝落。考量 LPD 的預算，外觀自然不重要。
Boy, I bet Dooley's really pissed.	天啊，我敢打賭 Dooley 氣壞了。
You're not kiddin'. He's mad enough to lay an egg himself.	你沒說錯。他氣到都快生蛋了。
Hey, don't forget Jack's little surprise party. We'll see you at the Blue Room after you change out of your blues.	嘿，別忘了 Jack 的小驚喜派對。你換下制服後，藍屋見。
Hey, Sonny, you gotta see this! Dooley's really got his hands full! I don't know who this 'Gremlin' is but I sure am enjoying the grief he's causing Dooley.	嘿，Sonny，你一定要來看看！Dooley 真是忙得不可開交！我不知道這個「Gremlin」是誰，但他給 Dooley 找的麻煩真讓我開心。
Oh, geez! I'm supposed to see Dooley PRONTO! He's gonna take a few pounds offa my hide if I don't get in there.	喔，天啊！我得馬上去見 Dooley！要是我不進去，他會狠狠教訓我一頓。
Well, I hope he's got time to see you. He looks busier than a one-legged man at a butt-kicking contest. Damn, I crack myself up!	嗯，希望他有時間見你。他忙得像單腿的人參加踢屁股比賽。天啊，我真會逗自己笑！
Sonny! Dooley wants to see you ASAP! He didn't look too happy either, buddy. It's been nice workin' with ya'. Ha ha!	Sonny！Dooley 要你立刻去見他！夥計，他看起來也不太高興。跟你共事很愉快。哈哈！
Sonny! Dooley was lookin' for you. He said he has something important to tell you. Maybe you've been promoted to Head Donut Fetcher! <snicker>	Sonny！Dooley 正在找你。他說有重要的事要告訴你。也許你升官成為首席甜甜圈採買員了！<竊笑>
And, Mr. Mayor, this is the rest of the downstairs area of our facility. As you can see, we keep a...	市長先生，這裡是我們設施一樓剩下的區域。如您所見，我們保存著……
BONDS, WHERE THE HELL HAVE YOU... ah.. pardon me, Mr. Mayor.	Bonds，你到底跑哪裡去了……啊……抱歉，市長先生。
I'm currently conducting a tour of the department for the Mayor. But I'm gonna have a little chat with you...LATER.	我目前正在帶市長參觀警察局。不過我之後會和你談談……晚點再說。
Get dressed and be in my office in 30 minutes. When I'm through with you, you're gonna need a PLUMBER to help you swallow your LUNCH!	穿好衣服，三十分鐘內到我辦公室。等我教訓完你，你得找水管工幫你把午餐吞下去！
I'm sorry about this incident, Mr. Mayor. As I'm sure you're aware, no matter how fine a group of individuals we employ, there's always got to be one screw-up. We'll have one less in 30 minutes, I can assure you. Anyway, as I was saying...	市長先生，很抱歉發生這起事件。您一定知道，不管我們雇用的團隊多麼優秀，總會有一個害群之馬。我保證三十分鐘後就會少一個。總之，剛才說到……
You don't want to interrupt Dooley and his new friend, do you? They make such a fun couple.	你不會想打斷 Dooley 和他的新朋友吧？他們真是有趣的一對。
Only uniformed officers are allowed in the briefing room.	只有穿制服的警員可以進入簡報室。
You take your radio.	你拿起自己的無線電。
The radio transmitters are kept here.	無線電發射器放在這裡。
You don't have time to be sitting around, Bonds. There's work to be done!	你沒時間坐在這裡閒晃，Bonds。還有工作要做！
You take the towel, then remove your uniform and hang it in the locker.	你拿起毛巾，脫下制服掛進置物櫃。
You remove your leisure suit and place it in the locker, taking the towel. Are you ever glad to be out of THAT thing!	你脫下休閒服放進置物櫃，拿出毛巾。能脫掉那件東西真是太好了！
You take the towel and remove your street clothes, placing them in the locker.	你拿起毛巾，脫下便服放進置物櫃。
The benches are old, and notorious for splinters.	長椅很老舊，出了名容易扎刺。
These are the keys to your Camaro.	這是你的 Camaro 車鑰匙。
You grab your street clothes and slide them on. Ah, much better!	你拿起便服穿上。啊，舒服多了！
All patrol officers MUST wear a regulation uniform when on duty. Wait till you're off duty to put on your street duds.	所有巡邏警員值勤時都必須穿著規定制服。下班後才能換上便服。
You hang up your street duds.	你把便服掛起來。
This isn't a fashion show. You don't need those now, anyway.	這不是時裝秀。而且你現在也用不到那些東西。
These are your street clothes.	這是你的便服。
It's the combination lock for your locker. To use it, click your hand on the dial beside the digit you wish to change. Dial the correct combination and then click your hand on the locker handle to open the locker.	這是你置物櫃的密碼鎖。使用時，用手游標點擊要更改的數字旁轉盤。轉到正確密碼後，再用手游標點擊置物櫃把手開櫃。
Officer Morris can wash himself, thank you very much.	Morris 警官會自己洗澡，謝謝關心。
Officer Morris Fudley of the Traffic Division. Boy, does this guy love to take showers!	交通科的 Morris Fudley 警官。天啊，這傢伙真愛洗澡！
Bismillah, NO! We will not let you go, let me go! Bismillah, NO! We will not let you go, let me go! Will not let you go...	以真主之名，不行！我們不會放你走，放我走！以真主之名，不行！我們不會放你走，放我走！不會放你走……
Officer Morris is too busy singing to talk to you.	Morris 警官忙著唱歌，沒空跟你說話。
Hey! Watch it, hairy!	嘿！小心點，毛人！
Hey, wake up, Bonds.	嘿，醒醒，Bonds。
I'd love to dance with you, Bonds, but unfortunately, I have to go out and be a cop. Maybe some other time.	我很想和你跳舞，Bonds，但很遺憾，我得出去當警察。下次吧。
Sonny, if you're this coordinated on the firing range, remind me to be out of town the next time you go to practice!	Sonny，如果你在靶場也這麼協調，下次你要練習時記得提醒我離開城裡！
Hey, dude, keep outta my personal space, okay?	嘿，老兄，離我的私人空間遠點，好嗎？
He doesn't need any help adjusting his uniform.	他不需要任何人幫忙整理制服。
A proud member of the LPD.	LPD 引以為傲的一員。
Ugh, wouldn't THAT be a horrible sight, ha ha! Later, Sonny.	呃，那畫面一定很可怕，哈哈！回頭見，Sonny。
Hey Sonny, You smell like a goat. Take a shower, dude.	嘿，Sonny，你聞起來像山羊。去洗澡吧，老兄。
My poor old dog has no nose.	我那可憐的老狗沒有鼻子。
Poor guy. How does he smell?	可憐的傢伙。牠聞起來怎樣？
He smells awful! Ha ha ha!	牠聞起來糟透了！哈哈哈！
Ouch! You can't believe you fell for that one.	哎喲！真不敢相信你會上這個當。
Hey, Sonny, you found a girlfriend yet? Wake up, buddy, the lovely ladies of Lytton are pining away for you. Hah!	嘿，Sonny，你找到女朋友了嗎？醒醒吧，老兄，Lytton 的美女們都在等你呢。哈！
Personal hygiene is very important, you know. You do brush every day, don't you? I hope you floss. Most people don't. Be sure you get between your back teeth. Popcorn hulls and apple skins can hide back there for weeks. Weeks, I tell you!	個人衛生很重要，你知道嗎。你每天都刷牙吧？希望你也用牙線。大多數人不會。記得清理後排牙齒之間，爆米花殼和蘋果皮可以在那裡躲好幾週。好幾週，我說真的！
Hmm, I don't know about this cologne. What do you think, Sonny?	嗯，我不確定這款古龍水好不好。你覺得呢，Sonny？
Musk and leather are out this year. Woodsy scents are in.	今年麝香和皮革退流行了，木質香氣才流行。
Yeah? Really?	是嗎？真的？
Really. But this stuff...I dunno, it's citrusy. Makes you smell like a mango or something.	真的。不過這東西……我不知道，有股柑橘味。會讓你聞起來像芒果之類的。
Thanks loads, Bonds. Anyway, a mango isn't a citrus fruit.	多謝你啊，Bonds。不過芒果不是柑橘類水果。
What am I, a farmer?	我是農夫嗎？
You're about as good a farmer as a fragrance consultant. Or a cop, for that matter!	你當農夫就跟當香氛顧問一樣不稱職。當警察也是！
Did you know that Medieval people only bathed a few times a year? Dooley would've fit right in...HAH!	你知道中世紀的人一年只洗幾次澡嗎？Dooley 肯定很適合那個年代……哈哈！
You remove your gunbelt. It carries your 9mm handgun, speedloader, and a pair of stainless steel handcuffs.	你解下槍帶。上面掛著 9mm 手槍、快速裝彈器和一副不鏽鋼手銬。
Take your departmental issue piece with you on an undercover assignment, Bonds? Not too smart.	Bonds，執行臥底任務還帶著配槍？不太明智。
This is the handle for your locker. Once you've entered the combination, lifting this handle will open the locker.	這是置物櫃把手。輸入密碼後，抬起把手就能開櫃。
Why don't you try your combination instead, Bonds?	Bonds，何不試試你的密碼？
Just as you start to enter your combination, you realize with panic that you've completely forgotten your locker combination. Damn! This happens every time!	你正要輸入密碼時，驚慌地發現自己完全忘了置物櫃密碼。該死！每次都這樣！
Then you remember reading your combination somewhere recently...	接著你想起最近好像在哪裡讀過密碼……
That's it! You saw it in the Gazette! Your combination is the same as the final score in the Grunters-Sows final playoff game.	沒錯！你在《公報》上看過！密碼就是 Grunters 對 Sows 季後賽決賽的最終比分。（269）
It's your locker door.	這是你的置物櫃門。
You put your personal car keys in your locker.	你把私人車鑰匙放進置物櫃。
You hang your gunbelt in the locker.	你把槍帶掛進置物櫃。
You put the notebook and pen in the locker.	你把筆記本和筆放進置物櫃。
You put the peroxide in the locker.	你把過氧化物放進置物櫃。
You put your ticketbook in the locker.	你把開單簿放進置物櫃。
These are lockers which give this room its name.	這些置物櫃就是這個房間名稱的由來。
It's your ticket book and pen.	這是你的開單簿和筆。
This is your departmental issue PR-24 nightstick.	這是警察局配發的 PR-24 警棍。
The partition is good at keeping shower water away from the locker area.	隔板能有效防止淋浴水濺到置物櫃區。
It's the bottle of peroxide you're supposed to use to dye your hair white. Pyew!	這瓶過氧化物是拿來把頭髮染白的。呸！
Just walk there.	走過去就好。
The department uses low-flow, aerated shower heads. Water conservation is an issue in this part of the country.	警察局使用低流量的加氣淋浴頭。這一帶很重視節約用水。
Giving it the white glove test? Aside from the moisture, you'll only get athlete's foot germs on your hand.	要用白手套測試嗎？除了水氣以外，你只會在手上沾到香港腳的細菌。
The showers remind you of your high school gym days, where the same rules applied: don't bump into anybody, don't make eye contact, and never let 'em catch you looking below eye level.	淋浴間讓你想起高中體育館的日子；規則一樣：別撞到任何人、別和人眼神交會，也絕不能讓人發現你往腰部以下看。
You know the "Whitey" disguise is pretty lame but you've got to change into it before you can go undercover.	你知道「Whitey」偽裝很蹩腳，但臥底前必須換上它。
You'd better change into your uniform. You're late as it is.	你最好換上制服。你已經遲到了。
You don't need that uniform when you're off duty.	下班時不需要穿那套制服。
When you're on duty, you must wear a regulation uniform.	值勤時必須穿規定制服。
You're a Narc detective now. You don't need that trusty blue anymore.	你現在是緝毒探員，不再需要那套可靠的藍制服。
Only uniformed officers are allowed to carry that.	只有穿制服的警員可以攜帶那件物品。
You should think about removing your clothes first before taking a shower. You'll get cleaner that way.	洗澡前應該先脫衣服。那樣才能洗得更乾淨。
You've already taken a shower.	你已經洗過澡了。
Hey, Sonny! What do you think, will Morris scrub away to nothing or will he get waterlogged and become the first living drain plug? Ha ha!	嘿，Sonny！你覺得 Morris 會洗到消失，還是會泡到變成第一個活水塞？哈哈！
You're undercover now. Taking that with you might blow your cover.	你現在正在臥底。帶著那件東西可能會暴露身分。
That must be the wrong combination. Now what WAS that Grunters-Sows score again? Better check your copy of the Gazette.	密碼一定錯了。Grunters 對 Sows 的比分到底是多少？最好再查查你的《公報》。（269）
You took care of that before you left the house this morning.	你今天早上離家前已經處理過了。
Those are toilet stalls. You hate using them, so you're careful to use the facilities at home before coming to work.	那些是廁所隔間。你討厭使用它們，所以每天上班前都會先在家解決。
You change into the disguise. Oh, God, it's a leisure suit!	你換上偽裝。天啊，是休閒服！
You also find a wallet containing the undercover money you'll need.	你還找到一個皮夾，裡面有臥底時需要的錢。
Bleach your hair first, so you don't end up ruining the - yecch! - leisure suit.	先漂白頭髮，免得最後弄壞那件——呸！——休閒服。
You hang up your "hustler" suit. You're glad to be rid of it!	你掛起「花花公子」套裝。擺脫它真令人高興！
That outfit wouldn't be in good taste at this time.	現在穿那套衣服不太合適。
It's your horrid 'Whitey' disguise.	這是你可怕的「Whitey」偽裝。
Everything in the room is covered with dampness from the showers. It's unpleasant to touch.	房間裡的一切都被淋浴的水氣覆蓋，摸起來很不舒服。
It's the steamy, sweaty locker room for the male cops.	這是悶熱、滿是汗味的男警員更衣室。
You get the towel and put it on. You were raised to be modest!	你拿起毛巾披上。你從小受教要保持端莊！
You place the towel back in the locker, and hope it doesn't grow mildew. Yuk!	你把毛巾放回置物櫃，希望它不會發霉。噁！
You already took a shower. How clean do you want to get?	你已經洗過澡了。你還想洗得多乾淨？
It's your towel. You may want to think about taking it home and washing it someday.	這是你的毛巾。也許哪天該考慮帶回家洗一洗。
You change into your trusty blue uniform.	你換上可靠的藍制服。
You don't need to wear that uniform anymore. You're a Narc officer now.	你不再需要穿那套制服。你現在是緝毒警員。
Regulations state you must take a shower before changing into your uniform.	規定要求你換制服前必須先洗澡。
You carefully hang up your uniform. Those cleaning bills are a wallet drainer, and they're non-deductible.	你小心掛起制服。清洗費會掏空皮夾，而且不能抵稅。
You don't need to wear your uniform now.	你現在不需要穿制服。
It's your trusty blue uniform and patrol belt.	這是你可靠的藍制服和巡邏腰帶。
There's nothing worth taking here.	這裡沒有值得拿走的東西。
Shooting a mug shot wouldn't get you much beyond a suspension and bad publicity for the department.	拍自己的大頭照頂多讓你被停職，還會替警局招來壞名聲。
The bulletin board has the usual array of mug shots and group activity announcements. Hey, is that Sergeant Dooley's mother?	公告欄上照例貼著一排大頭照和團體活動通知。嘿，那是 Dooley 警佐的母親嗎？
Putting a mustache one of the wanted posters sure blows the professional image of a police officer. (It would have been fun, though...)	在通緝海報上畫鬍子肯定會破壞警察的專業形象。（不過應該滿好玩的……）
The bulletin board doesn't want your money, Sonny.	公告欄不需要你的錢，Sonny。
You don't have time to sit around now. Get out there and write some tickets.	你現在沒時間坐著閒晃。出去開幾張罰單吧。
This is your briefing spot.	這是你的簡報位置。
Whatever you had in mind, it's too late, Bonds; the briefing will start shortly.	不管你原本想做什麼，都太晚了，Bonds；簡報很快就要開始。
The door leads back out to the main hall.	這扇門通往主走廊。
Sit down, Officer Bonds. You're not giving the briefing.	坐下，Bonds 警官。不是你主持簡報。
That would be completely out of character. You're an officer of the law, not a juvenile delinquent.	那完全不符合你的身分。你是執法人員，不是小混混。
The chalkboard is used during briefings.	簡報時會使用黑板。
Don't be ludicrous. Pens are for writing on paper.	別胡鬧了。筆是拿來寫在紙上的。
The chalkboard can't be bribed.	黑板不接受賄賂。
Don't bother moving other people's chairs around, you've got your own spot to sit at during briefings.	別費心搬別人的椅子，你在簡報時有自己的座位。
Standard departmental-issue seats, Item #42290-C.	標準部門配發座椅，品號 #42290-C。
Stop tugging on Sgt. Dooley's sleeve. He's having a rough day.	別再拉 Dooley 警佐的袖子了。他今天已經夠倒楣了。
It's Sergeant Dooley.	這是 Dooley 警佐。
Better pay attention, pal.	最好專心一點，老兄。
Some first shift, huh, buddy!	這第一個班真精彩，對吧，老兄！
Hi, guy.	嗨，夥計。
Wow, these double shifts are tough!	哇，連續兩班真累人！
Sgt. Dooley stands here. Your chair is at the table.	Dooley 警佐站在這裡。你的座位在桌邊。
The lectern is used for briefings.	簡報時會使用講台。
Sgt. Dooley stands here when he briefs the 1300 shift.	Dooley 警佐在這裡向 1300 班次進行簡報。
You don't need to turn it off.	你不需要把它關掉。
It's the light switch.	這是電燈開關。
Kurt doesn't like being fingered.	Kurt 不喜歡被人指指點點。
It's Kurt, a good-natured officer.	這是 Kurt，一位性情溫和的警官。
You close the paper, still grinning.	你闔上報紙，臉上仍帶著笑意。
Always interested in your community, you pick up the newspaper.	你一向關心社區，於是拿起報紙。
You don't have time to read the whole thing, Bonds.	Bonds，你沒時間把整份報紙讀完。
The award-winning Lytton Tribune.	得獎的《Lytton 論壇報》。
You pick up the paper, and scan the leading stories:	你拿起報紙，瀏覽頭版新聞：
LYTTON CRIME RATE GROWS WITH CITY by Ben Bulwer, Lytton journalist. In the past several years, the city of Lytton has grown in every way. Industry, employment, and population are booming. This once little town is now a thriving city. Unfortunately, every thriving being has its parasites.	《Lytton 犯罪率隨城市成長》／Lytton 記者 Ben Bulwer 報導。過去幾年，Lytton 在各方面都持續擴張：產業、就業與人口都蓬勃發展。這座曾經的小鎮如今欣欣向榮；可惜凡是繁榮之處，也都會滋生寄生蟲。
Lytton is now plagued with violent crimes such as muggings and drive-by shootings. Vandalism is running rampant. Lytton teenagers are no longer spending their time at the mall and the arcade. They are turning to more destructive pastimes. Just last night, three of Lytton's young people were arrested for DUI.	如今 Lytton 飽受搶劫、飛車槍擊等暴力犯罪侵擾，破壞公物也日益猖獗。Lytton 的青少年不再把時間花在購物中心和遊樂場，而是轉向更具破壞性的消遣。就在昨晚，三名 Lytton 年輕人因酒後駕車遭到逮捕。
Most disturbing, perhaps, is Lytton's newest nemesis; the drug trade. The problem no longer consists of kids buying marijuana from each other in the park. The amount of drug-related violence has almost doubled in the past five years. There have been recent rumors about a ruthless drug lord, known as the Death Angel.	最令人不安的，也許是 Lytton 最新的敵人：毒品交易。問題已不只是孩子們在公園互相買賣大麻。過去五年，毒品相關暴力幾乎增加了一倍。最近還流傳著一名冷酷毒梟的傳聞，人稱「死亡天使」。
See Crime, page 8.	犯罪新聞請見第 8 版。
Rats, someone tore out page 8! But another story catches your eye:	可惡，有人撕走了第 8 版！但另一則新聞吸引了你的目光：
OFFICERS NOMINATED FOR AWARD Lytton police chief Randolph Whipplestick has announced the nomination of Officer Sonny Bonds and Officer Joe Morgan for the coveted "Officer of the Year" award. Both men have shown outstanding (See Officers, page 8)	《警員獲提名角逐獎項》Lytton 警察局長 Randolph Whipplestick 宣布，Sonny Bonds 警員與 Joe Morgan 警員獲提名角逐夢寐以求的「年度警員」獎。兩人都展現了傑出表現（警員專題請見第 8 版）。
Pleased and more than a little embarrased, you put the paper back where you got it. You can't help grinning...	你既高興又有點尷尬，把報紙放回原處，忍不住咧嘴笑了起來……
A newspaper lies on the table.	桌上放著一份報紙。
It's this morning's edition of the Lytton Tribune. You see a cover story about rising crime in Lytton. Hmm, looks pretty intersting...	這是今天早上的《Lytton 論壇報》。頭版報導 Lytton 犯罪率上升。嗯，看起來頗有意思……
Jack's pigeonhole has a message that reads, 'I shot the last sucker that nosed around in MY pigeonhole!'	Jack 的信箱裡有張紙條：「上個鬼鬼祟祟翻我信箱的蠢蛋，已經被我射了！」
Keep your paws out of other people's pigeonholes, Bonds.	別把手伸進別人的信箱，Bonds。
These are pigeonholes for office mail.	這些是放置辦公郵件的信箱。
Each officer has a pigeonhole. Mail, subpoenas, and related communications are placed here daily.	每名警員都有一個信箱。郵件、傳票與相關通知每天都會放在這裡。
Steve's pigeonhole has a stack of subpoenas.	Steve 的信箱裡放著一疊傳票。
Not now!	現在不行！
First off, thank you for taking time away from your usual afternoon debaucheries to come back to work. There's some late-breaking news on that stolen Mercedes. A missing persons report was filed earlier in the day by the wife of a certain Jose Martinez, Hispanic male, 145 pounds, brown eyes, black hair.	首先，謝謝你暫時放下平日午後的荒唐消遣回來工作。那輛失竊賓士又有最新消息：今天稍早，一名叫 Jose Martinez 的西語裔男子失蹤，他體重 145 磅、棕眼、黑髮；他的妻子已報案。
It seems this gentleman was last seen two days ago, getting into a fairly late-model black Benz. No one has seen or heard from him since. Wait, it gets better. Martinez has an arrest record involving the sale of narcotics. Be careful, people. This car may have been the one involved in the murder of Lonny West.	這位先生最後一次被看見，是兩天前上了一輛較新的黑色賓士。此後沒有人見過或聽過他的消息。更重要的是，Martinez 有販賣毒品的前科。各位小心，這輛車可能就是涉及 Lonny West 謀殺案的車。
Let's get moving on this one, boys and girls, before anyone else dies. Keep your heads down, your eyes open, and above all, watch your backs! Okay, let's move out. And hey, find me that Mercedes before its owner, Malcolm Washington, deep-fries my ass. Let's go!	各位，在再有人送命前趕快行動。低調行事、睜大眼睛，最重要的是注意背後！好了，出發。還有，在車主 Malcolm Washington 把我逼瘋前，先把那輛賓士找出來。行動！
Okay, people, lets--Bonds! What in the hell are you doing out of uniform? This isn't a coffee klatch, this is a damn briefing! As soon as we're done here, get your butt down to the locker room and put on your blues! Do you understand me! Come on, people, this isn't kindergarten!	好了，各位，我們——Bonds！你沒穿制服是在搞什麼？這不是喝咖啡聊天，這是該死的勤務簡報！簡報一結束就給我滾去更衣室穿上制服！聽懂了嗎？各位，這裡不是幼稚園！
That article in this morning's paper sure made you look good, Bonds! Now maybe you can get a date, ha ha!	今天早上的報紙讓你大出風頭，Bonds！現在也許能約到人了，哈哈！
Hey! Whassa matter, is your radar down, or are you just starved for human contact?	嘿！怎麼了，你的雷達壞了，還是只是太渴望和人接觸？
Get real, Sonny! Slamdancing went out with mohawks and safety pins through the nose.	醒醒吧，Sonny！剃莫霍克頭、把安全別針穿進鼻子的年代早過去了。
Hey! I'm not into full contact sports. I was on the varsity golf team in high school, man!	嘿！我不喜歡全接觸運動。老兄，我高中可是校隊高爾夫球員！
Wake up, Sonny! What's the matter, those seven donuts and four cups of coffee haven't kicked in yet?	醒醒，Sonny！怎麼了，七個甜甜圈和四杯咖啡還沒發揮作用嗎？
Hey! You got chocolate in my peanut butter! Ha ha ha ha!	嘿！你把巧克力弄到我的花生醬裡了！哈哈哈哈！
Hey! What's with you, Bonds, were you up a little too late last night? Nah, that would mean you had a social life!	嘿！你怎麼回事，Bonds，昨晚是不是太晚睡？不，那表示你得先有社交生活！
Hey, Sonny. You better grab your seat before Dooley chews up your can.	嘿，Sonny。趕快坐好，免得 Dooley 把你罵到臭頭。
What's up dude? Looks like the briefings going to start. You better grab a seat.	怎麼了，老兄？簡報好像要開始了。快找個位子坐下。
Hey, Bonds, move it. Dooley's right on my tail. We better get to our seats FAST.	嘿，Bonds，快點。Dooley 就在我後面。我們最好立刻坐好。
Bonds what the heck do you want!? This day's been treating me like a baby treats a diaper and I'm in no mood for your weirdness. Now sit DOWN!	Bonds，你到底想幹嘛！？今天糟得像嬰兒對待尿布，我沒心情理你的怪事。現在坐下！
You're cute, Bonds, but I'm not in the mood to dance. SIT YOUR BUTT DOWN!!!	你很可愛，Bonds，但我沒心情跳舞。給我坐下！
Hey! What's the idea, Bonds? Wake up!	嘿！你在想什麼，Bonds？醒醒！
Good morning, boys and girls. I trust you all had fun this weekend. I hope you didn't do anything I wouldn't do, haw haw haw!	早安，各位。我相信大家週末都玩得愉快。希望你們沒做什麼連我都不敢做的事，哈、哈、哈！
Okay, it's time to get serious.	好了，現在進入正題。
Sergeant Dooley clears his throat and goes over the daily hot sheet of stolen vehicles.	Dooley 警佐清了清喉嚨，開始講解今日的失竊車輛快報。
Keep a special lookout for a black 1983 Mercedes Benz, license LOP123, VIN 603456218. This vehicle was reported stolen last week. We suspect it may be drug-related. Speaking of drugs, be sure to contact any and all informants who may know something about current developments in local drug trafficking. control, people.	特別留意一輛黑色 1983 年 Mercedes Benz，車牌 LOP123，車身識別碼 603456218。這輛車上週報失竊，我們懷疑與毒品有關。說到毒品，務必聯絡所有可能知道本地毒品交易最新動向的線人。保持警覺，各位。
This problem is out of hand, people. Three more teenagers were arrested last night for drunk driving. Two of them were in possession of cocaine, and all three of them tested positive for it. That's pretty grim news, team. We're not doing our jobs. We all have to work together on this, before it's too late.	情況已經失控了。昨晚又有三名青少年因酒駕被捕，其中兩人持有可卡因，三人的檢測結果都呈陽性。這消息很不妙。我們沒有做好工作，必須一起在事情無法挽回前處理它。
Let's get out there and clean things up, boys and girls! And please, everybody be careful out there. This is a lot rougher crowd than we're used to dealing with in little old Lytton. We've got to get their numbers...before they get ours.	各位，出去把事情收拾乾淨！還有，所有人務必小心。這群人比我們在小小 Lytton 平常對付的對象兇狠得多。我們得先掌握他們的人數……免得他們先來掌握我們的。
Speaking of numbers, Bonds, your new call number is 83-32. And don't let that newspaper article make your head swell. It would make too big of a target, haw haw haw! Okay, let's get moving. Remember, caution, boys and girls, caution!	說到編號，Bonds，你的新呼號是 83-32。別讓報紙那篇文章沖昏頭，那會讓你成為太醒目的目標，哈、哈、哈！好了，開始行動。記住：小心，各位，小心！
BONDS! Take a seat!	BONDS！坐下！
Oh, Master Bonds! Hello! I know you had to pass a minimal IQ test to get this job, get a clue and sit your butt down!	哦，Bonds 大師！你好！我知道你只要通過最低智力測驗就能得到這份工作，識相點，坐下！
HEELLLOOOO! Mr. Einstein! Sonny---Chair---SIT! NOW!	喂——！愛因斯坦先生！Sonny——椅子——現在坐下！
OK buttbite, you're outta here!	好啦，屁孩，你被趕出去了！
Bummer, Bonds. Your refusal to sit down and shut up cost you a two week suspension. Your partner Steve caught the drug dealers, got a promotion, and married Marie in Police Quest 3. Life sure can suck.	真糟，Bonds。你拒絕坐下閉嘴，結果被停職兩週。你的搭檔 Steve 抓到了毒販、升了官，還在《警察故事 3》裡娶了 Marie。人生真夠慘。
Hey, it's our own local celebrity, Sonny the Wonder Cop! Congratulations, buddy!	嘿，這不是我們本地的名人、神奇警察 Sonny 嗎！恭喜你，老兄！
Steve doesn't want to play now.	Steve 現在不想玩。
It's your partner, Steve.	這是你的搭檔 Steve。
Don't get us in trouble, man! If Dooley thinks we're goofin' off, he'll kick our butts.	別害我們惹上麻煩！要是 Dooley 覺得我們在混日子，他會把我們的屁股踢爛。
You sure talk a lot, Sonny.	你話還真多，Sonny。
The hand-written note says: Sonny, how's about a 11-98 at Carol's later in the shift? Steve.	手寫便條寫著：「Sonny，這班晚點要不要在 Carol 家來個 11-98？Steve。」
You discard the note, smiling. You always look forward to chatting with Steve.	你笑著丟掉便條。你總是期待和 Steve 聊聊。
You'd better sit down and get ready for the briefing. You can read your mail later.	你最好坐下準備簡報。郵件晚點再看。
Hmm, a little dust in there, but nothing else.	嗯，裡面有一點灰塵，但沒有別的東西。
It's your pigeonhole. It looks like there's a hand-written note inside.	這是你的信箱。裡面好像有一張手寫便條。
Your pigeonhole is empty.	你的信箱是空的。
The tables seem to be held in place by waxy buildup. No sense in messing with them.	桌子似乎被蠟狀堆積物固定住了。沒必要去動它們。
The tables definitely look like they've been around longer than the station itself. They were probably moved here from the old facility. Many a boring Dooley-led briefing has been endured here.	這些桌子看起來肯定比警局本身還老。它們大概是從舊設施搬來的。這裡不知熬過多少場 Dooley 主持的無聊簡報。
This is the briefing room. Each shift begins with a briefing.	這是簡報室。每一班勤務都從簡報開始。
Even if you COULD take Sgt. Dooley's room, where would you KEEP it?	就算你真的能把 Dooley 警佐的房間拿走，你要把它放在哪裡？
Sergeant Dooley's office looks like a combat zone, where Dooley was the only survivor.	Dooley 警佐的辦公室看起來像戰區，而 Dooley 是唯一的生還者。
You see the layer of dust on Dooley's bulletin board, and decide you don't really want to touch it.	你看見 Dooley 公告板上的灰塵，決定還是別碰比較好。
Dooley's bulletin board has memos on it dating back to 1972.	Dooley 的公告板上貼著最早可追溯到 1972 年的備忘錄。
What are you going to do, guess the paper's age by counting the coffee rings?	你打算怎麼做，數咖啡杯印來猜報紙的年紀嗎？
Perhaps the Sergeant was trying to protect the fine finish of the cabinet by covering it with departmental paperwork.	也許警佐是想用警局文件蓋住櫃子，保護它精美的表面。
Dooley subscribes to the "Eye for an eye, tooth for a tooth" concept. If he ever caught you with your hand in his cabinet, he'd simply take off your hand. He's that kinda guy.	Dooley 信奉「以眼還眼、以牙還牙」。如果他抓到你把手伸進他的櫃子，恐怕會直接把你的手卸下來。他就是這種人。
This cabinet has seen better days. Dooley's as rough on his furniture as he is on his men.	這個櫃子早已不復當年。Dooley 對家具和對手下人一樣粗暴。
You consider giving your dogs a rest, then decide you'd rather not be seen sitting at this particular desk.	你考慮讓雙腳休息一下，最後決定還是別被人看見坐在這張桌子前。
It's Sgt. Dooley's chair.	這是 Dooley 警佐的椅子。
Never touch a crazed chicken, Bonds. It could turn that beak on you in a heartbeat.	千萬別碰發狂的雞，Bonds。牠轉眼就可能用尖嘴對付你。
Someone has played a juvenile prank on Sgt. Dooley. This chicken is blissfully adding to the crap that litters Dooley's office.	有人對 Dooley 警佐開了幼稚的玩笑。這隻雞正愉快地為 Dooley 辦公室的滿地垃圾增添更多垃圾。
BUCK BUCK BUCK BAGAWK! BUCKBUCKBUCK BAGAWK! BUCKBUCKBUCKBUCK BAGAWK! BAGAWK! (Translation: "What a pigsty this office is! And I thought *I* was raised in a barn!")	BUCK BUCK BUCK BAGAWK！BUCKBUCKBUCK BAGAWK！BUCKBUCKBUCKBUCK BAGAWK！BAGAWK！（翻譯：「這辦公室簡直像豬窩！我還以為自己才是在穀倉裡長大的咧！」）
You wonder if the papers are in an order that only Dooley can understand. You decide not to disturb the balance.	你懷疑這些文件是否只有 Dooley 看得懂其中的秩序，決定不要破壞這種平衡。
The stack of papers on Sgt. Dooley's desk is about six inches deep.	Dooley 警佐桌上的文件堆大約有六英吋厚。
If you were caught messing around in Dooley's desk, Dooley would mess around with your face...before sacking you. It's not worth it, and there's nothing in there you need.	要是你被抓到亂動 Dooley 的桌子，他會先把你的臉揍一頓，再把你開除。犯不著冒險，裡面也沒有你需要的東西。
Sgt. Dooley's desk looks like it was hit by a tornado.	Dooley 警佐的桌子像被龍捲風襲擊過。
Did one of the eclairs just move? You wisely decide not to touch them.	剛才是不是有一個閃電泡芙動了？你明智地決定別碰它們。
Something green and fuzzy is growing on the donuts.	甜甜圈上長出了綠色絨毛。
I'd leave the Sergeant alone, if I were you.	如果我是你，就會讓警佐一個人待著。
Sgt. Dooley has his hands full. While this chicken business seems to cross the line, you do get a secret satisfaction out of seeing Dooley this flustered.	Dooley 警佐已經忙得不可開交。雖然這次的雞事件似乎太過火，但看到 Dooley 如此慌亂，你暗自感到滿意。
Sgt. Dooley seems to be in a good mood. It's either good news, or he's about to lower the boom on somebody. You hope it isn't you.	Dooley 警佐似乎心情不錯。不是有好消息，就是準備狠狠教訓某人。你希望那個人不是你。
You don't think Seargent Dooley is in the mood for chit-chat right now.	你不認為 Dooley 警佐現在有心情閒聊。
GET OUT!!!	出去！！！
BONDS! How many times do I hafta tell you...GET TO THAT BRIEFING! GO! NOW! MOVE IT!	BONDS！我到底要說幾次……去參加簡報！現在就去！快動！
Whatever it is, Bonds, I don't wanna hear it. In case you forgot, we've got a BRIEFING to attend this morning. So if it isn't too much trouble...	不管是什麼，Bonds，我都不想聽。提醒你一下，我們早上要參加簡報。要是你不嫌麻煩的話……
...GET MOVING!!	……快動起來！！
Sgt. Dooley isn't in the mood to chat right now. Best to get out of his way.	Dooley 警佐現在沒心情聊天。最好別擋他的路。
BONDS! In case you hadn't heard, you've got a BRIEFING to attend in a few minutes. So do us all a favor and get out of your pajamas before the briefing starts.	BONDS！你可能還沒聽說，再過幾分鐘就要參加簡報。幫大家一個忙，在簡報開始前把睡衣換掉。
Now GET OUT!	現在出去！
Do you want me to write you up, Bonds? Go do your job!	你想讓我記你一筆嗎，Bonds？去做你的工作！
Is that any way for an officer of the law to behave? Leave the Sergeant's files alone.	執法人員該有這種行為嗎？別碰警佐的檔案。
Dooley's case records. Trying to organize them could make strong men cry.	Dooley 的案件紀錄。試著整理它們，足以讓鐵漢落淚。
You don't want to ruin the ambiance of the room by making it a little cleaner, do you?	你不會想把房間打掃得乾淨一點，破壞這裡的氣氛吧？
The papers all over the floor make the Sergeant's office decor complete.	散落滿地的文件讓警佐辦公室的布置更加完整。
You have nothing to give Sgt. Dooley.	你沒有東西可以給 Dooley 警佐。
You wonder if the Sergeant has looked in his in-basket in the past several months.	你懷疑警佐過去幾個月是否曾看過他的待辦文件籃。
There's nothing you want to illuminate at the moment.	目前沒有什麼需要照亮的東西。
It's Sgt. Dooley's desk lamp.	這是 Dooley 警佐的桌燈。
You take the memo from Sgt. Dooley. Being one-on-one with him in this mess makes you doubly uncomfortable; you decide to read the memo quickly and get on with it.	你從 Dooley 警佐手中接過備忘錄。在這片混亂中和他單獨相處讓你格外不自在；你決定趕快讀完備忘錄，繼續辦事。
From: Lt. Morgan To: Sgt. Dooley Re: Officer Sonny Bonds	寄件者：Morgan 中尉　收件者：Dooley 警佐　主旨：Sonny Bonds 警官
This is to confirm the temporary transfer of Officer Sonny Bonds from the Traffic division to the Narcotics division. We feel that his assistance in the Death Angel case would be most invaluable. This transfer will remain in effect until further notice. I realize that this may inconvenience you, and I appreciate your cooperation. Thank you.	茲確認 Sonny Bonds 警官暫時由交通科調往緝毒科。我們認為他的協助對死亡天使案件極為重要。此調動在另行通知前有效。我知道這可能造成不便，感謝你的配合。謝謝。
You quickly put the memo back on the Sergeant's desk. You grin inwardly...it's great to get some new responsibilities and, at the same time, get out from under Dooley's thumb. You can hardly wait to get started!	你迅速把備忘錄放回警佐桌上。你暗自微笑……能承擔新責任，同時擺脫 Dooley 的控制，真是太好了。你等不及要開始了！
You can't tell what it's saying. Sgt. Dooley isn't exactly holding it still. Perhaps you'd better take it from him.	你看不出上面寫了什麼。Dooley 警佐拿得一點也不穩。也許你最好從他手上拿過來。
After getting a closer look, you decide you'd rather not touch Sgt. Dooley's outbasket.	仔細看過後，你決定還是別碰 Dooley 警佐的送件籃。
It looks like no one wants to touch Sgt. Dooley's out-basket.	看來沒人想碰 Dooley 警佐的送件籃。
You can imagine nothing more unsanitary than using Dooley's phone. You wisely decide against it.	你想不到比使用 Dooley 的電話更不衛生的事。你明智地打消念頭。
Sgt. Dooley's telephone.	Dooley 警佐的電話。
Don't take the Sergeant's picture.	別拍警佐的照片。
It's a lovely rendition of dogs playing poker.	這是一幅狗在玩撲克的可愛畫作。
You reach for the pot, then decide that a stale cup of bad domestic coffee isn't worth risking electrocution for.	你伸手去拿咖啡壺，隨即決定一杯餿掉的廉價咖啡不值得冒觸電的風險。
Sgt. Dooley's coffee pot. It looks like it hasn't been cleaned for months; Dooley hasn't even bothered to scrape the burnt coffee out of the bottom of the pot. How can he drink this stuff?	Dooley 警佐的咖啡壺。看起來好幾個月沒洗過；Dooley 甚至懶得刮掉壺底燒焦的咖啡。他怎麼喝得下這種東西？
Wha-?! You bonehead! You put that little chemical weapon back on my desk! Get out of here! I'm glad you're going to Narcotics! Let Morgan put up with you for awhile! Get out of here, Bonds! BEAT IT!	什麼？！你這笨蛋！你把那件小型化學武器放回我的桌上了！滾出去！我很高興你要去緝毒組！讓 Morgan 忍受你一陣子吧！滾出去，Bonds！快滾！
GET OUT, BONDS!!!	滾出去，Bonds！！！
A chicken! A chicken! Somebody left a damn chicken on my desk! This is not funny! What kind of person thinks this is funny? Damn that Gremlin! Bonds, do you think this is funny? Do you? You better not have done this, Bonds. I'll have your head on a platter if you did. Do you understand me?	一隻雞！一隻雞！竟然有人在我桌上放了一隻該死的雞！這一點都不好笑！什麼樣的人會覺得這很好笑？該死的 Gremlin！Bonds，你覺得這很好笑嗎？你覺得嗎？你最好不是你幹的，Bonds。要是你幹的，我要把你的頭放在盤子上端出去。聽懂了嗎？
It better not be you, Bonds! So help me, I'll make the Gremlin wish he were never born! I'll have his BADGE, and I won't --Oh, no! No!	最好不是你幹的，Bonds！我對天發誓，我一定會讓 Gremlin 恨不得自己沒出生過！我要拿走他的警徽，我絕不會——喔，不！不要啊！
Don't do that--Oh, NO! My paperwork! You stupid chicken! I'm gonna wring someone's neck for this.	別這樣——喔，不！我的文件！你這隻笨雞！我要為這件事扭斷某人的脖子。
Bonds! What are you looking at? Your shift is over, isn't it? So get your sorry butt out of here. Right now, Bonds! NOW!	Bonds！你在看什麼看？你的班不是已經結束了嗎？那就把你可悲的屁股挪出這裡。現在就給我走，Bonds！馬上！
NOW! NOW!! NOW!!!	現在！現在！！現在！！！
Ah Bonds, so good of you to take a little time out of your "busy" schedule to drop by. Well, it looks like you got what you wanted. A memo just came down from Morgan's office. It says here--	啊，Bonds，真難得你能從「忙碌」的行程中抽空過來。看來你如願以償了。Morgan 辦公室剛送來一份備忘錄，上面寫著——
Aw, crap! Somebody maced this memo! Who thinks this kinda crud is funny? When I find out, the Gremlin will be singing soprano!	啊，可惡！有人在這份備忘錄上噴了防狼噴霧！誰會覺得這種爛把戲好笑？等我查出來，那個 Gremlin 就等著改唱女高音吧！
Here, you take it. Read it yourself, I hope you choke on it! As soon as you're done, put on your plainclothes and get to Morgan's office. I don't want to look at you any more! Oh, man, my whole head is leaking!	拿去，你自己讀。我希望你讀到噎住！讀完後立刻換便服，去 Morgan 的辦公室。我不想再看到你！天啊，我的腦袋都快漏光了！
You must have something to do, Bonds. So go do it! Don't bother me!	你一定有事情要做，Bonds。那就去做！別來煩我！
OUT! OUT!! OUT!!!	出去！出去！！出去！！！
There's trash all over the room, if that's what you want.	如果你想看，房間裡到處都是垃圾。
Coffee grounds, orange peels, and ancient fast food containers. Nothing useful.	咖啡渣、橘子皮和古老的速食餐盒。沒有任何有用的東西。
Don't take that, it's the Sergeant's only hope.	別拿那個，那是警佐唯一的希望。
It says, "Kiss me, I'm Irish".	上面寫著：「親我，我是愛爾蘭人」。
It would certainly help to air out the room a bit, but a good strong breeze would throw Dooley's desk into further disarray. Let him air out his own room.	通通風當然會有幫助，但強風只會讓 Dooley 的桌面更加凌亂。讓他自己替房間通風吧。
Dooley's window is hidden by Venetian blinds. Apparently he doesn't care for the stunning view of the intersection.	Dooley 的窗戶被百葉窗遮住了。看來他不太欣賞十字路口的壯麗景色。
This is Evidence Lockup. Physical evidence is deposited here for analysis and safekeeping.	這是證物保管室。實體證物會存放在此，供分析與保管。
Hey, Russ. I need to see the black book we took as evidence in the Hoffman bust.	嘿，Russ。我想看看 Hoffman 案中作為證物帶回來的黑色記事本。
It's the black appointment book you and Jack took as evidence in the Hoffman bust.	這是你和 Jack 在 Hoffman 案中帶回來的黑色約會記事本。
You begin flipping through the pages, reading Hoffman's notes to himself. His handwriting is scratchy and hard to read, but you decipher it. You're used to reading memos from Sergeant Dooley, after all. Hmm, this is some pretty interesting stuff...	你開始翻閱頁面，閱讀 Hoffman 寫給自己的筆記。他的字跡潦草難讀，但你還是辨認出來了。畢竟你早就習慣讀 Dooley 警佐的備忘錄。嗯，這些內容相當有意思……
"$2,000 col. R.G. Monday."	「週一，R.G. 收取 2,000 美元。」
"Set up H.D. gambling."	「安排 H.D. 賭局。」
"Blackjack 4:00. Bring chips."	「四點玩二十一點。帶籌碼。」
"Initiate plan for dealer R.O."	「啟動 R.O. 發牌員計畫。」
"Meet J.M. & L.W. Wed 7:00."	「週三七點與 J.M.、L.W. 見面。」
"Cindy $100.00"	「Cindy，100 美元。」
"Pick up ammo, eggs, milk, coffee."	「領取彈藥、雞蛋、牛奶、咖啡。」
"Meet N/W boss 8:30."	「八點半與 N/W 老大見面。」
"3:00 Lunch, Robert G."	「三點與 Robert G. 共進午餐。」
"Shake up Ratty Bob and Big Jim!"	「教訓 Ratty Bob 和 Big Jim！」
"Terminate L.W. and J.M."	「除掉 L.W. 和 J.M.」
"Sunday poker with J.B."	「週日與 J.B. 打撲克。」
"Evaluate East Coast profit margin. Call East Coast."	「評估東岸利潤。致電東岸。」
"Meet Gutless Wonder."	「與 Gutless Wonder 見面。」
"Initiate Plan 3 IMMEDIATELY."	「立即啟動第三號計畫。」
You don't need that wire, Bonds. You're not the one with a chicken problem.	Bonds，你不需要那捲鐵絲網。有雞的問題的人又不是你。
It's chickenwire. More than one crazed suspect has tried to retrieve their property by physical force.	這是鐵絲網。不只一個發狂的嫌犯想用蠻力搶回自己的財物。
You have no desire to put your hand through sheet glass, Bonds.	Bonds，你可不想把手伸進那片玻璃裡。
That's LPD official property.	那是 LPD 的公務財產。
Russ, I need to take a look at the piece we confiscated from Hoffman.	Russ，我想看看我們從 Hoffman 那裡沒收的物品。
It's the Smith and Wesson .45 pistol confiscated from Hoffman. It's a double action stainless steel beauty. It's not so beautiful if you're on the business end of it, however.	這是從 Hoffman 那裡沒收的 Smith and Wesson .45 手槍。它是漂亮的不鏽鋼雙動式手槍；不過若槍口對著你，就沒那麼漂亮了。
You check the serial number on Hoffman's Smith and Wesson .45 automatic. The number is 97649.	你查看 Hoffman 的 Smith and Wesson .45 自動手槍序號：97649。
You don't need to check anything in.	你沒有東西需要登記繳交。
Items are checked into Evidence through this slot, or they may be retrieved for review.	證物可由這個窗口入庫，也可以取出查閱。
You decide to take a closer look.	你決定仔細看看。
It's this guy's license.	這是這傢伙的駕照。
All the evidence for that case is already on the counter.	該案件的所有證物都已放在櫃台上。
You give the book back to Russ.	你把記事本還給 Russ。
Bummer. That thug has a better social life than you do, Sonny!	真衰。這個流氓的社交生活都比你精彩，Sonny！
You don't need to take Russ. He's not going anywhere.	你不需要帶走 Russ。他哪裡都不會去。
You give the gun back to Russ.	你把槍還給 Russ。
That's some righteous piece of hardware, huh, guy?	這件裝備真夠威風，對吧，老兄？
Officer Russ Dinkle handles evidence materials. He's singing under his breath, as usual.	Russ Dinkle 警官負責管理證物。他和往常一樣低聲哼著歌。
Hey, guy. On your way to briefing? Better hurry, you don't want Dooley bustin' your chops, guy.	嘿，老兄。要去簡報嗎？快一點，別讓 Dooley 找你麻煩。
You better get moving, guy.	你最好快點動身，老兄。
Hey, guy, what can I do ya for?	嘿，老兄，需要我幫什麼忙？
I need to check some evidence, Russ. 'Less you're on another one of your two-hour donut breaks.	Russ，我要查一些證物。除非你又在享受兩小時甜甜圈休息時間。
Smartass. What's the case number?	油嘴滑舌。案件編號是多少？
Go bother someone else, Sonny. I'm on a donut break.	去煩別人吧，Sonny。我正在吃甜甜圈休息。
Hope you found what you were lookin' for, guy. See ya!	希望你找到要找的東西，老兄。回頭見！
Russ is busy girding his loins for another donut...he's working on his second box of the day.	Russ 正忙著準備再吃一個甜甜圈……這已經是他今天的第二盒了。
Hold on a sec, guy. Phone's ringing.	等一下，老兄。電話響了。
Hello.	你好。
Yeah.	喂。
Yeah, I know.	對啊，我知道。
I know. I'll take care of it.	我知道。我會處理的。
I said I'd take care of it, ma.	我說我會處理，媽。
No, don't worry about that. I won't.	不，別擔心那件事。我不會的。
Yes, I ate them all. I'm a growing boy.	是，我全吃完了。我正在長身體嘛。
She's not a gold digger, ma. Geez, I make cop wages.	她不是拜金女，媽。拜託，我領的是警察薪水。
She is NOT. And I don't want to meet Mrs. Murray's daughter.	她才不是。而且我不想去見 Murray 太太的女兒。
C'mon, Russ. I've got a REAL life to get back to.	拜託，Russ。我還得回去過真正的生活。
Okay, ma. I will. I've gotta go.	好，媽。我會的。我得掛了。
Okay, ma. I'm sorry. I love you, too. Bye.	好，媽。對不起。我也愛你。再見。
Do you want to see the other piece of evidence, Sonny?	Sonny，你要看看另一件證物嗎？
Then stop wastin' my time, guy! Can't you tell I'm a totally busy dude?	那就別浪費我的時間，老兄！看不出我忙得不可開交嗎？
Comin' right up, guy.	馬上來，老兄。
Sorry, guy, I can't help you unless you've got the case number.	抱歉，老兄，沒有案件編號我幫不了你。
Sonny, I'm sorry, but you know you don't have access to those materials, guy. Only Narcotics officers can see that stuff. Sorry, dude.	Sonny，抱歉，但你知道你沒有權限碰那些資料，老兄。只有緝毒組的警官才能看那些東西。抱歉啦，兄弟。
Sure, guy. Just like always, you can't take it anywhere. You've gotta look at it here.	當然，老兄。和往常一樣，你不能把它帶走，只能在這裡查看。
Here you are, Sonny. Enjoy.	給你，Sonny。慢慢看。
I got two items for that case, Sonny. Do you want the revolver or the black book?	那個案件有兩件證物，Sonny。你要左輪手槍還是黑色記事本？
Here you go, guy.	給你，老兄。
This hallway leads to Narcotics on the right.	這條走廊右側通往緝毒組辦公室。
Bing.	叮。
It's the elevator button. It's inviting you to push it.	這是電梯按鈕，正等著你按下去。
Touching the elevator lights won't make it get here any faster, Bonds.	摸電梯樓層燈，不會讓它更快抵達，Bonds。
The elevator always seems to be sitting on the first floor.	電梯似乎總是停在一樓。
Don't whack the elevator. Just push the button.	別敲電梯。按按鈕就好。
The elevator takes you back down to the first floor.	電梯載你回到一樓。
There isn't a fire, Bonds.	這裡沒有失火，Bonds。
A fire extinguisher.	滅火器。
This door leads to Lt. Morgan's office.	這扇門通往 Morgan 中尉的辦公室。
You may be hot, Officer, but you're not going to set off any alarms.	警官，你也許很火熱，但別想觸發任何警報。
A smoke detector.	煙霧偵測器。
This is the main hall on the second floor. To the left are the elevator and Lt. Morgan's office.	這是二樓主走廊。左側是電梯與 Morgan 中尉的辦公室。
You just love the feel of cork.	你就是喜歡軟木塞的觸感。
The infamous "Crime Time" bulletin board. It was mounted on the wall so that notices could be put up on the second floor as well as the first, but the "Crime Time" logo was considered such a classic example of bureaucratic bad taste that nobody could bear to cover it up with memos.	惡名昭彰的「Crime Time」公告板。它被裝在牆上，好讓二樓也能像一樓一樣張貼公告，但「Crime Time」的標誌被公認是官僚品味低劣的經典範例，沒有人捨得用備忘錄把它蓋住。
It would be fun to spray the hallway with fire-retardant foam, but you suspect Lt. Morgan would dissaprove.	拿滅火泡沫噴滿整條走廊聽起來很好玩，但你猜 Morgan 中尉大概不會贊同。
The last time you drank out of this fountain, it tasted like a chlorine and mud cocktail. You decide not to risk it again.	上次你喝這座飲水機的水，味道像是氯氣加泥巴調成的雞尾酒。你決定不再冒這個險。
It's a drinking fountain.	這是飲水器。
This door leads to the narcotics room.	這扇門通往緝毒組辦公室。
Don't take the smoke detector down, Bonds. You could be endangering fellow officers.	Bonds，別把煙霧偵測器拆下來。你可能會害其他同事身陷危險。
It's a smoke alarm.	這是煙霧警報器。
Lt. Morgan's office is a dramatic contrast to Dooley's. Tidy, upscale, and expensively decorated. Sometimes it seems like half the department's budget goes to gussy up this guy's office.	Morgan 中尉的辦公室跟 Dooley 的形成強烈對比，整潔、高檔、裝潢昂貴。有時候你會覺得，警局有一半的預算都花在把這傢伙的辦公室裝飾得漂漂亮亮上。
Some of the books on criminology actually look pretty interesting, but you've got business to attend to.	有些犯罪學書籍看起來真的很有趣，但你還有公務要辦。
There are computer manuals, and many interesting books on police work. Hey, what's that copy of "Mad" magazine doing there?	這裡有電腦手冊，還有許多有趣的警察工作書籍。嘿，那本《Mad》雜誌怎麼會在這裡？
I don't think Lt. Morgan would appreciate your poking around in his things.	我想 Morgan 中尉不會喜歡你亂翻他的東西。
You wonder what Lt. Morgan keeps in this cabinet. You've heard rumors about Morgan's "liquor cabinet," but you try to ignore the department grapevine. It's usually bull.	你很好奇 Morgan 中尉在這個櫃子裡放了什麼。你聽過 Morgan 的「酒櫃」傳聞，但試著不理會警局的小道消息。通常都是胡扯。
Don't get fingerprints on the veneer, Bonds.	別在木皮上留下指紋，Bonds。
Lt. Morgan has pretty nice furniture, though up close, you can see it's nearly as chintzy as most of the other furniture in the building.	Morgan 中尉的家具相當漂亮，不過近看就會發現，和大樓裡其他家具一樣，其實很廉價。
You're a policeman. You don't have time to play computer games.	你是警察，沒時間玩電腦遊戲。
It's Lt. Morgan's computer. He even has a CD-ROM drive!	這是 Morgan 中尉的電腦。他甚至還有 CD-ROM 光碟機！
The plant's leaves are soft and green. Somehow, you can't picture Lt. Morgan watering the plants and talking to them.	植物的葉子柔軟翠綠。不知怎地，你無法想像 Morgan 中尉替植物澆水、對它們說話的模樣。
That is one seriously big plant.	那株植物真的大得誇張。
If you talk to this plant, you'd better be polite. It's bigger than you are.	如果要跟這株植物說話，最好客氣一點。它比你還高大。
Don't touch the casters; you might pinch your fingers.	別碰腳輪，小心夾到手指。
Lt. Morgan's desk is on wheels. That's odd; how often does he rearrange his furniture?	Morgan 中尉的辦公桌裝了輪子。真奇怪；他到底多常重新擺家具？
Uhh, Bonds...just leave that where it is. I don't want the glass smudged. I'd, uh...I'd like to get back to work here, if there's nothing else I can do for you.	呃，Bonds……就把那放在原位。我不想讓玻璃沾上污痕。我，呃……如果沒別的事，我想回去工作了。
It's a Ph.D. in Criminal Psychology from the University of California-Steelton.	這是 Steelton 加州大學的犯罪心理學博士學位。
Bonds! Leave that alone. If there's nothing else you wanted, I really should get back to work.	Bonds！別碰那個。如果你沒有其他事，我真的該回去工作了。
A Bachelor of Science in Psychology from Cloun College in Baraboo, Wisconsin.	威斯康辛州 Baraboo 的 Cloun 學院心理學理學士學位。
Sonny! I'd prefer it if you'd leave that just where it is. Now, I've got a very busy schedule to get to, so I'll have to ask you to skedaddle.	Sonny！我希望你把那留在原位。現在我的行程非常忙，只好請你趕快離開。
A testimonial in consideration of Lt. Morgan's kindness.	一張表揚 Morgan 中尉善行的獎狀。
Pardon me, Sonny? That's hanging just where I want it. 'Kay? Thanks. Now then, I've got a pile of work here to do, so if you'll excuse me...?	不好意思，Sonny？那就掛在我想要的位置。好嗎？謝謝。那麼，我還有一堆工作要做，請你先失陪……？
An honorary Doctor of Thinkology degree from the Universitatus Committeeatum e pluribus unum.	Universitatus Committeeatum e pluribus unum 頒發的榮譽 Thinkology 博士學位。
Sonny, now let's not go touching my plaques and awards, okay? Thank you. Now, let's both get to our jobs, alright? All right.	Sonny，別碰我的獎牌和獎狀，好嗎？謝謝。現在我們都去做自己的工作，好嗎？就這樣。
It's a diploma. You never realized Lt. Morgan was Valedictorian of his high school graduating class!	這是一張文憑。你從沒想到 Morgan 中尉是高中畢業班的致詞代表！
Sonny, I...uh...the cleaning people get very upset if you smear the glass. Besides, we've both got work to do, don't we? So let's get to it!	Sonny，我……呃……如果你把玻璃弄髒，清潔人員會很不高興。再說，我們都有工作要做，不是嗎？那就開始吧！
It's Lt. Morgan's diploma from the Academy.	這是 Morgan 中尉警校的畢業證書。
Now now, Sonny, that's arranged just so, let's not go disturbing it. Now, to work then, shall we? Atta boy.	好了好了，Sonny，那是特別這樣安排的，別去弄亂它。現在，去工作吧，好嗎？這才乖。
It's a congratulatory letter from the local Kiwotary chapter.	這是當地 Kiwotary 分會寄來的恭賀信。
Don't leave yet, it's rude.	先別走，這樣很沒禮貌。
Lt. Morgan's door. You notice small ring-marks on the glass, and cleverly deduce that they must have come from a rubber dart gun. You decide you like Lt. Morgan a lot.	Morgan 中尉的門。你注意到玻璃上有小小的圓痕，聰明地推斷那一定是橡皮飛鏢槍留下的。你決定自己很喜歡 Morgan 中尉。
Yes, Bonds, read what that medal says: "Courage." Ain't it the truth? Now, if it's all the same to you, I've got some work to do, so...	沒錯，Bonds，讀讀那枚勳章寫了什麼：「勇氣」。說得不錯吧？現在，如果你不介意，我還有工作要做，所以……
A Triple Cross for meritorious conduct, extraordinary valor, and conspicuous bravery.	這是三重十字勳章，表彰功勳行為、非凡勇氣與顯著英勇。
You don't have a hat, Bonds.	你沒有帽子，Bonds。
It's an expensive hardwood hat rack.	這是昂貴的硬木帽架。
Lt. Morgan probably wouldn't appreciate your fingering his knick-knacks.	Morgan 中尉大概不會喜歡你摸他的擺飾。
Tasteful post-modern knick-knacks.	品味高雅的後現代小擺飾。
It's Detective Laura Watts, your new partner in the Narcotics department.	這是 Laura Watts 警探，你在緝毒組的新搭檔。
Hello, Laura.	你好，Laura。
Hi, Sonny.	嗨，Sonny。
There's nothing under the blotter but a few business cards.	桌墊底下只有幾張名片，沒有別的東西。
The Lieutenant has one of those nice, old-fashioned green desk blotters.	中尉有一張漂亮的老式綠色桌墊。
The Lieutenant wouldn't be amused if you pulled his chair out from under him, Bonds.	如果你把椅子從中尉身下抽走，他可不會覺得好笑，Bonds。
Lt. Morgan's chair. Nice upholstery.	Morgan 中尉的椅子。坐墊材質很不錯。
You love the feel of fine wood.	你喜歡上等木材的觸感。
Lt. Morgan's large, expensive mahogany desk.	Morgan 中尉寬大又昂貴的紅木辦公桌。
Don't fiddle with the Lieutenant's stuff. He'll think you're nervous. You are, of course, but you don't want HIM to know that.	別亂動中尉的東西。他會以為你很緊張。你當然緊張，但不想讓「他」知道。
It's Lt. Morgan's desk lamp.	這是 Morgan 中尉的桌燈。
Lt. Morgan seems glad to see you.	Morgan 中尉似乎很高興見到你。
Lt. Morgan, it's a pleasure to be on this assignment.	Morgan 中尉，很高興能參與這項任務。
It would be presumptuous to use Lt. Morgan's phone.	擅自使用 Morgan 中尉的電話未免太冒昧。
Lt. Morgan's phone.	Morgan 中尉的電話。
You notice the number is 555-3784.	你注意到號碼是 555-3784。
Bonds, there's no need whatsoever for you to take Marie's shoes.	Bonds，你完全沒有理由要拿走 Marie 的鞋子。
Marie is wearing red pumps, a tawdry addition to her cheap but sexy outfit.	Marie 穿著一雙紅色高跟鞋，為她廉價卻性感的裝扮增添了一絲俗艷。
Hands off. It's too easy to be charged with brutality these days.	手拿開。這年頭太容易被控告使用暴力了。
Marie smiles and winks at you. You can't help smiling back at her.	Marie 對你微笑並眨了眨眼。你忍不住也對她微笑回應。
Hi, Marie. I'm glad to see you here.	嗨，Marie。很高興在這裡見到你。
Glad to see you too, Sonny. I'm a little nervous, though.	我也很高興見到你，Sonny。不過我有點緊張。
Don't worry, Marie. Things will work out.	別擔心，Marie。事情會順利的。
It's perfectly-groomed, over-cologned Lieutenant Joseph Morgan. Despite the fact that he seems to spend a lot of time goofing off, you'd never want his job. Too much political wrangling and brown-nosing the Commissioner.	這位是打理得一絲不苟、香水濃得過頭的 Joseph Morgan 中尉。雖然他似乎把很多時間花在閒混上，你卻不想做他的工作：政治角力太多，還得對局長逢迎拍馬。
Hello, Lt. Morgan. What do you think? Am I convincing?	Morgan 中尉，你好。你覺得怎樣？我像不像？
Very. Your own mother would have to look twice. How do you feel?	非常像。就連你親媽都得看兩眼。感覺如何？
Pretty good, sir. I'm ready.	很好，長官。我準備好了。
You have to be ready, Sonny, and wide awake. You know you'll have to go in without a weapon or a wire. If those men were to catch on you were a cop, they'd kill you in a heartbeat. Understand?	你必須準備好，Sonny，而且要保持清醒。你知道自己得不帶武器或竊聽線進去吧？要是那些人發現你是警察，他們會在眨眼間殺了你。明白嗎？
Yes, sir, I do.	明白，長官。
Lt. Morgan?	Morgan 中尉？
Yes, Sergeant, what can I do for you?	是，警佐，有什麼事嗎？
I'm afraid I have some terrible news. Officer Jack Cobb's daughter Kathy died in the hospital about an hour ago. Apparently she never woke up.	恐怕我有個壞消息。警員 Jack Cobb 的女兒 Kathy 約一小時前在醫院去世了。她似乎一直沒有醒來。
My God...thank you, Sgt. Dooley. I appreciate your letting me know. You've spoken to Jack, yes?	我的天……謝謝你，Dooley 警佐。謝謝你告訴我。你已經和 Jack 談過了，對吧？
Yes, sir.	是，長官。
Sonny, I think the importance of this operation is obvious to you. These men are killing innocent kids. They have to be stopped. Remember to keep a level head, though. Rage will only get you killed. These people--if you can call them that--are not to be trifled with. Be sure to check in with me after you've made contact with them.	Sonny，我想你很清楚這次行動的重要性。這些人正在殺害無辜的孩子，必須阻止他們。但記住要保持冷靜，憤怒只會讓你送命。這些人——如果還能稱他們為人——絕不可輕視。和他們接觸後務必回來向我報告。
Yes, sir. I'm going to get them. You can be sure of that.	是，長官。我會抓到他們，請放心。
Good. Head on over to the hotel, Sonny. Don't let this distract you.	很好。前往旅館吧，Sonny。別讓這件事分散你的注意力。
Hello, Lt. Morgan.	Morgan 中尉，你好。
Hello, Sonny. Welcome to the department.	你好，Sonny。歡迎加入本部門。
Thank you, sir. I'm happy to be here.	謝謝長官。我很高興能來這裡。
Glad to hear it. Well, let's get you started. Your new partner, Detective Laura Watts, is waiting for you in the Narcotics office. She'll get you settled in. I'll call you in later for further briefing.	很高興聽到這句話。那就開始吧。你的新搭檔 Laura Watts 警探正在緝毒組辦公室等你，她會帶你熟悉環境。稍後我會叫你來接受進一步簡報。
Ah, there you are, Bonds. We were just getting ready to discuss plans for the Delphoria operation. I believe everybody has been introduced, so let's get started.	啊，你來了，Bonds。我們正準備討論 Delphoria 行動。我想大家都已經互相認識了，那就開始吧。
Bonds, you'll go to the hotel in disguise, using the name of Jimmy Lee "Whitey" Banksten. Marie Wilkans will have already been there for several hours, socializing in the hotel bar. When you reach the hotel, you will rent a room, then go directly to the bar.	Bonds，你要用 Jimmy Lee「Whitey」Banksten 的身分偽裝前往旅館。Marie Wilkans 會先在旅館酒吧交際幾個小時。到達旅館後租一間房，然後直接去酒吧。
Once there, you'll socialize with the bartender. You should buy a drink or two, but I don't have to tell you to keep a clear head. Marie will introduce you to the bartender, Alexandra Parker, whom we suspect of facilitating the illegal gambling. If all goes well, you'll get yourself invited to a "private" poker game.	到那裡後和酒保交際。你可以買一兩杯酒，但不用我提醒你保持清醒。Marie 會把你介紹給酒保 Alexandra Parker；我們懷疑她協助非法賭博。順利的話，你會受邀參加一場「私人」撲克局。
Once you've infiltrated the game, discover what you can about the narcotics ring, and the identity of the "Death Angel." Be sure to report back to me with any important findings. Think you're up to it, "Whitey"?	混入賭局後，盡量查出毒品集團的情報，以及「死亡天使」的身分。有重要發現務必回來報告。你做得到嗎，「Whitey」？
Just one question, sir. Why is my nickname supposed to be "Whitey"?	只有一個問題，長官。為什麼我的綽號要叫「Whitey」？
Hah! I thought you'd never ask, Sonny. Here you go, a bottle of extra-strength peroxide compound for bleaching your hair. Get it, "Whitey?"	哈！我就知道你不會問，Sonny。給你，這瓶高濃度過氧化物用來漂白頭髮。懂了嗎，「Whitey」？
I'm afraid so. What's the rest of my costume like?	恐怕是的。那我其餘的裝扮是什麼樣子？
Oh, it's this white "high-roller" suit hanging on the coat rack over here. Pretty tacky, actually.	喔，就是掛在這邊衣帽架上的白色「大豪客」套裝。其實俗得可以。
Oh, joy.	喔，真令人高興。
You'll look perfectly tacky, I'm sure, Bonds. Any questions, Miss Wilkans?	我相信你看起來一定俗不可耐，Bonds。Wilkans 小姐，還有問題嗎？
No, sir...Yes. Yes, I do have a question. Alex Parker is my friend, Lt. Morgan. I don't want to throw her to the wolves. What's going to happen to her after this operation?	沒有，長官……有，我確實有個問題。Alex Parker 是我的朋友，Morgan 中尉。我不想把她丟給狼群。這次行動後她會怎麼樣？
It's kind of you to think of your friend, Miss Wilkans, but you'd do better to look out for yourself. Actually, all we suspect Alex Parker of is facilitating an illegal gambling operation. That's not a tremendously serious charge. If she cooperates with us, things will probably go easier for her.	Wilkans 小姐，你能想到朋友很體貼，但你最好先顧好自己。其實我們只懷疑 Alex Parker 協助非法賭博，這不是非常嚴重的罪名。如果她與我們合作，事情對她可能會容易一些。
But...will she go to jail?	但是……她會坐牢嗎？
I honestly don't know, Miss Wilkans. That's the best answer I can give you at this time. Are you reconsidering your offer to help us?	老實說我不知道，Wilkans 小姐。這是我現在能給你的最佳答案。你是否要重新考慮協助我們？
I...no, Lt. Morgan. I'll do it. Just promise me you'll do your best by Alex.	我……不，Morgan 中尉。我會做。只要答應我，你會盡力幫助 Alex。
I'll do what I can, Miss Wilkans. Why don't you head over to the hotel now? It's getting late.	我會盡力而為，Wilkans 小姐。你現在先去旅館吧？時間不早了。
Alright. I'll see you there, Sonny.	好。我們旅館見，Sonny。
I'm going back to the Narc room. I've got a lot of work to do. Sonny, just put the peroxide in your hair and leave it there for a few minutes. It's pretty strong, so don't leave it there too long. Otherwise we'll be calling you "Baldy" instead of "Whitey."	我要回緝毒組辦公室，還有很多工作。Sonny，把過氧化物塗在頭髮上，放幾分鐘就好。它很強，別放太久，不然我們就得叫你「禿頭」而不是「Whitey」了。
You'd better get started, Sonny. Go to the locker room and get changed. Don't forget to bleach your hair. Come back here for a quick final briefing before you leave for the hotel.	你最好開始行動了，Sonny。去更衣室換衣服，別忘了漂白頭髮。離開前回來接受最後的簡報。
Yes, sir. Oh, Lt. Morgan? The dead body in Cotton Cove was Jason Taselli.	是，長官。對了，Morgan 中尉？Cotton Cove 的死者是 Jason Taselli。
Well...I can't say I'll cry over him, but that means there's somebody worse out there. Go on, Sonny, maybe we'll catch him in the Delphoria operation. Goodbye.	嗯……我不能說會為他哭泣，但這表示外面還有更糟的人。去吧，Sonny，也許我們能在 Delphoria 行動中抓到他。再見。
You wanted to see me, Lt. Morgan?	Morgan 中尉，你要找我？
Yes. I need you to review some evidence from the Hoffman case, Bonds. Check out the black notebook for clues about this man and his activities, and run an ID check on the gun. There's something very strange about this case. Think you can clarify the picture, Sonny?	是。我需要你檢視 Hoffman 案的證物，Bonds。查看黑色記事本，找出這個人的活動線索，並查核槍枝身分。這案件很不尋常。你能釐清真相嗎，Sonny？
I'll do my best, sir.	我會盡力，長官。
Well, have at it, detective.	那就開始吧，警探。
Hey! He called you "detective!"	嘿！他叫你『警探』耶！
Yes, SIR!	是，長官！
Sonny, we're all upset by this, but don't let it affect you. You have to get going.	Sonny，我們都為此難過，但別讓它影響你。你必須繼續行動。
Get moving, Sonny!	快行動，Sonny！
Report to the Narcotics office immediately, Bonds. We don't have time to waste.	Bonds，立刻到緝毒組辦公室報到。我們沒有時間浪費。
Let's go, Bonds. You don't need an engraved invitation to the Evidence room.	走吧，Bonds。去證物室不需要刻字邀請函。
Yes, sir? You asked to see me?	長官？你找我嗎？
Oh, hello, Sonny. Yes, I wanted to talk to you about Marie Wilkans. You possibly know her as "Sweet Cheeks" Marie.	喔，你好，Sonny。我想和你談談 Marie Wilkans。你可能知道她叫「Sweet Cheeks」Marie。
Yes, sir, I know the young lady.	是，長官，我認識那位女士。
She evidently knows you, too, and thinks rather highly of you. Anyway, she's been arrested for soliciting. We'd like you to approach her with a "deal".	顯然她也認識你，而且對你評價很高。總之，她因拉客被捕。我們希望你帶著一筆「交易」去找她。
We're going to be starting an undercover operation at the Hotel Delphoria. We want to infiltrate the narcotics ring by way of the illegal gambling that goes on there. We know Marie Wilkans has connections at the Delphoria.	我們要在 Delphoria 旅館展開臥底行動，透過那裡的非法賭博滲透毒品集團。我們知道 Marie Wilkans 在 Delphoria 有人脈。
We think Marie Wilkans can get us in there. In return, we'll do our best to get the charges dropped. I need you to go to the jail and discuss this with her, Bonds. Give her a minimum of information. We don't want her endangered, but we think she can help us. Any questions?	我們認為 Marie Wilkans 能帶我們進去。作為交換，我們會盡力撤銷控罪。Bonds，你要去監獄和她談這件事。只給她最低限度的資訊。我們不想讓她陷入危險，但相信她能幫忙。有問題嗎？
No, sir.	不，長官。
Okay then. From what I hear, she'll probably cooperate with you, Sonny. Rumor has it she's stuck on you.	好。據我所知，她可能會和你合作，Sonny。傳聞說她迷上你了。
I, er, I guess I'd better get going, sir.	呃，我想我最好出發了，長官。
Good idea, Sonny.	好主意，Sonny。
You're not sure, but you think Lt. Morgan is suppressing a smile.	你不太確定，但你覺得 Morgan 中尉正在忍住笑意。
I'm expecting an important phone call, Bonds. Please make your call elsewhere.	我在等一通重要電話，Bonds。請到別處打電話。
It's Lt. Morgan's phone. Apparently it's also a FAX machine and an answering machine. Pretty fancy stuff!	這是 Morgan 中尉的電話。看起來它同時也是傳真機和答錄機，真是高級貨！
Don't touch the plant. It's temperamental.	別碰那株植物。它脾氣很古怪。
It's a big, happy houseplant.	這是一株巨大又生氣蓬勃的室內植物。
Talking to plants is good for them, but it makes your superiors think you're nuts.	和植物說話對它們有益，但會讓長官以為你瘋了。
Sonny. You're doing an excellent job. There's an opening in narcotics that I think you should apply for. Fill out a transfer request form down on the first floor by the elevator, and I'll see what I can do.	Sonny，你做得非常好。緝毒科有個職缺，我希望你申請。到一樓電梯旁填寫調職申請，我會看看能幫你什麼。
Yes, Bonds?	有事嗎，Bonds？
Uhhhh...did you want to see me?	呃……你找我嗎？
I'll call you if I need you, Bonds. Now get cracking, there's work to be done.	需要你的時候我會叫你，Bonds。現在快去做事，還有工作要做。
Lt. Morgan is on the phone and can't be bothered. Shouldn't you be somewhere, Bonds?	Morgan 中尉正在講電話，沒空理你。Bonds，你是不是該去別的地方？
Hello, Bonds. Excuse me, I'm quite busy right now.	你好，Bonds。抱歉，我現在很忙。
Detective Watts is waiting, Bonds.	Watts 探員正在等你，Bonds。
Sonny. Go downstairs and change into your street clothes, then we'll talk.	Sonny，下樓換上便服，然後我們再談。
Bonds, what are you doing back here without your disguise? Go change, and hurry it up!	Bonds，你沒偽裝就回來做什麼？去換衣服，快點！
Let's go, Sonny. You can't space out. It could cost you your life.	走吧，Sonny。不能發呆，這可能會要你的命。
Get a move on, Sonny.	快動身，Sonny。
Let's go, Bonds, don't let the young lady pine away in her cell!	走吧，Bonds，別讓那位小姐在牢房裡苦等！
Sonny, what are you waiting for? Get to the Evidence Room immediately!	Sonny，你還在等什麼？立刻去證物室！
Hmm, nice upholstery. Not like the vinyl guest chairs you've got at home.	嗯，坐墊很漂亮。不像你家裡那些乙烯基客椅。
Chairs for Lt. Morgan's guests. Very stylish, you think, remembering your patched and faded 1960's barkalounger.	Morgan 中尉給客人坐的椅子。你覺得很時髦，想起自己那張補丁斑斑、褪色的 1960 年代躺椅。
The vase is cool and smooth. You are slightly dissapointed to discover that it's empty.	這只花瓶摸起來冰涼光滑。你發現它是空的，稍微感到有點失望。
What an attractive urn. You wonder how much the department paid for this.	好漂亮的一只甕。你很好奇警局花了多少錢買這個。
The Lieutenant has the slats arranged perfectly to let in light while keeping the sun out of the eyes of guests. Don't fiddle with them.	中尉把百葉窗的葉片調整得恰到好處，既能透光，又不會讓陽光刺到訪客的眼睛。別去亂動它。
When you think of how much these wooden blinds must've cost the department, it makes you shutter.	想到這些木百葉窗大概花了警局不少錢，你不禁打了個哆嗦。
The Narcotics office is well-equipped.	緝毒組辦公室的設備相當齊全。
You're not going to find anything good in the Narcotics office wastebasket, Bonds. They shred all of their sensitive documents. You do, however, find half an ossified donut. You wisely leave it where it is.	Bonds，你不會在緝毒組辦公室的垃圾桶裡找到什麼好東西。他們所有機密文件都會用碎紙機處理。不過，你確實找到半個硬得像石頭的甜甜圈。你很明智地讓它留在原地。
It's the trash basket.	這是垃圾桶。
This drawer contains files marked F through L.	這個抽屜裡的檔案標示著 F 到 L。
1. Antonio Geraci Sex:M 6'2" Hair:Br Eyes:Br Wt:210 Distinguishing Marks: Scar on lower left jawline. 2. Samuel Joseph Marker Sex:M 5'10" Hair:Blk Eyes:Gr Wt:165 Distinguishing Marks: None.	1. Antonio Geraci 性別:男 6'2" 髮色:棕 眼睛:棕 體重:210 特徵:左下顎有疤痕。2. Samuel Joseph Marker 性別:男 5'10" 髮色:黑 眼睛:灰 體重:165 特徵:無。
3. John Collins Sex:M 5'11" Hair:Br Eyes:Br Wt:180 Distinguishing Marks: Woody Woodpecker tattoo on left bicep. 4. Bryce Balfour Sex:M 6'3" Hair:Br. Eyes:Bl Wt:190 Distinguishing Marks: Tattoo of Ankh on inner right thigh.	3. John Collins 性別:男 5'11" 髮色:棕 眼睛:棕 體重:180 特徵:左上臂有 Woody Woodpecker 啄木鳥圖案刺青。4. Bryce Balfour 性別:男 6'3" 髮色:棕 眼睛:藍 體重:190 特徵:右大腿內側有安卡十字（Ankh）刺青。
5. Detrick Bridemon Sex:M 6'0" Hair:Br Eyes:Blue Wt:165 Distinguishing Marks: Lobotomy scar. 6. Gaylord Hanes Sex:F 5'6" Hair:Br Eyes:Br Eyes:120 Distinguishing Marks: Chew marks on Right Elbow	5. Detrick Bridemon 性別:男 6'0" 髮色:棕 眼睛:藍 體重:165 特徵:腦葉切除手術疤痕。6. Gaylord Hanes 性別:女 5'6" 髮色:棕 眼睛:棕 眼睛:120 特徵:右手肘有咬痕
7. Scut Murray Sex:M 5'11" Hair:Br Eyes:Br Wt:160 Distinguishing Marks: Tattoo "Bite Me" on Left Fetlock. 8. Jason Taselli Sex:M 6'0" Hair:Blk Eyes:Blue Wt:190 Distinguishing Marks: Rose Tattoo over left nipple.	7. Scut Murray 性別:男 5'11" 髮色:棕 眼睛:棕 體重:160 特徵:左球節刺有「咬我」刺青。8. Jason Taselli 性別:男 6'0" 髮色:黑 眼睛:藍 體重:190 特徵:左乳頭上方有玫瑰刺青。
9. Daniel Charlston Sex:M 6'0" Hair:Blnd Eyes:Grn Wt:170 Distinguishing Marks: None. 10. Barry Smoot Sex:M 5'9" Hair:Br Eyes:Br Wt:140 Distinguishing Marks: Tattoo of chihuahua on chest.	9. Daniel Charlston 性別:男 6'0" 髮色:金 眼睛:綠 體重:170 特徵:無。10. Barry Smoot 性別:男 5'9" 髮色:棕 眼睛:棕 體重:140 特徵:胸口有吉娃娃刺青。
11. Carlyle Escutcheon Sex:M 5'10" Hair:Brown Eyes:Brown Wt:190 Distinguishing Features: Frequently spotted at petting zoo. 12. Hugo Dietrichs Sex:M 5'11" Hair:Blnd Eyes:Blue Wt:220 Distinguishing Marks: Missing one leg. Easy to catch.	11. Carlyle Escutcheon 性別:男 5'10" 髮色:棕 眼睛:棕 體重:190 特徵:常出沒在寵物親密接觸區。12. Hugo Dietrichs 性別:男 5'11" 髮色:金 眼睛:藍 體重:220 特徵:缺一條腿，很好抓。
You pick up the clipboard and look through it.	你拿起夾板翻閱。
You replace the clipboard, trying to think of something Marie had told you about Hoffman. What was it?	你把夾板放回去，努力回想 Marie 曾跟你說過關於 Hoffman 的什麼事。是什麼來著？
The rose tattoo! Hoffman and Taselli are almost certainly the same man. You take the list from the clipboard.	玫瑰刺青！Hoffman 和 Taselli 幾乎可以確定是同一個人。你從夾板上取下名單。
You place the clipboard on the table.	你把夾板放在桌上。
You take the wanted poster of Taselli from the clipboard.	你從夾板上取下 Taselli 的通緝海報。
The clipboard holds the FBI's Most Wanted list.	夾板上夾著 FBI 頭號通緝要犯名單。
Ever vigilant, you check to make sure the computer cables are plugged tightly in.	你保持警覺，檢查電腦纜線是否都插緊了。
Don't fiddle with somebody else's computer cables.	別亂動別人的電腦纜線。
Computer cables. For once, they seem to be located in a place where you're not liable to trip over them.	電腦纜線。難得一次，它們的位置不會讓你被絆倒。
This is Laura's computer terminal, Bonds. She wouldn't appreciate you mucking about with it.	Bonds，這是 Laura 的電腦終端機。她不會樂見你亂碰。
You have no reason to be handling the Narcotics department's equipment.	你沒有理由去碰緝毒組的設備。
It's one of the Narcotics office computers.	這是緝毒組辦公室的其中一台電腦。
Please afford Detective Watts the same respect you'd hope she would afford you; don't mess around with the things on her desk.	請以你希望被對待的方式尊重 Watts 警探；別亂碰她桌上的東西。
This is Laura's desk.	這是 Laura 的桌子。
You open the drawer.	你打開抽屜。
The drawer is labeled F through M.	抽屜標示著 F 到 M。
You don't need anything from the file drawers right now.	你現在不需要檔案抽屜裡的任何東西。
This is the Narcotics Unit file cabinet.	這是緝毒組的檔案櫃。
Narcotics case records are in the file cabinet.	緝毒案件紀錄都放在檔案櫃裡。
You adjust the potted plant to a pleasing angle.	你把盆栽調整到順眼的角度。
A handsome fern sits on the filing cabinet.	檔案櫃上擺著一盆漂亮的蕨類植物。
The plant doesn't respond, but you think it looks happy.	植物沒有反應，但你覺得它看起來很開心。
Hmmmm, dusty. Somebody's not doing their job. At least it appears to be well-watered.	嗯……滿是灰塵。有人沒盡到本分。至少看起來澆水澆得很勤。
What a big, healthy philodendron.	好大一盆健康的蔓綠絨。
The plant seems to be listening.	這株植物似乎在聽你說話。
You take the key to the car assigned to you.	你拿走分配給你的車鑰匙。
This board holds keys to unmarked cars for undercover operations.	這塊掛板上掛著臥底行動用的無標誌車鑰匙。
>>> GO TO COMPUTER ROOM! >>>	>>> 前往電腦室！>>>
Shouldn't you switch your computer on before you start typing, Bonds?	Bonds，你開始打字前不該先開電腦嗎？
You log in, hoping you don't accidentally erase anything. You've always been a little intimidated by computers.	你登入系統，希望別不小心刪掉什麼東西。你一直對電腦有點怕怕的。
You don't need to use the Narcotics office's equipment.	你不需要使用緝毒組辦公室的設備。
This is the computer keypad for your terminal.	這是你終端機的鍵盤。
It's the computer terminal's keyboard.	這是電腦終端機的鍵盤。
This is Detective Watts's chair. She needs it. Please leave it alone.	這是 Watts 警探的椅子。她需要用，請別動它。
This is Detective Watts's desk chair, virtually indistinguishable from the one at the other desk.	這是 Watts 警探的辦公椅，跟另一張桌子的那張幾乎一模一樣。
It's not yours to use.	這不是你的東西，不能用。
It's Detective Watts's computer, a standard-issue PC clone hooked into the LPD net.	這是 Watts 警探的電腦，一台標準配發的相容 PC，連接著 LPD 內部網路。
As a member of the law enforcement community, you should have respect for the possessions and privacy of others. Keep your hands out of Detective Watts's drawers.	身為執法人員的一份子，你應該尊重他人的物品與隱私。別把手伸進 Watts 警探的抽屜。
These are the drawers of Det. Laura Watts's desk.	這些是 Laura Watts 警探辦公桌的抽屜。
Detective Laura Watts. A cheerful, no-nonsense Narcotics officer who plays the book.	Laura Watts 警探。一位開朗、務實、照規章辦事的緝毒警官。
Oh, hi, Sonny. Or should I say,"Detective Bonds"? Congratulations on the transfer. I know it's only temporary, but if you do good work, we'll probably ask to keep you. Come on, I'll give you a tour of the office.	喔，嗨，Sonny。還是該叫你「Bonds 警探」？恭喜調職。我知道只是暫時的，但如果你表現良好，我們可能會要求留下你。來，我帶你參觀辦公室。
Thanks, Detective Watts.	謝謝你，Watts 警探。
Call me Laura. This is the key board. Or, in a room full of computers, I guess I should just call it the keyholder to avoid confusion. Anyway, we hang our vehicle keys here.	叫我 Laura。這是鑰匙板。在滿是電腦的房間裡，為免混淆，應該叫它鑰匙架。不管怎樣，車輛鑰匙都掛在這裡。
This is our laser printer, it's hooked up to both the department computers. Not the fastest machine in the world, but it beats writing everything out longhand.	這是我們的雷射印表機，連接著局裡的兩台電腦。不是世界上最快的機器，但總比手寫每樣東西好。
This is my computer terminal. It's kind of a mess right now.	這是我的電腦終端機。現在有點亂。
This cabinet holds our files on all cases currently being investigated, as well as ones that were only recently closed, and "dormant" cases, where we don't have enough evidence to act, but we refuse to close the case in the event we should manage to obtain more evidence.	這個櫃子存放所有調查中的案件、最近結案的案件，以及「暫停」案件的檔案；後者證據不足以採取行動，但只要取得新證據，就不會正式結案。
This is your workstation, Sonny. You can access firearm registrations, license numbers, VIN numbers, and other evidence codes here. Since you have a desk now, your pigeonhole downstairs will be assigned to someone else.	這是你的工作站，Sonny。你可以在這裡查詢槍械登記、車牌號碼、VIN 及其他證物代碼。既然你現在有自己的桌子，樓下的信箱會交給別人使用。
Our call number here is 83-NORA-10. That's about it for the Grand Tour of the Narcotics Office. Okay, let's get down to business!	我們這裡的呼號是 83-NORA-10。緝毒組辦公室大致就參觀到這裡。好了，進入正題！
This creep Hoffman is on the verge of being released on bail. We suspect he's tied in with much bigger things than just the narcotics found in the trunk of the stolen car. He claims they were there when he "borrowed" it, of course.	這個 Hoffman 就快要交保釋放了。我們懷疑他牽涉的事情遠不只是失竊車後車廂裡的毒品。他當然聲稱那些東西在他「借」車時就已經在裡面。
We know damn well if he's released, he'll bolt like a rabbit. We need some hard evidence to keep him in. See if you can dig anything up that might convince Judge Palmer to keep the jerk locked up, okay? I've gotta go. Do your best, Sonny. Bye.	我們很清楚，他一旦獲釋就會像兔子一樣逃掉。我們需要確鑿證據把他留下。看看能否挖出足以說服 Palmer 法官繼續羈押這混蛋的東西，好嗎？我得走了。盡力而為，Sonny。再見。
Wow. Your first Narcotics investigation. You wonder where you should start.	哇，你第一次進行緝毒調查。你想著該從哪裡開始。
Hello, Sonny. Excuse me, I have a lot of work to do.	你好，Sonny。不好意思，我還有很多工作要做。
Detective Watts is busy right now, Bonds. Don't try to engage her in idle chatter.	Bonds，Watts 警探現在很忙，別找她閒聊。
Sonny! Just the man I wanted to see! Did you get the warrant?	Sonny！我正要找你！你拿到拘票了嗎？
Uh, no, the judge wouldn't grant it.	呃，不行，法官不會核准的。
DAMN! How did that happen? Oh, hell, we don't have time to worry about that now. We have a tip that a drug buy is about to go down in Bert's Park. Let's go, Sonny.	該死！怎麼會這樣？唉，現在沒時間管這個。我們收到線報，Bert 公園即將進行毒品交易。走吧，Sonny。
There you are Sonny. I came by to tell you that when you're done checking out the case evidence, Lt. Morgan wants to see you.	你在這裡啊，Sonny。我來告訴你，檢查完案件證物後，Morgan 中尉要見你。
Ok, I'll be there in a few minutes.	好，我幾分鐘後就到。
There you are, Sonny. Did you get the No Bail Warrant?	你在這裡啊，Sonny。你拿到不得交保拘票了嗎？
I sure did. Hoffman's not going anywhere.	當然拿到了。Hoffman 哪裡也跑不了。
Good job! We don't have time to rest on our laurels now, though. We just got in a call. One of our informants just let us know about an impending drug bust in Bert's Park. Let's roll, partner!	做得好！但現在沒時間休息。我們剛接到通報。有線人告知 Bert 公園即將進行毒品交易。出發吧，搭檔！
Okay!	好！
You don't need anything from that particular file drawer.	你不需要那個檔案抽屜裡的任何東西。
The drawer is labeled A through E.	抽屜標示著 A 到 E。
It's one of the licenses you confiscated at the stolen car bust.	這是你在查獲失竊車輛時沒收的其中一張駕照。
You look through the files until you find Hoffman, Marvin. You carefully take the file out and read it.	你翻閱檔案，直到找到 Marvin Hoffman。你小心取出檔案閱讀。
Hoffman, Marvin. Sex:M 6'0" Hair:Blk Eyes:Blue Wt:193 DOB 02-06-61 Distinguishing Marks: Rose tattoo over left nipple. Outstanding Warrants: Armed Robbery, Grand Theft Auto, Suspected Murder 1.	Hoffman，Marvin。性別：男，身高 6 呎，黑髮，藍眼，體重 193 磅，出生日期 1961-02-06。特徵：左乳頭上方有玫瑰刺青。未執行逮捕令：持械搶劫、重大竊車、涉嫌一級謀殺。
Prior Convictions: Grand Theft Auto, Aggravated Assault, Possesion of Cocaine Incarceration: 5 years+5 years parole	前科：重大竊車、加重攻擊、持有可卡因。刑期：五年，附五年假釋。
The file continues, but you've seen enough.	檔案還有後續，但你已經看夠了。
You take Hoffman's file with you.	你帶著 Hoffman 的檔案。
You look through Hoffman's file.	你翻閱 Hoffman 的檔案。
The pencil is long and yellow.	這支鉛筆又長又黃。
It's just a pencil, Bonds.	Bonds，這只是一支鉛筆。
You pick up the phone.	你拿起電話。
>>> GO TO PHONE INTERFACE <<<	>>> 前往電話介面 <<<
It's your phone.	這是你的電話。
It's a phone.	這是一具電話。
The printer hasn't printed anything; therefore, there's nothing to take.	印表機什麼都沒印出來，所以沒有東西可拿。
You pick up the freshly-printed Wanted poster of Jason Taselli and take it with you.	你拿起剛印好的 Jason Taselli 通緝海報，帶在身上。
It can't be...but it is! It's the one, the only, the original LaserDot I. With its tremendous 2 ppm and 60 dpi graphics, this workhorse of a printer must keep this office ever-supplied with quickly printed, high quality material.	怎麼可能……但確實是！這是獨一無二的原版 LaserDot I。憑藉驚人的 2 ppm 速度和 60 dpi 畫質，這台任勞任怨的印表機想必讓辦公室源源不絕地供應著快速列印的高品質文件。
It's the Narcotics office's old, slow laser printer. There's a wanted poster printout in the tray.	這是緝毒組辦公室那台老舊龜速的雷射印表機。托盤裡有一張列印出來的通緝海報。
You don't need anything from that particular drawer.	你不需要那個抽屜裡的任何東西。
The drawer is labeled N through Z.	抽屜標示著 N 到 Z。
Where were you thinking of taking it?	你打算把它拿去哪？
Its your desk, Sonny. Sure beats that low status pigeon hole.	這是你的桌子，Sonny。總比那個鴿子籠般的小隔間強多了。
This desk belongs to one of the members of the Narcotics Unit.	這張桌子屬於緝毒組的其中一名成員。
You slip the FBI's 10 Most Wanted poster into Hoffman's file for safekeeping.	你把 FBI 十大通緝要犯海報收進 Hoffman 的檔案裡妥善保管。
You don't need any of the other files.	你不需要其他檔案。
Come on, Sonny, we've gotta move!	快點，Sonny，我們得走了！
Only narcotics officers are allowed to use the equipment in this office.	只有緝毒組警官才能使用這間辦公室的設備。
You've got more important things to do, Bonds! Let's get moving!	Bonds，你還有更重要的事要做！我們走吧！
You don't need to use that.	你不需要用那個。
A computer workstation.	一台電腦工作站。
You touch the plant, and it sways gently back and forth, as if touched by a tropical wind.	你碰了碰植物，它輕輕前後搖曳，彷彿被一陣熱帶微風吹拂。
You wonder how the plant grew to be so big under these wimpy flourescent lights.	你很好奇，這株植物是怎麼在這麼微弱的日光燈下長得這麼大的。
It seems to have grown just a little bit taller now.	它現在似乎又長高了一點點。
You switch on your terminal. You can't believe how far police technology has progressed since your dad was a cop.	你打開終端機的電源。你簡直不敢相信，自從你爸當警察以來，警政科技進步了這麼多。
Don't mess with other department's equipment, Bonds.	Bonds，別亂碰其他部門的設備。
It's the terminal you will use during your investigation.	這是你調查期間會用到的終端機。
It's a computer terminal.	這是一台電腦終端機。
Detective Watts spent a long time battling with these shades, since the springs are worn out. Don't bother trying to muck with them.	Watts 警探跟這片捲簾奮戰了好一陣子，因為裡頭的彈簧已經磨損了。別費心去弄它。
These windows afford an excellent view of the high tension powerlines and transformers across the street. Pretty impressive.	這扇窗正對著街對面的高壓電線和變壓器，視野極佳，真是壯觀。
Like other good citizens, you're tempted to help pick up the dirty alley, but this is the wrong time for such a herculean effort.	跟其他好公民一樣，你很想幫忙清理這條髒巷子，但現在不是做這種艱鉅工程的時候。
The filthy, dimly lit alley leads to an appropriately filthy, dimly lit dive called Wino Willy's.	這條骯髒昏暗的巷子，通向一間同樣骯髒昏暗、恰如其分的小酒館——Wino Willy's 酒館。
Rather than attempting to remove the bikes yourself, it would be more efficient to find the owners and convince them to make other parking arrangements.	與其自己動手搬走那些機車，不如找到車主，說服他們換個地方停車，這樣更有效率。
These aren't your weekend rider-type bikes. If anything, they're bad news.	這些不是假日騎士那種閒閒沒事騎的機車。要說有什麼，那就是麻煩的象徵。
It's a well-designed building, Bonds. You don't need to help hold it up.	這棟建築設計得很好，Bonds。你不需要幫忙撐著它。
The beige brick building is the Lytton Savings & Loan.	這棟米色磚造建築是 Lytton 儲蓄貸款銀行。
Recently closed.	最近才歇業。
It's part of the reason that this section of town has been headed downhill.	這正是這一區逐漸沒落的部分原因。
The surface of the building is rough brick. Most of Lytton, in fact, is brick, since this part of California is prone to fires in the summer.	這棟建築的外牆是粗糙的磚面。事實上 Lytton 大部分的建築都是磚造的，因為加州這一帶夏天很容易發生火災。
This is the front of Caffeine Carol's, the coffee depot of choice for the patrol officers of the Lytton P.D...and for much of Lytton.	這是 Caffeine Carol's 的正門，是 Lytton 警局巡邏警員最愛光顧的咖啡店……其實也是 Lytton 大半居民的最愛。
That's the door to Caffeine Carol's.	那是 Caffeine Carol's 的門。
It's not of much use. It doesn't even look like it could drain water properly.	這沒什麼用處。看起來甚至沒辦法好好排水。
It's a rusted old drain pipe.	這是一根生鏽的老舊排水管。
If you can't keep your mind out of the gutter, at least keep your hands out of it!	就算你滿腦子都是齷齪念頭，至少把手從水溝裡拿出來！
The gutter. Frequently inhabited by rats, gum wrappers, and the occasional visitor to Wino Willy's.	水溝，裡頭常有老鼠、口香糖包裝紙棲息，偶爾還有從 Wino Willy's 出來、醉倒在此的客人。
You politely wipe your feet.	你有禮貌地擦了擦腳。
It's a welcome mat. Carol is always glad to see a paying customer.	這是一張門口踏墊。Carol 永遠樂於見到肯付錢的客人。
No need; the sidewalk was apparently recently swept by Carol.	不用了，這條人行道顯然剛被 Carol 掃過。
It's one of the many fine tax-payer supplied sidewalks you used to patrol on foot.	這是你以前徒步巡邏時，眾多由納稅人買單的優質人行道之一。
Where were you thinking of taking Carol's sign?	你打算把 Carol 的招牌拿去哪裡？
The sign strongly suggests that this might be Caffeine Carol's.	這塊招牌強烈暗示這裡可能就是 Caffeine Carol's。
It's your sleek, sexy personal auto.	這是你那輛流線性感的私家車。
So how come you never have any babes with you?	那你怎麼從來沒帶過辣妹上車？
It's your aging departmental-issue patrol car.	這是你那輛老舊的警局配發巡邏車。
It's your unmarked police car.	這是你的無標誌警車。
You should advise Carol about the bikers.	你應該去跟 Carol 說一下那些飆車族的事。
Maybe you should go and see what Carol's complaint is all about first.	或許你該先去看看 Carol 到底在抱怨什麼。
You'ld better check out those bikers. Carol's counting on you.	你最好去查一下那些飆車族。Carol 就指望你了。
You travelled all this way. You should at least talk to your friend Steve.	你都大老遠跑來了，至少該跟你朋友 Steve 聊聊。
You have one of your own.	你自己就有一個了。
That looks like Steve's patrol car...but Steve is nowhere to be seen.	那看起來像 Steve 的巡邏車……但 Steve 卻不見人影。
The street's clean. There's nothing to take.	這條街很乾淨，沒什麼東西好拿。
A perfectly ordinary stretch of Oak Street.	這是 Oak 街上一段再普通不過的路段。
Don't pick the poor weeds, Bonds. They have a tough lot in life.	Bonds，別去拔那些可憐的雜草。它們的人生已經夠苦了。
Scruffy little weeds grow in the alley that leads to Wino Willy's.	通往 Wino Willy's 的巷子裡，長著一叢叢邋遢的小雜草。
You express your admiration for the weeds' tenacity and strength. They don't answer.	你對這些雜草的頑強生命力表達了讚賞。它們沒有回應。
As much as you'd often like to tear this sign down and close Willy's for good (especially on some Friday and Saturday nights), destruction of private property is not exactly your idea of justice.	儘管你常常很想把這塊招牌扯下來，讓 Willy's 永遠關門大吉（尤其是某些星期五、星期六晚上），但破壞私人財產終究不是你心目中的正義。
The sign advertises Wino Willy's, the scuzziest bar in town.	這塊招牌打的廣告是 Wino Willy's，全鎮最髒的一間酒吧。
Try the door.	試試看那扇門。
It's the stained glass window of Caffeine Carol's. (Nicotine, tar, and fryer grease stained, that is.)	這是 Caffeine Carol's 的彩繪玻璃窗。（是被尼古丁、焦油和油炸油漬「彩繪」出來的那種。）
You have more important things to do than scrape the grease off the walls.	你有比刮掉牆上油垢更重要的事要做。
This is Caffeine Carol's, birthplace of countless ulcers.	這裡就是 Caffeine Carol's，無數胃潰瘍的發源地。
Consuming these totally unappetizing bacon and eggs is the furthest thing from your mind. You're no cook, but even you could do better than this at home.	你壓根不想吃這盤完全沒有食慾的培根蛋。你雖然不會做菜，但在家隨便弄都比這好吃。
Some bacon and two eggs are slowly incinerating on the grill. The grease appears to have pooled in the nooks and crannies.	幾片培根和兩顆蛋正在烤盤上慢慢燒成灰燼。油漬似乎已經積在每個角落縫隙裡。
Carol's bathroom brings to mind that old adage, "Fools rush in where angels fear to tread."	Carol 的洗手間讓你想起那句老話：「愚者敢闖天使不敢踏之地。」
It's the door to Caffeine Carol's bathroom. There used to a sign on the door saying, "Carol's Throne Room," but Carol was ribbed about it one too many times.	這是 Caffeine Carol's 洗手間的門。門上原本掛著一塊寫著「Carol 的御座間」的牌子，但 Carol 被人拿這個開玩笑開到受不了，後來就拿掉了。
It's being used. Besides, you have better things to do.	裡面有人在用。而且，你還有更重要的事要做。
It's one of the vintage 1950's booths Carol is so proud of. The food stuck between the seats is vintage 1950's, too.	這是 Carol 引以為傲的 1950 年代復古卡座之一。卡在座椅縫裡的食物，看起來也有 1950 年代的歷史了。
Ooh! Sonny, don't tempt me!	噢！Sonny，別誘惑我啦！
Carol is a veteran coffee dispenser. Working for others at first, she scrimped and saved her tips until she could afford a place of her own. Stumped for a name for her little cafe, she finally settled on Carol's. That was twenty-something years ago, she would tell you.	Carol 是個老練的咖啡師。她一開始替別人打工，省吃儉用存下小費，直到存夠錢開了自己的店。為這間小咖啡店取名字讓她傷透腦筋，最後她決定就叫「Carol's」。她會告訴你，那是二十幾年前的事了。
Forty-something would probably be more accurate, however.	不過，說是四十幾年前大概還比較準確。
Oh, honey, I'd love to talk but I got a couple orders up. Is everything okay? Good. Boy, my poodles are really barking today. I gotta soak these things in some epsom salts soon. Catch you later, Sonny.	喔，親愛的，我是很想聊，但我還有幾份餐點要出。一切都還好嗎？那就好。天啊，我這雙腳今天真的痠死了。我得趕快找點瀉鹽泡泡腳才行。晚點見啦，Sonny。
I don't think you'll have a problem with those motorcycles anymore, Carol. I suggested to them that they find another place to park.	Carol，我想那些機車以後應該不會再造成困擾了。我「建議」他們去別的地方停車。
Oh, Sonny! That's my brave boy! Did you beat 'em up? Did you...you know...have to get rough with 'em?	喔，Sonny！真是我的勇敢好孩子！你揍他們了嗎？你是不是……你知道的……得對他們動粗？
No, no rubber hose or anything, Carol. Honest. No, they were...very agreeable.	不，沒用橡皮管什麼的，Carol。老實說，不用。他們……其實還挺好講話的。
Well, you're an angel. Just for that, I'll give you 10% off your next piece of pie.	你真是個天使。就衝這一點，我下次給你的派打九折。
Thanks, Carol. Not necessary.	謝了，Carol。不用這麼客氣。
Oh, you deserve it. Well, I ain't gonna make a living standing and jawing all day. Thanks again, Sonny!	喔，這是你應得的。好啦，我不能整天站在這裡閒聊維生。再次謝謝你，Sonny！
You bet.	那當然。
Thanks again, Sonny. You're a sweetie.	再次謝謝你，Sonny。你人真好。
Don't mention it.	別客氣。
Hello, Carol. I got a call stating that you want me to check something out. What's the problem?	嗨，Carol。我接到通報說你要我來查點事情。怎麼了嗎？
Sonny, it's those bikes out front. They're always there, y'know?	Sonny，是門口那些機車啦。他們老是停在那兒，你知道嗎？
Not only can't my customers park their cars, but they're startin' to think we got those kinda' people frequenting my place of business.	不只我的客人沒地方停車，他們現在還開始覺得我這裡成了那種人常來的地方。
They're gettin' scared to come in at all. Can you do somethin', Sonny?	他們現在連進門都不敢了。你能想想辦法嗎，Sonny？
Well, they're legally parked, but I'll see what I can do. I suppose the owners are around here somewhere.	呃，他們停車是合法的，不過我會想想辦法。我猜車主應該就在附近。
Please do what you can, Sonny. Those kinda people are a menace to decent folk like us.	拜託你盡力，Sonny。那種人對我們這些正經人來說就是個威脅。
You're a sweetheart. Gosh, if the department only allowed you to accept gifts, I'd give you one of those nice big lemon meringue pies over there in the pie case. But I don't wanna break any bribery laws or nothin'.	你人真好。天啊，要是警局准你收禮物，我一定會送你一個櫃子裡那種漂亮的檸檬蛋白派。不過我可不想觸犯什麼賄賂罪。
Sure, sure, Carol. Whatever you say.	好啦好啦，Carol。你說了算。
Really, honey, my heart's in the right place. I just don't want to get into trouble, that's all.	真的，親愛的，我是一片好意。我只是不想惹上麻煩，就這樣。
Whatever you say, Carol. Well. I'll go see what I can do.	隨你怎麼說，Carol。好吧，我去看看能做些什麼。
It's being used at this time. Don't you have anything better to do, Officer?	現在有人在用。警官，你沒有更重要的事可做嗎？
Try sitting on the stool, Bonds. Carol wouldn't appreciate you sitting on her counter.	Bonds，坐吧檯凳吧。Carol 可不會欣賞你坐在她的櫃檯上。
A small group of mediocre coffee connoiseurs have stopped by to make sure no one has slipped in those pesky Fauxger's crystals.	一小群水準普通的咖啡達人順道過來，確認沒人偷偷摻了那些惱人的 Fauxger's 即溶咖啡晶粒進去。
This is your usual caffeine-ingesting spot.	這是你平常攝取咖啡因的固定地點。
It's the door through which Carol's Customers are herded in and out.	這是 Carol 的顧客們被趕進趕出的那扇門。
Nobody dropped anything.	沒有人掉東西。
Nice pattern. This isn't the kind of thing anyone would ever like to see when drunk. It's a little nauseating even when you're sober.	這圖案真「好看」。這種東西沒人會想在喝醉時看到。就算清醒著看也讓人有點反胃。
It's Carol's job to grab the platters of "food."	端那些「食物」餐盤是 Carol 的工作。
That's the kitchen...where most of Lytton's outrageous culinary crimes and atrocities are commited.	那是廚房……Lytton 大多數離譜的廚藝罪行與暴行都是在那裡犯下的。
Even though the whole place would probably look better in the dark, you resist the urge.	雖然這地方大概在黑暗中看起來會順眼一點，你還是忍住了關燈的衝動。
It's a lightswitch.	這是一個電燈開關。
In your high school days, you'd have been tempted to steal something like a menu board and display it in your room. You're over that now.	要是在高中時代，你大概會忍不住把這種菜單板偷回家掛在房裡。現在的你早就過了那個階段。
The large menu board lists some of the greasiest dishes in town. You can feel your arteries seizing up just looking at them.	這塊大菜單板上列著全鎮數一數二油膩的菜色。光看著就覺得動脈快要堵住了。
Just being in Carol's makes you want to wipe your hands on something, doesn't it?	光是待在 Carol's 裡面，就讓你很想找東西擦擦手，對吧？
It's a napkin dispenser.	這是一個餐巾紙盒。
Don't handle the patrons unless Carol asks for help.	除非 Carol 開口求助，否則別去招惹那些客人。
The patronage is comprised of people with either very little money or very little taste.	這裡的顧客不是沒什麼錢，就是沒什麼品味。
Pardon me, may I ask you something?	不好意思，我可以問你一件事嗎？
The patron mumbles something unintelligible, probably because of the mouthful of food currently being masticated.	這位客人含糊地咕噥了幾句聽不清楚的話，大概是因為嘴裡正嚼著滿滿的食物。
Sorry for bothering you.	抱歉打擾你了。
<RING RING RING>	<鈴鈴鈴>
Hello. This is Officer Sonny Bonds.	喂，我是 Sonny Bonds 警員。
Officer Bonds, this is Lt. Hamilton. I have an ID on that 11-44. He was a low-level drug dealer named Lenny Warren. Just as we suspected, he was killed by a bullet to the brain. I thought you'd be interested to find out. If you hear anything that might be pertinent, let me know immediately.	Bonds 警員，我是 Hamilton 中尉。我查出那名 11-44 的身分了。他是個叫 Lenny Warren 的低階毒販。正如我們猜測的，他死於腦部中彈。我想你會想知道。若聽到任何相關消息，立刻通知我。
Yes, sir, I will. And thank you, Lieutenant Hamilton. I appreciate your passing that information along.	是，長官，我會的。謝謝你，Hamilton 中尉。感謝你提供這項資訊。
You're welcome, Bonds. Fine work this afternoon, by the way. Remember, keep your eyes open. Goodbye.	不客氣，Bonds。對了，今天下午幹得不錯。記住，眼睛放亮點。再見。
Goodbye, sir.	再見，長官。
There's no one you need to call right now, Officer.	警官，你現在沒有需要聯絡的人。
It's an LT&T pay phone.	這是一台 LT&T 公共電話。
Had you not had to let your belt out another notch this morning, you might be tempted. An officer of the law must maintain certain minimum physical requirements.	要不是你今天早上才把皮帶又放鬆了一格，你可能還會心動。執法人員總得維持一定的體能標準。
How does someone like Dooley get away with such a big spare tire, anyway?	話說回來，Dooley 那種人怎麼能頂著那麼大一圈游泳圈都沒事？
Though there may be some dishes of dubious quality listed on Carol's menu, she makes a mighty fine pie.	雖然 Carol 的菜單上有些菜色品質堪慮，但她做的派可真是一絕。
Lordy, couldn't you boys discuss something a little less...disgusting? You're gonna scare off my customers. Here's your coffee. You want any pie?	我的天啊，你們這些小伙子就不能聊點沒那麼……噁心的話題嗎？你們會把我的客人都嚇跑的。咖啡來了。要來塊派嗎？
Uh, no thanks, Carol. For some reason, I'm not real hungry right now.	呃，不用了，謝謝，Carol。不知道為什麼，我現在不太餓。
Okay, you boys have a good break, now.	好啦，你們兩個好好休息一下吧。
Thanks, Carol.	謝了，Carol。
It isn't us scaring off her customers. It's this liquid fertilizer she serves as coffee, hah!	嚇跑她客人的才不是我們，是她端出來當咖啡賣的那杯液態肥料，哈！
You're here on a call, Bonds. Taking too long to respond to an official call could cost someone their life.	Bonds，你是為了出勤才在這裡的。回應公務通報拖太久，可能會害人送命。
Sonny! You gotta phone call over here!	Sonny！這裡有你的電話！
Thanks, Carol!	謝了，Carol！
I'll be right back, Steve.	我馬上回來，Steve。
Steve isn't a physical kinda guy. He's looking pretty cranky right now, too.	Steve 不是那種動手動腳的人。而且他現在看起來心情也很差。
It's your pal, Steve.	這是你的哥兒們，Steve。
Steve's an okay-looking guy, as far as guys go. He's pretty busy these days, judging by all the subpoenas in his pigeonhole.	就男人而言，Steve 長得還算不錯。從他信箱裡塞滿的傳票來看，他這陣子挺忙的。
You're talked out. Perhaps it's time to hit the road.	你話都說完了。或許該上路了。
Hi, buddy, glad you could make it. So what's up? How's your shift going?	嘿，老兄，你能來真好。怎麼樣？這班值勤得如何？
How's my shift going? Well, other than going to the scene of a car wreck and finding a dead guy--probably a 377--my shift's going okay. How's yours?	我這班值勤得怎樣？呃，除了跑了一趟車禍現場，發現一具屍體——大概是件 377——其他都還算順利。你呢？
No way! You found a murder victim? How did you know he was murdered?	不會吧！你發現了一名命案受害者？你怎麼知道他是被謀殺的？
Bullet hole in the middle of his forehead. Little clues like that.	額頭正中央一個彈孔。就這種小小的線索。
NO WAY! That's bizarre, Sonny. Are they gonna let you work on the case?	不會吧！這太詭異了，Sonny。他們會讓你參與這個案子嗎？
No, I don't think so. Hamilton had it covered. I kinda hope they keep me updated, though.	不，我想不會。Hamilton 已經接手了。不過我倒希望他們能讓我隨時掌握進度。
Hamilton's a good guy. Cool as ice. I've seen him on the scene of a homicide that could have, like, been right out of a horror movie, just collecting information and evidence like it was nothing.	Hamilton 是個好人，冷靜得像冰一樣。我看過他在命案現場蒐集資料和證物，那場面簡直像恐怖電影，他卻像沒事一樣。
I was this close to barfing, and Sam--remember Sam? Sam was losin' his lunch on the pavement.	我差點就吐出來了，還有 Sam——你記得 Sam 吧？Sam 當場把中飯全吐在人行道上。
Oh yeah, I remember hearing about that. Well, I was pretty cool, y'know.	喔對，我有聽說這件事。嗯，我可是相當淡定的，你知道的。
Oh yeah? I find that hard to believe, Bonds. You used to lose it during training films.	是喔？我很難相信這種話，Bonds。你以前看訓練影片都會崩潰。
Right, Johnson. Not in your lifetime.	得了吧，Johnson。你這輩子想都別想。
Okay, I almost did.	好啦，我差點崩潰。
Okay, the only reason I didn't is because I skipped breakfast. Happy now?	好啦，我沒吐出來，純粹是因為我早餐沒吃。這樣你滿意了嗎？
That I believe, ha ha!	這我倒相信，哈哈！
What was that all about?	那到底是怎麼回事？
Lt. Hamilton got the ID on the car wreck victim. He was a small-time dope dealer named Lenny Warren. And they also determined the cause of death was the bullet wound in the forehead.	Hamilton 中尉確認了車禍死者的身分。他是名叫 Lenny Warren 的小毒販。他們也判定死因是額頭上的槍傷。
What a surprise. I'd have thought it was Carol's coffee.	真令人意外。我還以為是 Carol 的咖啡搞的鬼。
You're morbid, Steve.	Steve，你真是個病態的人。
I calls 'em as I sees 'em, Bonds. Well, we better split, huh? And don't forget Jack's party tonight at the Blue Room, Sonny-boy.	我只是照我看到的說，Bonds。好了，我們最好分頭行動，嗯？別忘了今晚在 Blue Room 的 Jack 派對，Sonny 小子。
Yeah, let's go, Johnson. Time to save the world. See you tonight!	好啦，走吧，Johnson。該去拯救世界了。今晚見！
You better go take that call, buddy.	老兄，你最好去接那通電話。
So anyway, did you get an ID on the guy?	話說回來，那傢伙的身分查出來了嗎？
No, not yet. I hope they tell me when they do. So how's your girlfried?	還沒，希望查到的時候他們會通知我。話說你女朋友怎麼樣了？
Oh, she's OK. She's given up karate to work on her tan. I can't say I disapprove!	喔，她還不錯。她放棄空手道，改去曬黑了。我倒是不反對！
That's good to know. She was dangerous enough to start with, Steve.	這樣聽了就放心多了。反正她本來就夠危險了，Steve。
Hey, watch it, Bonds. Just cause you don't know anything about women...	嘿，小心點，Bonds。就因為你對女人一竅不通……
Maybe you should offer a class, Steve. I'm sure everyone is dying to hear the secrets of your success.	也許你該開堂課，Steve。我相信大家都很想聽聽你成功的祕訣。
Smartass. At least I have a girlfriend. I don't have to make phone calls to 1-900 numbers.	臭屁什麼。至少我有女朋友，不用打電話給那種 1-900 付費專線。
Dream on, Johnson. I've NEVER called one of those numbers.	作夢吧，Johnson。我從來沒打過那種電話。
Hey, listen, Sonny, I didn't mean--	嘿，聽著，Sonny，我不是那個意思——
Got my computer in Narcotics. What do I need with women when I've got a computer?	我在緝毒組有電腦。有電腦在手，我要女人幹嘛？
I always wondered why the light was on in the narcotics office after hours! Okay, while we're playing truth-or-dare...admit it. You're the Gremlin, right?	我一直很好奇為什麼下班後緝毒組辦公室的燈還亮著！好啦，既然我們在玩真心話大冒險……老實招了吧。你就是那個 Gremlin，對吧？
Nope.	才不是。
Come on, 'fess up. You're the one who's been making old Dooley's life a living hell, aren't you?	拜託，招了吧。一直把老 Dooley 搞得生不如死的就是你，對不對？
Not me, buddy. I thought it was you.	不是我，老兄。我還以為是你咧。
Don't pull that innocent crap with me, Bonds. Those wide-eyed "what, ME?" eyeballs wouldn't fool anybody.	別跟我裝無辜，Bonds。那副睜大眼睛裝『啊，是我嗎？』的表情，誰都騙不了。
Believe what you want, Steve-o-rama. It's not me. But it is funny as hell...poor old Dooley! I can't believe someone dyed his uniform pink, ha ha ha!	你愛信不信，Steve-o-rama。反正不是我。不過真的是笑死人……可憐的老 Dooley！真不敢相信有人把他的制服染成粉紅色，哈哈哈！
Do you really want to touch something that's been the resting place for untold thousands of buns?	你真的想去碰一個不知道被多少屁股坐過的東西嗎？
These vinyl stools have cradled many a gluteus maximus in their time.	這些塑膠皮面的凳子這些年來承接過不少屁股。
You take a load off at the counter, looking forward to coffee and conversation with your old pal, Steve.	你在櫃檯前坐下歇歇腳，期待著跟老朋友 Steve 喝杯咖啡、聊聊天。
You may be addicted to donuts, Bonds, but you haven't sunk low enough to be eating straight sugar.	Bonds，你也許嗜甜甜圈如命，但還不至於淪落到直接吃糖。
It's a sugar dispenser.	這是糖罐。
Don't touch the window. If you do, you'll end up needing to wash your hands.	別碰那扇窗。碰了你就得去洗手了。
Beyond the grimy window of Carol's is the grimy street.	Carol 咖啡城堡那扇髒兮兮的窗戶外面，是同樣髒兮兮的街道。
The building is made of cheap brick. Better hope an earthquake never hits!	這棟建築是用便宜磚頭蓋的。最好祈禱永遠別遇到地震！
It's a low-rent, high-crime apartment building.	這是一棟租金便宜、治安卻很差的公寓大樓。
You'll never reach them from here. Just as well, since you have no use for them.	你從這裡絕對搆不到它們。反正你也用不著。
Old, worn curtains flutter through the apartment window.	破舊的窗簾從公寓窗戶飄了出來。
Not being trained in mountain-climbing techniques, you find yourself unable to scale the wall up to the roof.	你沒受過攀岩訓練，發現自己沒辦法爬上牆到屋頂。
Tarpaper and poor tuckpointing.	防水油毛氈，加上粗糙的磚縫修補。
Let the citizens have their privacy, Officer.	警員，讓市民保有一點隱私吧。
The tenant of this apartment seems to have opened the window to get some air. The quality of the air in this area, though, makes this a futile gesture.	這間公寓的房客似乎打開了窗戶想透透氣。不過以這一帶的空氣品質來說，這麼做根本是白費工夫。
Hello up there!	哈囉，樓上的！
A shrill, nervous woman's voice calls out; "Yeah, whadda ya want? I ain't done nothin' wrong. Leave me alone, cop."	一個尖銳、緊張的女聲喊道：「幹嘛啦？我什麼壞事都沒幹。別煩我，條子。」
You haven't done anything, Ma'am. I was just being friendly.	女士，你沒做錯什麼事。我只是想友善打個招呼。
The woman replies, "Oh, that's nice, I suppose. Cleaning up the neighborhood, are you?"	那女人回答：「喔，那還不錯嘛，我想。你是在整頓社區治安嗎？」
Doing my best, Ma'am.	盡力而為，女士。
"Well, if you see my husband, do us all a favor and put a bullet through his head, willya? No-good, lousy, cheatin' son-of-a..." The words trail off, but you get the gist of it.	「這樣吧，你要是看到我老公，幫大家一個忙，賞他腦袋一顆子彈行不行？那個沒用、下流、愛偷腥的狗娘……」話說到一半沒了下文，但你聽懂了她的意思。
There is no reply. The woman has gone inside.	沒有回應。那女人已經進屋去了。
It's too far out of reach.	距離太遠，搆不到。
This subtle arrow points the way into Wino Willy's.	這個不起眼的箭頭指著通往 Wino Willy's 酒館的方向。
If you drank that much beer you'd hurl like a fire hydrant, Bonds.	Bonds，你要是喝下那麼多啤酒，肯定會像消防栓一樣狂吐。
The World Famous Giant Beer Mug that marks the back entrance to Wino Willy's. One of the major amusement attractions of Lytton, it is almost as well-loved as the World Famous Talking Bear that used to sit out in front of the Lytton Police Academy.	這座舉世聞名的巨大啤酒杯標示著 Wino Willy's 酒館的後門。它是 Lytton 主要的觀光景點之一，幾乎和曾經擺在 Lytton 警察學院門口的那隻舉世聞名的會說話的熊一樣受歡迎。
You shouldn't pick up trash, Bonds. There are rats in this locale, and you could easily get bitten...or worse.	Bonds，你不該撿垃圾。這一帶有老鼠，你很容易被咬……或更慘。
You're not on exterminator duty, Bonds. Leave the rats alone and they'll leave you alone.	Bonds，你又不是抓老鼠的。別去惹那些老鼠，牠們也不會來惹你。
A water-stained, partially collapsed cardboard box.	一個被水漬弄髒、部分塌陷的紙箱。
The rat squeaks softly and carries a big stick.	那隻老鼠輕聲吱吱叫，卻扛著一根大棍子。
Geez, Bonds, don't touch it. It probably has fleas.	天啊，Bonds，別碰它。上面大概有跳蚤。
Size 38 DD. Above this, they stop counting.	38 號 DD 罩杯。再大他們就懶得數了。
You have your own, Bonds.	你自己就有一件了，Bonds。
Hmm, nice BVD's.	嗯，不錯的 BVD 內褲。
You can't reach it.	你搆不到它。
Someone has hung their laundry out to dry.	有人把衣物晾出來曬乾。
If you crawl around in that vile-smelling dumpster, Bonds, no one will come near you for the rest of the day. Have some self-respect, man!	Bonds，你要是鑽進那個臭氣熏天的垃圾箱裡翻找，接下來一整天都不會有人想靠近你。拿出點自尊好嗎！
A puke-green dumpster overflows with all kinds of nasty, odiferous garbage.	一個嘔吐綠色的垃圾箱裡滿滿都是各種噁心又臭氣沖天的垃圾。
A thin, reedy voice says from the dumpster:	一個細瘦沙啞的聲音從垃圾箱裡傳出來：
"Hi there, occifer. I'll be out in a minute. I'm jush lookin' for a hammer. Shomebody told me that'sh a shure way to get chicks. (hic.)"	「嗨，條……條子大人。我馬上就出來。我在（呃）找一把槌子。有人跟我說（呃）這樣把馬子最準。（打嗝。）」
The voice doesn't answer. You decide to leave well enough alone.	那聲音沒有回應。你決定別多管閒事。
Your fingers come away coated with a sticky, slimy gray substance. Yechhh!	你的手指沾上一層黏糊糊、滑溜溜的灰色物質。噁——！
Even if you could see through the greasy panes of Wino Willy's window, you really wouldn't want to. Trust us on this one.	就算你能透過 Wino Willy's 酒館那滿是油污的窗戶看進去，你也絕對不會想看。這件事就相信我們吧。
You don't have time to pick up garbage, Bonds, you're a cop. What do you think this is, EcoQuest?	Bonds，你沒空撿垃圾，你是警察耶。你以為這裡是《EcoQuest》喔？
Lots of disgusting garbage is lying around the alley.	巷子裡散落著一堆噁心的垃圾。
The graffiti doesn't feel any better than it looks.	這些塗鴉摸起來跟看起來一樣糟。
Uninspiring, non-artistic, illiterate graffiti.	毫無創意、毫無藝術感、錯字連篇的塗鴉。
Why would you want to do that, Bonds? Do you have no concept of personal hygiene?	Bonds，你幹嘛要這樣做？你都沒有個人衛生觀念的嗎？
The alley is disgusting beyond belief.	這條巷子髒得令人難以置信。
Though this PDA* really revolts you, you prudently decide not to interrupt their makeout session. Young poor oversexed hoodlums tend to get territorial.	雖然這個 PDA* 讓你相當反感，你還是明智地決定不去打斷他們親熱。這些年輕又慾求不滿的小混混通常地盤意識很強。
*PDA: Public Display of Affection	*PDA：公開展示親密行為（Public Display of Affection）
Personally disgusted as you may be by this behavior, public displays of affection are not Federal offenses. Holster your weapon, Bonds.	就算你個人對這種行為感到噁心，公開親熱又不是聯邦重罪。把槍收起來吧，Bonds。
Two unsavory types are sucking face by the Wino Willy's entrance. If it weren't for the fact that they seem to be wearing matching rags, you'd think the young lady had been hired for the occasion.	兩個不三不四的傢伙在 Wino Willy's 酒館門口熱吻。要不是他們身上穿的破爛衣服看起來是一對，你大概會以為那位小姐是特地雇來的。
Excuse me, you two.	兩位，不好意思。
They don't respond. It's impossible to tell whether they actually didn't hear you (since they ARE making some noise of their own) or whether they're purposefully ignoring you.	他們沒有反應。你分不清究竟是真的沒聽見你（畢竟他們自己也弄出不少聲音），還是故意不理你。
Pardon me, would you two care to break it up?	抱歉，兩位介不介意先分開一下？
You hear only slurping in response. You decide to drop this particular interaction.	回應你的只有咂嘴聲。你決定放棄這次互動。
You have better things to do, Officer. Leave the civilians' laundry alone.	警員，你有更重要的事要做。別去動民眾的衣物。
You wonder if the laundry stays clean while it's drying, considering all the pollution and the pigeons.	你很好奇，考慮到這裡的污染和鴿子這麼多，晾在外面的衣物真能保持乾淨嗎。
What would you want an ill-natured, parasite-ridden pest like that pigeon for?	你要那隻脾氣差、渾身寄生蟲的討厭鴿子幹嘛？
Do that and the S.P.C.A. will be on your ass in a flash. Amazing how some people care far more about animal welfare than human welfare.	你敢那樣做，防止虐待動物協會（S.P.C.A.）馬上就會找上你。真神奇，有些人在乎動物福利居然遠勝過人類福利。
A fat, self-satisfied pigeon squats on the clothesline. He kind of reminds you of Sergeant Dooley. You briefly wonder why you never see any BABY pigeons.	一隻肥胖、一臉自得的鴿子蹲在曬衣繩上。牠讓你有點想起 Dooley 警佐。你一時納悶，怎麼從來沒見過幼鴿。
The pigeon ignores you. Perhaps if you had a donut, it'd be a more accomodating conversationalist.	那隻鴿子不理你。也許你手上有個甜甜圈，牠就會比較願意跟你聊了。
You briefly consider taking the panty hose, just as a prank, but what would you do with them?	你一時想拿走那條褲襪，純粹惡作劇，但拿了又能拿它怎麼辦？
The pantyhose flutter gently in the noxious back-alley breeze.	那條褲襪在後巷污濁的微風中輕輕飄動。
You are in the ugly, smelly, rat-infested alley behind Wino Willy's.	你正身處 Wino Willy's 酒館後方那條又醜又臭、老鼠橫行的巷子裡。
You can't reach the window. Find something better to do.	你搆不到那扇窗。找點更有意義的事做吧。
Who knows what goes on behind the grimy upstairs windows of Wino Willy's?	誰知道 Wino Willy's 酒館樓上那些髒兮兮的窗戶後面在幹什麼？
It is the portal to Wino Willy's.	這是通往 Wino Willy's 酒館的入口。
You can't jump that high, Bonds.	Bonds，你跳不了那麼高。
The roof of Wino Willy's is a meeting place for junkies, muggers, hookers, young lovers, and pigeons.	Wino Willy's 酒館的屋頂是毒蟲、搶匪、妓女、小情侶和鴿子聚集的地方。
You jump and jump, but you just can't reach the wires.	你跳了又跳，就是搆不到那些電線。
Crud-encrusted powerlines add to the overall ambiance of the alley.	布滿污垢的電線為這條巷子增添了幾分整體氛圍。
Not only do you not belong back there, you'd rather snorkel through the sewer than go anywhere near there.	你不但不該去那後面，你甚至寧可戴著呼吸管潛進下水道，也不想靠近那裡。
How does the Health Department let them get away with it?	衛生局怎麼會讓他們這樣逍遙法外？
Back here is where Willy keeps the virulent poisons that he passes off as drinks here. Watching the cockroaches skitter to and fro, you sincerely hope that the alcohol covering the bar will kill them before they can cross the bar and jump you.	這裡後面就是 Willy 存放那些被他拿來當酒賣的劇毒液體的地方。看著蟑螂在吧台上竄來竄去，你由衷希望吧台上那層酒精能在牠們爬過來撲向你之前先毒死牠們。
There's nothing on it you need...unless you need sticky pools of beer spilled years ago by a thousand thirsty lowlifes.	上面沒有你需要的東西……除非你需要的是多年前上千個口渴的下三濫灑出來、黏答答的一灘灘啤酒漬。
Wino Willy's bar is a horror of unwashed linoleum, peeling particle board, and unidentifiable solidified glop. You shudder just looking at it, thinking of the lives that have been slowly poisoned, the minds that have slipped into a hazy, timeless oblivion here.	Wino Willy's 酒館的吧台是一場惡夢：沒洗過的地板膠、剝落的合板，還有一坨坨認不出是什麼的凝固黏液。光是看著它，想到多少人在這裡被慢慢毒害、多少心智陷入模糊永恆的遺忘，你就不寒而慄。
The Bubba Beer ad wouldn't add much to the decor of your apartment, Bonds.	Bonds，Bubba 啤酒的廣告牌掛在你家公寓裡，也不會為裝潢加分多少。
It's an ad for Bubba Beer, brewed in the hills of Bootjack, California.	這是 Bubba 啤酒的廣告，這款啤酒產自加州 Bootjack 山區。
Oh, come on, you can't be tired already!	喔，拜託，你不可能這麼快就累了吧！
It's a bench for pool spectators.	這是給撞球觀眾坐的長椅。
You pull your revolver and shoot the unarmed biker right between the eyes. (No, we're not going to reward your violence with animation of blood and brains hitting the back wall.)	你拔出左輪手槍，朝那個手無寸鐵的飛車黨正中眉心開了一槍。（不，我們不會用血肉噴到牆上的動畫來獎勵你的暴力行為。）
The biker's old lady brings you up on charges and sues you and the Lytton police department for several million dollars.	那個飛車黨的老婆對你提告，並向你和 Lytton 警局求償數百萬美元。
Internal affairs finds you guilty.	內部事務部門判定你有罪。
You spend the next 30 years of your life as an alcoholic shoe salesman, before drowning in a puddle of rainwater in the gutter.	接下來的 30 年，你都在當一個酗酒的鞋子推銷員度過，最後在水溝裡的一灘雨水中溺斃。
Ooooh, man, ooooh, man, owwww...	喔喔喔，天啊，喔喔喔，天啊，好痛……
Hey, uh, hey man, we'll move the bikes, okay? We'll just do that now, okay? We're leavin'. We're on our way out.	嘿，呃，嘿老兄，我們會把車移走，好嗎？我們現在就去，好嗎？我們這就走，馬上走。
Oh, man, I'm gonna puke...	喔，天啊，我要吐了……
Please move your motorcycles. You're interfering with the business next door.	請把你們的機車移開。你們妨礙到隔壁店家做生意了。
Well, if it ain't Little Boy Blue. Hey, Little Boy Blue, how'd you like me to help you swallow your tongue? Then you'd REALLY be blue! HAR! Come to poppa, piggy.	喲，這不是藍衣小子嗎。嘿，藍衣小子，要不要我幫你把舌頭吞下去啊？到時候你就真的『發青』了！哈！過來吧，小豬。
Whoooey! Let's gut the little piggy!	喔吼！我們來開膛剖肚那隻小豬吧！
Look, let's not get nasty here. All I need you to do is--	聽著，我們別把事情搞得那麼難看。我只需要你——
All I need you to do is bleed, pig-boy!	我只需要你流血就好，豬仔！
Your attempt at reason, however noble, has failed. It would take Willy months to clean your blood off the walls. If he bothered to do it, that is. You've become an organic work of art, Bonds.	你嘗試講道理，動機雖然高尚，但失敗了。Willy 得花上好幾個月才能把你的血從牆上清乾淨——前提是他願意費這個工夫。Bonds，你已經成了一件有機藝術品。
Nice job, Officer. You defused a potentially dangerous situation, using a minimum of force.	幹得好，警員。你用最少的武力化解了一場可能危險的局面。
Feeling a pang of guilty pleasure, you write "Sonny B was here".	帶著一絲罪惡的快感，你寫下「Sonny B was here」。
It's a chalkboard. Probably for keeping score.	這是一塊黑板。大概是用來記分的。
Leave that alone, Sonny, you'll put your eye out.	別碰那個，Sonny，你會戳到自己的眼睛。
A much-punctured dartboard, and bent, rusted darts.	一塊佈滿孔洞的飛鏢靶，還有幾支彎曲生鏽的飛鏢。
Even if you weren't on duty, you'd never lay a lip on one of Willy's greasy glasses.	就算你沒在值勤，你也絕對不會把嘴唇碰上 Willy 那些油膩膩的杯子。
Willy uses the cheapest, most noxious liquors around to create such masterpieces of mixology as the famous "Screaming Organism," "Richter 8," and "Boilermaker Deluxe".	Willy 用附近最便宜、最劣質的烈酒，調出諸如著名的「尖叫生物」、「芮氏 8 級」和「豪華炸彈酒」這些調酒傑作。
Your feet are sticking to the carpet. You decide you'd rather tap-dance on razor blades in your bare feet than lay one finger on Wino Willy's floor.	你的腳黏在地毯上。你寧可光著腳在剃刀片上踢踏舞，也不想再碰 Wino Willy's 酒館的地板一根手指頭。
You've seen cleaner floors in the bathrooms of big-city bus stations.	你見過大城市巴士站廁所的地板都比這裡乾淨。
You don't see your favorite song, "Dream Cop", (by the Foxy Cadettes), so you decide not to play anything at all.	你沒看到你最愛的歌〈Dream Cop〉（by the Foxy Cadettes），所以決定乾脆什麼都不放。
You suspect there's a beautiful 1959 Wurlitzer jukebox under all that dust and grime.	你猜想在那層厚厚的灰塵污垢底下，藏著一台美麗的 1959 年 Wurlitzer 點唱機。
The jukebox has a lot of boozy torch songs, redneck country hits about getting revenge on cheatin' wimmenfolk, and lots of Elvis (Presley). Nothing newer than 1974.	這台點唱機裡有一大堆醉醺醺的傷心情歌、關於向偷腥女人報復的鄉巴佬鄉村金曲，還有一堆 Elvis（Presley）的歌。沒有一首是 1974 年之後的。
Yup. It's a dust-covered green pool table lamp.	沒錯，這是一盞蒙塵的綠色撞球檯燈。
It's your typical Over-The-Pooltable Dust Covered Green Lamp. It has one flickering flourescent bulb that makes you feel like you're in a silent movie.	這是那種典型掛在撞球檯上方、積滿灰塵的綠色檯燈。上面有顆閃爍不定的日光燈管，讓你感覺自己好像置身在一部默片裡。
Good cops don't, Bonds. At least not while on duty.	好警察不會這樣做，Bonds。至少值勤時不會。
Don't touch that girl, you don't know where she's been!	別碰那個女孩，你又不知道她都去過哪些地方！
"Sweet Cheeks" Marie Wilkans. Despite the pounds of makeup and cheap costume jewelry, Marie's smile is so warm you feel yourself starting to squirm. You always had a crush on her in high school...	「Sweet Cheeks」Marie Wilkans。儘管臉上抹著厚重的妝、戴著廉價的首飾，Marie 的笑容依然溫暖得讓你渾身不自在。你高中時就一直對她有好感……
This local "Working Girl" looks somehow familiar...	這位本地的「應召女郎」看起來莫名眼熟……
Well, Marie, what's new on the street?	說吧，Marie，街上有什麼新鮮事？
You immediately regret phrasing your question in that particular manner. Marie doesn't seem offended, however.	你立刻後悔用那種方式問問題。不過 Marie 似乎並不介意。
Tell ya what, Sonny, I heard rumors about some new drug lord comin' in and takin' over everybody's action. The word is that he's really bad. A vicious dude, y'know? But I'm not sure I buy into that.	這樣吧，Sonny，我聽說有個新毒梟要來接管所有生意。大家都說他非常狠毒，是個兇殘的傢伙。不過我不確定自己信不信。
What do you mean, Marie?	妳這話是什麼意思，Marie？
Well, I met this guy who claimed to be him. The Death Angel, I mean. His name was Coffman or Hoffman or something. He was one weird dude, but he treated me okay.	我遇過一個自稱是他的人。我是說，死亡天使。他叫 Coffman、Hoffman，還是什麼的。他是個怪人，但待我還不錯。
So anyway, we partied. He told me all kinds of wild stuff about how he was gonna rule this town.	總之，我們一起玩了。他告訴我很多瘋狂的事，說他要統治這座城。
Did you notice anything unusual about him? Did he mention any names?	你有注意到他有什麼不尋常嗎？他提過哪些名字？
Marie sighs wistfully.	Marie 惆悵地嘆了口氣。
All business, ain't ya? honey. This Coffman dude was a real sharp dresser. One thing I noticed about him; he had a tattoo of a little red rose over his left nipple. It was kinda cute, actually.	親愛的，你真是一心只想辦案。這個 Coffman 很會打扮。我注意到他左乳頭上方有一朵小紅玫瑰刺青。其實還滿可愛的。
Most of the stuff he said was just B.S. You guys will say anything to impress a girl, wont'cha?	他說的大多是鬼話。你們男人為了討女孩歡心什麼都說，不是嗎？
Well, ah, I--	呃，那個，我……
Marie laughs and smiles at you.	Marie 對你笑了起來。
Never mind, Sonny. Anyway, the only name he mentioned was some dude named Bains. The first name was...Josh? No, Jesse. That's right, Jesse. He didn't say much about him, either.	算了，Sonny。總之他唯一提過的名字是某個叫 Bains 的傢伙。名字是……Josh？不，是 Jesse。沒錯，是 Jesse。他也沒多談這個人。
It was like, as soon as he realized he said the name, he shut up. Well, that's about the long and short of it, baby.	他一意識到自己說出那個名字，就立刻閉嘴了。大概就是這樣，寶貝。
Marie winks at you.	Marie 對你眨了眨眼。
Ah, listen, Marie, you've been a big help. Let me give you a tip; We're going to be starting a sweep of local--um--ladies of the evening. It's called Operation Trick Trap. The streets are going to be crawling with cops. You'd better lie low for a few days. I'd hate to see you behind bars.	聽著，Marie，你幫了大忙。我給你一個提醒：我們要開始清查本地的——嗯——特種行業女性。行動代號是「誘捕行動」。街上會到處都是警察。你最好低調幾天，我不想看到你被關進牢裡。
Sonny, how sweet! Thank you for warning me. You always were the sweetest boy. I used to love to watch you laugh at those silly notes I'd pass you in Biology. Well, listen, honey, I've gotta go. I've got an, um, appointment. Maybe see you around sometime?	Sonny，你真貼心！謝謝你提醒我。你一直都是最溫柔的男孩。我以前很喜歡看你讀生物課時，對我傳給你的蠢便條發笑。好了，親愛的，我得走了。我有個，嗯，約會。也許改天再見？
Probably so, Marie. Take care of yourself, okay?	應該會的，Marie。照顧好自己，好嗎？
If you want me to, Sonny, I will.	如果你希望我這麼做，Sonny，我會的。
There are suddenly a hundred things you wish you could say to Marie. But you have business to take care of, and so does she.	你突然有一百句話想對 Marie 說。但你有公事要處理，她也有自己的事。
The bar is too noisy for the young lady to hear you. There are more pressing issues at hand.	酒吧太吵，那位小姐聽不見你。眼前有更急迫的事要處理。
There isn't a single patron in this bar who would sit still for being touched by a cop. Unless you count Marie, who is probably less of a patron and more of a solicitor.	這間酒吧裡沒有一個客人會乖乖讓警察搜身。除非把 Marie 算進去，不過她與其說是客人，不如說是個拉客的。
Some of Willy's patrons. You're supposed to treat everybody equally, but it's hard not to think of these people as lowlife scum, the ones that give you so much grief on Friday and Saturday nights.	Willy 的一些常客。你應該一視同仁地對待每個人，但很難不把這些人當成社會敗類——就是那些每逢週五、週六晚上讓你頭痛不已的傢伙。
They're not talking. None of them would be the slightest bit willing to help out a cop.	他們什麼都不肯說。他們沒有一個人願意幫警察半點忙。
As charming as Miss February 1969 may be, an officer of the law does not take other people's property.	1969 年二月份的封面女郎再迷人，執法人員也不能拿走別人的財物。
It's a tool company's cheesy cheesecake calendar. Closer inspection reveals the date to be February, 1969. Well, that explains the girl's white lipstick and bubble hairdo, anyway.	這是一間工具公司出的俗豔性感月曆。仔細一看，日期是 1969 年二月。這下就能解釋照片上那女孩為什麼擦白色唇膏、頂著蓬鬆爆炸頭了。
As much as you'd love to play a rousing round of pinball, you have other things to do.	雖然你很想痛快打一局彈珠台，但你還有別的事要做。
It's an ancient pinball machine with real rolling digit counters, lame flippers, wimpy kickers, half-burned-out lights, barely audible bells and elliptical balls.	這是一台老舊的彈珠台，有著會滾動的實體計數器、鬆軟無力的擋板、弱不禁風的彈射器、燒壞一半的燈泡、幾乎聽不見的鈴聲，還有橢圓形的彈珠。
You've got plenty, Officer. No need to take someone else's.	警員，你自己的就夠多了，不需要拿別人的。
Billiard balls.	撞球。
No need to go waving pool cues around. You've been issued more intimidating equipment.	不需要揮舞撞球桿。局裡發給你的裝備可威嚇多了。
Pool cues of different lengths are in the rack on the wall.	牆上的架子上放著長短不一的撞球桿。
You don't have time to play pool, Bonds.	Bonds，你沒時間打撞球。
The pooltable is covered with patches, tears, and cigarette burns.	撞球檯上滿是補丁、裂痕和菸疤。
It's Wino Willy's, the most repulsive, sleazy, low-life bar in town.	這是 Wino Willy's，全鎮最讓人反胃、最低級下流的酒吧。
You don't want that, Bonds.	Bonds，你不會想要那個的。
The sign says; "No gun rack, no NRA sticker, no service."	招牌上寫著：「沒有槍架、沒貼 NRA 貼紙，恕不服務。」
You pull your service revolver on the bikers, causing them to panic. One of them sneaks around the pool table and caves in your skull with a whiskey bottle.	你對騎士拔出配發的左輪手槍，讓他們陷入恐慌。其中一人繞過撞球桌，用威士忌酒瓶砸碎你的頭骨。
Sometimes deciding just how much force is appropriate can be a matter of life and death.	有時候，判斷該使用多少武力，就是生死攸關的問題。
Next time, try using police procedure and not drawing your weapon on unarmed civilians.	下次請遵守警察程序，不要對手無寸鐵的平民拔槍。
I'll make you eat that, pig.	我要讓你把那東西吃下去，臭豬。
Hey, Sonny! Sonny Bonds! Izzat you, baby?	嘿，Sonny！Sonny Bonds！是你嗎，寶貝？
The local working girl seems to recognize you. She looks familiar...	這位本地的應召女郎似乎認得你。她看起來有點眼熟……
Don't you recognize me? High school, remeber? I'm Sweet Cheeks--I mean, Marie!	你不認得我嗎？高中時代，記得嗎？我是 Sweet Cheeks——我是說，Marie！
Marie blushes, and smiles up at you. Suddenly, it hits you. She was that amazingly cute girl in Biology who used to pass you funny notes. She would always grin as you tried not to crack up... You and Marie had become pretty good friends. You just lost track of each other after graduation. You feel a pang of sadness and regret.	Marie 臉紅了，抬頭對你微笑。你突然想起來了：她就是生物課上那個可愛得驚人的女孩，總會傳有趣的便條給你。你忍住笑時，她總是咧嘴笑……你和 Marie 曾是很要好的朋友，只是畢業後失去了聯絡。你感到一陣悲傷與遺憾。
You smile at Marie. You don't want to let her know that you're shocked. `Her life is her own', you tell yourself. `I shouldn't be judgemental'. But when you look at her sweet face and remember, you wish it just wasn't true.	你對 Marie 微笑，不想讓她知道你其實很震驚。『她的人生是她自己的』，你告訴自己，『我不該妄加評斷』。但看著她甜美的臉龐，回想起種種，你多希望這一切都不是真的。
Well, you look awful cute in those blues, Sonny Bonds. I'm awful glad you're here. Those guys were getting nasty. I was afraid they were gonna, you know, DO something to me. I owe ya one. So what can I do for you?	Sonny Bonds，你穿那身制服真可愛。我很高興你在這裡。那些傢伙開始變得粗暴，我怕他們會對我做出那種事。我欠你一份人情。你要我做什麼？
Man, I knew I smelled pork.	呿，我就知道我聞到豬騷味了。
Oink oink oink, piggy.	哼哼哼，小豬仔。
What the #@$%&* do you want, PIG?	你這#@$%&*想幹嘛，臭豬？
Yaaaaahoo! It's bar-be-que time!	呀呼！烤肉時間到啦！
Maybe you just weren't cut out to be a cop, Sonny. Now you're the Face on the Barroom Floor.	也許你真的不適合當警察，Sonny。現在你成了酒吧地板上的一張臉。
I'm gonna turn you into pork chops, boy!	我要把你做成豬排，小子！
Looking for something, Sonny?	在找什麼嗎，Sonny？
A word to the wise: The Lytton Police Department issues equipment to you so you can use it, not decorate your locker with it. Of course, you don't need your locker now...	給聰明人一句忠告：Lytton 警局發裝備給你是要你拿來用的，不是拿來裝飾你的置物櫃。當然啦，你現在也用不到置物櫃了……
Here's a little tip; standing in the middle of an explosive situation like a cabbage is not a good idea. You're now just another stain on the floor of Wino Willy's.	給你一個小提醒：像高麗菜一樣站在爆炸現場中央不是好主意。你現在只是 Wino Willy 酒吧地板上的另一塊污漬。
This isn't a nature walk, Bonds. That biker meant business. This is going to have to be a closed-casket funeral...	這不是散步，Bonds。那個騎士是認真的。這會是一場不開棺的葬禮……
Don't leave now. You have to deal with those bikers.	現在別走。你還得處理那些飆車族。
Your good friend SweatCheeks Marie is standing by the jukebox. It might be a good idea to talk with her and see what she knows about the drug problem in town.	你的好朋友 SweatCheeks Marie 正站在點唱機旁邊。找她聊聊、問問她對鎮上毒品問題知道些什麼，或許是個好主意。
It will also give you a good excuse to go chit-chat with her.	這也正好給你一個藉口去找她閒聊幾句。
Don't even think about it. You can't afford a new uniform, Bonds, and you'd have to burn this one if you sat on that stool.	想都別想。Bonds，你買不起新制服，要是坐上那張凳子，你這件恐怕就得燒掉了。
These grime-coated stools make the ones in Carol's look positively upscale.	這些油垢滿滿的凳子，讓 Carol 咖啡城堡裡的凳子看起來都高檔多了。
It's Wino Willy himself. Just looking at him makes you want to take a bath in disinfectant.	是 Wino Willy 本人。光看著他，就讓你很想去泡個消毒藥水澡。
Good afternoon, Mr. Wily.	午安，Wily 先生。
Good afternoon, Officer. Can I get you anything?	午安，警員。要來點什麼嗎？
Willy smiles an oily smile that makes you want to wash your hands. His eyes are darting around like a paranoid poodle's.	Willy 露出油膩膩的笑容，讓你很想去洗手。他的眼神像隻疑神疑鬼的貴賓狗一樣四處亂飄。
Not today, thanks.	今天不用，謝了。
I don't know nothin' about nothin'.	我啥都不知道，什麼都不知道。
Nice, springy foliage.	好有彈性的葉子。
That's one big plant!	這株植物真夠大！
The plant doesn't respond, it only listens quietly. (Maybe it's a plant for the FBI.)	這株植物沒有反應，只是靜靜聽著。（搞不好它是 FBI 派來的臥底植物。）
Ouch! Those plants are prickly!	哎唷！這些植物有刺！
The attractive foliage probably makes your average suspect feel much better about his or her plight.	這些漂亮的葉子，大概能讓一般嫌犯對自己的處境感覺好受一點。
The plants are grateful for your kind words. Usually, all they get is spit on.	這些植物很感激你的好話。平常它們得到的通常只有口水。
You press the entry buzzer alerting the guard inside that you wish to enter.	你按下門鈴按鈕，通知裡面的警衛你想要進去。
This is the button you push to gain entry to the jail.	這是進入看守所要按的按鈕。
The management would prefer that you not muck about with the camera (even if you COULD reach it).	管理單位希望你別亂碰那台攝影機（就算你搆得到）。
The surveillance camera allows Paul, the booker on the day shift, to make sure that nothing funny is going on.	這台監視攝影機讓白天班的建檔收押員 Paul 能隨時確認沒有異狀。
It's your personal vehicle. It looks kind of strange here.	這是你的私人車輛。停在這裡看起來有點怪。
It's your patrol car. Surely you recognize it by now.	這是你的巡邏車。你現在應該認得出來了吧。
It's your unmarked vehicle.	這是你的無標誌車輛。
Although an attractive gentleman, this guy's bad news. Now he can be bad news in jail.	雖然長得一表人才，這傢伙可是個麻煩人物。現在他可以到看守所裡繼續當麻煩人物了。
You don't need to hold up the column, Bonds. It's sturdy enough.	Bonds，你不需要撐著那根柱子，它夠堅固的。
Decorative columns nicely frame the jailhouse door. No doubt the prisoners appreciate them.	裝飾性的柱子把看守所大門襯托得很美觀。囚犯們想必也很欣賞。
Okay, I want the two of you to move over by the door...NOW!	好了，你們兩個給我到門邊去……馬上！
You'd better enjoy this bust, you porcine piece of crap. Your time in this town is limited.	你最好好好享受這次逮捕，你這頭豬玀。你在這鎮上的日子不多了。
Well, my day would be pretty dull if I didn't get opportunities to spend time with such special citizens as yourself. In this line of work a good laugh is always appreciated. Now put a muzzle on it, funny man.	是啊，要是沒機會跟你這種特別的公民相處，我這一天可就無聊了。幹這行，能笑一笑總是好事。現在給我閉嘴，幽默大師。
You can't open it yourself.	你自己打不開這扇門。
That's the remote-controlled door to the jail interior.	那是通往看守所內部的遙控門。
Now's no time to be making an asphalt out of yourself.	現在不是在柏油路上出糗耍寶的時候。
The asphalt serves as a fine driveway.	這片柏油地是很棒的車道。
Boy, this guy's a mess.	天啊，這傢伙真是一團糟。
Ok, buddy, your new room is waiting. Go on inside.	好了，兄弟，你的新房間在等你了。進去吧。
Ah, a nice nap...(hic!).	啊，睡個好覺……（打嗝！）
Ok, buddy, out of the car. You're home now.	好了，兄弟，下車吧。你到家了。
Ok, Ossifer. Can do. No problemo. Always willing to co.. coor... cooper... do whatever you say.	好，長……長官。沒問題，絕對樂意合……合……合作，你說什麼我都照辦。
Please stand over by the door.	請站到門邊去。
Sshure thing, Ossifer...no problemo... just want to coorp... cooper... do what you just said.	當……當然，長官……沒問題……只想合……合……合作，照你剛剛說的做。
Hmm, nice and sturdy. You wouldn't want to try going over that fence. Just thinkng about it makes you want to cross your legs.	嗯，堅固又牢靠。你不會想爬過那道圍籬的。光是想到就讓你雙腿發軟夾緊。
That's the razor wire fence enclosing the jail's exercise yard.	那是圍住看守所放風場的刀片鐵絲網。
You briefly consider picking a tulip to give to somebody special, but you prefer to keep up appearances and not be seen carrying flowers.	你一度想摘一朵鬱金香送給某個特別的人，但你還是決定顧全形象，別讓人看見你捧著花走來走去。
Why do they even bother to plant flowers around the jail? The prisoners can't see 'em and the cops couldn't care less. There's probably some sort of asinine ordinance.	他們幹嘛還要在看守所周圍種花？囚犯看不到，警察也懶得在乎。八成是哪條蠢法規規定的。
This guy's truly bad news. He'd cut your throat in a second, which is probably only twice as fast as he'd cut his own mother's.	這傢伙真的是個大麻煩。他會毫不猶豫地割開你的喉嚨，速度大概只比割他親生母親的快兩倍而已。
Ok, get inside.	好了，進去吧。
C'mon, outta the car.	快點，下車。
Whoa! Tough guy. You screw up once, piggly-wiggly and I'll be all over you.	哇喔！硬漢啊。你只要搞砸一次，小豬崽，我就會盯死你。
I'm not that kind of guy, but thanks for the compliment.	我不是那種人，不過謝謝誇獎。
Shove it, ham hock.	少囉唆，火腿腳。
Okay, Hoffmeister, or whatever your name is today. Stand over by the door and don't give me any trouble.	好了，Hoffmeister，或者你今天想用什麼名字都行。站到門邊去，別給我惹麻煩。
Oh, yessir, pardon me, sir, right away, sir. Hehe...you ever hear the way a pig squeals when it's been stuck? It's like music.	喔，是的長官，抱歉，長官，馬上，長官。嘿嘿……你聽過豬被捅的時候怎麼慘叫嗎？簡直像音樂一樣。
Don't bother, it has a perfectly good foundation and interior columns to help hold it up.	別費心了，它有很穩固的地基和內部柱子撐著。
This is the Lytton County Jail.	這是 Lytton 郡監獄。
That's your new partner, Detective Laura Watts.	那是你的新搭檔，Laura Watts 警探。
Hey, Sonny. I'll take Laurel and Hardy inside while you take care of the car and your gun.	嘿，Sonny。我帶 Laurel and Hardy 這兩位進去，你去處理車子和你的槍。
Ok, Laura. Don't let Frick and Frack give you a hard time.	好，Laura。別讓 Frick and Frack 給你添麻煩。
C'mon gentlemen. You don't want to keep a lady waiting, do you? Your castle awaits.	來吧，兩位先生。你們總不會想讓一位女士等太久吧？你們的城堡在等著呢。
These are sidearm storage lockers.	這些是配槍置物櫃。
Don't touch that concrete. You don't know where it's been.	別碰那塊水泥。你不知道它經歷過什麼。
The sidewalk just happens to be conveniently located between the driveway and the jail entrance. Many an unwilling guest has marched down this very walkway.	這條人行道剛好就位在車道和看守所入口之間。不少不情願的訪客都曾被押著走過這條路。
This is that slimy little drug buyer you caught doing business at the Park.	這就是你在公園抓到的那個噁心小毒蟲。
Don't leave without booking your prisoner. It kind of defeats the purpose of the arrest.	別忘了替囚犯辦理收押就離開，那會讓逮捕失去意義。
Aren't you forgetting something? Those police service revolvers are expensive. You shouldn't leave it behind in the locker.	你是不是忘了什麼？那把警用左輪手槍可不便宜，別把它忘在置物櫃裡沒拿。
It would help to open the locker door before trying to lock up your revolver.	在你想把左輪手槍鎖進去之前，先打開置物櫃門會比較方便。
Yup, nice and strong. Keeps perps in, keeps vandals out!	沒錯，堅固耐用。把嫌犯關在裡面，把破壞份子擋在外面！
That's the barred office window of the Lytton County Jail.	那是 Lytton 郡看守所辦公室裝了鐵欄杆的窗戶。
Nah. You're not in the mood for incarceration today.	不了。你今天沒心情去坐牢。
Much as you expected, it's a jail cell. Many of Lytton's finest criminals have cooled their heels here.	正如你所料，這是一間牢房。不少 Lytton 數一數二的罪犯都曾在這裡蹲過。
This is holding cell number two. Here you'll often find some of the less desirable elements of society.	這是二號拘留室。這裡經常關著一些社會上不太受歡迎的份子。
It's another of the departmental holding facilities.	這是局裡的另一間拘留設施。
Did you see the way he used your own weapon to kill you? Pretty resourceful. Now you know why lockers are supplied on the outside of this facility.	你有看到他是怎麼用你自己的槍殺了你嗎？真夠有辦法的。現在你知道為什麼這棟設施外面要設置置物櫃了吧。
You shouldn't uncuff them until the booking process is complete.	在建檔收押程序完成前，你不該解開他們的手銬。
You think about talking to him, but decide you've suffered enough verbal abuse for one day.	你考慮跟他說幾句話，但決定今天挨的口頭羞辱已經夠多了。
Hey, you look real natural in there.	嘿，你待在裡面看起來還真自然。
He responds with a comment which suggests a physically impossible position. It's not a very original suggestion.	他回了一句話，內容是叫你去做一個生理上不可能做到的姿勢。這提議一點也不新鮮。
Alright, into the cells with the both of you.	好了，你們兩個都進牢房去。
Move into the center of the room, please.	請走到房間中央。
Please stand against the wall and don't move.	請靠牆站好，不要動。
I'll keep an eye on the dogs, Sonny.	我會盯著這兩隻狗的，Sonny。
Yeah, and you two can kiss my...	對啊，你們兩個可以親我的……
Hey! Hey! Hey! Let's cut the spew, fella!	嘿！嘿！嘿！少廢話，老兄！
You start to order the suspects into the cells but realize you've forgotten to remove their cuffs.	你開始命令嫌犯進牢房，卻發現自己忘了替他們解開手銬。
Ok, there you go. Hope I didn't have those on too tight.	好了，這樣就行了。希望剛剛沒銬得太緊。
Door's open, Sonny, any time.	門開著，Sonny，隨時可以走。
He must have decided he didn't want to hang around here any longer. And you gave him just the opening he was looking for.	他一定是決定不想在這裡多待了。而你剛好給了他正想要的機會。
You don't want to do that here.	你不會想在這裡做那件事的。
Ya know, I'm not feelin' so good.	你知道嗎，我覺得不太舒服。
Sleep it off, pal. You're going to need the rest when the judge gets ahold of you. He's got no tolerance for DUI offenders.	睡一覺消一消吧，老兄。等法官找上你的時候，你會需要這段休息時間。他對酒駕的人向來零容忍。
I.. I'mm... Oh, crud, I think I'm gonna hurl.	我……我……喔，糟了，我想我要吐了。
Okay, Mr. Barnum. It's time to weave your way to the cell.	好了，Barnum 先生。該搖搖晃晃走去牢房了。
Mr. Barnum, please move to the center of the room so I can remove your cuffs.	Barnum 先生，請走到房間中央，好讓我幫你解開手銬。
Please move to the wall and remain still, Mr. Barnum.	Barnum 先生，請走到牆邊，站好別動。
Yyeah, thas a good idea, off(hic).. off(hic).. officher. Maybe it'll help steady this frrriggin' rroom.	對……對啊，這主意不錯，警……（打嗝）警……（打嗝）警官。或許能讓這該死的房間別再晃了。
Step into the cell, please.	請走進牢房。
Hey, Sonny. Aren't you gonna remove that guy's cuffs first?	嘿，Sonny。你不先幫那傢伙解開手銬嗎？
Uh, oh yeah.	呃，喔對。
Okay, you might want to rub those wrists to get the circulation going again.	好了，你可以搓一搓手腕，讓血液重新循環一下。
After all the care you took to effect a good bust out in the field, you get the guy to jail and let the dirtbag waste you.	你在外面辛苦完成逮捕，卻把人帶到監獄後讓這個垃圾殺了你。
It would be wise to leave this guy cuffed until you're ready to stash him in a cell.	在你準備好把這傢伙關進牢房之前，最好先讓他銬著手銬。
This guy looks like bad news in the flesh. You know he would've wasted you given the opportunity.	這傢伙看起來就是活生生的麻煩人物。你知道只要有機會，他一定會做掉你。
The world's a safer with him in there.	他被關在裡面，世界就安全多了。
You consider conversing with the guy but decide it would probably be better to limit conversation to business-related topics only.	你考慮跟這傢伙聊幾句，但覺得還是把對話限制在公事範圍內比較好。
If there's anything we can do to make your extended stay more comfy, you'll be sure to let us know, right?	如果我們有什麼能讓你這趟「長期住宿」過得更舒服，你會記得告訴我們的，對吧？
You know, pigs can be kosher...it all depends on how you kill 'em.	你知道嗎，豬也可以宰得潔淨（kosher）……全看你怎麼宰的。
Sure thing. Catch you later, Rabbi.	沒問題。回頭見了，拉比。
Comfortable?	舒服嗎？
I'd be a lot more comfortable with a .22 slug buried in your...	要是有顆 .22 子彈埋在你的……我會舒服得多。
Temper, temper.	消消氣，消消氣。
I've got a little surprise for you.	我有個小驚喜要給你。
What, you learned to chew gum and walk at the same time? Yippee skippee.	怎麼，你學會邊嚼口香糖邊走路了？哇，真了不起。
Ever hear of a "No Bail Warrant," Taselli? The judge decided you were too nice a customer to lose. You're not going ANYwhere 'till this case goes to trial.	聽過「不得交保令」嗎，Taselli？法官認為不能放走你這種大人物。在案件審判前，你哪裡都不准去。
What?!? You can't...it ain't constitutional! I'll sue! Your ass is MINE, Bonds!	什麼！？你不能這樣……這不合憲！我要告你！Bonds，你死定了！
Sorry, Taselli, I can't hear you. The violins are playing too loudly.	抱歉了，Taselli，我聽不到你在說什麼。小提琴的聲音太大聲了。
Enjoy our fine accommodations, Mr. Hoffman, or whatever your name is. I think you'll be staying with us for quite a while.	好好享受我們的住宿，Hoffman 先生，不管你現在叫什麼。我想你會在這裡待上一段時間。
Cram it!	閉嘴啦！
Move your can into the cell, Mr. Hoffman. I think you know the way.	把你的屁股移進牢房裡，Hoffman 先生。我想你知道路怎麼走。
Please walk to the center of the room.	請走到房間中央。
Stand against the wall and don't move.	站到牆邊，不要動。
You're dead when I get out of this joint, cop!	警察，等我離開這鬼地方你就死定了！
I'm quakin' in my boots, sir.	長官，我已經嚇得靴子都在發抖了。
I'll be outta here in 15 minutes, and I'm comin' after you. So kiss your ass goodbye.	我十五分鐘後就會離開這裡，然後我要找你算帳。你就等著跟自己的小命說再見吧。
The only ass I'm kissing goodbye is you. After all, I won't be seeing you for a few years.	我唯一要道別的混蛋就是你。畢竟，我好幾年都不會再看到你。
Don't bet on it, pig.	我勸你別打這個賭，豬頭。
Sonny, you gotta remove the guy's cuffs first.	Sonny，你得先解開那人的手銬。
I'll take care of this. Don't you have some paperwork to do, Paul?	這裡交給我處理就好。你不是還有文件要處理嗎，Paul？
You look good in matching bracelets.	你戴著這對「手鐲」還挺好看的。
I got a match for you, pigman.	我這裡也有一副要給你的，豬頭。
Can it, punk!	閉嘴，小混混！
Hey, Sonny. I got the evidence booked on this guy.	嘿，Sonny。我已替這傢伙完成證物登記。
Oh, one more thing.	噢，還有一件事。
Dooley wants you back at the station. Seems he's heavily perturbed about something and he wants to talk to you about it ASAP. See you back there.	Dooley 要你回警局。他似乎被某件事惹得非常不高興，想盡快和你談談。警局見。
Jack seems to be quite amused. Perhaps he just enjoys his own company.	Jack 看起來相當開心。也許他只是很享受自己一個人的樂趣。
They're a fine pair, aren't they?	他們倆真是絕配，不是嗎？
Sonny! Glad I spotted your black-and-white. I just wanted to let you know about an opening in Narcotics. Morgan is accepting transfer requests now.	Sonny！很高興看到你的警車。我只是想告訴你緝毒科有職缺，Morgan 現在接受調職申請。
Fill one out and turn it in when you get back to the station. I'm headed back there. Catch you later.	填好一份，回警局後交上去。我先回去了，待會見。
Good work, Sonny. This'll be a pleasure to report to Morgan. It increases the likelihood that this could be a permanent position for you. Let's roll back and do the paperwork, partner.	做得好，Sonny。我很樂意把這件事報告給 Morgan，這會增加你轉為正式職位的機會。回去辦文件吧，搭檔。
Oh, I almost forgot. Jack called me at the station. He sounded really upset. He wanted to talk to you. I think you'd better stop by and see him. He said he was at the blue room. I'll see you at the station later. Bye.	喔，我差點忘了。Jack 打電話到警局，聽起來非常難過。他想和你談談。你最好去看看他。他說自己在 Blue Room。稍後警局見，再見。
Pretty pathetic centerpiece for any room, eh?	當任何房間的擺飾，都挺可悲的吧？
You think she might be willing but the atmosphere in this prison is a little too much like a cheap Linda Blair movie. Someplace more romantic would be better.	你覺得她似乎有點意願，但這座監獄的氣氛太像廉價版的 Linda Blair 電影了。換個更浪漫的地方應該比較好。
The sight of Marie behind bars sickens you a little. But at least it means she's off the street and not turning tricks.	看到 Marie 被關在鐵欄後，你有些難受。但至少她離開街頭，不必再拉客了。
Might as well sit back and relax. Lt. Morgan will be sending a car over for you. I'll see you later at the station.	你不如坐下休息。Morgan 中尉會派車來接你。我們待會兒警局見。
Sonny, I'm sure sorry I didn't listen to your tip about the sweep. You've gotta help me. I'm afraid I pressed my luck one too many times. I can't afford this bust. They're gonna put me up in County this time. Sonny, those women are scary. I'm not a hardcore criminal. I never hurt anyone.	Sonny，我真後悔沒聽你的清查警告。你得幫幫我。我恐怕把運氣用過頭了。我付不起這次被捕的代價，這回他們會把我關進郡監獄。Sonny，那些女人很可怕。我不是重罪犯，從沒傷害過任何人。
Isn't there anything you can do for an old classmate?	你不能為老同學做點什麼嗎？
Possibly. The Department's been investigating the Hotel Delphoria, trying to gather enough evidence to move in. Right now, we don't have anything that'd stick. You might be able to help.	也許可以。警察局一直在調查 Delphoria 旅館，想蒐集足夠證據採取行動。目前我們沒有能站得住腳的證據，你或許能幫忙。
My boss, Lt. Morgan, has a plan that he believes will get us close to the main dude, someone they call `The Death Angel.' This guy's the worst of the worst in the highest order of social parasites, Marie. He's not only sucking the blood of society, he's spilling it.	我的上司 Morgan 中尉有個計畫，認為能讓我們接近那個大人物，也就是他們稱為「死亡天使」的人。Marie，這傢伙是社會寄生蟲中的最渣，不只吸食社會的血，還在讓它流血。
Wanna help?	要幫忙嗎？
Will it get me cleared of these charges? I just can't go to jail.	這能讓我撤銷罪名嗎？我真的不能坐牢。
I can't guarantee anything. But Morgan and I can talk to the prosecutor on your behalf.	我不能保證。但 Morgan 和我可以代表你向檢察官求情。
Just between you and me, I think the odds are in your favor. You'd be doing the department a major favor. But that's just between you and me, right? I'm not guaranteeing anything.	只在你我之間說，我認為你勝算不低。你會幫警察局一個大忙。但這只是你我之間的話，對吧？我沒有保證任何事。
So, what do you think?	那麼，你覺得如何？
Okay, Sonny, it's a deal.	好，Sonny，就這麼辦。
Great. I've got to head back to the station. A car will be sent by shortly to pick you up. I'll see you later.	很好。我得回警局了。很快會有車來接你。待會見。
Whatever you say, Sonny. Thanks.	你說了算，Sonny。謝謝。
You're puzzled by a strange, warm and fuzzy sensation after your conversation with Marie. Easy, boy. You've got to concentrate on the business at hand. Anything less than 100 percent can prove fatal.	跟 Marie 聊完後，你被一股奇怪、溫暖又酥麻的感覺搞得一頭霧水。冷靜點，小子。你得專心處理眼前的事，稍有分心都可能致命。
Geez, Sonny. Do I have to see that ugly mug all day?	天啊，Sonny。我一整天都得看著你那張醜臉嗎？
Just keep away from mirrors, Paul.	Paul，你就離鏡子遠一點吧。
So where's the prisoner I'm supposed to visit?	那我要探視的犯人在哪裡？
She's in one of the cells. I hear she's an old flame of yours. So, have you and her performed nature's mystery dance?	她在其中一間牢房裡。聽說她是你的舊情人。所以呢，你們倆跳過「大自然的神祕之舞」了嗎？
Well, you just think about it on one of your lonely Saturday nights, Paul. Thanks for all the great info.	好啦，Paul，你就留著在某個孤單的星期六晚上慢慢想吧。謝謝你提供的這些寶貴情報。
That guy proves that evolution hasn't been 100-percent effective.	這傢伙證明了演化並沒有百分之百成功。
Paul looks like the kind of guy built to wear leisure suits and spend his life in cheesy discos. His orange tan suggests an unfortunate go-round with a tube of Instant-Tan. All he needs are a few gold chains and a bottle of breath spray.	Paul 看起來就是那種天生適合穿休閒西裝、把一生耗在俗氣迪斯可舞廳的人。他那身橘得不自然的膚色，八成是跟一瓶速效古銅乳液纏鬥的悲慘結果。他只差幾條金項鍊和一瓶口氣清新噴霧了。
Hey, Sonny-boy! Sounds like Marie's warm for your form! Gonna get a little free...	嘿，Sonny 小子！聽起來 Marie 對你的身材挺有意思的嘛！看樣子要來點免費的……
Paul, I swear, one of these days, you're going to open your mouth a little too wide, and you're going to force me to jam my fist into it.	Paul，我發誓，總有一天你那張嘴會張得太大，逼得我不得不把拳頭塞進去。
There's an uncomfortable silence.	現場出現一陣尷尬的沉默。
Sorry, Sonny.	抱歉，Sonny。
Hey, Sonny, how's it going?	嘿，Sonny，最近好嗎？
How ya doin', Paul.	你好嗎，Paul。
Fine, thanks.	還不錯，謝了。
Paul, I've got a couple more cell-stuffers for you.	Paul，我這裡還有幾個要塞進牢房的傢伙給你。
I've got another guest for your fine establishment, Paul.	Paul，我又給你這間「高級旅館」帶來一位貴賓了。
He looks well-lubed. He better not spackle my cell, Bonds. You're cleaning it up if he does. What's the official violation?	他看起來喝得很茫。他最好別把我的牢房弄得一團糟，Bonds。要是他吐了，你自己負責清。他的正式罪名是什麼？（酒後駕車 21603）
Paul, we've got another winner. Tell 'em what he's won.	Paul，我們又抓到一位「幸運兒」。告訴他，他贏得了什麼獎。
Ooh, this one's lucky, Sonny, he gets a copy of our home game to play and enjoy right in his very own home. Hah!	噢，這位運氣真好，Sonny，他可以把我們的「居家版遊戲」帶回自己家裡慢慢玩。哈！
Er...Sonny, I don't think you've got the evidence to book 'em on THAT violation. Better try another.	呃……Sonny，我不認為你有足夠證據以那項違規把他送進檔案。換一項試試吧。
Here you go.	給你。
Well, well! Good thing you got this here when you did, Bonds. Hold on, I'll process it.	哎呀哎呀！還好你及時把這個帶來了，Bonds。等一下，我來處理。
Thanks, Bonds. He's all checked in...but he ain't checkin' out.	謝了，Bonds。他已經「入住」登記完畢……但他可退不了房。
Got something for ya, Paul.	有東西要給你，Paul。
Don't keep me in suspense, Bonds. Let's have it.	別吊我胃口了，Bonds。拿出來吧。
Murder, huh? Just doin' his little bit for population control, I assume.	謀殺，是嗎？我猜他只是為人口控制盡了一點小力。
Attempted murder, huh? Guess he didn't realize that charity begins at home.	企圖謀殺？看來他不知道慈善應該從自己家裡開始。
Okay, we've got one for kidnapping.	好了，這張是綁架罪。
Armed robbery? Wooo, keep the nasty stick-up man away from me, Bonds.	持械搶劫？喔，Bonds，離那個兇惡的搶匪遠一點。
Assault and battery, eh? Well, let's just book him for assault this time, and tell 'em battery's not included. Har!	傷害罪加上毆打罪，嗯？這次我們就先建檔收押傷害罪，跟他說毆打不算在內好了。哈！
Assault and battery on a police officer? Ooh, we don't take too kindly to that sort of behavior.	攻擊並毆打警察？喔，我們可不會善待這種行為。
Burglary? Tsk, tsk. Don't he know that good always triumphs over evil?	竊盜罪？嘖嘖。他難道不知道邪不勝正這句話嗎？
Possession of a controlled substance, huh? Guess he just didn't know when to say, "No."	持有管制物質？看來他只是不知道什麼時候該說「不」。
Booking this one for possession of cocaine, eh? Guess his Mom never told him not to stick stuff up his nose.	這張是持有可卡因？看來他媽媽從沒告訴他別把東西塞進鼻子。
Okay. One for possession of a concealed weapon.	好，填一項持有隱藏武器。
Stolen vehicle, eh? Some people'll do ANYthing to get out of car payments.	失竊車輛？有些人為了逃避車貸什麼都做得出來。
Driver's license not in possession, eh? Don't tell me. He left it in his other pants, right?	沒帶駕照在身上，嗯？別跟我說，他一定是放在另一件褲子裡了，對吧？
Okay, we're booking one for driving with a suspended license.	好，這位是吊扣駕照期間開車，建檔收押。
Hit-and-run, eh? My mother was killed by a hit-and-run. Let's hope this guy doesn't give me a hard time.	肇事逃逸，嗯？我母親就是被肇事逃逸的車撞死的。希望這傢伙別給我惹麻煩。
Failure to stop at a stop sign. Definitely a hardened criminal.	未在停止標誌前停車。這肯定是個重犯。
Failure to stop at a red light. What's the matter, Bonds? Did he drive past your girlfriend's house without paying? Just kiddin', Sonny, old pal.	闖紅燈。怎麼了，Bonds？他經過你女友家卻沒付錢嗎？開玩笑的，Sonny，老朋友。
Driving too slow in the fast lane, eh? Gee, what do we give him for that...one month or two?	在快車道上龜速行駛，嗯？天啊，這種罪該判他多久……一個月還是兩個月？
Following too close, huh? Better watch out for this one in the shower.	跟車跟太近，嗯？這傢伙進去洗澡時最好小心點。
Exceeding the maximum speed limit. Another speed freak.	超過最高速限。又一個飆車狂。
Reckless driving, huh? Sounds like something you should get an award for. Get it? Wreck-less driving? Ha!	危險駕駛，是嗎？聽起來像該頒獎給你的事。懂嗎？「無車禍駕駛」？哈哈！
Driving under the influence of intoxicants? Just goes to show you, any crap-for-brains can get a driver's license.	酒醉或藥物影響下駕駛？這只能證明任何沒腦袋的人都能拿到駕照。
Book him for evading arrest? Gee, that's strange. With our deluxe accomodations, why would anyone want to get away?	以逃避逮捕登記？真奇怪。我們的豪華住宿這麼棒，誰會想逃走呢？
Not in full control of his faculties, huh? Boy, you bringin' all of Congress in here?	神智不清，嗯？老兄，你是打算把整個國會議員都抓進來喔？
Resisting arrest, eh? And we've got such wonderful accomodations. Why would they resist the opportunity?	拒捕，是嗎？我們提供這麼棒的住宿，他們怎麼會拒絕這個機會？
Please enter a code.	請輸入代碼。（條號對照見隨包的 docs/中文條號速查.md）
Try that one again, Bonds, you gave me an invalid code for this case.	再試一次，Bonds。你輸入了這個案件的無效代碼。（條號對照見隨包的 docs/中文條號速查.md）
One more time, please.	請再試一次。
Geez, Bonds, head back to the Academy and bone up on your codes.	天啊，Bonds，回警校把代碼好好複習一下吧。（條號對照見隨包的 docs/中文條號速查.md）
The room isn't quite clean enough to pass the White Glove test, but the clientele usually don't complain.	這房間還不夠乾淨，通過不了白手套檢查，但客人通常不會抱怨。
The booking room is decorated in that oh-so-fashionable gut-boggling institutional green.	這間收押登記室，裝潢成那種令人反胃的「時髦」機關綠。
What do you think you're doing, Officer? You can't leave a prisoner unprocessed.	警官，你以為自己在做什麼？不能讓囚犯未完成收押程序就離開。
You should have the prisoner move to the middle of the room before attempting to remove the handcuffs.	嘗試解開手銬前，應先讓囚犯走到房間中央。
Hey, keep your grubby fingers offa the glass, Bonds.	嘿，Bonds，你那雙髒手別碰玻璃。
A heavy bulletproof window separates Paul from the clientele. It's best that way. His breath could easily be ruled a violation of one's civil rights.	一片厚重的防彈玻璃把 Paul 跟他的「客戶」隔開來。這樣最好，因為他的口氣搞不好會被判定是侵犯人權。
Don't sit out here, Bonds. You're being anti-social.	別坐在外面，Bonds。你這樣太不合群了。
It's a bench.	這是一張長椅。
Leaving already? Jack's waiting for you inside. Better check in with him first.	要走了？Jack 正在裡面等你。最好先和他報到。
Don't do that, you'll get a splinter.	別這麼做，你會被木刺扎到的。
You admire the wooden decking, trying not to notice the ancient chunks of food stuck between the planks.	你欣賞著這片木製地板，努力不去注意木板縫裡卡著的陳年食物殘渣。
Leave the flowers alone. They get enough trouble from the neighborhood dogs.	別去碰那些花。牠們光是應付附近的狗就已經夠麻煩了。
The flowers smell wonderful, don't they?	這些花聞起來很香，對吧？
The flowers have only the simplest of nervous systems; they do not respond in any measurable fashion.	這些花只有最簡單的神經系統，不會有任何可觀察到的反應。
The fern's leaves are light and airy.	這株蕨類的葉子輕盈飄逸。
An attractive fern hangs outside the Blue Room door.	一盆漂亮的蕨類植物掛在 Blue Room 門外。
The ferns are too busy enjoying the fresh air and sunshine to bother replying.	這些蕨類正忙著享受新鮮空氣和陽光，懶得理你。
You can go shopping some other time, Bonds.	Bonds，你可以改天再去逛街。
The Blue Room is nestled between many charming little shops.	Blue Room 座落在幾間迷人的小店之間。
There's nothing on the ground that requires your attention.	地上沒有什麼值得你注意的東西。
It's the parking lot.	這是停車場。
Quit teasing the foliage.	別再逗弄那些植物了。
Nice plants. You remember that plants are supposed to clean up the atmosphere. You briefly wish they'd help clean up the neighborhood... No, Bonds. No carnivorous plants. Play Space Quest II for that.	不錯的植物。你記得植物應該有淨化空氣的功能。你一時興起，希望它們也能順便清一清這附近的治安……不行，Bonds。這裡沒有食人植物。想玩這套，去玩 Space Quest II 吧。
The plants ignore your clumsy attempt at communication.	這些植物無視了你笨拙的溝通嘗試。
That's a little too big for your rock collection, Bonds.	Bonds，這對你的石頭收藏來說有點太大了。
It's a rock.	這是一顆石頭。
It's bad enough that you talk to plants. Get a grip, Bonds.	你會跟植物講話已經夠糟了。振作一點，Bonds。
You're outside the Blue Room, a popular hangout for cops.	你在 Blue Room 外面，這裡是警察們愛去的熱門去處。
Don't take the sign. It's useful right where it is.	別把招牌拿走。它擺在原位才有用。
The sign for the Blue Room was hand-painted by the owner's daughter.	Blue Room 的招牌是老闆的女兒親手畫的。
You'd better see Jack first.	你最好先去見 Jack。
Leave the sign alone. It's fine where it is.	別動那塊招牌。它放在那裡就很好。
The sign says: Soup of the Day--Moulder Stew.	招牌上寫著：今日例湯——發霉燉肉。
Spotting the sediment of cola and ketchup on the table, you withdraw your hand.	你注意到桌上有可樂和番茄醬的殘渣，於是把手縮了回來。
Charming white plastic lawn furniture.	迷人的白色塑膠庭院家具。
Good for you. Everyone should hug a tree from time to time.	很好。每個人偶爾都該抱抱樹。
This tree was donated by the Lytton Police force to the town of Lytton three years ago.	這棵樹是三年前 Lytton 警察局捐贈給 Lytton 鎮的。
The tree seems glad to see you.	這棵樹似乎很高興見到你。
Don't get too close, Bonds. That little piece of Americana could drop on you like a collection agent.	別靠太近，Bonds。這個小小的美式風情擺設，可能會像討債公司一樣突然砸到你頭上。
It's one of those big umbrellas that leaks in the rain, cracks in the sun, and blows over in the slightest breeze.	這是那種下雨會漏水、曬太陽會龜裂、風一吹就倒的大陽傘。
Bobby will be happy to serve you.	Bobby 會很樂意為你服務。
Back there is where Bobby, your bartender, keeps all his deadly hangover generators.	你的酒保 Bobby 把他那些「致命宿醉製造機」都放在那後面。
You can't reach it, Bonds. Besides, you already picked up all the bad artwork you need at the Starving Artists Sale at the local Happyday Inn.	你搆不到它，Bonds。而且你已經在當地 Happyday Inn 的「窮藝術家特賣會」上，買夠了你需要的爛畫。
It's an all-American crushed-velvet Nude Lady Behind the Bar painting.	這是一幅道地美式風格的絨布裸女酒吧畫。
Some seedy citizens rest at the bar.	幾個看起來不太正經的傢伙在吧台邊休息。
Don't grab Bobby. He's got a quick temper.	別去抓 Bobby。他脾氣很衝。
That's Bobby Gomez. He retired from the force a few years back when this fine establishment became available. He got out of police work and into something he felt was much safer: operating a bar.	那是 Bobby Gomez。幾年前這間「高級場所」剛好要頂讓，他就從警局退休了。他離開了警察工作，轉行做他認為安全多了的事——開酒吧。
Hi, Sonny. Nice to see you.	嗨，Sonny。很高興見到你。
Don't worry, Sonny, he'll be alright.	別擔心，Sonny，他不會有事的。
Later, Sonny.	回頭見，Sonny。
Don't touch that bar, Bonds. You don't know where it's been.	別碰那個吧台，Bonds。你不知道它經歷過什麼。
Across this bar has passed nearly an ocean of ales and other alcohol-laden attitude adjusters.	這座吧台上，流過的啤酒和各種「調整心情」的酒精飲料，多得快能匯成一片海洋了。
It's a booth.	這是一個卡座。
On closer inspection, you discover the words "Robin of Locksley was here" carved into the wood. Damn vandals.	你仔細一看，發現木頭上刻著「Robin of Locksley was here」的字樣。這些該死的破壞公物的傢伙。
What were you thinking of doing, walking off with it?	你到底在打什麼主意，想把它整個扛走嗎？
It's the universal symbol of masculinity, the Bullcinch. Just looking at its wrought-iron curves and angles makes your testosterone levels rise.	這是象徵陽剛之氣的萬用圖騰——Bullcinch。光是看著它那鍛鐵打造的曲線和稜角，就讓你的睪固酮濃度直線上升。
You sneak a fingerful of icing for the road.	你偷偷用手指挖了一坨糖霜，準備路上吃。
It sure looks good. Too bad there was nobody to jump out of it.	看起來真不錯。可惜沒人從裡面跳出來。
Functional chairs. Not as nice as the ones in Lt. Morgan's office, but they'll do.	中規中矩的椅子。沒有 Morgan 中尉辦公室裡的那麼氣派，但堪用。
You sit down with Jack. It's nice to have a few minutes to talk with him before the party, you think to yourself.	你在 Jack 身邊坐下。你心想，能在派對開始前跟他聊個幾分鐘也不錯。
You're cute, Sonny, but if you do that again, I'll break your fingers.	你是滿可愛的，Sonny，但你要是再這樣，我就打斷你的手指。
This is Clarice. She has been working here for as long as you can remember.	這位是 Clarice。從你有記憶以來，她就一直在這裡工作。
Have a good one, Sonny.	祝你順利，Sonny。
Face-down on the floor is not a good position for an officer of the law to be in, Bonds.	Bonds，臉朝下趴在地上，對一名執法人員來說可不是什麼好姿勢。
The floor is relatively clean for an establishment of this calibre.	以這種等級的場所來說，地板算是相當乾淨了。
You give Jack a friendly pat on the shoulder.	你友善地拍了拍 Jack 的肩膀。
You gently tap Jack on the shoulder.	你輕輕拍了拍 Jack 的肩膀。
It's your old friend, Jack Cobb.	是你的老朋友，Jack Cobb。
Oh, there's Jack.	噢，Jack 在那裡。
Hey, Jack! Happy birthday, man.	嘿，Jack！生日快樂，老兄。
Huh? Oh, thanks, Sonny.	嗯？噢，謝了，Sonny。
Jack, buddy, you look worried. Is something bothering you? Other than getting old, of course!	Jack，老兄，你看起來很擔心。除了變老以外，還有什麼事困擾你嗎？
No...no, nothing, Sonny.	不……沒事，Sonny。
You are suddenly certain that Jack is lying, and that scares you.	你突然確信 Jack 在說謊，這讓你感到不安。
Jack...you can tell me, man. Maybe I can help.	Jack……你可以告訴我，也許我能幫忙。
I...Sonny, I think Kathy's on drugs. My little girl. I just can't believe it.	我……Sonny，我想 Kathy 吸毒了。我的小女兒。我真的不敢相信。
Jack, are you sure? How do you know?	Jack，你確定嗎？你怎麼知道？
I don't know for sure. But she's been so nasty for the past few months. Secretive. I know, all teenagers are like that. But her grades are slipping.	我也說不準。但這幾個月她變得很難搞，鬼鬼祟祟的。我知道，青少年都這樣。但她的成績一直在退步。
Sonny, she's been having nosebleeds all the time. She steals money from us. She was out all night last night, and I...I just...Oh, God, my little girl...	Sonny，她一直流鼻血，還從我們這裡偷錢。她昨晚整晚都不在家，我……我只是……天啊，我的小女兒……
Saddened and embarrased, you give Jack a moment to gain his composure. This also allows you to gather your own thoughts; you're not very good with expressing yourself sometimes.	你感到難過又尷尬，給 Jack 一點時間平復情緒。這也讓你能整理一下自己的思緒；你有時候不太擅長表達自己。
Anyway, I don't know what to do. I try to talk to her, and she just screams at me and slams the door in my face.	反正，我不知道該怎麼辦。我試著跟她說話，她卻對我尖叫，然後當著我的面甩上門。
Sonny, we talked to her about sex...but we never talked to her about drugs. I'm a cop, for chrissakes, I didn't think I needed to. I didn't...Oh God, Sonny. I don't know what to do.	Sonny，我們和她談過性……卻從沒談過毒品。我是警察，老天，我以為不必談這個。我沒有……天啊，Sonny，我不知道該怎麼辦。
Oh, man, Jack, I--	噢，天啊，Jack，我——
Hi, Jack! Good news, buddy. We caught the bastard who was selling to Kathy.	嗨，Jack！好消息，老兄。我們抓到賣毒品給 Kathy 的混蛋了。
Whu?--Oh, Sonny. What did you say?	啥？——噢，Sonny。你剛才說什麼？
Jack has obviously been drinking way too much.	Jack 顯然喝得太多了。
We caught the creep who was dealing to Kathy, Jack. He's a slimy little punk named Donald P. Colby. We've got him, Jack. His eggs are gonna fry.	我們抓到賣毒品給 Kathy 的那個混蛋了，Jack。他是個叫 Donald P. Colby 的下流小混混。我們逮到他了，Jack。他死定了。
Tha'ss just swell, Sonny. 'Cept it doesn't matter. Nothing matters. I'ss too late.	那……那真好啊，Sonny。可是這都不重要了。什麼都不重要了。太……太遲了。
Too late?! My God, Jack, what do you mean?	太遲了？！天啊，Jack，你這是什麼意思？
Kathy's in the hospital. In a coma. It was an overdose--some filthy shhh...they don't even know what. She might die, Sonny, my baby might die. Oh, no, why didn't I see it sooner? Oh God, Sonny...	Kathy 在醫院裡。昏迷了。是用藥過量——某種下三濫的爛東西……他們連是什麼都不知道。她可能會死，Sonny，我的寶貝女兒可能會死。噢，不，我怎麼沒早點發現？天啊，Sonny……
Jack, man, I'm so sorry. She'll be okay, I know it. She's a tough kid.	Jack，我很抱歉。她會沒事的，我知道。她是個堅強的孩子。
Thanks, Sonny. Thanks for tryin'. I gotta go, man.	謝謝，Sonny。謝謝你安慰我。我得走了，老兄。
Hey, Jack, you're in no shape to drive--	嘿，Jack，你現在不能開車——
Don't worry about it, Sonny, I called a cab for him.	別擔心，Sonny，我幫他叫了一輛計程車。
I'm perfeckly fine, Bobby, I don' need a ride.	我好……好得很，Bobby，我不需要人載。
Wait, Jack. Just hold on--	等等，Jack。你先等一下——
You'd better go, Sonny. You know how mad Dooley gets if you're late.	你最好走了，Sonny。你知道 Dooley 遲到會有多生氣。
Leave Keith alone. You have more important things to do.	別去煩 Keith 了。你有更重要的事要做。
You may be tempted to whack Keith right now, but restrain yourself.	你現在可能很想揍 Keith 一頓，但還是忍住吧。
It's your buddy, officer Keith Mandel.	是你的哥兒們，Keith Mandel 警員。
It sounded important, Sonny. You'd better get to Morgan's office right now.	聽起來很重要，Sonny。你最好現在就去 Morgan 的辦公室。
Okay, I'll switch back with you...	好啦，我跟你換回來……
NOT! Ha ha, you better run, Sonny!	才怪！哈哈，你最好快跑，Sonny！
Don't worry about the plant, Bonds. Someone else will water it.	別管那盆植物了，Bonds。會有別人幫忙澆水的。
The plant in the corner looks like it could use a stiff drink.	角落那盆植物看起來很需要來一杯烈酒。
Patrons of The Blue Room have often been found talking to inanimate objects, pink elephants, giant purple lizards, etc. But fortunately, you're not inebriated.	Blue Room 的常客常常被發現對著沒生命的東西、粉紅色大象、紫色巨蜥之類的講話。但幸好，你沒有喝醉。
You're inside the Blue Room, a popular hangout for cops.	你正在 Blue Room 裡面，這裡是警察們最愛聚集的地方。
It's on the other side of the glass, Bonds.	它在玻璃的另一邊，Bonds。
It says MOOR EULB EHT.	上面寫著 MOOR EULB EHT。
Sonny! Sonny, I need to talk to you!	Sonny！Sonny，我需要跟你談談！
What's up, Keith?	怎麼了，Keith？
You're not gonna believe this, man. Jason Taselli escaped.	你不會相信的，老兄。Jason Taselli 越獄了。
What?!	什麼？！
Yeah! Taselli cold-cocked a guard and grabbed his keys. He got out into the yard, and somehow managed to get over two chain-link, barbed-wire topped fences with his hide intact. I can't believe nobody saw him go, man! Anyway, there's a citywide dragnet underway, and Morgan wants to see you in his office right now.	對！Taselli 打昏一名警衛搶走鑰匙，逃到院子裡，還不知怎麼翻過兩道頂端有鐵絲網的鏈網圍籬，毫髮無傷地逃了。我不敢相信沒人看到他！總之全市正在展開大搜捕，Morgan 要你立刻到他辦公室。
Man, I can't believe Taselli pulled it off. This is bad news.	老兄，我不敢相信 Taselli 真的做到了。這是壞消息。
Yeah, he's a dangerous dude. I just hope he doesn't hurt anyone. Anyway, you better run, Sonny!	對，他是危險人物。希望他別傷害任何人。總之你最好快跑，Sonny！
You hear the honking of a cab outside.	你聽到外面傳來計程車的喇叭聲。
There's your cab, Jack. Go ahead and take it, okay?	你的車來了，Jack。上車吧，好嗎？
Oh, hell, Sonny, I don't need...ah, crap. All right. I'll do it.	噢，見鬼，Sonny，我不需要……啊，可惡。好吧，我坐就是了。
Thanks, Jack. She'll be okay, you'll see.	謝了，Jack。她會沒事的，你等著看吧。
Yeah. See ya, Sonny.	嗯。再見了，Sonny。
Hey hey hey, where's the birthday boy! There he is! Jack, dude! Happy day!	嘿嘿嘿，壽星在哪裡啊！他在那邊！Jack，老兄！生日快樂啊！
Hi, Keith. How's it going?	嗨，Keith。最近怎麼樣？
Hi, Keith.	嗨，Keith。
You guys look like you're ready for a funeral. Cheer up, dudes! It's not the end of the world, Jack. Plenty of other guys have turned 87, ha ha ha!	你們兩個看起來像要去參加葬禮一樣。振作點，老兄們！又不是世界末日，Jack。多的是人都活到 87 歲了，哈哈哈！
You should talk, Keith, my boy. I've seen you popping your dentures in the locker room when nobody's looking.	你還好意思說呢，Keith 小老弟。我可看過你趁沒人注意的時候，在更衣室裡把假牙拔出來。
Not me, dude! I'm a stud among muffins. You, on the other hand, are a little girly-cop.	才不是我咧，老兄！我在馬子堆裡可是搶手貨。倒是你，簡直就是個娘娘腔警察。
Watch it, Keith. If Laura heard you saying that, she'd kick your butt sky-high.	小心點，Keith。要是被 Laura 聽到你這樣講，她會把你踢到天上去。
Wow, the stone speaks! It's alive! Hey! Hey, Bobby! Put on the music, quick!	哇，石頭居然開口說話了！它活過來了！嘿！嘿，Bobby！快放音樂！
Happy birthday, Jack, baby!	生日快樂，Jack，寶貝！
Yow! Kayleigh, baby, you're the best! Shake it one time for me, honey!	哇喔！Kayleigh，寶貝，你最棒了！為我搖一下嘛，甜心！
See you later, boys.	待會見了，各位。
Happy birthday, Jack!	生日快樂，Jack！
Huh? Oh, Clarice, thank you! Thank you, guys, this is great.	嗯？噢，Clarice，謝謝你！謝謝大家，這真是太棒了。
You're a culinary angel, Clarice. Will you have my babies?	你簡直是廚藝天使，Clarice。要不要幫我生小孩？
No, honey, I have too much respect for the gene pool to do that.	不要啦，甜心，我對基因庫的尊重可不允許我這麼做。
Ouch, you've been body-slammed, Keith!	哎唷，你被摔得慘兮兮了，Keith！
What did she say?	她說了什麼？
She said you were a stud among muffins, buddy.	她說你在馬子堆裡是搶手貨，老兄。
Ha ha ha, Sonny. Way funny. You know what else is funny? You agreed to swap shifts with me last week, remember? You're due in for briefing in ten minutes! Now THAT's funny!	哈哈哈，Sonny。真好笑。你知道還有什麼更好笑的嗎？你上禮拜答應要跟我換班，記得嗎？你十分鐘後就要去開簡報會了！這才叫好笑！
Oh, hell, I forgot. Listen, Jack, I gotta cruise. If you need anything, give me a call, okay?	噢，見鬼，我忘了。聽著，Jack，我得閃了。有什麼需要就打給我，好嗎？
Okay, Sonny. Thanks.	好，Sonny。謝了。
You see your friend, Jack Cobb, sitting at the table. You've noticed that he's been depressed and distracted for days.	你看到你的朋友 Jack Cobb 坐在桌邊。你注意到他這幾天一直悶悶不樂、心不在焉。
Have a seat, buddy.	坐吧，老兄。
Why are you hanging around the Blue Room, Bonds? An escaped felon is loose in the city, and Lt. Morgan wants to see you NOW!	你怎麼還在 Blue Room 閒晃，Bonds？有個逃犯正在城裡逍遙法外，Morgan 中尉現在就要見你！
Hey, Sonny, why don' you siddown? I don't wanna strain my neck lookin' up at ya.	嘿，Sonny，你怎麼不坐下？我可不想抬頭看你抬到脖子痠。
Ah, the feel of vinyl.	啊，乙烯基的觸感。
Barstools, made from the finest Corinthian naugahyde. Over 15 Naugas died to make these stools.	吧檯椅，用最頂級的科林斯人造皮革製成。為了做這些椅子，犧牲了超過 15 頭「Nauga」。
You run your hand over the smooth surface of the wood. It comes away smelling like beer.	你用手撫過光滑的木頭表面。手上沾了一股啤酒味。
The table is sturdy and reliable. It could use a wipedown, though.	這張桌子很堅固可靠，不過該擦一擦了。
Unlike the one at Caffeine Carol's, this window is clean. Kindly keep your fingerprints off of it.	跟 Carol 咖啡城堡那扇不同，這扇窗戶很乾淨。麻煩別留下指紋。
You can see the moderately busy street outside The Blue Room. It's one of the many you patrol.	你能看到 Blue Room 外面車水馬龍的街道。這是你眾多巡邏路線之一。
It's not going to open without the jaws of life. The emergency crew will need to handle this.	沒有救命剪是打不開的。得交給救難隊處理。
The door was compressed from the sudden impact.	車門在猛烈撞擊下已經整個變形。
A closer glance reveals several slug holes just below the window. The clean and completely rust-free surface indicates that this is freshly exposed. It would appear that the driver had outside assistance in executing this unorthodox parking technique.	仔細一看，車窗下方有幾個彈孔。表面乾淨、完全沒有生鏽，看得出是新造成的。看來這名駕駛在完成這套非正統的停車手法時，得到了外力的「協助」。
There's nothing you can do for the car. It's dead, Bonds.	這輛車已經沒救了。它報銷了，Bonds。
Lightpole 1, vehicle 0. Many systems of the car which had previously been hidden from sight are now exposed and bleeding their own particular brand of vital fluid.	燈柱 1 分，車子 0 分。這輛車原本藏在裡面的許多系統，現在全都暴露出來，各自流著自己那份「命脈」。
Forget about opening it. They don't pay you to wrangle sharp, twisted metal unless life is at stake. In this case, it's too late for such efforts.	別想打開它了。除非有性命危險，否則沒人付你薪水去跟扭曲的尖銳金屬搏鬥。這種情況，一切努力都已經太遲了。
The force of the wreck has affected the entire car frame to the point of actually buckling the trunk lid. A quick glance inside indicates nothing out of the ordinary.	撞擊的力道大到讓整個車架變形，連後車廂蓋都凹了進去。快速看了一眼裡面，沒有發現異常。
Careful. You don't want someone yelling `Police Brutality'.	小心點。你可不希望有人大喊「警察暴力」。
A cross section of average Lyttonians is gathered here to gawk at the scene. One guy seems to be talking more than the others.	一群普通的 Lytton 市民聚在這裡看熱鬧。其中一個人講話似乎特別多。
EXCUSE ME!	不好意思！
Yeah, uh, I saw the whole thing, officer!	是啊，呃，整件事我都看到了，警官！
A young, lean, nervous fellow steps forward.	一個年輕、瘦削、神情緊張的傢伙走上前來。
Despite your queries, nobody steps forward. Apparently nobody else in the crowd saw -- or will admit to having seen -- anything.	儘管你不斷詢問，卻沒有人願意站出來。看來人群裡沒有其他人看到——或者說，沒有人願意承認自己看到——任何事情。
You have more important things to take care of, not the least of which is your waistline.	你有更重要的事要處理，其中之一就是你的腰圍問題。
It's a donut shop. It's not your favorite, but it does in a pinch. They'll do a good business this afternoon.	這是一間甜甜圈店。不是你最愛的那間，但緊急時湊合用。今天下午他們生意應該不錯。
Poking Dooley won't help you up the departmental ladder.	戳 Dooley 一下對你在局裡升官沒有任何幫助。
It's Mister Personality, Sgt. Dooley. You're certain he knows more than a little about the donut shop.	這位就是「萬人迷先生」，Dooley 警佐。你很確定他對這間甜甜圈店可不只是略知一二。
Hello, Sonny. Lieutenant Hamilton is taking over the scene. You can go ahead and hit the streets.	你好，Sonny。Hamilton 中尉會接手現場。你可以上街去了。
Sonny, you can get back out on patrol now.	Sonny，你現在可以回去巡邏了。
Sonny, you're trying my patience. Get your butt on patrol!	Sonny，你在考驗我的耐性。把你的屁股弄回去巡邏！
You can't open it by hand, but fortunately, there's no need to.	你沒辦法徒手打開它，不過幸好也用不著。
It's a fire hydrant. Dog may be Man's best friend, but Fire Hydrant is really Dog's best bud.	這是一座消防栓。狗或許是人類最好的朋友，但消防栓才是狗真正的好哥兒們。
They're just fine the way they are.	它們維持原樣就好了。
Some safety-conscious -- and well-equipped -- citizen has placed flares around the wreck.	某位很有安全意識、裝備也齊全的市民，已經在事故車周圍擺了警示燈。
You've got duties to perform. You can purchase posies later.	你有勤務要執行。買花的事等以後再說吧。
Perhaps if you'd stop by the flower shop once in awhile, you wouldn't be alone so much. Your dashing uniform just isn't enough, Bonds.	要是你偶爾去一趟花店，或許就不會這麼常孤家寡人了。光靠這身帥氣的制服是不夠的，Bonds。
Leave the detective alone to perform his duties. That's something you might give some thought to yourself, Bonds.	讓警探自己去執行他的勤務吧。你自己其實也該想想這件事，Bonds。
That's Lieutenant Hamilton of Homicide. You've only worked with him a few times.	那位是命案組的 Hamilton 中尉。你只跟他共事過幾次。
Leave the detective to his work. Any information you may have can be submitted to him later by report.	讓警探專心處理他的工作。你手上有的任何資訊，都可以之後用報告的方式呈報給他。
The pole won't budge.	那根柱子紋風不動。
The light post has sustained moderate damage but is still operational, unlike the car.	這根燈柱受到中度損壞，但還能正常運作，不像那輛車。
There's nothing you can do to help the car.	你幫不了這輛車什麼忙了。
The vehicle's a mess. That's usually the case for cars that try to hug light poles.	這輛車一團亂。試圖跟燈柱來個熱情擁抱的車，通常都是這副下場。
There's nothing down there that is pertinent to this case. Do your shopping another time, officer.	那邊沒有任何東西跟這個案子有關。逛街的事改天再說吧，警官。
Other shops line the street.	街道兩旁還有其他商店。
The plate's fine where it is.	車牌留在原處就好。
The plate on the car reads 2SPLAT.	這輛車的車牌寫著 2SPLAT。
Dispatch, 83-32 is on scene at the 11-80. 83-32 out.	調度台，83-32 已抵達 11-80 現場。83-32，通話結束。
83-32, we copy. Dispatch out.	83-32，收到。調度台，通話結束。
Dispatch, this is 83-32. The driver is 11-44. We'll need a meat wagon. 83-32 out.	調度台，這裡是 83-32。駕駛是 11-44。我們需要一輛屍體運送車。83-32，通話結束。
Dispatch copies, 83-32. Sgt. Dooley is enroute and will be in charge once he arrives. Dispatch out.	調度台收到，83-32。Dooley 警佐正在前往途中，抵達後將由他負責指揮。調度台，通話結束。
Dispatch, this is 83-32. My 10-20 is near the corner of Fig and 4th. 83-32 out.	調度台，這裡是 83-32。我的 10-20 位置在 Fig 街與第四街的路口附近。83-32，通話結束。
This is normally a quiet street lined with small, quiet shops. Today, the normal course of events have been interrupted.	這條街平常很安靜，兩旁都是些小小的安靜商店。今天，這裡的日常秩序被打亂了。
That would be unsafe. Better let it cool down.	那樣做不安全。最好讓它先冷卻下來。
Steam rushes from the breached radiator.	蒸氣從破裂的水箱中猛烈噴出。
Leave the sample-gathering to the detectives, Bonds. There's nothing on the street you need.	採集樣本的事交給警探們去做吧，Bonds。街上沒有你需要的東西。
Skid marks lead up to the lightpole. You wince; you can almost hear the screaming tires.	煞車痕一路延伸到燈柱前。你不禁皺眉；幾乎能聽見輪胎尖銳的摩擦聲。
No pulse. No vital signs whatsoever. Your worst fear is confirmed. This guy just booked a one-drawer stainless steel suite at the Toe-Tag Motel.	沒有脈搏，完全沒有任何生命跡象。你最擔心的事得到了證實。這傢伙已經在「腳趾標籤汽車旅館」訂好一間不鏽鋼抽屜套房了。
You do the smart thing and check twice for signs of life. But this man's as dead as any man you've ever seen.	你很明智地檢查了兩次生命跡象。但這個人已經死透了，跟你見過的任何死人一樣徹底。
There is a head injury as well as a small hole near the jaw. Both of them are slowly trickling blood. He doesn't appear to be breathing.	他頭部有傷，下顎附近也有一個小洞。兩處都緩緩滲著血。他似乎已經沒有呼吸了。
Death. No matter how many times you see it, you never get used to it.	死亡。不管看過多少次，你永遠無法習慣。
He doesn't look any better.	他看起來一點都沒有比較好。
There is no answer.	沒有任何回應。
You only need to talk to the witness. You have no reason to touch him.	你只需要跟目擊者談話。你沒有理由碰他。
The witness is a thin, white male, about 140 pounds. He seems a bit nervous.	目擊者是一名瘦削的白人男子，體重大約 140 磅。他看起來有點緊張。
Could you please tell me what you saw and heard?	能不能請你告訴我，你看到和聽到了什麼？
Okay, there was these bangs from the one other car and there was a big crash and crud's flyin' everywhere and this car crashed while this other car is jammin' outta here like a bat outta hell and I...	好，就是另一輛車傳來一陣砰砰聲，然後就一聲巨響，碎片到處亂飛，這輛車撞了，另一輛車就用飛快的速度衝出去，然後我……
WHOA! Whoa. Slow down. Take a breath. Now, start at the beginning. When did you first notice something out of the ordinary and, where were you?	哇！哇，慢慢來。深呼吸一下。好，從頭開始說。你第一次注意到不對勁是什麼時候？當時你人在哪裡？
Okay. I'm just cruisin' along to my chick's place. I'm, oh, 'bout a half block back up to the right there, okay. An' I hear these cars comin' up from behind and then one gets louder. They pass me comin' towards this direction an' get this, they're side-by-side!	好。我當時就開車要去我馬子家。我人大概在後面右邊半個街區那裡，好嗎。然後我聽到後面有車子開過來，其中一輛聲音越來越大。它們超過我朝這邊過來，然後你聽好，它們是並排開的！
He goes on to tell you how the two cars were alongside each other when he heard what might have been two shots. The car on the right swerved, colliding with the lightpole. The other car fled the scene at a high rate of speed.	他接著告訴你，兩輛車並排行駛時，他聽到了兩聲疑似槍響。右邊那輛車突然轉向，撞上了燈柱。另一輛車則以高速逃離現場。
Could you describe the car? Did you happen to get the license plate number?	你能描述一下那輛車嗎？你有沒有剛好看到車牌號碼？
Yeah, I saw part of it. I think it was.. oh crap.. what was it? Oh, yeah! L964 was part of it. I don't know about the rest. The car was a silver Mercedes. I'm not sure 'bout the year. It wasn't brand-new, but not real old either. I couldn't see the dude driving. He was on the far side of the whole mess and, y'know, there was a lot happenin' at once.	有，我看到一部分。我想是……噢靠……是什麼來著？噢對！L964 是其中一部分。剩下的我就不知道了。那輛車是銀色的賓士。年份我不太確定。不是全新的，但也沒有很舊。我看不到開車的那傢伙。他在整團混亂的另一側，而且，你知道的，當時一堆事情同時在發生。
Thanks for your cooperation. Could you wait around for a few minutes? Lieutenant Hamilton might have a few more questions for you. Thanks.	謝謝你的配合。能不能請你在附近等幾分鐘？Hamilton 中尉可能還有幾個問題要問你。謝了。
Yeah, sure, man. Glad I could help.	好啊，沒問題，老兄。很高興能幫上忙。
You've learned all you can from the witness. Dooley can handle any further interrogation.	你已經從目擊者那裡問出所有能問的了。後續的偵訊交給 Dooley 處理就行。
It's a sign for one of newer businesses in town, Frankie's Shoes. They've got a good location.	這是鎮上新開的店家之一——Frankie's Shoes 的招牌。地點選得不錯。
Shop for shoes another time, Bonds.	Bonds，改天再來買鞋吧。
You do notice one pair of shoes which would work as babe killers during your off hours. But not at $125 a pair!	你注意到有一雙鞋，下班後穿去把妹肯定殺傷力十足。但一雙 125 美元，還是算了吧！
Given the predominance of pets in the area, you think better of handling the fire hydrant.	看這一帶寵物這麼多，你還是別去碰消防栓比較好。
A fire hydrant for upscale poodles to hose down.	一座專供高級貴賓犬撒尿的消防栓。
More than one rookie has had to learn that getting a driver's "license" doesn't refer to the plate itself.	不只一個菜鳥搞不清楚，查「駕照」查的不是車牌本身。
You've already noted and called in the license plate number.	你已經記下車牌號碼並通報過了。
The license plate reads, "AWYLD1." Standard operating procedure calls for you to radio this in to check for wants and warrants.	車牌號碼是「AWYLD1」。標準作業程序要求你用無線電通報查核通緝與拘票紀錄。
DD478965 Tawnee Helmut 2927 Puffhoof Ct. Lytton, CA	DD478965 Tawnee Helmut 2927 Puffhoof Ct. 加州 Lytton
Sex-F Hair-Blond Eyes-Blue	性別-女 髮色-金 眼睛-藍
Do your shopping some other time, officer.	警員，改天再來買東西吧。
It's the entrance to the Market.	這是市場的入口。
It's Tony's Market, a hothouse greengrocer.	這是 Tony's Market，一間溫室栽培的蔬果店。
You have duties to perform, Bonds. Stay out of the shops.	Bonds，你還有勤務在身，別逛店家了。
That would be more effective if you were out of your patrol car.	要是你人在巡邏車外，這樣做會更有效果。
That's right! Go on back to your sty, pig!	沒錯！滾回你的豬圈去，臭條子！
Go roll around in the mud with your good ol' boy pals!	去跟你那些狐群狗黨在泥巴裡打滾吧！
Kiss your job goodbye, pig! OINK OINK OINK!	跟你的工作說掰掰吧，臭條子！哼哼哼！
It's times like this that make you wonder why you bother. You're doing your job; you're trying to discourage reckless driving. Sometimes it seems it'd be a lot easier to let these people kill themselves off.	遇到這種時候，你不禁懷疑自己何苦。你只是在盡本分，想阻止危險駕駛。有時候你覺得，乾脆讓這些人自己把自己搞死，還輕鬆得多。
Hey, you forgot to return the soft-spoken young woman's license.	嘿，你忘了把駕照還給那位輕聲細語的年輕女子。
It's your patrol car.	這是你的巡邏車。
You don't have time to buy fruits and veggies right now, Bonds, but your mother would be proud of you.	Bonds，你現在沒空買水果蔬菜，不過你媽要是知道你想買，一定會很欣慰。
All kinds of fresh produce are displayed in front of the market.	市場前面陳列著各式各樣的新鮮農產品。
It's like talking to a vegetable...and you think to yourself that, ironically, you've done that more than a few times in this line of work.	跟這些菜講話，感覺就像在跟植物講話……你心想，諷刺的是，幹這行以來你還真沒少做這種事。
The red awning shields the uppa-crust shoppers in this part of town from such indelicate weather as sun and rain.	紅色的遮陽棚，替這一帶的上流顧客擋住日曬雨淋這種不夠優雅的天氣。
Sitting on the curb is dangerous, Bonds. Someone might run over your feet.	Bonds，坐在路緣很危險，可能會有人輾過你的腳。
The red curb means you can't park here. You know that, you're a cop!	紅色路緣代表這裡不能停車。你自己是條子，這你應該知道！
It's one of the streets you patrol. This is one of the nicer ones.	這是你巡邏路線上的其中一條街，算是比較體面的一條。
It feels solid, roughly-textured, reassuring...like a good sidewalk should.	摸起來堅實、有點粗糙的質感，讓人安心……一條好人行道就該是這樣。
It's gray. It's concrete. It's the sidewalk.	灰灰的，水泥做的，是人行道。
Dispatch, this is 83-32. Run wants on plate number AWYLD1.	調度，這裡是 83-32。請查詢車牌 AWYLD1 有無通緝紀錄。
Plate number AWYLD1 registered to one Tawnee V. Helmut. No wants. No warrants.	車牌 AWYLD1 登記在 Tawnee V. Helmut 名下。無通緝，無拘票紀錄。
The license number of the vehicle might prove helpful.	這輛車的車牌號碼或許派得上用場。
Apparently, dispatch has a better memory than you. Don't clutter the airwaves unless you've got new information for them.	看來調度中心的記性比你好。除非有新資訊要通報，否則別佔用無線電頻道。
Well, ah, Miss, I'll just let you off with a warning this time. We all make mistakes now and then.	呃，這樣吧，小姐，這次我就先口頭警告你。人難免都會犯錯。
Oh, Sonny! Thank you! Just to show my appreciation, let me give you something...	喔，Sonny！謝謝你！為了表達謝意，讓我給你一點回報……
I'd love to give it to you here, honey, but it would be so much more fun in private. My phone number is 555-7588. I'll be waiting!	親愛的，我很想現在就給你，不過私底下會更有趣。我的電話是 555-7588，等你喔！
She blows you a kiss, and your legs turn to rubber.	她朝你飛了個吻，你的雙腿頓時軟成一團。
Have a nice day, Miss.	祝你有美好的一天，小姐。
You too, Studmuffin!	你也是喔，帥哥！
As you write out the ticket a strange transformation comes over Tawnee. It's pretty scary. Just when you think her face couldn't get any redder, she starts to scream.	就在你開罰單的時候，Tawnee 突然起了詭異的變化，相當嚇人。你以為她的臉不可能再更紅了，結果她開始尖叫起來。
You little nazi! All you care about is making your quota! You don't care about PEOPLE! You just joined the force so you could carry a gun and feel like a man! You worthless little sack of brass buttons! Get your butt out of my sight, Officer Scummy Bonds!	你這個小納粹！你只在乎湊業績！你根本不在乎「人」！你會加入警隊，不過是想背把槍、耍男子氣概而已！你這個一文不值的銅釦子廢物！給我滾出我的視線，Scummy Bonds 警員！
If you think I'm gonna pay a red cent of this ticket, you're dead wrong! What's your badge number? I'm gonna report you for harassment! They're gonna hang your butt out to dry! By the time I'm through with you, you won't be able to get a job as a rent-a-cop at a trailer park!	你要是以為我會付這張罰單一毛錢，那你就大錯特錯！你的警徽號碼是幾號？我要去告你性騷擾！他們會把你晾在那裡不管！等我整完你，你連在拖車公園當保全的工作都找不到！
Go on! Beat it, you stupid piece of white trash! GET OUT OF MY SIGHT!	滾啦！滾遠一點，你這個蠢貨垃圾白人！給我滾出我的視線！
SHOVE IT, PIG!	去死啦，臭條子！
I'm sorry, Miss, but running stop signs is very dangerous. I'd like to let you off with a warning, but I can't.	抱歉，小姐，但闖停車標誌非常危險。我是很想只給你口頭警告，但不行。
Warning	警告
Ticket	開罰單
What you wouldn't do for a car like THIS one. Right. On your salary, it'd take you a year just for the down payment.	為了這種等級的車，你什麼都願意做吧。是啦，以你的薪水，光頭期款就得存一年。
It's a beautiful classic Thunderbird. That thing must be worth a fortune.	這是一台漂亮的經典 Thunderbird，那玩意肯定值不少錢。
The name 'stained glass' isn't an invitation for you to place your grubby mitts on it.	「彩繪玻璃」這名字，不代表歡迎你用髒手去摸。
Nice windows. Too bad the place will probably be closed in six months like every other small business that pops up in this town.	窗戶很漂亮。可惜這家店大概撐不過半年就會關門，跟鎮上冒出來的其他小店一樣。
Okay, she's gorgeous, but isn't that just a tad unprofessional?	好啦，她是很正沒錯，但你這樣是不是有點不夠專業？
This isn't "Lunatic Cop", it's "Police Quest". Stop acting like a jerk.	這不是《瘋狂條子》，這是《Police Quest》。別再耍白痴了。
Incredible. Even Tawnee's driver's licence picture is pretty. After a moment of contemplation, you return the license to her.	真不可思議，連 Tawnee 的駕照照片都很正。思索片刻後，你把駕照還給她。
Your knees turn to water as the gorgeous young woman locks eyes with you. Her sweet, full lips curve into a smile that could turn icewater to steam.	這位美麗的年輕女子與你四目相接，你的雙膝頓時發軟。她那甜美豐潤的嘴唇彎起一抹笑容，彷彿能把冰水都蒸發成氣。
Your knees turn to water as the gorgeous young woman locks eyes with you. Her sweet, full lips curve into a smile that could turn icewater to steam. She lowers her eyelids, and whispers;	這位美麗的年輕女子與你四目相接，你的雙膝頓時發軟。她那甜美豐潤的嘴唇彎起一抹笑容，彷彿能把冰水都蒸發成氣。她垂下眼瞼，輕聲說：
Good day, Officer. Have I done something wrong?	日安，警員。我做錯什麼了嗎？
You open your mouth, and discover your throat has gone dry. You clear it in a manly way, and say;	你張開嘴，卻發現喉嚨乾得說不出話。你故作男子氣概地清了清喉嚨，說：
You, ah, you ran a stop sign back there, Miss. Can I have a picture? I mean, can I see your driver's license?	你，呃，你剛剛闖了停車標誌，小姐。能給我看張照片嗎？我是說，能看一下你的駕照嗎？
She hands you her license, brushing your fingers with hers, and says;	她把駕照遞給你，手指輕輕拂過你的手，說：
My name's Tawnee. What's yours, Officer?	我叫 Tawnee，警員你叫什麼名字？
Bonds. Sonny Bonds. I'm a policeman.	Bonds，Sonny Bonds。我是警察。
You cringe at the colossally stupid words that just spilled from your mouth. But Tawnee doesn't laugh at you. She just smiles that smile and says;	你為自己剛剛脫口而出的蠢話感到渾身不自在，但 Tawnee 並沒有笑你，她只是露出那抹笑容，說：
I'm so sorry, Officer. I just didn't see that stop sign. I'm so embarrassed. I promise I'll never do it again. Please don't give me a ticket.	真的很抱歉，警員。我剛剛真的沒看到那個停車標誌，好丟臉。我保證不會再犯了，拜託別開我罰單。
Thanks again, Sonny-Bunny! Call me, okay?	再次謝謝你，Sonny 小兔兔！記得打給我喔？
LEAVE ME ALONE!	別煩我！
Don't you think you should look at the young lady before you talk to her?	你在跟這位小姐說話之前，是不是該先看看她？
The fact that she's an attractive young woman doesn't mean you should be any less cautious, nor should procedure be neglected. Too many before you have learned the ultimate lesson by becoming lax in these types of situations.	她是個迷人的年輕女子，不代表你就能少點警戒，也不代表可以省略程序。太多前輩就是在這種情況下鬆懈，付出了最終的代價。
Please, Officer Bonds? I can't afford a ticket. I'll be lucky if I can make my rent this month.	拜託啦，Bonds 警員？我付不起罰單。這個月能不能繳得出房租都還是問題。
Looking at the beautiful classic T-bird, you seriously doubt if that's true. Tawnee is batting her eyes at you. She bites her lip and says;	看著那台漂亮的經典 T-bird，你很懷疑她說的是不是真的。Tawnee 對你猛拋媚眼，咬著嘴唇說：
Please? I'll never do it again. I promise.	拜託嘛？我不會再犯了，我保證。
As you look at that beautiful mouth, you freeze up like a jacklighted deer. Tawnee apparently takes your stunned-puma expression for stony cop determination. She looks straight into your eyes and says;	看著那張美麗的嘴唇，你整個人僵住，像被手電筒照到的鹿一樣動彈不得。Tawnee 顯然把你這副呆滯的表情，誤認成鐵面警察的堅定意志。她直視你的雙眼，說：
Please, Officer Sonny. I'll do anything if you'll let me go. Anything.	拜託嘛，Sonny 警員。只要你放我走，要我做什麼都行，什麼都行。
She looks at you meaningfully. Your vitals turn to jello.	她意味深長地看著你，你全身上下都軟成一團果凍。
Gee thanks! I needed some new scratch paper.	哎呀謝啦！我正好需要一些新的便條紙。
Are you going to give Tawnee a ticket or just a warning?	你打算給 Tawnee 開罰單，還是只給口頭警告？
You aren't going to change your mind about giving her a ticket, now are you?	你該不會要改變主意，不開她罰單了吧？
You start to give her a ticket, then decide that you want to enjoy her company for just another moment. Perhaps you should talk to her some more...	你正要開罰單，卻決定想再多享受一下她的陪伴。或許你該再多跟她聊聊……
It's Tony's, one of Lytton's trendier groceries.	這是 Tony's，Lytton 比較時髦的雜貨店之一。
What are you planning to do, walk up the wall?	你打算怎麼樣，飛簷走壁嗎？
The window shades are pulled. You can't see inside.	窗簾拉上了，看不到裡面。
Y'know, Bonds, if you stand in the middle of the street, someone will most likely run you over.	Bonds，你知道嗎，你要是站在馬路正中間，八成會被撞。
A double yellow line means two way traffic, and no passing. But you already knew that. (Didn't you?)	雙黃線表示雙向車流，禁止超車。但你早就知道了。（對吧？）
No need to check the alarm, Bonds.	Bonds，不需要檢查警報器。
It's the bell to the burglar alarm system. If someone breaks in here, the whole street will know about it.	這是防盜警報系統的鈴。要是有人闖進來，整條街都會知道。
A very expensive burglar alarm system. The shop owners aren't taking any chances.	一套相當昂貴的防盜警報系統。店家可不想冒任何風險。
You have business elsewhere. Lurk in dark alleys on your own time.	你還有正事要辦，想在暗巷裡鬼混，等下班再說。
It's a dark, narrow alley. Looks like the perfect place for a policeman to be ambushed.	這是條又暗又窄的巷子，看起來正是伏擊警察的絕佳地點。
Dammit, Bonds, you're a policeman, not a sign painter.	該死，Bonds，你是警察，不是招牌畫師。
Al's Bait and Tackle and D's Gunsmith have been in business for a very long time. They have recently installed expensive alarm systems due to the dramatic rise in the crime rate.	Al's Bait and Tackle 和 D's Gunsmith 已經開業很久了。由於犯罪率大幅上升，他們最近都裝了昂貴的警報系統。
As much as you admire it, you can't touch it.	再怎麼欣賞，你也不能碰。
The crosshairs in the "O" are tempting, but that would be pretty irresponsible, wouldn't it, Bonds?	招牌「O」字裡的十字準星令人手癢，但那樣做也太不負責任了吧，Bonds？
What a snappy sign. You particularly admire the crosshairs in the "O".	這招牌真帥氣，你尤其欣賞「O」字裡的十字準星。
Yes, he is frustrating and obnoxious, but shooting him would only result in your losing your job, and probably going to prison for ten or twenty years. He's not worth it.	沒錯，他惹人厭又討人厭，但開槍打他只會讓你丟了工作，還可能被關個十年二十年。不值得。
Hey, Oshifer, you don' need to cuff me! I'll be good, I shwear! Oh, arright, arright. Lishen, could you cuff me in the front? I'm not feelin' sho good. Be a shport, huh?	嘿，唉呦員，不用銬我啦！我會乖乖的，我發誓！喔，好啦好啦。聽好，能不能把我銬在前面？我覺得不太蘇胡。通融一下嘛，好不好？
You haven't placed that man under arrest yet, Bonds. You have no business cuffing him.	Bonds，你還沒有逮捕那個人。你沒有理由替他上手銬。
Arresting a suspected drunken driver before administering a field sobriety test? Your instructors back at the academy would be appalled.	還沒做現場酒測就逮捕疑似酒駕者？警校教官知道後會大吃一驚。
I'm sorry, sir, but I have to follow departmental regulations.	抱歉，先生，但我必須遵守局裡的規定。
Aw, shoot, Oshifer, you're no fun.	啊，靠，唉呦員，你真沒趣。
Come on, Mr. Barnum. Let's get in the car.	來吧，Barnum 先生，上車吧。
All right, pard. I'll cuff you in the front.	好吧，老兄，我把你銬在前面。
Congratulations, Bonds. You let a sloppy drunk give you a double-fisted slammer to the back of the head. Maybe you should have cuffed him in the back, huh? Don't worry, the neck brace will be off in 8 or 9 months...	恭喜你，Bonds。你讓一個醉醺醺的糊塗鬼用雙拳重擊你的後腦。也許你該從後方替他上銬，對吧？別擔心，頸圈八、九個月後就能拆了……
You're returning the license of a potentially drunk driver, Bonds?	Bonds，你要把駕照還給一個可能酒駕的人？
The guy in the car rolls down his window, which seems to be a major effort for him. He looks up at you, trying to hold his head steady. You always find some amusement -- and disgust -- in the way hopelessly drunk people try so hard to look straight and nonchalant.	車裡的男子搖下車窗，這動作對他來說似乎頗吃力。他抬頭看著你，努力想讓頭保持穩定。你每次看到爛醉如泥的人拼命想裝出清醒又若無其事的樣子，總覺得又好笑又噁心。
No doubt about it, this guy's truly hammered.	毫無疑問，這傢伙徹底醉了。
His breath could knock a buzzard off a meat wagon. He smells like a brewery tour.	他的口氣濃到能把兀鷲從屍車上薰下來，聞起來就像逛完整間釀酒廠。
I think you'd better come with me, Mr. Barnum.	Barnum 先生，我想你最好跟我走一趟。
Hey! Hey, where'r ya takin' me, Oshifer? Help! Help!	嘿！嘿，你要帶我去哪，唉呦員？救命啊！救命！
The man is obviously frightened. You speak to him calmly and reassuringly. You cleverly slip in his Miranda rights between the gentle words.	那人顯然很害怕。你用平靜、安撫的語氣和他說話，並巧妙地在溫和話語間宣讀他的米蘭達權利。
Mr. Barnum performs his field sobriety test with the grace of a crude-oil-coated waterfowl. (Actually, the waterfowl probably would have done better.)	Barnum 先生做酒測動作的優雅程度，堪比一隻沾滿原油的水鳥。（其實那隻水鳥搞不好還做得比較好。）
Shouldn't you look at the gentleman first?	你不該先看看這位先生的狀況嗎？
Procedure, Bonds. Isn't there something you're forgetting?	程序，Bonds。你是不是漏了什麼？
I--I did'n do nothin' wrong, Oshifer. (belch). I'm a reshpectable man.	我……我沒做錯什麼事，唉呦員。（打嗝）我可是個受人蘇敬的人。
May I see your license, please?	可以請你出示駕照嗎？
My lish--lish--lishensh? Shure, lessee. No, thash my gun club card. Here (hic) here we go--no wait, thash my library card. Okay, here it ish.	我的駕……駕……駕炤？好，等我找找。不對，這是我的槍枝俱樂部卡。這裡（打嗝）就是這個——不對，等等，這是我的圖書館卡。好啦，找到了。
Mr. Barnum, I'm going to conduct a field sobriety test to determine whether or not you are under the influence. I'd like you to stand on the line and walk toward me heel-to-toe.	Barnum 先生，我要對你進行酒測，判斷你是否酒後駕車。請你站在線上，用腳跟接腳尖的方式朝我走過來。
You decide that this guy is about seven sheets to the wind. A field sobriety test is in order.	你判斷這傢伙已經醉得不成人形，該進行酒測了。
Please step out of the car, Mr. Barnum.	Barnum 先生，請下車。
You got it, Oshifer Pup! Watch yer shoesees, I'm feelin' a little shick, haw haw!	沒問題，小唉呦員！看好你的鞋子，我覺得有點蘇服，哈哈！
There's no need to give a cuffed man a ticket.	沒必要對一個已經上銬的人開罰單。
You should determine the man's physical state before ticketing him.	開罰單前，你應該先確認這個人的身體狀況。
You give Mr. Barnum a citation for unsafe driving.	你開了一張危險駕駛罰單給 Barnum 先生。
A ticket? For me? Gosh, whaddo I win? Haw haw.	罰單？給我的？哎呀，我贏了什麼獎品啊？哈哈。
Drive carefully on your way home, Mr. Barnum.	Barnum 先生，回家路上請小心開車。
Oh, I will, Oshifer. Ish time for Bowling for Pedesh--Pedesh--People! YAAAAAHOOOOOO!	喔，我會的，唉呦員。是時候來場行人保齡球——保……保齡球大賽了！耶——吼——！
Only a mile or two down the road, Mr. Barnum's car jumps the curb and hits five people at a bus stop. Two of them die, one of them becomes paralyzed for life, and the other two escape with minor injuries.	才開出去一兩英里，Barnum 先生的車就衝上路緣，撞到公車站等車的五個人。其中兩人死亡，一人終生癱瘓，另外兩人只受輕傷。
Mr. Barnum ironically walks -- or, rather, staggers -- away from the wreck with hardly a scratch.	諷刺的是，Barnum 先生自己卻幾乎毫髮無傷地——應該說，搖搖晃晃地——走出了車禍現場。
The ticket you gave Mr. Barnum is found on the seat of the car. As a result, you're held responsible for the accident and are promptly fired. You let the people of Lytton down.	你開給 Barnum 先生的罰單在車座上被找到。結果你被判定要為這起事故負責，隨即遭到解僱。你辜負了 Lytton 的市民。
That's totally disgusting, Bonds.	Bonds，這真的噁心透頂。
Pigeon droppings.	鴿子的排泄物。
Even if you could get up there, why would you want THAT?	就算你爬得上去，你要那東西幹嘛？
Pigeon crap. What did you expect would be next to a pack of pigeons?	鴿子大便。一群鴿子旁邊，你還能期待什麼？
You open the door for Mr. Barnum, who gets in shakily. You truly hope he doesn't upchuck on your upholstery.	你替 Barnum 先生開了車門，他顫顫巍巍地上了車。你真心希望他別吐在你的椅套上。
Don't mess with the door, Bonds, you'll set off the burglar alarm.	Bonds，別亂碰那扇門，你會觸動防盜警報器。
The door is heavily barred to keep out burglars and vandals.	這扇門裝了厚重的護欄，用來擋住竊賊和破壞份子。
You check out the white Chevy Beretta, noting its license plate number.	你檢查那輛白色 Chevy Beretta，記下車牌號碼。
Didn't your mother tell you that flies carry germs?	你媽媽沒告訴過你，蒼蠅會帶菌嗎？
Yes, it would make a fine trophy, but you shouldn't shoot it anyway.	沒錯，那會是不錯的戰利品，但你還是不該開槍打它。
That's the biggest fishing fly you've ever seen.	那是你見過最大的假蠅餌。
Do other policemen dig in the trash, or is it just you, Bonds?	其他警察也會翻垃圾桶嗎，還是只有你這樣，Bonds？
It's a garbage can. It's full of garbage.	這是一個垃圾桶，裡面裝滿了垃圾。
The sign is painted on a piece of scrap metal. The edges are sharp. You should probably leave it alone.	這塊招牌畫在一片廢金屬上，邊緣很鋒利，你最好別去碰它。
The sign says "keep out", but you know damn well that lots of people ignore it.	告示牌上寫著「禁止進入」，但你心知肚明，很多人根本不理會。
Quit hugging bricks and try pounding the pavement once in awhile, Bonds.	Bonds，別老是靠牆發呆了，偶爾也該出去巡邏走走。
Many merchants have thriving businesses on the streets of Lytton. It is only recently that they have begun to feel threatened by crime.	Lytton 街上有許多商家生意興隆，直到最近他們才開始感受到犯罪的威脅。
SS173982 Bill Barnum 28 W. Deming Way Lytton, CA	SS173982 Bill Barnum 28 W. Deming Way Lytton, CA
Sex:M Hair:Red Eyes:Brown Ht:5-10 Wt:175 DOB:02-14-62 Rstr:None	性別:男 髮色:紅 眼睛:棕 身高:5-10 體重:175 出生日期:02-14-62 限制:無
You're moved to punch the lightpole in frustration, but you restrain yourself.	你氣得很想揍那根路燈柱，但還是忍住了。
It's a lightpole.	這是一根路燈柱。
Be careful, or you'll set off the alarm.	小心點，不然你會觸動警報器。
This building houses Al's Bait and Tackle and the gunsmith shops.	這棟建築裡有 Al's Bait and Tackle 釣具行，還有幾間槍械行。
Perhaps exiting the patrol car would make that task possible.	或許先下車，才有辦法做到這件事。
Are you attempting to abandon your duties, Bonds?	Bonds，你是想擅離職守嗎？
It's your departmental issue patrol car.	這是局裡配發給你的巡邏車。
You're supposed to be setting an example for the people of Lytton, Bonds.	Bonds，你應該替 Lytton 的市民做榜樣。
Pigeons. (pij-ens) n. Any of a family of birds with stout bodies, short legs, and smooth, compact plumage. Pigeons are found both in domestication and in the feral state in cities around the world. In fact, two pigeons located in Lytton, CA are staring at Officer Sonny Bonds right now.	鴿子（pigeon，音標：pij-ens）名詞。一種體型敦實、腿短、羽毛光滑緊密的鳥類。鴿子既有家養品種，也有在世界各地城市裡野生的族群。事實上，此刻加州 Lytton 就有兩隻鴿子正盯著 Sonny Bonds 警員看。
It's a pigeon, not a parrot.	這是一隻鴿子，不是鸚鵡。
Ah, the feel of fine cinderblock.	啊，這觸感真是上等的水泥磚。
The buildings are old, but sturdy.	這些建築物雖然老舊，但很堅固。
This is one of the many streets on your beat.	這是你巡邏轄區裡的其中一條街。
It's just a sidewalk, Bonds.	Bonds，這只是一條人行道。
The sidewalks are kind of grungy, but they look positively sterile compared with the carpeting in Wino Willy's...	這條人行道是有點髒，但跟 Wino Willy's 裡的地毯比起來，簡直乾淨得像消毒過一樣……
If you're so scared of this pathetic gentleman that you feel the need to draw your gun, perhaps you should get into a less frightening line of work. How about potato farming? Accounting? Maybe you could become a professional golfer...	如果你怕這個可憐的傢伙怕到得拔槍的地步，也許你該換個不那麼嚇人的行業。種馬鈴薯怎麼樣？還是去當會計？說不定你還能去當職業高爾夫球選手……
Dispatch, this is 83-32. Run wants on plate number BSOTD1.	調度中心，這裡是 83-32。查詢車牌 BSOTD1 的通緝紀錄。
Plate number BSOTD1, registered to William J. Barnum. Two previous DUI convictions.	車牌 BSOTD1，登記人 William J. Barnum。曾有兩次酒駕定罪紀錄。
Perhaps knowing the license plate number would make the call to dispatch more productive.	或許先知道車牌號碼，這通給調度中心的電話才會有意義。
Dispatch, this is 83-32. I'm still at the scene of a DUI stop. 83-32 out.	調度中心，這裡是 83-32。我還在酒駕攔查現場。83-32 通話結束。
Please step up to the car, sir.	先生，請走到車子這邊來。
No	不
Yes	是
Seeing stars, Bonds? Mr. Barnum just clobbered you with a roundhouse right. You should have followed departmental regulations regarding arrests. You get a lot of sympathy -- and even more ribbing -- in a neck brace, Sonny...	看到星星了嗎，Bonds？Barnum 先生剛用一記迴旋拳把你打倒。逮捕時本該遵守部門規定。戴著頸圈的你得到不少同情——當然也得到更多嘲笑，Sonny……
There's no reason to touch the pavement.	沒有理由去碰路面。
Acres o' asphalt. Otherwise known a street.	一大片柏油路，也就是一般所稱的「街道」。
You don't want it, you can't reach it, so forget it!	你不想要它，也拿不到它，還是算了吧！
The upstairs windows are boarded up. The business owners probably got tired of people breaking them.	樓上的窗戶都被木板封住了。店家大概是受夠了老是有人打破窗戶。
Being careful not to set off the alarm, you wipe away a little of the dust and look inside. Just as you suspected: it's a gun shop.	你小心翼翼地不觸動警報器，擦掉一點灰塵往裡頭看。正如你所料，這是一間槍械行。
The windows are barred. A layer of dust prevents you from seeing inside.	窗戶裝了鐵欄杆，厚厚一層灰塵讓你看不清裡面。
You have better things to to. Leave the alley-prowling to the tomcats.	你還有更重要的事要做，在巷子裡遊蕩這種事就交給野貓吧。
It's another one of those dark, narrow, dangerous alleys.	這又是一條陰暗、狹窄、危險的巷子。
You take the black book.	你拿起黑色筆記本。
Flipping through the book, you see many notes and entries. You decide to wait and examine it more thoroughly after it's been booked into evidence. You put it back in the glove box.	你翻閱筆記本，看見許多筆記與紀錄。你決定等它登記為證物後再仔細檢查，於是把它放回手套箱。
It's brick.	這是磚頭。
One of the many businesses forced to close down by Lytton's crime problem.	這是又一家因 Lytton 治安問題而被迫關門的商家。
You press the button, and hear a muffled thud from behind you. Your heart leaps. You turn around, only to discover that you've released the trunk latch. Whew!	你按下按鈕，聽到身後傳來一聲悶響。你嚇了一跳，轉身一看，才發現自己打開了後車廂鎖。呼，好險！
A button is concealed inside the glove box.	手套箱裡藏著一顆按鈕。
You don't need to take the drugs out of the trunk. They will be impounded with the car.	你不必把毒品從後車廂拿出來，它們會連同車子一起扣押。
You peek into the dumpster, and see things that will curb your appetite for the rest of your life. You definitely do not want to touch anything in there.	你往垃圾子母車裡瞄了一眼，看到的東西大概會讓你這輩子都沒胃口。你絕對不會想碰裡面任何東西。
It's an exceptionally nasty dumpster, filled with exceptionally nasty garbage.	這是一個特別噁心的垃圾子母車，裝滿了特別噁心的垃圾。
Nobody answers, but you hear the scuttling of little feet, and lots of squeaks. It's Rat City in there.	沒有人回應，但你聽到細小的腳步聲窸窣作響，還有一堆吱吱叫聲。裡面根本是老鼠王國。
That woman would rip you in half, Bonds. Don't even think about it.	Bonds，那個女人會把你撕成兩半，想都別想。
Phil at the station told everyone about the plot of this "flick." Her mother was bitten by a radioactive rat and tragically gave birth to Loree, half-rat, half-girl. She put up with the town's taunts and tormenting...until the night they killed her brother with a giant mousetrap. Now she's joined the Hell's Angels (men who appreciate a girl with furry legs), and Loree's gonna get even.	局裡的 Phil 把這部「片子」的劇情講給大家聽過。她的母親被一隻受輻射污染的老鼠咬傷，悲劇性地生下了 Loree──一個半人半鼠的女孩。她一直忍受全鎮的嘲笑與欺凌……直到某天晚上，鎮民用一個巨大捕鼠器害死了她哥哥。如今她加入了地獄天使幫（一群欣賞毛茸茸美腿女孩的男人），Loree 準備要討回公道。
This time, it's personal.	這一次，事關個人恩怨。
It's an ad for "Loree: Rat Goddess of the Hell's Angels".	這是電影《Loree: Rat Goddess of the Hell's Angels》的廣告。
Touching the bent bars, you see evidence that someone has recently tried to pry them open. You shake your head in disgust.	摸著這些彎曲的鐵條，你看得出有人最近試圖把它們撬開。你厭惡地搖了搖頭。
The door is protected by a huge metal screen, but vandals have been at work anyway.	這扇門有一大片金屬護網保護，但破壞份子還是動手了。
You see a black book, what appear to be two driver's licenses, and a button.	你看到一本黑色的本子、兩張看起來像是駕照的東西，還有一顆按鈕。
You shouldn't mess around with another cop's unit.	你不該亂碰別的警察的巡邏車。
Jack's patrol car looks amazingly like yours.	Jack 的巡邏車跟你的簡直一模一樣。
You and Jack are buds, but you're not that close.	你和 Jack 是好哥兒們，但沒有親密到那種程度。
It's your trusty fellow officer, Jack.	這是你信賴的同事，Jack。
Now's not the time for idle chat with Jack. There's business to attend to.	現在不是跟 Jack 閒聊的時候，還有正事要辦。
Well handled, Sonny. Give me that piece and I'll take care of booking it into evidence while you search the vehicle.	處理得好，Sonny。把那把槍給我；你搜查車輛時，我會負責把它登記為證物。
You hand the gun to Jack.	你把槍交給 Jack。
Go ahead and move in, Sonny! I've got him covered!	上吧，Sonny！我掩護你！
PQ176203 Marvin Hoffman 331 W 104th St. Chicago, IL	PQ176203 Marvin Hoffman 331 W 104th St. Chicago, IL
Sex:M Hair:Blk Eyes:Blue Ht:6-00 Wt:194 DOB:06-02-61 Rstr:None	性別:男 髮色:黑 眼睛:藍 身高:6-00 體重:194 出生日期:06-02-61 限制:無
You put the licenses back in the glove box, to be impounded with the car.	你把駕照放回手套箱，準備連同這輛車一起扣押。
SM823491 Leroy Pierson 11134 Beach St. Newport, CA	SM823491 Leroy Pierson 11134 Beach St. Newport, CA
Sex:M Hair:Blk Eyes:Blue Ht:6-00 Wt:196 DOB:04-28-60 Rstr:None	性別:男 髮色:黑 眼睛:藍 身高:6-00 體重:196 出生日期:04-28-60 限制:無
You never get tired of looking at those pretty flashing lights.	你看那些漂亮的閃燈，怎麼看都不會膩。
Leaping out of your car to apprehend a dangerous suspect without any backup isn't the wisest decision you've ever made, Bonds. Being a cop is more than being brave; you've got to use your brains. Better luck next time.	沒有支援就跳下車逮捕危險嫌犯，Bonds，這不是你做過最明智的決定。當警察不只要勇敢，也要動腦。下次好運。
There are no keys in the ignition. The suspect evidently hotwired the car.	點火開關裡沒有鑰匙，嫌犯顯然是用短路發動的。
You scratch the paint away. The number is 603456218. It's the right car!	你刮掉油漆，號碼是 603456218。就是這輛車沒錯！
You already did that.	你已經做過了。
You take a close look at the Mercedes' door. Hmm, there seems to be black paint over the VIN number.	你仔細查看 Mercedes 的車門。嗯，車身號碼上似乎被塗了一層黑漆。
The number is 603456218. It's the right car!	號碼是 603456218。就是這輛車沒錯！
You cautiously open the glove box.	你小心翼翼地打開手套箱。
It's the glove box.	這是手套箱。
Mercedes don't feel much different than any other car, Bonds.	Bonds，Mercedes 摸起來跟其他車也沒什麼不同。
You look the suspect vehicle over from your vantage point, noting the license plate number, its make and color.	你從你所在的位置仔細觀察嫌疑車輛，記下車牌號碼、廠牌和顏色。
It certainly looks like the silver Mercedes everyone has been talking about.	這看起來確實就是大家一直在談論的那輛銀色 Mercedes。
That wouldn't be your most efficient time expenditure. You've got more important things to do now.	那不是你目前最有效率的時間運用方式，你現在還有更重要的事要做。
The door displays the Lytton Police Department insignia.	車門上印著 Lytton 警局的徽章。
Good job, Sonny. See you back at the station.	做得好，Sonny。警局見。
Thanks, Jack. And thanks for getting here so fast.	謝謝你，Jack。也謝謝你這麼快趕到。
Any time, man, any time.	隨時都行，老兄，隨時都行。
It's your very own patrol car.	這是你自己的巡邏車。
You get the number of the license plate for the check.	你記下車牌號碼，準備進行查詢。
Come on, Bonds, it wouldn't be jake for a cop to be tearing down posters.	拜託，Bonds，警察去撕海報可不太體面。
It's the story of three young, nubile computer programmers with a thing for leather on their own in the big city. Will corruption, sleaze and cheap hardware destroy them? Will they find true love? Will they get good jobs at a computer game company and live happily ever after...or will they sink into the pit of arcade depravity?	故事講述三個年輕貌美、熱愛皮衣的電腦程式設計師，隻身闖蕩大城市。腐敗、齷齪與廉價硬體會不會毀了她們？她們能找到真愛嗎？她們會不會在電腦遊戲公司找到好工作、從此過著幸福快樂的日子……還是會墮入電玩機台的墮落深淵？
The poster is an advertisement for "Naugahyde Goddesses of Oakhurst, Part VII, The Absolutely Final Chapter, No, Seriously, We Mean it This Time."	這張海報是電影《Naugahyde Goddesses of Oakhurst, Part VII, The Absolutely Final Chapter, No, Seriously, We Mean it This Time》的廣告。
You must be a Kitty Nicolman fan, but please restrain yourself.	你一定是 Kitty Nicolman 的粉絲，但請克制一下自己。
Kitty Nicolman stars as a young princess who decides to take up race-car driving and accidentally kills her mother in the process. She then falls under the sway of a handsome driver (Crom Truze) who gets her job after job in the race-car industry, jobs she would never have gotten without his connections.	Kitty Nicolman 飾演一位年輕公主，她決定投身賽車運動，卻在過程中不小心害死了自己的母親。之後她被一位英俊的賽車手（Crom Truze）迷住，他靠關係替她在賽車圈接連安排工作，那些工作要不是靠他的人脈，她根本不可能拿到。
It's an ad for "Monaco Princess".	這是電影《Monaco Princess》的廣告。
You couldn't get through the armor anyway.	反正你也穿不透那層裝甲。
Six identical sisters from the bayou can never get dates because they have tails and whiskers. It looks like they'll live their lives alone with just their pet gators for company...until a spaceship full of Studley Possum Men show up! Yow, it's wild possum passion in the savage swamp! Lash that tail, baby!	來自沼澤地的六個一模一樣的姊妹，因為長著尾巴和鬍鬚，始終交不到男朋友。看來她們注定要孤獨終老，只有寵物短吻鱷相伴……直到一艘載滿健壯負鼠人的太空船降臨！哇喔，這是狂野沼澤裡的負鼠熱情大爆發！甩尾吧，寶貝！
It's an ad for "Vixens With Vestigal Tails Meet the Studley Possum Men from Outer Space".	這是電影《Vixens With Vestigal Tails Meet the Studley Possum Men from Outer Space》的廣告。
You nervously pick up your radio.	你緊張地拿起無線電。
Dispatch, this is 83-32. Requesting backup, code 3! Repeat, 10-35, code 3!	調度，這裡是 83-32。請求 Code 3 支援！重複，10-35，Code 3！
After a few long, agonizing moments, Dispatch replies:	經過幾秒漫長難熬的等待，調度中心回覆了：
83-32, be advised that 83-31 is responding code-3 to your location.	83-32，通知你，83-31 正以 code-3 緊急前往你的所在位置。
Dispatch, this is 83-32 requesting 10-35.	調度中心，這裡是 83-32，請求 10-35。
83-32, 83-31 is enroute. ETA is 2 minutes.	83-32，83-31 已經在路上，預計 2 分鐘後抵達。
You key the mike and request wants and warrants on the Mercedes and then anxiously await the response from dispatch.	你按下麥克風，請求查詢這輛 Mercedes 的通緝與拘捕令紀錄，然後焦急地等待調度中心的回覆。
83-32, that plate is registered to a maroon 1989 Honda. We show that vehicle reported stolen three months prior in the city of Steelton.	83-32，這個車牌登記的是一輛栗紅色的 1989 年 Honda。系統顯示這輛車三個月前在 Steelton 市被通報失竊。
You think to yourself that something about this vehicle isn't kosher. It does match the general description of a stolen vehicle mentioned in this morning's briefing. The color doesn't match, however.	你心裡想，這輛車有點不對勁。它大致符合今天早上簡報中提到的失竊車輛描述，只是顏色對不上。
Dispatch, this is 83-32. My 10-20 is near the northwest corner of Oak and Brock. 83-32 out.	調度中心，這裡是 83-32。我的 10-20 位置在 Oak 街和 Brock 街的西北角附近。83-32 通話結束。
Dispatch, this is 83-32. Will be transporting to jail shortly. 83-32 out.	調度中心，這裡是 83-32。稍後將押解嫌犯前往看守所。83-32 通話結束。
It's concrete.	這是水泥地。
You don't find very many cars illegally parked here. Most people are afraid to leave their cars alone in this neighborhood.	這裡很少看到違規停車，大多數人都不敢把車單獨留在這一帶。
You don't have enough room in your pockets for THAT!	你口袋根本沒有空間裝那個東西！
One of the seamier streets of Lytton.	這是 Lytton 較為烏煙瘴氣的一條街。
Now there's an unpleasant and unproductive maneuver.	這下可是既不愉快又毫無意義的舉動。
You don't even want to think about what might be on the sidewalk in front of a place like this.	你根本不想去想，這種地方門口的人行道上會有什麼東西。
You're supposed to be protecting the citizens of Lytton, not changing the bulbs in porno theater signs. Stick to your duties, Bonds.	Bonds，你的職責是保護 Lytton 的市民，不是去幫成人電影院的招牌換燈泡，做好你的本分。
Half of the dingy bulbs in the sign are burnt out. The other half are covered with so much dust and grease that they may as well be burnt out.	招牌上一半髒兮兮的燈泡已經燒壞，另一半則積滿灰塵和油污，跟燒壞了也沒兩樣。
There are some things you just have no reason to touch. This is one of them!	有些東西你就是沒理由去碰，這就是其中之一！
The building's exterior certainly shows where the profits are NOT going.	這棟建築的外觀，明顯看得出獲利完全沒花在門面上。
Leave the ugly pop-culture icon alone, Bonds.	Bonds，別去動那個醜陋的流行文化地標。
The Sin City sign is a monument to bad taste.	「Sin City」的招牌簡直是低俗品味的紀念碑。
You draw your service revolver. It never felt so heavy in your hands before.	你拔出配槍。它從沒像現在這麼沉重過。
Hey, Bonds! You'd better take some action - SOON!	嘿，Bonds！你最好快點採取行動──動作快！
Alright, Sonny! Excellent bust! No, AWESOME bust! Good thing you didn't forget his Miranda rights.	好樣的，Sonny！漂亮的逮捕！不，是超級漂亮！幸好你沒忘記宣讀他的米蘭達權利。
At last, Officer Jack Cobb arrives. You've never been so glad to see him in your life!	終於，Jack Cobb 警員到了。你這輩子從沒這麼高興見到他！
83-32, this is 83-31. I'll cover the passenger side while you make contact with the suspect. Be careful, Sonny. 83-31 out.	83-32，這裡是 83-31。我掩護乘客那一側，你去跟嫌犯接觸。小心點，Sonny。83-31 通話結束。
Who would have known that he would have the dexterity to pull that Smith and Wesson out of his back pocket and blow you away while handcuffed? Looks like you forgot one teeny bit of police procedure. At least this perp will never bother anyone again...Jack ventilated him. Not that it does you any good.	誰想得到他手銬都還銬著，居然還有那份靈活從後褲袋掏出那把 Smith and Wesson，一槍把你打倒？看來你漏掉了一丁點警察程序。至少這個嫌犯再也不會騷擾任何人了……Jack 把他打成了篩子。只是這對你已經於事無補。
XXX YOU PULL OVER THE STOLEN CAR SUSPECT, CALL AND WAIT FOR BACKUP, ARREST PERP, INSPECT CAR AND EVIDENCE AND THEN HEAD FOR JAIL TO BOOK SUSPECT.	XXX 你攔下偷車嫌犯，呼叫並等待支援，逮捕嫌犯，檢查車輛與證物，然後前往監獄登記嫌犯。
There's nothing you can do here. If this really was the scene of a crime, Homicide would have taken samples long ago.	這裡沒有你能做的事了。如果這裡真的是犯罪現場，兇殺組早就採過樣了。
There is a large, ugly stain on the sidewalk. In this area of town, it could be a blood stain as easily as it could be an oil stain.	人行道上有一大片難看的污漬。在鎮上這一帶，那可能是血漬，也可能只是油漬。
There's no reason to touch the street, Bonds.	Bonds，沒理由去碰這條街道。
Just another Lytton city street. This one seems more badly kept than usual.	又是一條 Lytton 市區的街道，這條看起來比平常更加乏人維護。
Your partner blows the guy into next week, but too late to save you. You should have followed proper police procedure, Bonds. Better luck in your next life.	你的搭檔一槍把那傢伙打得魂飛魄散，但已經來不及救你了。Bonds，你早該遵守正確的警察程序。祝你下輩子好運。
Trying to cuff the suspect with your service revolver in your hand could prove dangerous to either or both of you.	手裡拿著配發左輪槍替嫌犯上銬，可能會危及你們其中一人或兩人。
You search the suspect, finding only some pocket change, a dried-up stick of gum...	你搜查嫌犯，只找到一些零錢、一根乾掉的口香糖……
And a Smith and Wesson .45 automatic.	還有一把 Smith and Wesson .45 自動手槍。
You cuff the suspect while he insults your geneology, starting with your great-great-great-great grandfather.	你替嫌犯戴上手銬，他從你的曾曾曾曾祖父開始一路辱罵你的家世。
You'll have to get him under control first.	你得先控制住他。
A police officer can't afford to space out on the job, Bonds. At least Jack blew the guy into next week as you were gunned down.	警察執勤時不能恍神，Bonds。至少你中槍倒下時，Jack 把那傢伙打得飛到下週去了。
Searching a dangerous suspect without first handcuffing them is an invitation to a broken skull...or worse.	不先銬住危險嫌犯就搜身，等於邀請自己頭骨碎裂……甚至更糟。
You blow the suspect away. That may be admirable behavior in the movies, but not in the real world. Internal Affairs investigates, and six weeks later, you are bounced off the force.	你開槍擊斃嫌犯。這在電影裡也許值得稱讚，但現實世界不是這樣。內務調查科展開調查，六週後你被逐出警隊。
You'll need to be standing for that.	你得先站起來才能這麼做。
Shoot an unarmed man when he's down? Get real, Bonds. You're a law enforcement officer. Shooting an unarmed man isn't going to win you any brownie points with Dooley.	對倒地的無武裝男子開槍？清醒點，Bonds。你是執法人員。射殺無武裝的人不會讓 Dooley 對你加分。
The odds against hitting him while he's inside his vehicle are very slim.	他人在車裡，你打中他的機率微乎其微。
You have no idea who it could be from here, but he sure looks seedy.	你從這裡看不出他是誰，但他看起來絕對不是什麼正經人。
You're still not sure exactly who this dirtbag is, but you know he's bad news.	你還不確定這個人渣到底是誰，但你知道他不是什麼好東西。
Nice pea shooter. On your feet, bud.	好一把小玩具槍啊，起來，小子。
Let's go, buddy. Into the patrol car.	走吧，老兄。上巡邏車。
I got your patrol car right here, you #$%&*#$@# pig...	我把你的巡邏車就擺在這，你這個 #$%&*#$@# 死條子……
I beg your pardon?	你說什麼？
I'm goin', I'm goin'.	我走了啦，我走了啦。
You read the suspect his Miranda rights as he sulks in the back of the car. You're suddenly shaking with relief and excitement. What a righteous bust!	嫌犯垂頭喪氣地坐在車後座，你向他宣讀米蘭達權利。你突然因如釋重負和興奮而顫抖。真是漂亮的逮捕！
You yell to the man in the car, but receive only a serious ringing in the ears as a response.	你朝車裡的人大喊，得到的唯一回應是一陣震耳欲聾的巨響，讓你耳鳴不已。
PLEASE EXIT THE VEHICLE WITH YOUR HANDS RAISED! REPEAT, PLEASE EXIT THE VEHICLE WITH YOUR HANDS RAISED!	請舉起雙手下車！重複一次，請舉起雙手下車！
The suspect seems to be taking some time to decide whether to follow your instructions.	嫌犯似乎花了一點時間，決定是否遵從你的指示。
I REPEAT! EXIT THE VEHICLE IMMEDIATELY WITH YOUR HANDS IN THE AIR. DO IT NOW!	我再說一次！立刻舉起雙手下車。現在就做！
HIT THE ASPHALT! FACE TO THE PAVEMENT! NOW!	趴到柏油路上！臉朝地面！現在！
No @#)%(@!#% way, you bastard!	沒門，你這個 @#)%(@!#% 混蛋！
I said, HIT THE DIRT!	我說了，馬上趴下！
The suspect decides to listen to the voice of reason.	嫌犯決定聽從理性的聲音。
Don't move. Don't even BREATHE. You're in enough trouble right now as it is, sir, and I'd hate for you to say something that might be used against you in a court of law.	別動，連氣都不准喘。先生，你現在的麻煩已經夠多了，我可不希望你說出任何可能在法庭上對你不利的話。
You consider yelling to the suspect from inside the car, but decide that would merely make your ears ring.	你考慮從車裡對嫌犯大喊，但轉念一想，那樣做只會換來一陣耳鳴。
HALT!	站住！
RAISE YOUR HANDS OVER YOUR HEAD!	把雙手舉過頭頂！
The suspect hesitates for a moment, then seems to realize that he has no way out.	嫌犯猶豫片刻，接著似乎明白自己無路可逃。
You stand directly over the suspect. You can see he's shaking. He might do anything right now.	你正站在嫌犯上方，看得出他在發抖。他現在可能做出任何事。
Have you no moral fiber? Shocking, Sonny, shocking.	你就沒有一點道德操守嗎？真是駭人聽聞，Sonny，駭人聽聞。
The ticket window for the Sin City theatre. It gives new meaning to the term, "filthy lucre".	Sin City 戲院的售票窗口。這讓「骯髒的錢財」這個詞有了全新的意義。
Don't be silly.	別傻了。
The top of the Sin City sign is home to pigeons and lots of bad kharma.	Sin City 招牌頂端住著鴿子，還瀰漫著滿滿的壞業障。
The trunk is locked. It won't budge. You didn't realize Mercedes were still made so solidly.	後車廂鎖住了，紋風不動。你沒想到賓士車還做得這麼扎實。
You look into the open trunk and see some whitish plastic packages containing what appears to be cocaine and a few green bags containing a leafy substance which you assume to be marijuana.	你查看打開的後車廂，看見幾包裝有疑似古柯鹼的白色塑膠包，以及幾袋你認為是大麻的綠色葉狀物。
You wonder what might be in the trunk. No telling, with a perp like this one.	你想知道後車廂裡可能有什麼。這種嫌犯，誰知道呢。
You check and make sure the bars are securely locked into place. They are.	你檢查確認鐵欄杆是否牢牢鎖住，確實如此。
The window is boarded and barred. Pieces of shattered glass litter the sidewalk.	窗戶被木板封死並裝上鐵欄杆，破碎的玻璃碎片散落在人行道上。
You shake the bushes vigorously, and probably scare the hell out of a few squirrels.	你用力搖晃灌木叢，大概把幾隻松鼠嚇得魂飛魄散。
The dense green bushes could conceal almost anything.	這片茂密的綠色灌木叢幾乎可以藏住任何東西。
If you want to talk to the bushes, you should've taken a White House tour.	想跟灌木叢聊天？你應該去參觀白宮才對。
As much as you'd like to rough this jerk up a bit, you restrain yourself. One move like that could blow your career...especially if anyone around here has a video camera.	你很想把這個混蛋修理一頓，但還是忍住了。這種舉動可能會毀了你的整個職涯……尤其是這附近要是有人拿著攝影機在拍。
This punk looks older and tougher than Simms, and less intimidated, too. He probably thinks he'll be back on the streets within hours...and the sad thing is, he's probably right.	這個小混混看起來比 Simms 年長、更難纏，也更不怕你。他大概覺得自己幾個小時內就能重返街頭……可悲的是，他大概沒說錯。
Sumpthin' you want to tell me, Mr. Colby?	有啥要跟我說的嗎，Colby 先生？
Eat my shorts.	去吃屎啦你。
Hey, snappy comeback, whiz kid.	嘿，反應真快嘛，小天才。
Don't pick the flowers. Another underpaid civil servant toiled long to put them there.	別摘花。這些花可是某個薪水少得可憐的公務員辛苦種出來的。
Many lovely flowers grow in the park. They are still carefully tended by the park's aging gardener, Bert.	公園裡種著許多美麗的花朵，仍由公園裡那位上了年紀的園丁 Bert 悉心照料。
The flowers are shy. They must be wallflowers.	這些花很害羞，想必是壁花吧。
You don't need to pick the grass.	你不需要拔草。
The grass is green and pretty.	這片草地綠油油的，很好看。
You must be losing it, Bonds.	Bonds，你一定是瘋掉了。
When you were a kid, you loved to climb trees in this park. But that was long ago and, it seems, a lifetime away.	你小時候很喜歡在這座公園裡爬樹。但那已經是很久以前的事了，感覺像是上輩子。
Many tall, sturdy oak trees grace the park.	公園裡點綴著許多高大挺拔的橡樹。
The oak tree says: "Prithee, good sir, hast thou seen Maid Marian? Nay? Ah, well. I wish thee good day."	橡樹說：「敢問這位仁兄，可曾見過 Maid Marian 姑娘？沒有嗎？唉，那也罷，祝你有個美好的一天。」
Heads up, Bonds, you never know what you'll find in a city park.	小心點，Bonds，你永遠不知道市立公園裡會藏著什麼。
This path leads into the park.	這條小徑通往公園。
You don't need that, Bonds. It's nowhere near Christmas.	Bonds，你不需要那個，現在根本不是聖誕節。
Full, brushy pine trees give the park a lush appearance.	茂密蓬鬆的松樹讓公園顯得綠意盎然。
As expected, the tree doesn't respond. Perhaps it's pining away for another tree.	不出所料，這棵樹沒有反應。也許它正暗自想念著另一棵松樹。
What do you want to do, cause a foliage avalanche?	你想幹嘛，引發一場「落葉雪崩」嗎？
The posts hold up the embankment.	這些柱子撐住了堤岸。
This is the entrance to the Lytton City Park.	這是 Lytton 市立公園的入口。
There's nothing worth taking on the sidewalk.	人行道上沒有什麼值得拿的東西。
The sidewalk has been recently swept. Maybe Bert did it.	這條人行道最近才掃過，也許是 Bert 掃的。
The boy is so scared, he's shaking. That's the way it is with kids; they never think they'll be caught, they think they'll live forever. With any luck, this little experience will turn his life around.	這個男孩嚇得直發抖。小孩子就是這樣，他們從不覺得自己會被抓，總以為自己能永遠逍遙下去。運氣好的話，這次的經歷或許能讓他徹底改過自新。
Victor, how long have you been taking drugs?	Victor，你吸毒多久了？
Do I have to answer that?	我一定要回答嗎？
No, but it might help. You've already been arrested, Victor. Nothing you say will change that one way or another. But if you help us out, we'll take that into account when we talk to the judge.	不用，但這麼做對你有幫助。Victor，你已經被逮捕了，不管你說什麼都改變不了這個事實。但如果你願意配合，我們會在跟法官談的時候把這點考慮進去。
Okay, I guess. Not too long. Maybe about six months. This guy at school gave me some coke at a party. I guess I kinda liked it, and I kept doing it...and then I couldn't stop.	好吧，我想想……時間不算長，大概六個月吧。學校裡有個人在派對上給了我一些古柯鹼。我大概是喜歡上了，就一直用……後來就停不下來了。
Oh, ain't that just pitiful. You sniveling little creep.	喔，真是可悲啊。你這個哭哭啼啼的小蠢貨。
I didn't ask you anything, Mr. Colby. Victor, did you always buy from this...man?	我沒問你話，Colby 先生。Victor，你一直都是跟這個……人買的嗎？
Uh, no. I used to buy from this guy named Jose Martinez, but I haven't seen him for awhile. My friend Kathy Cobb and I were getting pretty desperate. Then Colby came up to me one day, and--	呃，不是。我以前都跟一個叫 Jose Martinez 的人買，但我有陣子沒見到他了。我朋友 Kathy Cobb 跟我都快撐不住了。後來有一天 Colby 主動找上我，然後——
SHUT UP! Shut up, you little bastard! One more word outta you and you're dead!	閉嘴！給我閉嘴，你這個小混蛋！你再多說一個字就死定了！
Put a lid on it, Colby. You're just digging yourself in deeper.	Colby，閉上你的嘴。你只是在把自己越挖越深而已。
Is there anything else you want to tell me, Victor?	Victor，你還有什麼想告訴我的嗎？
Uh, not here, okay?	呃，不要在這裡，好嗎？
I understand. Let's go, Victor. Get in the car.	我明白了。走吧，Victor。上車。
Okay, come on, MISTER Colby. Get in the car.	好了，走吧，Colby『先生』。上車。
Up yours.	去你的。
I beg your pardon? What did you say? Oh, you said you'd like to spend the night in jail with a homicidal biker named Bone Crusher? No problem, Mr. Colby, we can arrange that.	你說什麼？你剛剛說了什麼？喔，你是說你想跟一個叫 Bone Crusher、有殺人前科的飆車族共度一夜牢房時光？沒問題，Colby 先生，我們可以幫你安排。
Okay, I get the message, Miss Police Dog. I'm gettin'.	好啦好啦，我懂了，警犬小姐。我這就走。
Did you hear that, Sonny? This is the barfbag who's been dealing to Jack's daughter! He'll be delighted to hear this creep is off the streets.	你聽到了嗎，Sonny？這就是販毒給 Jack 女兒的垃圾！知道這個混蛋不能再危害街頭，他一定會很高興。
Yeah! I feel great about this one, Laura. Let's take these guys in.	沒錯！Laura，這次我感覺很好。我們把這些人帶回去。
There's nothing in the sky to grab.	天空中沒有什麼東西好拿的。
The sky in Lytton is still pretty, but not as clear as it used to be.	Lytton 的天空依然很美，但已經不像從前那麼清澈了。
Yes, the park is lovely this time of year, but you don't want to miss the bust, Bonds. You might consider going into the park.	沒錯，這個季節的公園確實很美，但 Bonds，你可不想錯過這次的緝毒行動，你該考慮進公園去看看。
This one looks like a minor. Have you read him his rights?	這個看起來是未成年者。你宣讀他的權利了嗎？
Yes, I did.	是的，我有。
Good. We don't want to lose this one due to some damn technicality.	很好。我們不想因為該死的程序問題讓這案子功虧一簣。
Okay then. Mister--Colby, is it? How long have you been dealing to little boys, Mr. Colby?	那麼，先生——Colby，對嗎？你販毒給小男孩多久了，Colby 先生？
Bite me. I don't have to say nothin' to you, slut.	去死吧。我什麼都不必跟你這個婊子說。
Who are you working for, Mr. Colby? Tell us and it might go easier on you.	你替誰工作，Colby 先生？告訴我們，你會好過一點。
Kiss my lily-white butt.	親我雪白的屁股啦。
Okay, I give up. See if you can find anything out from the kid.	好，我放棄。看看你能不能從那孩子口中問出什麼。
You missed the bust, Sonny!! Geez Louise, I didn't realize I was working with a rank AMATEUR here! Why do I always get the screwups? Morgan's gonna find me a partner who doesn't have his head up his butt or he's gonna have to restaff the whole @#)($@ DEPARTMENT!	你搞砸了這次緝毒行動，Sonny！！我的老天，我居然不知道自己是在跟一個十足的菜鳥搭檔！為什麼每次都讓我碰上這種廢物？Morgan 最好幫我找個腦袋沒塞在屁股裡的搭檔，不然他就得把整個 @#)($@ 部門都換掉！
Nice bust, Bonds. You just forgot one little thing--you didn't search Victor Simms. The boy panicked, and swallowed the packet of cocaine he had just purchased in an attempt to conceal it. He died. You were immediately suspended. Remember, not following police procedure can cost people their lives--your own, or someone else's.	逮捕得不錯，Bonds。只是忘了一件小事——你沒有搜查 Victor Simms。那孩子慌了，為了藏起剛買的可卡因而把它吞下，結果死亡。你立即遭到停職。記住，不遵守警察程序可能讓人付出生命代價——可能是你自己的，也可能是別人的。
This one looks like a minor. Did you read him his Miranda rights?	這個看起來是未成年者。你宣讀他的米蘭達權利了嗎？
Uh, no, not yet...	呃，還沒……
Sonny, where's your brain? Do it now!	Sonny，你的腦袋跑哪去了？現在就做！
Embarrased, you inform Victor of his rights. How could you have forgotten a thing like that? You hope Laura hasn't lost confidence in you.	你尷尬地告知 Victor 他的權利。你怎麼會忘記這種事？希望 Laura 還沒有對你失去信心。
Okay, Sonny, we've been given a tip that a drug deal is going down in the park this afternoon. What we need to do is this: You go straight into the park, and position yourself so that you can watch the bench without being observed. I'll go around the side and cover the park's other entrance. Any questions?	好了，Sonny，我們接獲線報，今天下午公園裡會有一筆毒品交易。我們要做的是：你直接進公園，找個位置盯著那張長椅，但別讓自己被發現。我會繞到旁邊，守住公園的另一個入口。有問題嗎？
No. Geez, Laura, I used to play in this park when I was a kid. We used to come here to neck when I was in high school. This is kind of sad.	沒有。天啊，Laura，我小時候常在這座公園裡玩。高中的時候還會跟女朋友來這裡親熱。看到現在這樣，還真讓人有點感傷。
Sure as hell is. There are more dealers than ever, and they're getting meaner than ever, too. Lytton's changing, Sonny. Anyway, let's not waste time. Go on in, I'll see you later.	那還用說。毒販比以前更多，也比以前更凶狠了。Lytton 正在改變，Sonny。好了，別浪費時間了，你進去吧，待會見。
You should've searched him back when you first cuffed him. It's a little late now.	你第一次銬住他時就該搜身。現在有點太遲了。
You've already done that! Keep your mind on your work, Bonds.	你已經做過了！專心工作，Bonds。
Leave that plant alone, Bonds. It looks hungry.	Bonds，別去碰那株植物，它看起來很飢餓的樣子。
It's a plant with long, spidery leaves.	這是一株葉片細長如蜘蛛腳的植物。
There's nothing to be found on street.	街上沒有什麼好找的。
The park is a refreshing change from pounding the streets.	這座公園讓你暫時擺脫成天在街上巡邏的枯燥，感覺很不錯。
The old concrete bench still feels pretty sturdy.	這張老舊的水泥長椅摸起來還算牢固。
A park bench. You smile, remembering summer evenings in the park with your best girl.	一張公園長椅。你微笑起來，想起了跟心愛的女孩在公園裡共度的夏夜。
You wish you had an eraser, but you don't. There's nothing you can do.	你希望自己有一塊橡皮擦，但你沒有。你束手無策。
You take a good, close look at the drawing. It's a picture of...Yikes! After blushing and clearing your throat a few times, you try to forget you ever saw that drawing.	你湊近仔細看了看這幅畫。畫的是……哎呀！你臉紅了好幾次，清了清喉嚨，努力想忘記自己曾經看過這幅畫。
Pretty Birch trees. You remember that folk artists used to use birchbark to draw on. Hmm, it looks like there's a drawing on this one...	漂亮的樺樹。你記得民間藝術家以前常在樺樹皮上作畫。嗯，這棵樹上好像也有一幅畫……
The birch tree stands in mute embarrassment of the grafitti it now wears on its trunk.	這棵樺樹默默地立著，樹幹上的塗鴉讓它顯得有些難為情。
Not the right move, Bonds.	Bonds，這步棋走錯了。
Yeah, he's trash, but if we shot every useless person we encountered, we'd be up to our noses in dead folk, now wouldn't we? Chill, Bonds.	沒錯，他是個廢物，但要是我們把遇到的每個廢物都斃了，屍體早就堆到天花板了，不是嗎？冷靜點，Bonds。
He's druggie trash. Probably sells to a lot of kids. Get 'em while they're young, that's the slogan.	他是個毒蟲敗類，大概賣了不少東西給小孩子。「趁年輕下手」，這就是他們的座右銘。
You touch the leaves, wishing your houseplants would grow that big. Actually, you wish your houseplants would grow at all.	你摸了摸葉子，希望自己家裡的盆栽也能長這麼大。老實說，你只希望自己的盆栽能活著長大就好。
A big, green, vigorous tropical plant.	一株高大茂盛、生機蓬勃的熱帶植物。
The plant's leaves wave happily back and forth as it basks in your affection.	這株植物的葉子開心地前後搖擺，沐浴在你的關愛之中。
You throw away the three donut wrappers that have been in your pocket since last Tuesday.	你丟掉了口袋裡從上週二就放到現在的三張甜甜圈包裝紙。
It's a garbage can. Give a hoot, don't pollute!	這是一個垃圾桶。多用點心，別亂丟垃圾！
The blades are soft and springy.	草葉又軟又有彈性。
Nice, green, perfectly trimmed grass. Every suburbanite's ideal.	修剪得整整齊齊的翠綠草坪，是每個郊區居民夢寐以求的理想。
The grass is feeling non-communicative today.	這片草地今天似乎不太想說話。
The park is full of beautiful plants. Someone obviously takes good care of them. It's probably Bert, the elusive gardener.	公園裡種滿了美麗的植物，顯然有人細心照料。八成是那位神龍見首不見尾的園丁 Bert。
No one's actually seen Bert for ten years, but it's said that if you leave a bowl of grape nuts on your front porch when the moon is full, he just might mow your lawn for you.	已經有十年沒人真正見過 Bert 了，但傳說只要在滿月的夜晚，在自家門廊放一碗穀物麥片，他說不定就會幫你修剪草坪。
Whether the story is true or not, they really are nifty plants.	不管這個傳說是真是假，這些植物確實長得很不錯。
You have better things to do. (It would be fun to feel that mud squishing between your toes, though...nah.)	你還有更重要的事要做。（雖然讓爛泥在腳趾間擠來擠去感覺應該很有趣……但還是算了。）
A pretty little creek. It used to be full of ducks. The ducks have long since moved to a safer neighborhood.	一條漂亮的小溪。這裡以前滿是鴨子，牠們早就搬去更安全的地方了。
The Last Duck of Bert's Park answers, from his hiding place:	Bert 公園裡最後一隻鴨子，從牠的藏身處回應道：
"Shove off, copper! Where were you when those hoodlums barbequed my Uncle Frank? Where were you when they used Aunt Flozetta to stuff a pillow? You law enforcement types have no respect for waterfowl. Who needs ya."	「滾開，條子！那些小混混烤了我叔叔 Frank 的時候，你們人在哪？他們把我阿姨 Flozetta 拿去填枕頭的時候，你們又在哪？你們這些執法人員根本不把水禽放在眼裡。誰稀罕你們啊。」
You key the radio and quietly let Laura know that you're in position. She responds, "10-4."	你按下無線電，悄悄告訴 Laura 你已經就位。她回應：「10-4。」
You hear Laura over the radio, "Bonds, keep it quiet or you'll screw-up the operation." You wisely decide to shut up.	你聽到 Laura 從無線電裡傳來的聲音：「Bonds，安靜點，不然你會搞砸整個行動。」你很識相地決定閉嘴。
You key the mike, "Laura, I'm movin' in."	你按下麥克風：「Laura，我要行動了。」
You step out from the bushes and yell;	你從灌木叢中走出來，大喊：
You key the radio to talk to Laura. She's responds by telling you to get in position and keep quiet until it's time to make the bust.	你按下無線電要跟 Laura 說話。她回覆你，要你就定位並保持安靜，直到行動時機到來。
This is the lovely Lytton City Park.	這是美麗的 Lytton 市立公園。
You pick up a gum wrapper and throw it in the garbage. Gosh, you feel good about yourself!	你撿起一張口香糖包裝紙丟進垃圾桶。天啊，你對自己感覺好極了！
The sidewalk winds through the park. It used to be a nice place to go strolling on summer nights. Now only criminals, drug addicts, and the terminally stupid are found in the park after sunset.	這條人行道蜿蜒穿過公園，曾經是夏夜散步的好去處。如今日落之後，公園裡只剩罪犯、毒蟲，以及蠢到無藥可救的人。
Hey! Hey, what are you doing? You don't need those. Please, man, don't!	嘿！嘿，你在幹嘛？你不需要那個。拜託，兄弟，別這樣！
Trying to handcuff a suspect while holding your service revolver could get one or both of you killed, Bonds. Holster it first.	Bonds，手裡拿著配槍去銬嫌犯，可能會害你們兩個都送命。先把槍收進槍套。
Sorry, son, it's police procedure. They'll come off as soon as you go through booking.	抱歉了，小子，這是警方程序。等你完成登記收押手續，這些就會拿掉。
You aren't gonna beat me with a rubber hose or anything, are ya?	你們不會拿橡膠管揍我還是幹嘛的吧？
No, Victor. You've been watching too much TV. I'm not going to hurt you.	不會的，Victor。你電視看太多了。我不會傷害你。
You find a stick of gum, a movie ticket stub, and a cellophane packet of a white, powdery substance that resembles cocaine. You'll turn the stuff over to Detective Watts to book into evidence.	你找到一根口香糖、一張電影票根，以及一包疑似古柯鹼的白色粉末。你會把這些東西交給 Watts 警探登記為證物。
Perhaps you should have cuffed the young fellow before attempting to search him. Lt. Morgan was not happy to discover that you let a 17-year-old boy outsmart you. You've been busted back down to Traffic patrol.	也許你該先把這個年輕人銬起來，再搜他的身。Morgan 中尉發現你居然被一個十七歲的男孩耍得團團轉，非常不高興。你已經被降回交通巡邏隊了。
Searching a perp with your gun still in your hand could cost one or both of you your lives, Bonds.	Bonds，手裡還拿著槍去搜身，可能會讓你們其中一人、甚至兩人都送命。
You may think that shooting an unarmed suspect is the right thing to do, but, unfortunately, the police department and the justice system just don't see it your way. After you were kicked off the force, you were brought up on murder charges.	你也許以為射殺未持武器的嫌犯是正確做法，但很遺憾，警察局和司法制度不這麼認為。你被逐出警隊後遭到謀殺罪起訴。
After cuffing and searching the individual, you notify him that he's under arrest and begin to read him his Miranda rights.	替對方上銬並搜身後，你通知他已被逮捕，開始宣讀他的米蘭達權利。
You have the right to remain silent. What you say may be used against you in a court of law. You have the right to an attorney.	你有權保持緘默。你所說的話將可能在法庭上成為對你不利的證詞。你有權聘請律師。
If you can not afford an attorney, one will be appointed to represent you before questioning, if you wish.	如果你請不起律師，在你希望的情況下，會有一位律師在偵訊前被指派代表你。
Very good, Bonds. You've successfully completed your first bust since joining Narcotics.	做得好，Bonds。這是你加入緝毒組以來，第一次成功完成緝毒行動。
No, but it would be helpful to us. You've already been arrested, Victor. Nothing you say will change that one way or another. But if you help us out, we'll take that into account when we talk to the judge.	不用，但這樣對我們會有幫助。Victor，你已經被逮捕了，不管你說什麼都改變不了這個事實。但如果你願意配合，我們會在跟法官談的時候把這點考慮進去。
Okay, I guess. Not too long. Just about six months, I guess. This guy at school gave me some coke at a party. I guess I kinda liked it, and I kept doing it...and then I couldn't stop.	好吧，我想想。時間不算長，大概就六個月吧，我想。學校裡有個人在派對上給了我一些古柯鹼。我大概是喜歡上了，就一直用……後來就停不下來了。
Uh, not here, Okay?	呃，不要在這裡，好嗎？
Up yours, bitch.	去你的，賤人。
I beg your pardon? What did you say? Oh, you said you'd like to spend the night in jail with a homicidal biker named Bone Crusher? No problem, Mr. Colby, we can do that.	你說什麼？你剛剛說了什麼？喔，你是說你想跟一個叫 Bone Crusher、有殺人前科的飆車族共度一夜牢房時光？沒問題，Colby 先生，我們可以這麼安排。
Yeah! I feel really good about this one, Laura. Let's take these guys in.	沒錯！這次幹得漂亮，Laura。把這些人帶回去吧。
I'm not going to shoot you, son. Put your hands over your head.	我不會開槍打你的，小子。把手舉到頭上。
HALT! I'm a police officer!	站住！我是警察！
I'm halting, I'm halting! Don't shoot me, okay?	我站住了，我站住了！別開槍打我，好嗎？
What's your name?	你叫什麼名字？
Vuh--Victor Simms. What are you going to do to me?	V……Victor Simms。你想對我做什麼？
Victor, I'm going to arrest you for suspicion of possesion or purchase of cocaine. You have the right to remain silent...	Victor，我要以涉嫌持有或購買古柯鹼逮捕你。你有保持沉默的權利……
You read the kid his Miranda rights, and ask him if he fully understands them. He says yes, but you're pretty sure he didn't even really hear them. He's terrified.	你向那孩子宣讀米蘭達權利，並問他是否完全理解。他說理解，但你很確定他根本沒聽進去。他嚇壞了。
You hold up your finger to see which way the wind is blowing.	你舉起手指，想看看風往哪個方向吹。
The sky always looks better when seen through the trees.	透過樹梢望去，天空總是顯得更美。
You draw your service revolver.	你拔出你的警用左輪手槍。
You've already read him his rights. Time to proceed.	你已經對他宣讀過米蘭達權利了。該繼續進行了。
You've already taken care of that.	你已經處理過那件事了。
Good job, Bonds, you arrested them before the drugs had changed hands. The case was thrown out of court. When Lt. Morgan found out you couldn't handle a simple drug bust, he dropped you out of Narcotics within the hour.	幹得好，Bonds，你在毒品交易完成之前就逮捕了他們。這起案子因此被法院駁回。Morgan 中尉發現你連一次簡單的毒品查緝行動都搞不定後，不到一小時就把你踢出了緝毒組。
Where is that little creep, anyway?	話說回來，那個小混蛋到底跑去哪了？
"Kiss this," he says while displaying what is probably his best side.	「來親這個啊，」他說著，亮出他大概自認最上相的那一面。
FREEZE! POLICE!	不許動！警察！
I see you caught the other one, Sonny. Good job.	看來你抓到另一個了，Sonny。幹得好。
Looks like he was probably the star of his high school track team, huh? Lt. Morgan was not pleased that you couldn't handle a simple drug bust. You've been sent back to Traffic patrol. Maybe next time you'll remember to cuff your suspects.	看樣子他大概是高中田徑隊的當家主力吧？Morgan 中尉對你連一次簡單的毒品查緝都搞不定很不滿意。你被調回交通巡邏隊了。也許下次你會記得先幫嫌犯上銬。
Hey, that boy can move! Guess you should have ordered him to "halt", huh, Bonds? After you fouled up this simple drug bust, Lt. Morgan lost all confidence in you. You're back on traffic patrol.	嘿，那小子跑得真快！Bonds，你早該喊他『站住』的吧？搞砸這次簡單的毒品查緝行動後，Morgan 中尉對你徹底失去信心了。你被調回交通巡邏隊。
Looks like they weren't very afraid of you. Have a weapon ready next time.	看來他們一點都不怕你。下次先把武器準備好。
Not now, Bonds! Follow procedure!	現在不行，Bonds！遵守程序！
You're late. Where the hell were you, Simms?	你遲到了。你到底跑哪去了，Simms？
I'm sorry, man. I couldn't get away. My mom--	抱歉，老兄。我走不開，我媽——
Your mom? Your MOM? Man, I should have known better than to deal with little pukes in diapers like you. Forget it. I'm outta here, man.	你媽？你『媽』？老兄，我早該知道不該跟你這種還包著尿布的小屁孩打交道。算了，我閃人了，老兄。
No! No, wait, please! I have the money! All of it, right here! Please, let me have the stuff. I need it, man!	不！不，等等，拜託！錢我都有！全部都在這裡！拜託，把貨給我。我需要它，老兄！
Well...all right. I can be a nice guy. But the price is going up next time. And don't you ever be late again, do you understand me?	好吧……行。我可以當個好人。但下次價錢要漲了。還有，你以後絕對不准再遲到，聽懂了嗎？
I--I understand. I'm sorry.	我——我明白了。對不起。
You'd better be. I don't need you, punk, I've got a thousand like you waiting in the wings. It would be nothing to me to squash you like a bug.	你最好聽懂。我才不需要你，小子，像你這種貨色我有一千個在排隊等著。要捏死你就跟捏死一隻蟲一樣簡單。
Okay, man. I get it, man.	好啦，老兄。我懂了，老兄。
Who the hell are you? Oh, man! I'm outta here right NOW!	你到底是誰？天啊！我現在就要離開！
Hey, hey, what's going on? Who are you? Oh, God, are you a cop?	嘿、嘿，怎麼回事？你是誰？天啊，你是警察嗎？
Hey--who the hell are you? I'm outta here, man. This ain't worth the trouble.	嘿——你他媽是誰啊？我閃了，老兄。這不值得我冒險。
By standing out in the open radiating cop vibes, you just scared the perp away, Bonds. When Lt. Morgan found out that you couldn't even handle a simple drug bust, you were promptly reassigned to traffic patrol.	Bonds，你就這樣站在空曠處渾身散發著條子的氣場，把嫌犯給嚇跑了。Morgan 中尉發現你連一次簡單的毒品查緝都搞不定後，立刻把你調去交通巡邏隊。
Handcuffing a dead man could get you kicked off the force for screwing around, Bonds.	給死人戴手銬，胡鬧的你可能會被逐出警隊，Bonds。
You lift the sheet off of the body. He's looking pretty bad. You guess he's been in the river for a day or two. Oh well, it could be worse. It could have been a week or two.	你掀開蓋在屍體上的布。他看起來慘不忍睹。你猜他大概在河裡泡了一兩天。唉，還算好了，要是泡了一兩個禮拜就更慘了。
His body squishes when you prod it. You're pretty certain if you touch him again, you'll throw up.	你戳了戳他的身體，肉體發出濕軟聲。你很確定再碰一次就會吐出來。
You carefully replace the sheet on the body.	你小心地把床單蓋回屍體上。
That's as disgusting as it is pointless.	這件事既噁心又毫無意義。
Yep, this is just about the deadest body you've ever seen in Lytton.	沒錯，這大概是你在 Lytton 見過最死透的屍體。
The poor guy is pretty seriously dead. You wonder what happened to him.	這可憐人死得很徹底。你想知道他發生了什麼事。
He's very gray and waterlogged. You feel the contents of your stomach slowly rolling around.	他全身灰白、泡得腫脹。你感覺胃裡的東西慢慢翻騰。
Come on, no one's that twisted.	拜託，沒人會變態到那種地步。
Doodling on dead men is socially unacceptable, Bonds.	Bonds，在死人身上塗鴉是社會無法接受的行為。
Wouldn't you have been freaked out if he'd answered you?	要是他真的回答你了，你不會嚇壞嗎？
What, are you going to give him a ticket for public decay?	怎樣，你要開一張『公然腐爛』的罰單給他嗎？
Don't mess with someone else's unit, at least not without their consent.	別亂碰別人的巡邏車，至少沒經過同意不行。
You recognize that. You we're driving one just like it until your temporary promotion.	你認得那個。在你臨時升職之前，你開的就是同一款車。
You should concentrate on adversaries more intense than crabgrass.	你應該把心力放在比雜草更棘手的對手身上。
The spring rains have things around here a little greener than usual.	春雨讓這一帶的景色比平常更加翠綠。
You don't need any grass or dirt, Bonds.	Bonds，你不需要任何草或泥土。
Grass covers the rich earth by the stream.	溪邊肥沃的土地上覆蓋著青草。
I think it might be Taselli. I can't be sure, though.	我覺得可能是 Taselli，但還不能確定。
Think so? Nothing like a solid opinion. Thanks, Sonny.	是嗎？真是可靠的意見。謝謝你，Sonny。
Yeah, thanks, Sonny. We'll inform dispatch.	好，謝謝你，Sonny。我們會通知調度。
I'm afraid it's Jason Taselli.	恐怕他是 Jason Taselli。
What are you afraid of? He's dead! Ha ha ha!	你怕什麼？他已經死了！哈哈哈！
Poor sucker didn't get too far, did he?	這可憐的傢伙沒跑多遠嘛，是吧？
Oh, I don't know, he got all the way downstream! Ha ha! Thanks, Sonny.	喔，我倒不覺得，他可是一路漂到下游了呢！哈哈！謝了，Sonny。
Don't pester Officer Ballew. He's busy.	別煩 Ballew 警員。他很忙。
It's Officer Todd Ballew.	這是 Todd Ballew 警員。
Hey, Todd, what do we have here?	嘿，Todd，這裡是怎麼回事？
Dead guy, Sonny. Whatsa matter, something wrong with your nose?	死人，Sonny。怎麼了，你的鼻子有問題嗎？
We got an anonymous phone call about him just a few minutes ago. Sounded like a kid. Poor little guy was probably out riding his bike, and came across this. Bummer, huh?	幾分鐘前我們接到一通關於他的匿名電話，聽起來像是個小孩打的。那可憐的小傢伙大概是騎腳踏車出來玩，結果撞見了這一幕。真衰，是吧？
Yeah, poor little guy. The way the kids in this town have been acting lately, I wouldn't be surprised if the kid offed him with his slingshot!	對啊，可憐的小傢伙。照這鎮上小孩最近的德性，就算是那小孩用彈弓把他幹掉的，我也不會意外！
Ha ha! He was probably looking for bubble gum money.	哈哈！他大概只是想找點錢買泡泡糖吧。
You guys are twisted, you know that?	你們這些傢伙很變態，你們知道嗎？
Hey, if I wasn't making jokes, I'd be barfing my heels!	嘿，我要是不開點玩笑，早就吐得七葷八素了！
I hear you on that one, bud.	這點我懂，老兄。
Investigate if you're gonna, Sonny. The coroner is coming for this dude any minute now.	要調查就快點，Sonny。驗屍官隨時會來帶走這傢伙。
Officer Ballew is busy.	Ballew 警員正在忙。
Officer Shannon is looking a little green around the gills there, Bonds. You probably shouldn't touch him.	Shannon 警員臉色有點發青，Bonds。你最好別碰他。
It's Officer Mike Shannon.	這是 Mike Shannon 警員。
Hey, Sonny, what's up? I hear you found a dead guy the other day. We have one, too, so there!	嘿，Sonny，怎麼了？聽說你前幾天發現一具屍體。我們這裡也有一具，哼！
Mike always did have an odd sense of humor.	Mike 的幽默感一向很奇怪。
Oh, man, I'm not feelin' so hot.	唉，老兄，我現在感覺不太妙。
Officer Shannon doesn't feel like talking right now. I wouldn't get too close to him if I were you, Bonds.	Shannon 警員現在不想說話。Bonds，換作是我，就不會太靠近他。
There's more than a little poison sumac in the immediate vicinty, Bonds.	Bonds，這附近的毒漆藤可不只一點點。
Looking at all the plants that grow in the Cove, you try to imagine Lytton before it was a city. You wonder if the whole area was this green and beautiful.	看著 Cove 這一帶長滿的各種植物，你試著想像 Lytton 還沒成為一座城市時是什麼樣子。你很好奇，整個地區當初是不是也像現在這樣翠綠美麗。
The plants whisper in the breeze. If they are talking, they are talking only to each other.	植物在微風中沙沙作響。如果它們真的在說話，那也只是說給彼此聽。
Were you able to reach them from here, you'd find them to feel very rock-like.	如果你能從這裡碰到它們，你會發現摸起來就像石頭一樣。
Outcroppings of rock show here and there where stream erosion has stripped the earth away.	溪水侵蝕沖走了表土的地方，露出了一塊塊突出的岩石。
This is Cotton Cove.	這裡是 Cotton Cove。
That's your sporty personal cruiser.	那是你那輛跑格十足的私家車。
It's your undercover vehicle. It was confiscated in a large drug bust upstate and issued to the department through a program which redistributes siezed assets to local law enforcement agencies.	這是你的臥底用車。它是在北邊一次大型毒品查緝行動中被沒收的，透過一項將查扣資產轉發給地方執法機關的計畫，撥交給了警局。
That's your police issue patrol car.	那是警局配發給你的巡邏車。
So who is he, dude? Do you have any idea?	那他到底是誰啊，老兄？你有頭緒嗎？
See you later, Sonny.	待會見，Sonny。
Yeah, pleasant dreams, Sonny. Ha ha!	對啊，祝你有個好夢，Sonny。哈哈！
Later, you ghouls!	回頭見了，你們這幾個怪咖！
A dip in the stream would be refreshing, but there are more urgent matters at hand.	跳進溪裡泡一下應該很舒服，但現在有更緊急的事要處理。
A good-sized stream runs through the Cove. You used to fish for crawdads here as a boy.	一條頗具規模的溪流貫穿 Cove。你小時候常來這裡釣螯蝦。
Well, that was repulsive and gratuitous.	嗯，那真是既噁心又毫無必要。
A rose tattoo! It's Taselli! Geez, he didn't get too far.	玫瑰刺青！是 Taselli！天啊，他沒逃多遠嘛。
The dead man has a tattoo over his left nipple. It appears to be a red rose.	死者左乳頭上方有一個刺青，看起來是一朵紅玫瑰。
You touch the tree affectionately, wondering if this was the one you carved your initials on in the sixth grade. You feel a brief pang of guilt.	你深情地摸了摸這棵樹，心想這會不會就是你小學六年級時刻上姓名縮寫的那棵。你心裡湧起一陣短暫的愧疚感。
These trees have grown in the cove for as long as you can remember.	這些樹木在 Cove 裡生長，你從有記憶以來就一直是這樣。
The tree says: "I remember you. You just keep your pocket knife away from me, Bucko!"	這棵樹說：「我記得你。你這個小子，把你的小刀離我遠一點！」
Just walk up to them. They're automatic.	直接走過去就好，它們是自動門。
Stunning Art Deco doors.	這扇裝飾藝術風格的門真是令人驚艷。
Keep your hands off the asphalt.	別把手放在柏油路面上。
It's the driveway. This is where the valet would take your car and park it for you, if you were staying at the hotel.	這是車道。如果你是這間飯店的住客，泊車員就會在這裡幫你把車開走停好。
The HD doesn't mean High Density in this case. It means Hotel Delphoria.	這裡的 HD 不是指『高密度』（High Density），而是指 Hotel Delphoria（Delphoria 飯店）。
Try walking on it.	試著踩踩看。
It's the mat that triggers the automatic doors of the Hotel Delphoria.	這是觸動 Delphoria 飯店自動門的踏墊。
That's the street address of the Hotel Delphoria.	那是 Delphoria 飯店的門牌地址。
If this were one of these incredibly improbable cop movies full of car chases and shootouts, you'd probably end up diving out of an upper story window and landing safely on this overhang at some point. But it isn't. And you won't.	如果這是那種充滿追車和槍戰、劇情誇張到不可能的警匪電影，你大概會在某個時刻從樓上的窗戶一躍而下，安全地摔落在這片遮雨棚上。但這不是電影，你也不會這麼做。
Nice maroon overhang, as maroon overhangs go.	以栗紅色遮雨棚來說，這一片算是相當不錯的。
Leave the poles alone.	別去碰那些柱子。
These poles hold up the overhang. They get knocked down by an old lady with blue hair or a little old man in a fedora driving a 150- foot RV at least once a year.	這些柱子撐著遮雨棚。每年至少會被一頭藍髮的老太太，或是戴著紳士帽、開著一輛長達 150 英尺露營車的小老頭撞倒一次。
This is the semi-beautiful, outrageously expensive Hotel Delphoria.	這裡是半美不美、貴得離譜的 Delphoria 飯店。
Clean sidewalks!	乾淨的人行道！
The sidewalks in front of the Delphoria are sparkling ribbons of pure white concrete.	Delphoria 飯店前的人行道，是一條條閃閃發亮的純白水泥步道。
The last thing to touch that sign was the top of a Winnebago. The sign's been a little sensitive about being touched ever since.	上一個碰到那塊招牌的東西，是一輛 Winnebago 露營車的車頂。從那之後，這塊招牌對『被碰』這件事就變得有點敏感。
The sign says, "Delphoria".	招牌上寫著「Delphoria」。
It would be unprofessional to put your nose on the glass and stare, Bonds.	Bonds，把鼻子貼在玻璃上死盯著看，這樣很不專業。
Big plate glass windows open onto the Delphoria's lobby.	大片的落地玻璃窗正對著 Delphoria 飯店的大廳。
Hey, Jack, take your sticky paws offa me! You got about five seconds before I change your sex with my spike heels!	嘿，Jack，把你的髒手拿開！再過五秒，我就要用我的尖跟鞋讓你變性了！
WHACK!!!	啪！！！
Ooooooh...Owwwww...	喔喔喔……好痛啊……
That was smart, Bonds.	那招真聰明，Bonds。
She looks familiar...you're pretty sure that this young lady is a "regular" at the Hotel Delphoria.	她看起來有點面熟……你相當確定這位年輕女子是 Delphoria 飯店的『常客』。
You decide to try out your "Whitey" personality on the young lady.	你決定在這位年輕女子面前，試試你的『Whitey』人格。
Hey, baby, you sure are looking fine today! Won't you favor me with a few precious moments of your time?	嘿，寶貝，妳今天看起來真辣！可不可以賞光，撥幾分鐘寶貴的時間給我？
Hey, you think, that was pretty good! Then you notice the way the woman is looking at you. Kind of like you have three eyes or green skin...	嘿，你心想，這招不錯嘛！接著你注意到那女人看你的眼神，好像你長了三隻眼睛或一身綠皮膚似的……
What do you want, man? My "precious moments" are gonna cost ya.	你想幹嘛，老兄？我的『寶貴時間』是要收費的。
No, no, my dear, as charming as you are, what I really want to do is talk with you for a moment.	不、不，親愛的，雖然妳很迷人，但我真正想做的，只是跟妳聊個幾句。
Look, I don't make my living talking to fruitbats like you. Get lost. No, wait, you're kinda cute. Listen, I gotta tip for you.	聽著，我可不是靠跟你這種怪咖聊天賺錢的。滾開。不，等等，你長得還算可愛。聽好，我給你一個小提示。
"Oh boy," you think, "paydirt!"	「太好了，」你心想，「挖到寶了！」
Invest in some hair dye, honey. You'd look a lot better. Bye, now!	去買點染髮劑吧，親愛的。你會好看很多。掰啦！
Well, that encounter didn't exactly instill you with confidence.	嗯，那次交手完全沒讓你信心大增。
You can't possibly reach that from here.	你從這裡根本碰不到那個。
You look up at the column's capital, and have an unpleasant flashback to the Art History class you took in high school, just so you could sit next to that cute little Jessie Bell Moomjean.	你抬頭看著柱頭，腦中閃過一段不太愉快的回憶——高中時你選修藝術史課，純粹只是為了能坐在可愛的 Jessie Bell Moomjean 旁邊。
Suddenly, it all comes back to you. The capital isn't Doric. It isn't Ionic, and it certainly isn't Corinthian. You decide it must be some more of that Post-Modern stuff.	突然間，你全都想起來了。這柱頭不是多立克式，也不是愛奧尼式，當然更不是科林斯式。你判斷這大概又是那種後現代風格的玩意。
You rub your fingers through the thick pile carpet. People start looking at you. Embarassed, you pretend you lost your wallet.	你用手指摩挲著這片厚絨地毯。周圍的人開始盯著你看。你覺得尷尬，只好假裝自己弄丟了皮夾。
What a nice, thick carpet. You decide you like it, even though it is a queasy sort of color.	好厚實漂亮的地毯。雖然顏色看了有點反胃，你還是決定自己喜歡它。
I beg your pardon, sir, but please don't crush the nap.	不好意思，先生，但請別踩壞了絨毛。
It's the hotel desk clerk.	這是飯店櫃檯人員。
The clerk looks at you narrowly.	櫃檯人員瞇著眼打量你。
Hello, Officer, what can I do for you?	您好，警官，有什麼可以為您效勞的？
Just looking around.	隨便看看而已。
If you must, Officer. If you'll excuse me, sir, I have paperwork to catch up on.	如果您堅持的話，警官。容我告退，先生，我還有一堆文書工作要補。
If you believed the desk clerk, you'd probably sympathize.	如果你相信這位櫃檯人員的話，大概會有點同情他。
The clerk is ignoring you.	櫃檯人員無視你。
What can I do for you, sir?	先生，有什麼能為您效勞的？
You detect a heavy note of sarcasm, but decide to ignore it.	你察覺到話裡濃濃的諷刺意味，但決定不予理會。
Do you have any rooms available?	請問還有空房嗎？
I think we--hey, don't I know you?	我想我們──嘿，我是不是見過你？
Um, I don't think so.	呃，我想沒有吧。
Aren't you a cop? You are, aren't you?	你是不是條子？你就是，對吧？
Well, I--	呃，我──
Sorry, we don't have any rooms available--Officer.	抱歉，我們沒有空房了──警官。
Excuse me...	不好意思……
I'd like a room.	我想要一間房。
Let me see if we have one available.	讓我看看是否還有空房。
The clerk pretends to check in the registration book. It's pretty obvious he's checking you over.	櫃檯人員假裝翻閱登記簿，但很明顯他其實是在打量你。
You look familiar.	你看起來有點面熟。
The name's Jimmy Lee Banksten, but my friends call me Whitey.	我叫 Jimmy Lee Banksten，不過朋友都叫我『Whitey』。
Whitey! Sweet Chee--Er, Miss Marie told be about you.	『Whitey』！Sweet Chee──呃，Marie 小姐跟我提過你。
The clerk winks laciviously.	櫃檯人員色瞇瞇地眨了眨眼。
We've got a room for you, pal. You can have it at a special rate. Just for Marie's friends, $75.00 a night.	我們有房間給你，老兄。可以給你優惠價。只給 Marie 的朋友，一晚 75 美元。
Thanks, my man.	謝了，老兄。
You fork over the bucks, and the clerk gives you the key to room 202. So far, so good!	你付了錢，櫃檯人員把 202 號房的鑰匙給你。目前為止一切順利！
Yes, sir. Is there something else I can help you with?	是，先生。還有什麼我能為您效勞的嗎？
Uh, no. I guess I'm just wandering around aimlessly. Pay no mind to me, I'm just checking out your fine establishment. Sorry to bother you.	呃，沒有。我大概只是隨便晃晃。別理我，我只是在參觀一下貴店。抱歉打擾了。
The column is smooth and cold. People are going to start wondering why you're stroking that column, Bonds.	這根柱子摸起來光滑冰涼。Bonds，再摸下去，別人要開始納悶你幹嘛一直撫摸那根柱子了。
It's a marble column.	這是一根大理石柱。
You run your hand over the carved, painted wood. Pretty snazzy, huh?	你用手撫過雕刻上漆的木頭。挺花俏的，對吧？
The doorframes are a sharp blend of Post-Modern color and Art Deco design.	這些門框融合了後現代色彩與裝飾藝術風格設計，搭配得相當亮眼。
Try pressing the button, Bonds.	Bonds，試著按一下按鈕吧。
It's the Hotel elevator.	這是飯店的電梯。
The elevator button lights up in a pleasing manner. Wow, it's even clean!	電梯按鈕亮起的方式挺討喜的。哇，它居然還是乾淨的！
It's the elevator button.	這是電梯按鈕。
The elevator lights tell you which floor the elevator is on. You've seen elevator lights before, Officer. Remember? Back at the station?	電梯的指示燈會告訴你電梯目前在哪一樓。警員，你以前見過電梯指示燈吧。記得嗎？在警局的時候？
The button doesn't respond. Either the button is broken--or the fourth floor is off limits.	按鈕沒有反應。要嘛是按鈕壞了——要嘛是四樓禁止進入。
You're already here!	你已經在這裡了！
You took Art History once, Bonds. You know better than to touch the surface of a painting.	Bonds，你修過一次藝術史。你應該很清楚不該去碰畫作的表面。
It's a painting of a lovely, peaceful pastoral scene. You look at it and sigh. Sometimes you wish you lived in the country, where the crime rate is low and the air is clean and pure. On the other hand, you wouldn't have bastions of civilized culture like the Blue Room. Nah. You decide the simple life just isn't for you.	這是一幅描繪美麗恬靜田園風光的畫。你看著它嘆了口氣。有時候你會希望自己住在鄉下，那裡犯罪率低，空氣清新純淨。不過另一方面，那裡也不會有像 Blue Room 這種文明文化的堡壘。算了。你認定簡樸生活終究不適合你。
Wow, marble paneling. You're mildly impressed.	哇，大理石壁板。你多少有點印象深刻。
These are pigeonholes which hold messages for hotel guests and spare keys for the rooms.	這些是鴿子籠式的置物格，用來放房客的留言和房間的備用鑰匙。
When you touch the leaves, you discover the plant is silk. You're somehow disappointed.	你摸了摸葉子，發現這株植物是絲質的。你不知怎地感到有點失望。
It's a bushy green plant.	這是一株茂密的綠色植物。
The fake plant is unmoved by your tender murmurings.	這株假植物對你溫柔的呢喃毫無反應。
Wow, marble!	哇，大理石！
The registration desk. You're impressed; you've never seen one that doesn't have gang writing carved into the top.	這是櫃檯登記桌。你印象深刻；你還沒見過哪張登記桌的桌面上沒被刻上幫派塗鴉的。
This is the lobby of the Hotel Delphoria. It's a beautiful old hotel, and it was once a classy place. Now the old clientele are being replaced by gangsters, drug dealers, and prostitutes. Needless to say, the Lytton Historical Society is appalled.	這是 Delphoria 飯店的大廳。這是一間美麗的老飯店，曾經是個高檔的地方。如今，老主顧已逐漸被幫派份子、毒販和妓女取代。不用說，Lytton 歷史學會對此深感震驚。
Hey, Baby. Frank sent me.	嘿，寶貝。Frank 派我來的。
Whitey, it's nice to see you back. I believe your new friends are waiting. Please follow me.	Whitey，很高興看到你回來了。我想你的新朋友們正在等你。請跟我來。
I'll be with you in a moment.	我馬上就來招呼你。
Just a minute, please!	請稍等一下！
Hold your horses, hotshot!	別急，大人物！
Don't rush me!	別催我！
It's Marie's friend Alex, the hotel bartender.	這是 Marie 的朋友 Alex，飯店的酒保。
You slip Alex two hundred dollars. She deftly pockets it.	你悄悄塞給 Alex 兩百塊錢。她俐落地把錢收進口袋。
Okay, hot shot, let's go. I hope you're as good as you think you are!	好了，大人物，走吧。希望你真的有自己想得那麼行！
Honey, I'm better!	親愛的，我比那還厲害呢！
Ha ha ha!	哈哈哈！
Shouldn't you talk to her first?	你不該先跟她說說話嗎？
Here ya go, Angel.	拿去吧，天使。
A hundred dollar bill! Well, you must be doing okay for yourself, mister. Hold on, I have to go get change for that.	一百塊的鈔票！哎呀，先生，你的日子過得挺不錯嘛。等一下，我得去換零錢。
Thank you, sir. Please come again.	謝謝您，先生。歡迎再度光臨。
Marie's very special to me. We go way back.	Marie 對我來說很特別。我們認識很久了。
So what do you do for a living, Whitey?	Whitey，那你是靠什麼維生的？
Well, nothing right now. I'm currently ... uh ... in relaxation mode. You see, I just got released from the slammer. Did a stretch for embezzlement.	呃，現在什麼都不做。我目前……呃……處於放鬆模式。你知道的，我才剛從牢裡放出來。因為侵占罪蹲了一段時間。
Really! That's interesting.	真的假的！挺有意思的。
Oh man, I can't believe I told you that. You mix these drinks strong, girl! Could you keep that little bit of information under your hat? I don't want people getting a bad impression of me.	天啊，真不敢相信我居然跟你說了這個。妹子，你調的酒也太烈了吧！你能幫我把這小小的秘密保密嗎？我不希望大家對我有壞印象。
Don't worry, Whitey. Your dark secret is safe with me. It's not a big deal, really.	別擔心，Whitey。你的秘密我會替你保守好。真的，這沒什麼大不了的。
Thanks, Alex. You're OK.	謝了，Alex。你人不錯。
Hey, Whitey, come on over here for a second.	嘿，Whitey，過來一下。
What can I do for you, dear lady?	親愛的女士，有什麼我能為你效勞的嗎？
I was just wondering what a gentleman like you does in his leisure time. Got any hobbies, Mr. Banksten?	我只是好奇像你這樣的紳士閒暇時都做些什麼。Banksten 先生，你有什麼嗜好嗎？
Oh, no, I'm a veritable monk. That is, aside from the women, gambling, and endless pursuit of money, ha ha!	喔，沒有，我簡直就是個苦行僧。當然啦，除了女人、賭博，還有沒完沒了地追逐金錢以外，哈哈！
Is that right? Well, if you were to come back later tonight, alone except for a couple of C notes, I might be able to get you into a little private party. You do play cards, don't you?	是嗎？這樣的話，如果你今晚晚點再過來，身邊只帶著幾張百元大鈔，我或許能帶你參加一個小小的私人派對。你會打牌吧？
Oh, I know how to play Old Maid and Go Fish. Seriously, Alex, that sounds great. I'll be back down once my lady and I have finished...tripping the light fantastic, as it were.	喔，我會玩抽鬼牌和釣魚牌喔。說真的，Alex，聽起來很不錯。等我跟我的女伴……姑且說是翩翩起舞完之後，我就會再下來。
Okay, see ya, hot shot.	好，回頭見，大人物。
Wow! You're doing better than you had hoped! This "charming cad" stuff comes naturally to you. Must have been all those Jimmy Cagney movies you used to watch.	哇！進展比你預期的還順利！這套「迷人的無賴」戲碼你演起來完全渾然天成。想必是以前看的那些 Jimmy Cagney 電影的功勞。
Let's go, baby, don't keep me waiting!	走吧，寶貝，別讓我等太久！
Hey, there, Whitey.	嘿，Whitey。
Can I get you a drink?	要幫你點杯飲料嗎？
Rum and coke, sweetheart.	蘭姆可樂，甜心。
You got it.	沒問題。
Thanks, Alex.	謝了，Alex。
Hey there, Whitey, what can I do for you?	嘿，Whitey，有什麼我能為你效勞的？
I've come to take you up on that offer you made earlier, Alex. I'm in the mood for some sport.	Alex，我是來接受你之前提的那個提議的。我現在很想找點樂子。
Okay, Whitey, you got it. Just give me the "entry fee", and I'll take you in.	好的，Whitey，沒問題。把「入場費」給我，我就帶你進去。
Hello, sir.	您好，先生。
I'd like a rum and coke, bartender.	酒保，來一杯蘭姆可樂。
You got it, pal.	沒問題，朋友。
Thanks.	謝了。
Here's your change, sir.	先生，這是您的零錢。
Hello, Officer.	您好，警員。
Can I do something for you?	需要我幫忙嗎？
Yeah, I'd like a rum and coke, bartender.	嗯，酒保，來一杯蘭姆可樂。
Whatever you say, Officer.	警員，一切聽您吩咐。
As you're slugging your rum-and-coke down, Sgt. Dooley comes in to meet his visiting Aunt Emily, who's staying at the hotel. He sees you quaffing the booze. The bad news is, you're off this investigation. The good news is, you have a one-month, no-salary vacation. Use your head next time, Bonds!	你正灌下蘭姆可樂時，Dooley 警佐進來會見住在旅館的 Emily 姑媽。他看見你喝酒。壞消息是你被踢出這次調查；好消息是你得到一個月無薪假。Bonds，下次動動腦！
What can I do for you, Whitey?	Whitey，有什麼我能為你效勞的？
I'm on a special mission, darlin'. Frank sent me.	親愛的，我在執行一項特別任務。Frank 派我來的。
Okay, Whitey, you got it! Let's go.	好，Whitey，沒問題！走吧。
Much as you'd like to touch the pretty stripes, you can't reach that high.	儘管你很想摸摸那漂亮的條紋，但你搆不到那麼高。
Looking wistfully at the bold striped pattern on the covering over the bar, you remember tales of the `good old days' your father used to tell you, when a convicted criminals wore stripes and spent the rest of their miserable lives breaking rocks on a chain gang...Yup, those were the days.	你若有所思地望著吧檯上方遮罩那鮮明的條紋圖案，想起你父親以前常說的「美好舊時光」的故事——那時候，定罪的犯人得穿條紋囚服，餘生就在鎖鏈苦役隊裡砸石頭度過……唉，那真是段美好時光啊。
They can nurse their drinks without your assistance.	他們不需要你的協助也能慢慢喝完自己的酒。
A bar patron, probably a hotel guest from out-of-town.	一位酒吧客人，大概是外地來的飯店房客。
The bar patron barely glances your way. Apparently your appearance is a little off-putting.	這位酒吧客人幾乎沒往你這邊看。顯然你的樣子有點嚇人。
Cleaner than the stools at Carol's.	比 Carol 咖啡城堡的凳子還乾淨。
Light, thin barstools...not made for the kind of abuse the barstools get at Wino Willy's.	輕巧纖細的吧檯椅……不是那種撐得住 Wino Willy's 酒館裡吧檯椅所受摧殘的款式。
There's nothing you need from the bar right now.	你現在不需要吧檯上的任何東西。
It's a safe bet that non-liquid inebriants have passed over this bar before.	可以肯定的是，這個吧檯上以前也少不了非液態的醉人玩意兒經過。
Tapping the kegger yourself would be a great way to get yourself bounced out.	自己動手接生啤酒桶，絕對是讓自己被踢出去的好辦法。
It's a suds dispenser.	這是啤酒龍頭。
There's nothing of interest on the yuppie post-modern peach colored carpet.	這片雅痞後現代風的桃色地毯上沒什麼值得注意的東西。
It's a yuppie post-modern peach colored carpet.	這是一片雅痞後現代風的桃色地毯。
You don't have time to sit on your butt, Officer. Get to work.	警員，你沒時間坐著發呆。快去做事。
The chairs are clean and new.	這些椅子既乾淨又新。
You sit down next to Marie. Can things really be going as smoothly as they seem to be? You hope so.	你在 Marie 身邊坐下。事情真的能像看起來這麼順利嗎？你希望如此。
You find nothing on the floor.	你在地板上什麼也沒找到。
An expensive wooden floor shows under the yuppie post-modern peach colored carpet.	那片雅痞後現代風的桃色地毯底下，露出一片昂貴的木質地板。
It's Marie. She seems to be doing a good job fitting in with the people here.	這是 Marie。她似乎很成功地融入了這裡的人群。
So, Marie, what's going on? Have you seen anything unusual?	Marie，情況如何？你有看到什麼不尋常的事嗎？
As a matter of fact, I have, Son...uh, Whitey. I've seen the same three guys going into the storage room, and not coming out for hours. But get this, I snuck a peek in, and they weren't there! They have to be going somewhere else, you know, through the storage room. They must be holding the game back there somewhere.	老實說，我看到了，Son……呃，Whitey。我看到同樣那三個傢伙走進儲藏室，好幾個小時都沒出來。但你聽好了，我偷偷瞄了一眼，他們居然不在裡面！他們一定是穿過儲藏室去了別的地方。賭局肯定就藏在後面某個地方。
That's terrific, Marie, thanks a lot. But you really shouldn't be spying on them like that. These are dangerous guys.	太棒了，Marie，非常感謝。但你真的不該像那樣偷窺他們。這些人很危險。
I want to do my best for you...Whitey.	我想為你盡我最大的努力……Whitey。
Marie's smiling that smile that turns your insides to yogurt again. You feel yourself starting to blush.	Marie 又露出那個讓你渾身酥軟的笑容。你感覺自己開始臉紅了。
All refreshed, my dear? Are you ready for adventure?	親愛的，都恢復精神了嗎？準備好冒險了嗎？
As long as it's with you, baby!	只要是跟你一起，寶貝！
That's just what I wanted to hear. How about coming to Vegas with me this weekend for some gambling, drinking, and dancing til dawn?	這正是我想聽到的。這個週末要不要跟我一起去 Vegas，賭博、喝酒、跳舞跳到天亮？
Oh, Whitey, do you mean it? Oh, yes, I'd love to come with you! Oh, thank you!	喔，Whitey，你是說真的嗎？喔，好，我好想跟你一起去！喔，謝謝你！
Well, you two kids have fun. I have to get back to the bar.	好啦，你們兩個小鬼玩得開心點。我得回吧檯去了。
Okay, Alex.	好的，Alex。
So, Sweet Cheeks, baby, how bout a tour of my room?	Sweet Cheeks，寶貝，要不要參觀一下我的房間？
I thought you'd never ask. Let's go, lover.	我還以為你永遠不會問呢。走吧，親愛的。
Will you please excuse me, Whitey? I have to take care of some, uh, personal business. I'll be back in a flash, Baby.	Whitey，能失陪一下嗎？我得去處理一些……呃，私人事務。寶貝，我一下子就回來。
You discover that it's not really marble. Even fancy places have their limits.	你發現這其實不是真的大理石。就算是高檔場所也有極限。
Marbelized wall paneling. Fancy, fancy.	仿大理石紋路的牆面壁板。真是講究、講究。
It feels like a plastic plant.	摸起來像是一株塑膠植物。
How tacky. A plastic plant.	真俗氣。塑膠植物。
Talking to real plants is eccentric. Talking to plastic plants is stupid.	對著真植物說話算是古怪，對著塑膠植物說話就是愚蠢了。
This is the Hotel Delphoria cocktail lounge.	這是 Delphoria 飯店的雞尾酒廊。
What is this? Are you some kind of flake or something? Are you a deadbeat? I think you're a cop. Get lost, Mister Whitey, or whatever your name is!	這是搞什麼？你是哪根蔥啊？是來白吃白喝的嗎？我看你根本是條子。滾遠一點，Whitey 先生，還是你到底叫什麼名字！
Come on, high roller, cough up the cash.	快點，大戶，把錢掏出來。
Hey, Whitey! What's been happening with you lately? I'm dying to hear what you've been up to.	嘿，Whitey！你最近過得怎麼樣？我超想聽聽你最近都在忙什麼。
Hey, tough guy, nobody drinks for free. Unless you want a free ride from a cop, pay up!	嘿，硬漢，沒有人可以白喝酒。除非你想被條子免費請去坐一趟，不然就付錢！
Good job, Bonds. Since you didn't pay for your drink, Alex called the police. A rookie named Joe Bob recognized you, and shouted out, "Hey, Sonny! Congratulations on that promotion to Narcotics!" The whole operation was blown. You're now back on traffic patrol.	幹得好，Bonds。因為你沒付飲料錢，Alex 報了警。一名叫 Joe Bob 的菜鳥認出你，大喊：「嘿，Sonny！恭喜你升任緝毒警員！」整個行動曝光了。你現在又回去做交通巡邏。
You take your change, and give Alex a $20.00 tip.	你收下零錢，給了 Alex 20 元小費。
Oh! Thank you--Whitey, is it?	喔！謝謝你——是叫 Whitey 對吧？
Oh, I've been so rude! Alex, this is Jimmy Lee Banksten, known as Whitey to his good friends. I've known this cutie-pie for going on eight years now. But it's been... what, a whole year since the last time we got together? How I missed you, honey! Anyway, Whitey, this is my girlfriend Alex.	喔，我真沒禮貌！Alex，這位是 Jimmy Lee Banksten，好朋友都叫他 Whitey。我認識這個小可愛已經快八年了。不過已經……我們上次見面到現在，該有一整年了吧？親愛的，我好想你喔！總之，Whitey，這是我的女性好友 Alex。
Nice to meet you, Whitey.	很高興認識你，Whitey。
Charmed, Ms. Alex.	幸會了，Alex 小姐。
Well, why don't you two just chat for a minute while I excuse myself. I have to visit the lejuois.	好啦，我先失陪一下，你們兩個聊聊天吧。我得去一下洗手間。
Well, Whitey, Marie sure is taken with you. She's usually a pretty good judge of character.	說真的，Whitey，Marie 顯然很迷戀你。她看人的眼光通常挺準的。
After that fourth rum and coke, you lost control -- and any sense of judgment -- and cued Alex in to the operation. So much for the operation...and so much for your job in Narcotics. It's back to Traffic duty for you.	第四杯蘭姆可樂下肚後，你失去控制，也失去了判斷力，把行動告訴 Alex。行動完蛋了……你的緝毒工作也完蛋了。你只能回去做交通勤務。
What can I get for you, sir?	先生，需要點些什麼？
Rum and coke, my dear.	蘭姆可樂，親愛的。
Comin' up.	馬上來。
Here's your drink, sir.	先生，您的酒來了。
Whitey! Hey, Whitey! Come on over here, you sexy thang! Don't be shy, you know I can't resist you!	Whitey！嘿，Whitey！過來這邊嘛，你這性感尤物！別害羞啦，你知道人家沒辦法抗拒你的！
Marie is laying it on a little thick. You take a deep breath, muster up your best "gangster" attitude, and smile at her dashingly.	Marie 演得有點浮誇。你深吸一口氣，擺出你最拿手的「黑幫」架式，帥氣地對她一笑。
Oh, Whitey! You look terrific, honey! I haven't seen you in ages, just ages! Oh, what did I ever do without you, baby!	喔，Whitey！你看起來棒極了，親愛的！我好久好久沒見到你了，真的好久！喔，沒有你我以前到底是怎麼過的，寶貝！
Why, if it isn't the lovely Sweet Cheeks Marie. You look fantastic your own self, baby. I missed you something fierce.	哎呀，這不是可愛的 Sweet Cheeks Marie 嗎。妳自己也美得很，寶貝。我可想妳想得緊呢。
Whitey, you're just as handsome as I remember you.	Whitey，你還是跟我記憶中一樣英俊。
Why, thank you, sweetheart.	哎呀，謝了，甜心。
Hey! Where do you think you're going, buddy, get away from there!	嘿！你以為你要去哪，老兄，離那裡遠一點！
Hmm, 100% polyester linen.	嗯，百分之百聚酯纖維亞麻布。
The tables are covered with fancy white tablecloths.	桌上鋪著華麗的白色桌布。
While it'd be perfectly in character for Whitey to give the waitress a sly pinch on the buttocks, you don't want to risk getting bounced out of the bar.	雖然對 Whitey 這個角色來說，偷捏女服務生屁股一把完全合情合理，但你不想冒著被趕出酒吧的風險。
You take a look at the waitress. She's a little thinner than your average American woman. At the same time, you get the distinct impression that she's also a little peppier than normal.	你打量了一下女服務生。她比一般美國女性略瘦一些。同時，你也明顯感覺到，她似乎比一般人更有活力一點。
She ignores you. Perhaps she's busy with occupied tables.	她沒理你。也許她正忙著招呼其他桌的客人。
Stop trying to be Sherlock Holmes. There's nothing on the baseboard.	別學 Sherlock Holmes 辦案了。踢腳板上什麼都沒有。
The baseboard is clean and unscuffed. You don't suppose too many rats scurry along that sucker.	踢腳板乾乾淨淨，沒有刮痕。你猜應該沒什麼老鼠會沿著這玩意兒竄來竄去。
Get a life, Sonny.	Sonny，去找點正經事做吧。
You'd really like this carpet, if only it weren't peach.	你其實還蠻喜歡這張地毯的，可惜它是蜜桃色。
Still more of that fancy Art Deco stuff.	還是那些花俏的裝飾藝術風格擺設。
Try your key, hotshot.	拿你的鑰匙試試看吧，老兄。
You tap lightly on the door. You hear muffled groans and snorts.	你輕輕敲了敲門。你聽到裡面傳來悶悶的呻吟聲和鼾聲。
You turn the key, and open your door. Gotta love that "hotel room floral spray" smell!	你轉動鑰匙，打開房門。真是讓人愛不釋手的「飯店房間花香噴霧」味道！
This isn't your room, Bonds. Your key won't work.	Bonds，這不是你的房間。你的鑰匙打不開。
It's the door to room 202.	這是 202 號房的門。
It's a door. On closer inspection, your keenly honed senses reveal that this is room 202 - your room.	這是一扇門。仔細一看，憑著你敏銳的直覺，你發現這是 202 號房——你的房間。
It's room 302.	這是 302 號房。
From inside, you hear a muffled "Huh? Whu? Hey! I'm tryin' to sleep!"	你聽到裡面傳來含糊的聲音：「嗯？什麼？嘿！我正在睡覺耶！」
"SO TAKE OFF!"	「那就滾開啦！」
Boy, some people sure are cranky when they wake up.	哎，有些人一被吵醒脾氣還真差。
Get a clue, Columbo! That won't open doors.	醒醒吧，Columbo！那玩意兒打不開門的。
The button, Bonds, the button.	按鈕，Bonds，是按鈕。
It's the elevator.	這是電梯。
Quit pawing the elevator.	別再亂摸電梯了。
There's a lot of fancy Art Deco stuff over the elevator. You're still trying to decide if you like it.	電梯上方有不少花俏的裝飾藝術風格擺飾。你還在猶豫自己到底喜不喜歡。
Cut it out, Bonds.	夠了，Bonds。
They were elevator lights on the ground floor. What makes you think they'll be any different here?	那些在一樓也不過是電梯燈號。你憑什麼覺得這裡的會不一樣？
The button doesn't respond. Judging by the keyhole next to the elevator, only certain people are allowed access to the Penthouse.	按鈕沒有反應。從電梯旁的鑰匙孔看來，只有特定人士才能進入頂樓套房。
It's the selection of buttons that allows you to choose your destination floor.	這排按鈕讓你選擇要去的樓層。
It doesn't have a switch. The hotel controls it.	這個沒有開關，是飯店統一控制的。
Nice wall fixture. It kind of reminds you of a little alien spaceship.	不錯的壁燈。讓你有點聯想到小小的外星太空船。
Even if you began taking hormone shots, Bonds, you'll never be that tall.	Bonds，就算你開始打荷爾蒙針，也不可能長那麼高。
It's more of that snazzy decorative paneling.	又是那種花俏的裝飾壁板。
This is the second floor hallway of the semi-swank Hotel Delphoria.	這是 Delphoria 飯店二樓走廊，裝潢算是半奢華風格。
This is the third floor hallway of the Hotel Delphoria.	這是 Delphoria 飯店三樓走廊。
ZZZZZZZZZZZZZZZ...	ZZZZZZZZZZZZZZZ……
SNORK..mumble...ZZZZZZZZZZ...	SNORK……喃喃自語……ZZZZZZZZZZ……
Hello, Detective Bonds. I'm Detective Danny Anglin.	你好，Bonds 警探。我是 Danny Anglin 警探。
Glad to see you!	很高興見到你！
Here, Detective Bonds. This is a transmitter. Just put it in your shirt pocket, and we'll be able to hear you and everyone immediately around you. It's one-way, of course, so you won't be able to hear us. That way, we'll be able to track you wherever they might ask you to go after the poker game.	拿去，Bonds 警探。這是一個發報器。把它放進你的襯衫口袋就行了，這樣我們就能聽到你和周圍所有人的對話。當然，這是單向的，所以你聽不到我們的聲音。這樣一來，撲克局結束後，不管他們要你去哪，我們都能追蹤到你。
Thanks, Danny.	謝了，Danny。
And here's another thousand dollars. We don't want you running out of funds in the middle of a poker game.	這裡還有一千塊。我們可不希望你在牌局打到一半就沒錢了。
Great. Maybe I can even finish with a little more than I started.	太好了。說不定我最後還能比一開始多贏一點。
It looks like you're all set. Remember, we'll be there. If you get in trouble, we're right behind you.	看來你都準備好了。記住，我們會在附近。你要是遇上麻煩，我們就在你身後。
That's good to know. Thanks.	知道這個真讓人安心。謝了。
You bet. Good luck, Detective.	沒問題。祝你好運，警探。
You just love the feel of polished hardwood.	你就是喜歡這種拋光硬木的觸感。
It's real hardwood. You're impressed.	這是真材實料的硬木。你印象深刻。
The comforter is soft and heavy.	這條被子又軟又厚重。
The bed looks comfortable.	這張床看起來很舒服。
Nice and thick. It probably doesn't show stains, either.	又厚又扎實。大概也不容易看出污漬。
The carpet is a pleasing shade of dark green. At least, it pleases you because it's not that awful peach stuff.	這張地毯是討喜的深綠色。至少對你來說很討喜，因為它不是那種糟糕的蜜桃色。
As amusing as it would be to present Sgt. Dooley with this little knick-knack, taking it just wouldn't be right.	把這個小玩意兒送給 Dooley 警佐雖然聽起來挺好玩的，但拿走它終究不太妥當。
Besides, it's glued to the table.	再說，它被黏死在桌上了。
There's a statue of a chicken on the nightstand. You get a strong feeling of deja vu...	床頭櫃上有一座雞的雕像。你有種強烈的既視感……
Who is it?	是誰？
Candygram!	糖果快遞！
Say what?!	你說什麼？！
Just kidding, Sonny. Leiutenant Morgan sent me.	開玩笑的啦，Sonny。是 Morgan 中尉派我來的。
Okay, just a second.	好，等一下。
Come in.	請進。
It's a drawer.	這是一個抽屜。
You take the fax from Officer Steele.	你從 Steele 警員手中接過傳真。
It's Jesse Bains, the Death Angel. He looks very familiar...	這是 Jesse Bains，死亡天使。他看起來非常眼熟……
Nice material. Real vinylette or something like that.	材質不錯，應該是仿皮的乙烯基布料之類的東西。
The curtains are a nice color of green, clashing ever-so-lightly with the carpet.	窗簾是好看的綠色，跟地毯的顏色有那麼一點點不搭。
It's already on.	它已經開著了。
Interesting lamp. You decide you like it.	有趣的檯燈。你決定你喜歡它。
Well, I guess I'd better go catch that cab. Maybe I'll see you around, huh, Sonny?	嗯，我想我該去搭那輛計程車了。也許改天再見囉，Sonny？
Count on it, Marie.	一定的，Marie。
Keep your mind on business, Bonds.	把心思放在正事上，Bonds。
Marie looks lovely tonight.	Marie 今晚看起來很美。
Oh, Sonny, I'm worried about you. From what I've heard, these are some bad guys. You'll be careful, won't you?	喔，Sonny，我很擔心你。聽說這些傢伙都不是省油的燈。你會小心的，對吧？
You bet I will, Marie. I wouldn't want to endanger the operation--or my own skin, for that matter.	當然會，Marie。我可不想讓這次行動陷入危險——更不想賠上自己的小命。
Oh, I'm gonna worry about you anyway!	喔，反正我還是會擔心你的！
Thanks for getting me out of jail, Sonny. I really appreciate it.	謝謝你把我從牢裡弄出來，Sonny。我真的很感激。
You're welcome, Marie. You certainly held up your side of the bargain.	不客氣，Marie。妳確實遵守了妳那部分的約定。
There's not a lot I wouldn't do for you, Sonny. You've been so sweet to me.	沒什麼事是我不會為你做的，Sonny。你對我一直這麼好。
You feel a blush coming on.	你感覺自己臉紅了起來。
I guess I should be getting on my way soon.	我想我該準備上路了。
No hidden compartments, spy cameras, or bugs. Not too surprising.	沒有暗格、間諜攝影機，也沒有竊聽器。倒也不怎麼令人意外。
This nightstand doesn't seem to have any drawers. You consider arresting it for indecent exposure.	這個床頭櫃似乎沒有抽屜。你考慮要不要以妨害風化罪把它逮捕。
Try the drawer.	試試那個抽屜。
It's a nighttable. Your keen cop's instincts tell you it will most probably contain a Gideon's Bible, a phone book, and some really dusty stationary.	這是一張床頭櫃。你敏銳的警察直覺告訴你，裡面十之八九放著一本基甸聖經、一本電話簿，還有一些積滿灰塵的信紙。
Just because it looks like a fingerpainting doesn't mean that you get to add to it, Bonds.	就算它看起來像幅指畫，也不代表你可以在上面加點什麼，Bonds。
This is one third of the ultra-modern Expressionist tryptich on your wall. You think it looks like a fingerpainting.	這是牆上那幅超現代表現主義三聯畫的其中一幅。你覺得它看起來像幅指畫。
You start to use the phone, but decide that there are better things to do.	你正要用電話，但轉念一想，還有更值得做的事。
Naw. It's too late to call Taber. Your attention needs to remain focused on the operation at hand.	算了。現在打給 Taber 太晚了。你得把注意力放在眼前的行動上。
The pillows have already been fluffed to the extent that these pillows can be. Besides, you won't be doing any sleeping during this operation.	這些枕頭已經被拍鬆到不能再鬆了。而且，這次行動你根本不會有時間睡覺。
It's a pillow.	這是一個枕頭。
You can safely assume that the curtains are already in the aesthetically correct position, as determined by the last maid to service this room.	你可以放心假設，窗簾已經被上一位打掃這間房的服務員，調整到美觀上正確的位置了。
Pink curtains cover the window. You wish this hotel didn't have so much pink in it.	粉紅色窗簾遮著窗戶。你真希望這間飯店別用那麼多粉紅色。
This is your hotel room.	這是你的飯店房間。
This ain't Quest for Glory, Bonds. It's never gonna fly.	這裡不是 Quest for Glory，Bonds。這招行不通的。
What an attractive rug. It seems to match the paintings.	好漂亮的地毯。看起來跟這些畫挺搭的。
Lt. James Morgan.	我是 James Morgan 中尉。
Lt. Morgan, this is Sonny Bonds. I've made contact with Alex Jensen, and I've been invited to the poker game tonight.	Morgan 中尉，我是 Sonny Bonds。我已經跟 Alex Jensen 搭上線了，而且我今晚被邀請去打撲克。
Good job, Sonny. Carry on. But carry on with caution!	幹得好，Sonny。繼續進行，但要小心行事！
Yes, sir, I will.	是，長官，我會的。
I'll expect you to report in after the game.	牌局結束後，我等你回報。
You just be careful. Goodbye, Sonny.	你自己小心點。再見，Sonny。
Goodbye.	再見。
Hi, Lt, Morgan, this is Sonny Bonds.	嗨，Morgan 中尉，我是 Sonny Bonds。
You sound cheerful, Sonny. I hope that means everything is going all right?	你聽起來心情不錯，Sonny。希望這表示一切順利？
Yes, sir! I went to the poker game, and kicked bu-- uh, I did quite well. One of the sharks seemed to be in charge. He might be our man. They invited me to a second poker game later tonight.	是，長官！我去打了那場撲克，把他們打得屁滾——呃，我表現得相當不錯。其中一個老千似乎是帶頭的，他可能就是我們要找的人。他們邀我今晚稍後再去打第二場。
Very good, Bonds. A backup team is on their way. Wait for them; they're bringing you a transmitter and some more money. Remember, Bonds, you have to go in there unarmed. Act accordingly. In other words, use your head at all times.	很好，Bonds。支援小隊已經在路上了。等他們過去，他們會帶發報器和更多資金給你。記住，Bonds，你進去時不能帶武器。行事要相應調整。換句話說，隨時都要用腦子。
Yes, sir. I'll be careful, sir.	是，長官。我會小心的，長官。
You do that, Sonny. Goodbye.	你就這麼做，Sonny。再見。
Hello, Lt. Morgan. This is Sonny Bonds.	你好，Morgan 中尉。我是 Sonny Bonds。
You sound discouraged, Sonny. What's the problem?	你聽起來很沮喪，Sonny。出了什麼問題？
I lost at poker pretty badly. They didn't invite me back.	我在牌局上輸得很慘。他們沒有再邀我回去。
Oh, boy. Looks like we'll have to start teaching poker at the Academy. On a formal basis, that is. Well, I guess the operation is over. Come on back, Bonds.	唉。看來我們得開始在警校正式開一堂撲克課了。好吧，我想這次行動就到此結束。回來吧，Bonds。
After you failed to infiltrate the drug ring, you were transferred back to Traffic. You can't always get what you want. Better luck next time, Bonds.	你滲透毒品集團失敗後，被調回交通科。不是每次都能如願。下次好運，Bonds。
Lyvely Lytton Cab Company. May I help you?	Lyvely Lytton 計程車公司，請問需要什麼服務？
Yes. Please send a cab to the Hotel Delphoria right away.	是的。請馬上派一輛計程車到 Delphoria 飯店。
Yes, sir. There's a driver in your area, so it should just be a few minutes.	好的，先生。您那邊附近剛好有司機，應該幾分鐘內就能到。
Thank you.	謝謝。
Uh, hello. Could you please dispatch a cab to the Hotel Delphoria?	呃，你好。可以麻煩派一輛計程車到 Delphoria 飯店嗎？
I'm sorry sir but our only driver, Dale is busy right now...although we don't know what he's busy doing.	很抱歉，先生，我們唯一的司機 Dale 現在正忙……雖然我們也不知道他在忙什麼。
LT&T Operator. How may I help you?	LT&T 接線生，請問需要什麼服務？
Yes, I'd like the number for the Lyvely Lytton Cab Company, please.	是的，我想查 Lyvely Lytton 計程車公司的電話號碼，麻煩了。
Just a moment, Sir. That number is 555-6887. Thank you for using LT&T.	稍等一下，先生。那個號碼是 555-6887。感謝您使用 LT&T。
"We're sorry. All circuits are busy. Please try again later."	「很抱歉，目前所有線路都忙線中，請稍後再撥。」
You hear a knock at the door.	你聽到敲門聲。
You don't want to be late for the poker game, Bonds. These guys aren't the forgiving type.	Bonds，你可不想撲克局遲到。這些傢伙不是會輕易原諒人的類型。
Wow, Sonny, this is some fancy pad! Is the department paying for this?	哇，Sonny，這地方真氣派！是局裡出的錢嗎？
Every bit, fortunately. I couldn't afford to stay here. Hell, on my salary, I couldn't afford a Motel 6.	算你走運，全額都是局裡出的。要是自己出錢，我根本住不起這裡。老實說，靠我這薪水，我連 Motel 6 都住不起。
I don't want your money, honey, I want your love!	親愛的，我要的不是你的錢，我要的是你的愛！
Uh, um, ahh, er...	呃，嗯，啊，呃……
So, if the department's footing the bill, let's order some champagne and strawberries from room service, huh?	既然局裡買單，那我們就叫客房服務送點香檳和草莓上來吧，如何？
Oh, don't call a cab just yet, baby. We've got the room, and the poker game doesn't start for awhile...come on, baby, what do you say?	喔，寶貝，先別急著叫計程車嘛。房間都訂好了，撲克局也還要一陣子才開始……來嘛，寶貝，你說呢？
Um, actually, I need to call a cab and get you out of here. Things could start to get dangerous.	呃，其實我得叫台計程車送你離開這裡。接下來情況可能會變得危險。
Oh! Detective Bonds, this came for you this afternoon. It's from Detective Joe Taber in Chicago. He said it was a picture of Jesse Bains, also known as the Death Angel.	噢！Bonds 警探，今天下午有人送來這個給你。寄件人是芝加哥的 Joe Taber 警探。他說這是 Jesse Bains 的照片，也就是俗稱的死亡天使。
This looks like one of the guys at the game. I hope we can reel this fish in.	這人看起來像是牌局裡的其中一員。希望我們能把這條魚釣上來。
Don't leave now.	先別走。
Don't leave now! Your backup's on the way!	先別走！你的支援已經在路上了！
Marie, um, I like you a lot, and don't think I wouldn't love to, but I can't. I'm on duty. Besides...I'd like to get to know you better first, you know?	Marie，呃，我真的很喜歡你，別誤會我不想，只是我不能。我在執勤中。而且……我想先多了解你一點，你懂嗎？
Geez, Sonny, you're the nicest guy I know. You make me wish I hadn't screwed up my life so bad. If I'd met a guy like you before...never mind. Anyway, you're probably right. I wouldn't want to get you in trouble.	天啊，Sonny，你是我認識的人裡最好的一個。你讓我真希望自己沒把人生搞得這麼糟。要是我以前遇到像你這樣的人……算了，沒事。反正你說得可能對，我也不想害你惹上麻煩。
You spend the next several hours in absolute hedonistic bliss with Marie. You miss the poker game. Sometime around 9:00 PM, you get a phone call from Lt. Morgan.	接下來幾個小時，你和 Marie 沉浸在徹底的享樂之中，錯過了撲克局。大約晚上九點左右，你接到 Morgan 中尉打來的電話。
He wasn't amused. You were dismissed from Narcotics, and Dooley decided you'd pull foot patrol for the next 10 years. Next time, keep your mind on business and your hands to yourself!	他一點也不覺得好笑。你被踢出緝毒組，Dooley 決定讓你接下來十年都去跑徒步巡邏。下次記得，辦正事的時候管好你的手！
Alex, honey, I'm a busy man...	Alex，親愛的，我可是個大忙人……
Okay, okay, Whitey, you can go on in. Just be polite to these guys, okay? They're not exactly the understanding type...	好啦好啦，Whitey，你可以進去了。對這些人客氣點，好嗎？他們可不是什麼通情達理的類型……
Thanks for the advice, babe. See you later.	謝謝你的提醒，寶貝。待會見。
Given the suspicions regarding this establishment, not to mention your lack of a search warrant, you shouldn't enter unless invited.	考慮到這間店的可疑之處，更別提你手上根本沒有搜索票，沒受邀你不該擅自進去。
It's a door to a back room. It looks to be quite solid and secure.	這是一扇通往後間的門，看起來相當堅固牢靠。
You can feel your stomach starting to quiver just standing next to the barrel. You decide to leave it alone.	光是站在這個桶子旁邊，你就感覺胃在打顫。你決定別碰它。
The empty barrel says "Phenobenzotolouolohydrazytolmonoxide Crystals. May be harmful or fatal if swallowed. Exposure to skin may cause lesions, convulsions, hallucinations, and spontaneous combustion. Keep away from children and animals." Then you get to the fine print.	這個空桶子上寫著「Phenobenzotolouolohydrazytolmonoxide Crystals。如吞食可能造成傷害或致命。接觸皮膚可能引起潰瘍、抽搐、幻覺及自燃現象。請置於孩童與動物無法觸及之處。」接著你看到了那行小字。
"Safe for home and office use."	「居家及辦公室使用安全無虞。」
Don't go scrounging for Cheez Diddles in the bottom of the barrel, Bonds. Have some self-respect.	Bonds，別在桶底翻找 Cheez Diddles 餅乾屑了，好歹尊重一下自己。
The empty barrel says "Old Luncheon Cheez Diddles" on the side.	這個空桶子側面寫著「Old Luncheon Cheez Diddles」。
You steer clear of that barrel. You always hated dried fruit. It seems like such a cruel thing to do to perfectly good fruit.	你刻意避開那個桶子。你一向討厭果乾，總覺得把好好的水果搞成這樣未免太殘忍。
The empty barrel says "Kalifornia King Dehydrated Apricots".	這個空桶子上寫著「Kalifornia King Dehydrated Apricots」。
Leave the empty detergent barrel alone, Bonds.	Bonds，別碰那個空的洗衣精桶。
The empty barrel says "Mondo Disinfecto Laundry Detergent."	這個空桶子上寫著「Mondo Disinfecto Laundry Detergent」。
Way disgusting, Bonds, way disgusting.	太噁心了，Bonds，太噁心了。
It's a cardboard box. It has gum wrappers, pizza crusts, and ashes in it.	這是一個紙箱，裡面有口香糖包裝紙、披薩皮和菸灰。
You figure if it's a mouse or rat, it will chew its way out soon. If it's not a mouse or a rat, you'd rather not know what it is at all...	你猜想如果裡面是老鼠，它很快就會咬破箱子跑出來。如果不是老鼠，你寧可完全不知道那是什麼……
It's a cardboard box. The lid is closed, but you can hear something scrabbling around inside and emitting little squeaks and grunts.	這是一個紙箱，蓋子是闔上的，但你能聽到裡面有東西在爬動，還發出細小的吱吱聲和低哼聲。
You decide you don't want to know.	你決定還是不知道比較好。
It's an empty cardboard box. The bottom of it looks wet.	這是一個空紙箱，箱底看起來濕濕的。
Yes, it would be immensely enjoyable to pick up the giant tube and hoot down it, pretending it's a digery doo, but that would almost certainly compromise your dignity.	沒錯，拿起這根巨大的紙筒對著它吹、假裝那是迪吉里杜管，一定會很爽，但這幾乎肯定會讓你顏面掃地。
It's a carpet tube. The hotel must have replaced some carpeting somewhere.	這是一根地毯捲筒。飯店想必在某處換過地毯。
You don't need to clean anything right now, Bonds. You have more pressing matters to deal with.	Bonds，你現在不需要打掃任何東西，還有更緊急的事要處理。
The shelves are full of cleaning fluids, powders, and sprays. You see bleach, detergent, floor wax and toilet bowl cleaner.	架子上擺滿了清潔液、清潔粉和噴劑。你看到漂白水、洗衣精、地板蠟和馬桶清潔劑。
You notice that many of the bottles are leaking, and the escaped goo is forming a puddle on the bottom shelf. You make a note to call OSHA.	你注意到很多瓶子都在滲漏，流出來的黏液在最底層的架子上積成一灘。你心想該打電話給 OSHA 職業安全衛生局檢舉。
On closer inspection, you see ant poison, rat poison, and Red Dye #2.	仔細一看，你發現有螞蟻藥、老鼠藥，還有二號紅色色素。
There's kerosene, gasoline, benzine, toluene, and phosgene in handy spray bottles.	還有裝在方便噴瓶裡的煤油、汽油、苯、甲苯，以及光氣。
Perhaps this isn't a good time to jam. The action's just getting started and leaving would blow your cover as a cool gambling type.	現在或許不是抽身的好時機。牌局才剛開始，這時候離開會讓你這個「賭場老手」的偽裝穿幫。
It's a door.	這是一扇門。
Nothing's burning, Bonds.	Bonds，沒有東西在燒。
It's a fire extinguisher.	這是一具滅火器。
What, did you think it would be hot?	怎麼，你以為它會是熱的嗎？
The sign says "FIRE" in huge letters.	牌子上用巨大的字寫著「FIRE」。
You don't need empty beer flats, Bonds. Really.	Bonds，你不需要空的啤酒箱。真的不需要。
These empty cardboard boxes look suspiciously like beer flats. You wonder what kind of beer a fancy hotel like this one buys. You suspect you couldn't pronounce it, even if you knew.	這些空紙箱看起來很像啤酒箱。你很好奇這種高檔飯店都買什麼牌子的啤酒，猜想就算知道了，你大概也唸不出那個名字。
The shelves seem well put together.	這些架子看起來組裝得挺牢固。
Metal supply shelves.	金屬置物架。
You reach for one of the mice. It stands up on its hind legs and insults your lineage in mouse language, starting with your great-great-great grandfather. The mouse seems to be implying that you have ungulates somewhere in your family tree. Thoroughly offended, you leave the little ingrate alone.	你伸手想抓其中一隻老鼠。牠用後腿站起來，用老鼠的語言辱罵你的祖宗十八代，一路罵到你的曾曾曾祖父。這隻老鼠似乎在暗示你家族樹上某處混了偶蹄類動物的血統。徹底被冒犯的你，決定放過這隻忘恩負義的小東西。
Two hapless mice are next to a mousetrap.	兩隻倒楣的老鼠待在一個捕鼠器旁邊。
The mice are too busy to talk to you.	這些老鼠正忙著，沒空理你。
You don't need any paper towels. Especially not these. They could take the paint off your car with one swipe. Ouch!	你不需要任何紙巾，尤其不需要這種。這種紙巾一擦大概能把你車上的烤漆刮掉，哎呦！
Rolls of industrial-strength paper towels.	一捲捲工業強度的紙巾。
Unhand that planter, Bonds. You don't need it any more than the hotel does. After all the innocent houseplants you've killed, you should probably give it up and buy silk plants yourself.	Bonds，把那個花盆放下。你跟飯店一樣都不需要它。想想你害死過多少無辜的室內植物，你大概該死心，自己買盆假花算了。
It's a ceramic planter. It makes you wonder if the hotel used to have live plants, instead of silk ones.	這是一個陶瓷花盆。這讓你不禁好奇，飯店以前是不是曾經種真的植物，而不是假花。
Walking around this room, knocking on walls and looking for hidden panels and doors, is bound to get you in trouble.	在這個房間裡到處走動、敲牆壁找暗門暗格，肯定會給你惹上麻煩。
This is the Hotel Delphoria's storage room. At last, something grimy in this totally-too-clean joint!	這是 Delphoria 飯店的儲藏室。終於，在這個乾淨過頭的地方找到點髒東西了！
You peek in the boxes, and see more paper towels and generic toilet paper than you imagined possible.	你往箱子裡瞄了一眼，看到的紙巾和廉價衛生紙數量之多，超乎你的想像。
The boxes contain supplies for the hotel.	這些箱子裝著飯店的補給用品。
Your salary isn't THAT bad, Bonds. You don't have to recycle that can. Leave it for someone who really needs it.	Bonds，你的薪水也沒那麼慘。你不用去撿那個罐子回收，留給真正需要的人吧。
It's an empty soda can.	這是一個空的汽水罐。
These aren't patient men, Whitey. If you're gonna go in, go in.	這些人可沒什麼耐心，Whitey。要進去就趕快進去。
Okay, hot shot, cool your heels while I clear the way.	好了，大人物，先在這等等，我去把路清出來。
Hang on a minute, Whitey. I'll be right with you. Why don't you, uh, take in the scenery, ha ha!	等一下，Whitey，我馬上就好。你何不，呃，先欣賞一下風景，哈哈！
Alex taps out a strange pattern on the door.	Alex 在門上敲出一串奇怪的節奏。
"Yeah?"	「怎樣？」
Alex whispers something you can't quite hear, then turns to look at you.	Alex 低聲說了些你聽不太清楚的話，接著轉頭看向你。
Okay, they're ready for you, big guy. Just go on in.	好了，他們準備好見你了，大個子。直接進去吧。
Okay, big guy, I'm afraid I'm gonna have to pat you down. Not that I don't trust you or anything, but we have to be certain...	好了，大個子，恐怕我得先搜一下你的身。不是不信任你，只是我們得確認一下……
I understand, babe. I'll suffer through it. Take your time, now.	我理解，寶貝。我會忍過去的，你慢慢來。
Assume the position, smartass.	站好姿勢，別耍嘴皮子。
There goes my reputation.	我的名聲就這麼沒了。
Just let me tell them you're coming, then you can go on through.	讓我先跟他們說你要進去了，然後你就可以直接過去。
What, no search? I was looking forward to it.	怎麼，不搜身了？我還挺期待的呢。
Oh, I almost forgot. Thanks for reminding me.	喔，我差點忘了。謝謝你提醒我。
Almost forgot? My dear Alex, I'm wounded.	差點忘了？親愛的 Alex，你這話真傷人。
Whitey, honey, when you've patted as many bods as I have, they all blur into one. Although I probably won't forget that cute little rear of yours for awhile. 'Scuse me for a minute.	Whitey，親愛的，等你搜過像我搜過那麼多身體，你也會分不清誰是誰了。不過你那可愛的小屁股，我大概一時半刻忘不了。失陪一下。
Okay, honey, go on in.	好了，親愛的，進去吧。
You wonder where that leads, but you're smart enough not to venture there uninvited.	你很好奇那裡通往何處，但你夠聰明，知道不該未受邀就闖進去。
It's yet another back door. Where could this one lead?	這又是一扇後門。這扇門會通往哪裡呢？
You don't want to do that, Bonds. He would turn you into a pretzel before you had time to scream.	Bonds，你不會想那麼做的。他會在你來得及尖叫之前，就把你扭成一個椒鹽脆餅。
The bouncer is pretty imposing.	這個保鑣看起來相當有威懾力。
The bouncer grunts something unintelligable in your general direction.	保鑣朝你的方向低哼了幾聲，含糊得聽不清楚。
It does look realistic, but you can't take the ball.	看起來確實很逼真，但你不能拿走那顆球。
This fine work of art is a super-realistic depiction of the exciting moment when a bowling ball strikes the pins dead-on.	這件精緻的藝術品，超寫實地描繪了保齡球正中球瓶那令人振奮的瞬間。
It looks like this place actually has some house rules posted. No Cussing, No Spitting, No Betting, No Drinking. Yeah, right, and probably no winning.	這地方看來還真的貼了店規：禁止咒罵、禁止吐痰、禁止賭博、禁止飲酒。是喔，大概也順便禁止贏錢吧。
Don't, Bonds, you'd look silly.	別這樣，Bonds，你會看起來很蠢。
Burgundy carpeting. At least it's not pink.	酒紅色地毯。至少不是粉紅色的。
It would look pretty suspicious if you left now, Bonds.	Bonds，你現在離開的話，看起來會相當可疑。
It's the door.	這是那扇門。
Probably not a good idea, Bonds.	Bonds，這大概不是個好主意。
It's Frank Magpie.	這是 Frank Magpie。
He looks dangerous.	他看起來很危險。
Goodbye, Mr. Banksten.	再見了，Banksten 先生。
Hello, Mr. Banksten. I'm glad you could join us. My name is Frank Magpie, and these are my regular poker partners. Allow me to introduce you. Jimmy Lee "Whitey" Banksten, this is Otto Lipschitz.	你好，Banksten 先生。很高興你能加入我們。我叫 Frank Magpie，這些是我固定的牌搭子。容我為你介紹。Jimmy Lee『Whitey』Banksten，這位是 Otto Lipschitz。
Hello, Mr. Banksten. Interesting look you have going there.	你好，Banksten 先生。你這打扮還真有意思。
Nice to meet you, Mr. Lipschitz.	很高興認識你，Lipschitz 先生。
And this is Gene Bamboni.	這位是 Gene Bamboni。
Hey hey, Whitey. How's it hangin'? Call me "The Bambino". All my friends do.	嘿嘿，Whitey，最近怎樣啊？叫我『The Bambino』就好，我朋友都這麼叫我。
Okay, Bambino. Nice to meet you.	好的，Bambino。很高興認識你。
Okay, enough with the small stuff. It's time to play poker. The name of the game is Five Card Draw. You do know how to play Five Card Draw, don't you, Mr. Banksten?	好了，閒聊夠了，該來打牌了。玩的是五張抽換撲克。你會玩五張抽換吧，Banksten 先生？
Yes, Mr. Magpie. Do you?	會，Magpie 先生。你呢？
Oh, he's a quick one! Let's see if your card-playing skills are as sharp as your wit, hmm, Whitey?	喔，反應真快！讓我們瞧瞧你的牌技是不是也跟你的嘴皮子一樣厲害，嗯，Whitey？
Ha ha ha! Frank toasted your biscuits, Whitey!	哈哈哈！Frank 把你烤得酥脆了，Whitey！
Enough, already. Let's play.	夠了，別鬧了，開始玩吧。
Do you want to play, or chat, Mr. Banksten?	你是想打牌，還是想聊天，Banksten 先生？
Wouldn't it seem suspicious if you started pawing the gamblers, Bonds? Pay attention to your own business.	Bonds，你要是開始亂摸這些賭客，看起來不會很可疑嗎？管好你自己的事就好。
The room is full of people playing cards. You didn't realize there were so many gamblers in Lytton.	房間裡滿是打牌的人。你沒想到 Lytton 竟然有這麼多賭客。
It's not a good idea to disturb someone who's in the middle of a high-stakes poker game, Bonds. They might get cranky.	Bonds，打擾正在玩高額撲克局的人可不是個好主意，他們可能會發脾氣。
You don't even know him, Bonds.	Bonds，你根本不認識他。
It's Gene "The Bambino" Bamboni.	這是 Gene『The Bambino』Bamboni。
You wonder what he's hiding behind his rather stunned expression.	你很好奇，他那副呆滯的表情底下究竟藏著什麼。
See ya, Whitey.	再見了，Whitey。
Shut up and play, Whitey.	閉嘴打牌就好，Whitey。
He just grins at you, and doesn't answer.	他只是對你咧嘴一笑，沒有回答。
Leaving now would not be cool. You'd be jeopardizing the operation.	現在離開可不是明智之舉，你會危及整個行動。
What would you hope to accomplish, Bonds?	Bonds，你這麼做想達成什麼目的？
It's Otto Lipschitz.	這是 Otto Lipschitz。
He looks pretty cranky.	他看起來相當暴躁。
It's been a pleasure, Mr. Banksten.	很榮幸認識你，Banksten 先生。
NOT! Ha ha ha!	才怪！哈哈哈！
Don't waste my time, Mr. Banksten.	別浪費我的時間，Banksten 先生。
He doesn't answer. He just glares at you.	他沒有回答，只是狠狠瞪著你。
Let go of that shag!	放開那塊長毛地毯！
Pink carpeting. You knew it was coming. All that peach carpeting was just to work you up to it. You decide that the "policeman blue" of the station house is a far superiour rug color.	粉紅色地毯。你就知道會這樣。那些桃色地毯根本就是在替這個鋪路。你認定警局那種「警察藍」才是更好看的地毯顏色。
Do you wish to play poker?	你想玩撲克嗎？
No, but lose anyway.	不要，但反正也會輸。
No, but win anyway.	不要，但反正也會贏。
Yes!	要！
This is the Casino Room.	這是賭場房。
They are cute, but you can't pet them.	牠們很可愛，但你摸不到牠們。
It's a charming depiction of dogs playing poker. Hey, that looks familiar...	這是一幅可愛的畫，畫著幾隻狗在打撲克。嘿，這畫面看起來有點眼熟……
You're a quiet one, Mr. Banksten. What's the matter, are you speechless with awe, or just stupid?	你還真是安靜啊，Banksten 先生。怎麼了，是驚訝到說不出話，還是單純蠢？
Ha ha ha, "Are you just stupid?" Ha ha ha!	哈哈哈，『你是不是單純蠢？』哈哈哈！
Don't waste our time, Mr. Banksten.	別浪費我們的時間，Banksten 先生。
Ah, well, we can't all be card sharps, Mr. Banksten. Good evening.	啊，好吧，畢竟不是人人都能成為牌桌高手，Banksten 先生。晚安。
Oh, Mr. Banksten? Remember, if you can't run with the big dogs, stay off the porch!	喔，Banksten 先生？記住，跟不上大咖的腳步，就別跟大咖玩！
Ha ha ha! "Stay off the porch!" Ha ha ha!	哈哈哈！『別跟大咖玩！』哈哈哈！
Well, that was a waste.	嗯，真是浪費時間。
Later that evening...	那天晚上稍晚……
Well, well, Mr. Banksten. You are quite the poker player. My friends and I enjoy playing with a man of your skills. Perhaps you'd like to come back later and play again, in a more...private setting?	哎呀哎呀，Banksten 先生。你的撲克牌技相當不錯。我跟朋友們很享受跟你這種高手過招。或許你願意晚點再回來，換個……比較私密的場地再玩一局？
Oh, most definitely, Mr. Magpie.	喔，當然願意，Magpie 先生。
Excellent. Come back in an hour or so. Just tell Alex that Frank sent you.	太好了。大概一小時後再過來。跟 Alex 說是 Frank 叫你來的就行。
I'll do that. Until later, Mr. Magpie.	我會的。稍後見，Magpie 先生。
Until later.	稍後見。
Bye, Whitey. You kicked butt, ha ha!	掰啦，Whitey。你打得真漂亮，哈哈！
Oh, Mr. Banksten? You do know the stakes will be higher, don't you?	對了，Banksten 先生？你知道賭注會更高吧？
I would expect nothing less, Mr. Lipschitz. Goobye.	我早就料到了，Lipschitz 先生。再見。
The table holds nothing of interest to you.	這張桌子上沒有你感興趣的東西。
It's a gaming table.	這是一張賭桌。
You don't want to live very long, do you?	你是不想活久一點嗎？
He's huge.	他塊頭很大。
He doesn't speak English. In fact, he doesn't speak at all.	他不會說英語。事實上，他根本不說話。
Although they look like they would be great spotlights, you don't know how to dance.	雖然這些燈看起來很適合當舞池聚光燈，但你根本不會跳舞。
Wow, how did these light fixtures get in here? Talk about a throwback to the sixties. You're tempted to look around for the beanbag chairs and lava lamps.	哇，這些燈具是怎麼跑進來的？根本是六零年代的復古風。你很想四處找找看有沒有懶人椅跟熔岩燈。
Wouldn't it look suspicious if you tried to leave now, Bonds?	Bonds，你現在要是想離開，看起來不會很可疑嗎？
It just wouldn't look right if you started playing with the elevator, Bonds.	Bonds，你要是開始亂弄電梯，看起來不太妥當。
It appears to be a freight elevator.	這看起來是一台貨運電梯。
Not a good idea, Bonds.	Bonds，這不是個好主意。
It's the Death Angel, Jesse Bains.	這就是死亡天使 Jesse Bains。
Walk this way, Whitey.	Whitey，這邊請。
I would like that very much, Mr. Magpie.	我非常樂意，Magpie 先生。
Very good. Gentlemen, shall we play?	很好。各位，我們開始吧？
Yeah!	好啊！
Yes. Let's get on with it.	好，我們開始吧。
Goodnight, Mr. Banksten.	晚安，Banksten 先生。
Gene has a good sense of humor, but not that good.	Gene 是滿有幽默感的，但也沒到那種程度。
That was some fine poker playing, Whitey.	Whitey，這局撲克打得真漂亮。
Be cool, Whitey my friend. Frank's on his way. He's probably just shining his shoes and powdering his nose, ha ha. The guy is vain!	放輕鬆點，我的朋友 Whitey。Frank 已經在路上了。他大概正在擦皮鞋、補妝呢，哈哈。那傢伙就是愛面子！
Chill, Whitey.	冷靜點，Whitey。
Hey, Whitey. It's rude not to answer our host!	嘿，Whitey。不回答主人的話很沒禮貌喔！
Hang loose, Whitey.	放輕鬆，Whitey。
The inside of the freight elevator is covered with graffiti, gum, and dirt. It reminds you of Wino Willy's.	貨運電梯內部到處都是塗鴉、口香糖和污垢，讓你想起 Wino Willy's 酒館。
This helps to keep the lamp off of the table.	這東西能讓燈具懸吊在桌子上方，不會壓在桌上。
Don't get your fingerprints on a tradition, Officer.	警官，別把指紋留在這項傳統之物上。
It's the obligatory Tiffany-esqe lamp that always hangs over poker tables.	這是撲克桌上少不了的那盞 Tiffany 風格吊燈。
He'd probably bite your arm off and beat you with it.	他大概會直接把你的手臂咬下來，拿去打你。
That's some mighty smooth card playing, Whitey.	Whitey，這牌打得真是漂亮俐落。
Mr. Banksten, I assure you that Mr. Magpie will be down any moment. Please don't inflict your conversation on me. I have a low tolerance for mediocrity.	Banksten 先生，我向你保證 Magpie 先生隨時都會下來。拜託別逼我跟你聊天，我對平庸的東西沒什麼耐性。
Spare me, Mr. Banksten.	饒了我吧，Banksten 先生。
I would be impolite to ignore our gracious host, Whitey.	Whitey，要是無視我們這麼親切的主人，那就太失禮了。
Goodnight, Mr. Banksten. Try not to let anyone else take advantage of your ignorance.	晚安，Banksten 先生。盡量別再讓別人利用你的無知了。
Ha, ha! "Take advantage of your ignorance!" Ha ha!	哈哈！『利用你的無知！』哈哈！
You don't even like that painting, Bonds, so why are you trying to take it?	Bonds，你根本不喜歡那幅畫，幹嘛想拿走它？
You stare at the abstract painting, hoping something will "hit" you about it, but it leaves you cold. You're just not into modern art.	你盯著這幅抽象畫，希望能有什麼「靈感」浮現，但完全無感。你就是不吃現代藝術這一套。
Whoever put in all that classy marbelized paneling must have been on vacation the day this stuff was installed. It looks like diseased granite.	不管是誰裝上這些高級大理石紋壁板的，安裝那天大概都在放假。看起來像是生病的花崗岩。
You have enough light.	你這裡的光線已經夠亮了。
Snappy light fixtures. You wonder why they put such nice lamps next to an ugly freight elevator.	挺時髦的燈具。你很好奇，怎麼會把這麼漂亮的燈裝在一台醜陋的貨運電梯旁邊。
You're in the "private" poker room.	你現在在那間所謂「私密」的撲克室裡。
Ah, Mr. Banksten. Thank you for your patience, and welcome back. Perhaps after the game, you'd be interested in talking business?	啊，Banksten 先生。謝謝你的耐心等候，歡迎回來。或許牌局結束後，你會有興趣談談生意？
Ah, welcome, my friend. You already know Otto, so I won't bother to introduce you, ha ha!	啊，歡迎啊，朋友。你已經認識 Otto 了，我就不多此一舉介紹了，哈哈！
Your wit is devastating, Zamboni.	Zamboni，你的機智真是毀滅性十足。
That's BAMboni, Lipschitz. Bambino to my friends. You can call me Mr. Bamboni, ha ha!	是 BAMboni 啦，Lipschitz。朋友都叫我 Bambino。你可以叫我 Bamboni 先生，哈哈！
Anyway, Whitey, Frank will be here any minute. Just hold on to your shorts.	總之，Whitey，Frank 隨時會到，你先別急。
Bad run of luck, Mr. Banksten. Perhaps you should have brushed up on your poker skills before playing. Ah well, nothing's lost...but your money. Goodnight, Mr. Banksten.	運氣真背啊，Banksten 先生。或許你該在上桌前先把牌技練好一點。唉，反正也沒損失什麼……除了你的錢。晚安，Banksten 先生。
Ha, ha! "Nothing lost but your money!" Ha, ha!	哈哈！『沒損失什麼，除了你的錢！』哈哈！
Stick to Old Maid next time, Mr. Banksten. It's more your speed.	Banksten 先生，下次還是玩「抽鬼牌」吧，比較適合你的程度。
Ha, ha! "Old Maid!" Ha ha! See you later, buddy.	哈哈！『抽鬼牌！』哈哈！回頭見啦，老兄。
Goodnight, gentlemen.	晚安，各位先生。
Your stomach lurches. You suddenly know where you've seen Jesse Bains before. He's Frank Magpie! Your heart races, and you swallow hard, trying to keep cool. This guy is deadly.	你的胃猛地一沉。你突然想起自己在哪裡見過 Jesse Bains——他就是 Frank Magpie！你心跳加速，用力嚥了口口水，努力保持鎮定。這傢伙心狠手辣。
Mr. Banksten, I'm a busy man.	Banksten 先生，我是個大忙人。
Congratulations on a fine game, Mr. Banksten. Would you care to accompany me to my penthouse to discuss a potential business alliance?	牌局打得漂亮，Banksten 先生。願意陪我到頂樓套房談談可能的生意合作嗎？
Certainly, Mr. Magpie.	當然，Magpie 先生。
Excellent. Come with me.	太好了。跟我來。
It's the ol' poker table, where men face off, play cards, lose a lot of money, and frequently end up in the river with a bullet in their head. Better be careful, Bonds...	這是那張老撲克桌，男人在這裡對決、打牌、輸掉大把鈔票，還常常最後腦袋中彈、被丟進河裡。Bonds，你最好小心點……
You decide not to touch the wallpaper. It looks dangerous.	你決定不去碰那壁紙，看起來有點危險。
You'd read the phrase "virulent color" in stories before. You never knew what it meant until now.	你以前在故事裡讀過「刺眼到毒辣的顏色」這種說法，直到現在才知道那到底是什麼意思。
You're not here to pet plants, Officer.	警官，你不是來這裡摸植物的。
A vigorous little plant sits on the bar.	吧台上擺著一株生機盎然的小植物。
Watch your step, Bonds. You don't want Bains thinking you're unstable.	Bonds，小心點。你不會希望 Bains 覺得你精神不穩定。
This is hardly the place to belly up to the bar, Officer.	警官，現在可不是靠著吧台喝一杯的時候。
Bains has an elaborate wet bar.	Bains 家有一座講究的吧台。
Were you planning on having a little drink to bolster your courage, Officer? How long do you want to live, anyway?	警官，你是打算喝一杯壯壯膽嗎？你到底想活多久啊？
Bains has alcohol from every corner of the earth. His collection of intoxicants must be worth a fortune.	Bains 收藏了來自世界各地的酒。他這些烈酒的收藏想必價值不菲。
Don't get too comfortable, Bonds.	Bonds，別太放鬆了。
Teakwood chairs. Very nice.	柚木椅，相當不錯。
Do you really think stretching out on the Death Angel's couch and sucking down a couple brewskis is the smart thing to do?	你真的覺得躺在死亡天使的沙發上、猛灌幾罐啤酒是聰明的做法嗎？
A mind-blowingly expensive leather conversation pit. You're strangely disappointed that it's beige. You always thought big-time drug dealers would be more flamboyant.	一組貴得嚇人的皮革談話區。奇怪的是，你居然對它是米色感到有點失望。你一直以為大毒梟的品味會更浮誇一點。
A drink glass rests on the bar.	吧台上放著一只酒杯。
If you don't start paying attention to what's going on, you're going to find yourself sporting a toe tag.	你要是再不注意周遭發生的事，接下來腳趾上就會掛上停屍間的標籤了。
Crystal glasses. No dishwasher spots on these puppies.	水晶杯。這些寶貝上完全沒有洗碗機留下的水漬。
There are more important things to do than to smudge the table.	現在有更重要的事要做，用不著去弄髒這張桌子。
A very classy two-level marble and glass table.	一張非常高級的雙層大理石玻璃桌。
I wouldn't touch a fragile antique vessel that belongs to a vicious criminal if I were you.	我要是你，就不會去碰一個窮兇惡極罪犯的易碎古董器皿。
An antique-looking Native American vessel. It was almost certainly stolen from a burial site.	一件看起來像古董的美洲原住民器皿，幾乎可以肯定是從墓地偷來的。
You ain't Alice, and you can't get out of this one by going through the looking glass, bud!	老兄，你又不是 Alice，沒辦法穿過鏡子逃離這個局面！
A huge mirror covers the wall behind the bar. You get the impression that Bains likes looking at himself.	吧台後方牆上掛著一面巨大的鏡子。你有種感覺，Bains 很喜歡欣賞自己。
Keep your mind on the issues at hand, Bonds.	Bonds，專心處理眼前的事。
Expensive wood paneling.	高級木頭壁板。
That would make Bains a wee bit suspicious, wouldn't it?	那樣做會讓 Bains 起一點疑心吧？
Although picking up a phone extension and eavesdropping on a conversation always works in the movies, it almost never works in real life. Are you willing to risk it with a drug dealer who probably carries more firepower than a small European country? I didn't think so.	雖然在電影裡，拿起分機竊聽對話總是無往不利，但現實生活中幾乎行不通。你願意拿這種事去賭一個火力大概比一個歐洲小國還強的毒梟嗎？我想也是。
It's a telephone. The room number imprinted upon it is 401.	這是一具電話，上面印著房號 401。
What, did you think you were going to find something good in there?	怎麼，你以為裡面會有什麼好東西嗎？
This is Jesse Bains's penthouse. You're in the lair of the Death Angel.	這是 Jesse Bains 的頂樓套房。你現在身在死亡天使的巢穴。
Keep your hands to yourself and your eyes open.	管好你的手，睜大你的眼睛。
A modest imported teakwood dining table.	一張樸實的進口柚木餐桌。
You know, if you do suspicious things, Bains is more than likely to feed you to the fishes.	你知道嗎，要是你做出可疑的舉動，Bains 很可能會把你拿去餵魚。
A huge, coarse-woven Peruvian area rug covers the living room floor. It probably cost what you would make in two months. Working overtime.	客廳地板鋪著一張巨大、粗織的秘魯地毯，價錢大概等於你加班兩個月的薪水。
Backup, this is Whitey. I've located the Death Angel. Code-3 immediately, repeat, immediately!	支援，這裡是 Whitey。我已找到死亡天使。立即 Code-3，重複，立即！
You start to talk to yourself then realize you already know what you were going to say.	你開始自言自語，接著才意識到自己早就知道要說什麼了。
Backup, this is Whitey. Requesting code-3 immediately. My location is the top floor penthouse Hotel Delphoria, room 401. Repeat, room 401.	支援，這裡是 Whitey。請立即 Code-3。我的位置是 Hotel Delphoria 頂樓 401 號套房。重複，401 號房。
I just got a most interesting phone call. It seems that one of our playing partners recognized you from somewhere, "Mr. Banksten."	我剛接到一通非常有意思的電話。看來我們的某位牌友從哪裡認出你了，『Banksten 先生』。
Fortunately, he happened to be glancing through the newspaper and son-of-a-gun, he recognized the big winner at our poker game. Mr. Banksten, a.k.a. Officer Sonny Bonds of the LPD. Officer of the Year, eh? How impressive! What a shame you'll be receiving that award posthumously.	幸好他碰巧翻著報紙，認出了我們撲克局的大贏家：Banksten 先生，也就是 Lytton 警局的 Sonny Bonds 警員。年度警員？真了不起！可惜你只能死後領獎了。
I do hope you've made peace with whatever gods have abandoned you here, Mr. Bonds. In other words...	Bonds 先生，希望你已經跟那些拋棄你的神明和解了。換句話說……
Kiss your ass goodbye!	你這條命玩完了！
Bonds! You all right?	Bonds！你還好嗎？
Um...yes, I think so. Yeah, I'm okay.	呃……應該還好。對，我沒事。
Thank God. For a minute there, I thought he'd plugged you.	謝天謝地。剛剛有那麼一瞬間，我還以為他把你崩了。
So did I, Detective, so did I.	我也是，警探，我也是。
Too bad you didn't check in with Lt. Morgan after that first poker game. Who knows, he might have sent you some backup. But that doesn't matter to you now...	真可惜你第一場牌局結束後沒跟 Morgan 中尉回報。誰知道呢，他搞不好會派支援給你。不過現在這些對你也已經不重要了……
You got him. The Death Angel is down. You feel an overwhelming sense of relief, but you can't help feeling a little sick. You've never seen a man gunned down before. Unable to turn away, you stare at Jesse Bains's broken body...	你抓到他了。死亡天使倒下。你感到壓倒性的鬆一口氣，卻忍不住有些反胃。你從沒看過一個人被槍殺；你無法移開視線，只能盯著 Jesse Bains 破碎的身體……
And notice the slightest rise and fall of his chest.	你注意到他的胸口有極其輕微的起伏。
Detective Anglin! Call for an ambulance! This man is alive!	Anglin 警探！叫救護車！這個人還活著！
I already did, Detective. It's on the way.	我已經叫了，警探，救護車正在路上。
In the distance, you hear the wail of a siren. You think it could just as easily be coming for you instead of Jesse Bains, and you're suddenly very tired.	遠方傳來警笛的哀鳴。你心想，這輛車搞不好不是為 Jesse Bains 而來，而是為你——你突然感到非常疲憊。
You've done it, Detective Bonds!	Bonds 警探，你辦到了！
For now.	暫時是這樣。
It's too bad you didn't let your backup know where you were, Bonds. Even top cops need to know room numbers. It took them quite a while to find you. After all, you were weighted down at the bottom of the Bert's Park Pond...	真可惜，你沒讓後援知道你人在哪裡，Bonds。就算是最厲害的警察，也需要讓人知道門牌號碼。他們花了好一段時間才找到你。畢竟，你當時正沉在 Bert's Park 池塘底下，被壓得動彈不得……
What did you think you were going to do, talk him out of it? Perhaps you should have called for backup. Not that it matters to you anymore. You're just a footnote in the history of a city that continues to slide downhill.	你以為你要做什麼，用嘴巴勸他打消念頭？也許你該叫後援支援。不過現在講這些對你也沒意義了。你只不過是這座持續沉淪的城市歷史裡的一則小小註腳。
Five minutes later...	五分鐘後……
You play a good game of poker, Mr. Banksten. That proves to me that you're sharp. There's something I want to tell you.	你撲克牌打得不錯，Banksten 先生。這證明你頭腦靈光。有件事我想跟你說。
My name isn't Frank Magpie. It's Jesse Bains. You may have heard the name before? No? Maybe this will help. Some of my men have coined an amusing little nickname for me: The Death Angel. Starting to sound familiar?	我不叫 Frank Magpie。我是 Jesse Bains。你以前可能聽過這個名字？沒有？也許這能幫你想起來。我手下有些人替我取了個有趣的綽號：死亡天使。開始覺得熟悉了嗎？
Um...yes, I think so. You're becoming famous, Mr. Bains.	嗯……對，我想是的。你越來越出名了，Bains 先生。
Yes, unfortunately I've gained a little too much notoriety lately. Consequently, I just can't be too careful. I'm sure you understand the need for an occasional alias, Whitey.	是的，很不幸我最近聲名太過狼藉。因此我不能不小心。我相信你能理解偶爾使用化名的必要，Whitey。
Oh, yes, I know exactly what you mean.	喔，對，我完全懂你的意思。
Of course you do. Whitey, I have a nice little operation here as you may have noticed. And there's more going on here than meets the eye. I'm in the process of expanding and could use a good man.	你當然懂。Whitey，你可能也注意到了，我在這裡經營著一個不錯的小生意。而且這裡的門道，可不只表面上看到的這些。我正在擴張事業，用得上一個能幹的人手。
This can be quite a lucrative deal. What I had in mind for you....	這筆交易可以讓你賺不少。我為你打算的是……
Excuse me for a moment, won't you? I'll take the call in the other room. Help yourself to a refreshment at the bar. I'll be back momentarily.	容我失陪一下，好嗎？我到隔壁房間接個電話。自己去吧檯拿點喝的吧。我馬上回來。
If you keep acting weird, Bains is going to ventilate you!	你再繼續表現得這麼奇怪，Bains 可要把你打成蜂窩了！
Natural dried branches have been artfully arranged in the vessel. Knowing Bains, they're probably off of some endangered rain forest tree.	花瓶裡藝術般地插著天然乾燥枝條。以 Bains 的個性來看，這些枝條大概是從某種瀕危雨林樹木上砍下來的。
You touch the tree, and discover it is real. However, Bains is looking at you strangely. You might be a vegetable yourself in another moment or two.	你摸了摸那棵樹，發現它是真的。不過 Bains 用奇怪的眼神看著你。再過一會兒，你自己可能就要變成植物人了。
A lovely ficus tree. You wonder whether or not it's real.	一棵漂亮的榕樹。你很好奇它是不是真的。
The tree is too scared to speak. You should be, too.	那棵樹嚇得不敢說話。你也該一樣。
Bains might not like people fondling his foliage, Bonds.	Bonds，Bains 大概不喜歡別人亂摸他的盆栽花草。
It's a huge tropical plant.	這是一株巨大的熱帶植物。
The plant says:	植物說：
"Don't talk to me, mon. I don't know a ting."	「『別跟我講話，老兄。我啥米攏毋知。』」
...that the scourge of the Death Angel upon our fair city has at last been eradicated. I'm delighted to tell you all that Jesse Bains has been convicted of numerous felonies, including the attempted murder of a police officer and possession of narcotics with intent to sell. It'll be a long, long time before Jesse Bains sees the light of day!	……籠罩我們美麗城市的死亡天使，終於被消滅了。我很高興告訴各位，Jesse Bains 已因多項重罪定罪，包括謀殺未遂警員，以及持有毒品意圖販售。他還要很久、很久才能重見天日！
And for that, we have one very brave police officer to thank. A man who was prepared to make the ultimate sacrifice...a man who laid his life on the line to make Lytton a safer place for us all...	為此，我們要感謝一位非常勇敢的警官。一位隨時準備做出最終犧牲的男人……一位不惜賭上性命，只為讓 Lytton 對我們所有人來說更安全的男人……
...a man to whom we owe a debt of gratitude we can never quite repay, although we're starting by promoting him to Narcotics Detective and presenting him with the LPD's highest honor, the Commendation for Valor...	……一位我們永遠無法完全回報恩情的人；我們先將他升任緝毒警探，並頒發 LPD 最高榮譽「英勇勳章」……
Ladies and Gentlemen, I give you the man of the hour...Detective Sonny Bonds!	各位先生女士，讓我們歡迎今天的主角……Sonny Bonds 警探！
You think to yourself, "I wish I had somebody to share this moment with..."	你心裡想著：「真希望有人能跟我一起分享這一刻……」
And then you remember...you've got your first date with Marie tonight!	接著你想起來……你今晚跟 Marie 有第一次約會！
The award...the promotion...the admiration of the entire city...and the start of a new close friendship...	榮譽……升遷……全城的敬意……以及一段嶄新親密友誼的開始……
...it doesn't get any better than this.	……人生大概不會比這更美好了。
Hiding in the bushes outside the Courthouse probably wouldn't do much to futher your career, Bonds.	Bonds，躲在法院外的灌木叢裡，大概對你的仕途沒什麼幫助。
The bushes really brighten up the building.	這些灌木叢讓這棟建築增色不少。
It's your suave Camaro, the sexiest thing in your life right now.	這是你那輛帥氣的 Camaro，是你目前人生中最性感的東西。
Doing the Samson bit might be fun, but your hair's been cut recently.	學參孫拆房子聽起來很好玩，不過你最近才剪過頭髮。
The Neoclassical courthouse has semi-Doric columns.	這座新古典主義風格的法院有著半多立克式的柱子。
Through these doors lie the heart of American justice: the courtroom.	穿過這扇門，就是美國司法的核心：法庭。
Stop acting goofy, Bonds. Appearances count in the police biz.	別再耍寶了，Bonds。幹警察這行，門面很重要。
The grass is green and neatly trimmed.	草坪修剪得整整齊齊，翠綠一片。
It would be inappropriate to scale or deface the courthouse. You'd have to do the right thing and arrest yourself; then where would you be?	攀爬或破壞法院是不恰當的行為。你到時候得秉公辦事逮捕自己，那你還能怎麼辦？
Nice pediment, huh? You wonder if every courthouse in America is Neoclassical.	山牆很漂亮吧？你很好奇是不是美國每座法院都是新古典主義風格。
You give the courthouse a reassuring pat.	你輕拍法院的牆面，像是在給它打氣。
This is the City of Lytton Courthouse.	這是 Lytton 市法院。
Leave the concrete alone, Sonny. You're supposed to be acting like a cop.	Sonny，別去亂碰那片水泥地。你該表現得像個警察。
It's simply the sidewalk.	這只是一條人行道。
Your black-and-white squad car sits by the curb. There's something thrillingly official about the sight of a black-and-white in front of a courthouse.	你的黑白雙色巡邏車停在路邊。停在法院前的黑白巡邏車，看起來有種令人熱血的官方氣派。
You've got no time to be sitting and loitering on the Courthouse steps.	你沒空坐在法院台階上閒晃。
You always feel good when you climb these steps.	每次爬上這些台階，你心情總是不錯。
Keep your hands off the street; you've got business to attend to.	別去亂碰馬路，你還有正事要辦。
It's the street in front of the courthouse, where you're parked.	這是法院前的馬路，你把車停在這裡。
Your unmarked Thunderbird is parked by the curb.	你那輛無標誌的 Thunderbird 停在路邊。
The windows are best left in their current state.	這些窗戶最好維持原狀，別去動它們。
The Courthouse windows are big and airy. Jack likes to say that the light of day always shines on the face of justice. Of course, Jack's something of a wiseguy.	法院的窗戶又大又通風。Jack 常說，天光永遠照耀著正義之臉。當然啦，Jack 這人有點自作聰明。
Manhandling the clerk won't get you anywhere.	對書記官動粗不會有任何好處。
It's the court clerk.	這是法院書記官。
Thank you for your help. Sorry for interrupting the day's proceedings.	謝謝你的幫忙。抱歉打斷了今天的庭務。
You're welcome, Detective. We're on the same side here.	不客氣，警探。我們是同一陣線的。
Can I help you, Officer?	警員，需要我幫忙嗎？
Yes, I've brought the evidence that Judge Palmer asked me to bring. Please let me in to see him!	是的，我帶來了 Palmer 法官要求的證物。請讓我進去見他！
Oh, yes, that's right, Officer Bonds. Go right in.	喔，對，沒錯，Bonds 警員。請直接進去吧。
How can I help you?	有什麼能幫你的嗎？
I need to see Judge Palmer right away, please.	我需要立刻見 Palmer 法官，麻煩了。
And you are...?	請問你是……？
Detective Sonny Bonds, Narcotics division of the LPD.	LPD 緝毒組，Sonny Bonds 警探。
I'm sorry, Detective Bonds, court is in session at this time, and the Judge's docket is quite full. Perhaps you could try another time.	抱歉，Bonds 探員，目前正在開庭，法官的庭期也排得很滿。也許你可以改天再來。
This is extremely urgent. I need to obtain a "No Bail Warrant" for the Hoffman case immediately. Every minute counts. If I don't get this over there quickly, he'll walk and that's the last we'll see of him. Please tell the Judge now, or there's going to be hell to pay.	這非常緊急。我必須立即取得 Hoffman 案的「不得交保令」。分秒必爭；如果不能快點送過去，他就會被放走，我們再也抓不到他。請現在就告訴法官，否則後果不堪設想。
The clerk seems to be considering it.	書記官似乎在考慮。
Please, sir, we have reason to believe that Hoffman is extremely dangerous. Lives may be on the line here.	拜託，先生，我們有理由相信 Hoffman 極度危險，人命可能危在旦夕。
Okay, I'll do my best.	好，我會盡力。
Go on in. The judge will see you now.	進去吧，法官現在可以見你了。
Thank you!	謝謝你！
You'd better not enter the court until invited. You certainly don't want to incure the wrath of Judge Richard Palmer. He's one tough judge.	你最好等獲邀才進入法庭。你絕對不會想惹惱 Richard Palmer 法官，他可是個鐵面法官。
This door leads into the Courthouse proper.	這扇門通往法院正廳。
Control yourself. Getting down on your knees and begging is not a useful tactic here.	克制一點。跪下來求饒在這裡不是什麼有用的招數。
Black and white checked tile...just like in a 1950s diner.	黑白格紋磁磚……就像 1950 年代的餐館一樣。
Unlike the veneer in most city offices, this is real wood.	不像大多數市府辦公室用的貼皮板，這是真正的木頭。
The paneling is old, but in good shape. The town takes good care of its historic buildings.	這片木板牆已經有些年頭了，但保養得很好。這座城鎮很用心維護歷史建築。
You're in the Courthouse anteroom.	你正站在法院的前廳。
Quit dawdling. Get off your ante and go about your business.	別再拖拖拉拉了。別窩在前廳，快去辦你的正事。
What did you think it was going to do, bark and beg for fish?	你以為它會做什麼，吠叫討魚吃嗎？
It's the Seal of the City of Lytton.	這是 Lytton 市的市徽（Seal）。
Don't play with the window. The judge will find you in contempt of the Courthouse.	別去亂弄那扇窗戶，法官會以藐視法院罪對付你。
The old-fashioned window looks just right in the old-fashioned anteroom.	這扇老式窗戶，跟這間老式前廳相得益彰。
Don't remove it, it's a piece of history.	別把它拆掉，這是一件歷史古物。
There's a board over the window. It's one of those inexplicable things you see in old architecture that you're certain must have a purpose.	窗戶上釘著一塊木板。這是那種在老建築裡常見、莫名其妙卻讓你確信一定有其用途的東西。
What were you thinking of doing, stealing his gun?	你在想什麼，偷他的槍嗎？
Thank you, Detective.	謝謝你，警探。
Please approach the bench, Detective Bonds.	請上前到法官席，Bonds 警探。
I would dearly love to grant your Warrant and keep this suspect off the streets, but there just isn't enough evidence here. Perhaps if you brought me something else, I could help you. I am sincerely sorry, Detective. Here's your evidence.	我很想核發令狀、讓這名嫌犯不能回到街上，但這裡的證物實在不夠。也許你再帶些別的東西來，我就能幫忙。我真的很抱歉，探員。這是你的證物。
Thank you, Your Honor. I'll do what I can.	謝謝，庭上。我會盡力而為。
Please approach the bench, Detective.	警探，請上前到法官席。
Well, this certainly supports your theory, Detective Bonds. Your No Bail Warrant for Mr. Hoffman is granted.	嗯，這的確支持了你的推論，Bonds 警探。針對 Hoffman 先生的不得交保令，本席核准。
Thank you, Your Honor.	謝謝，庭上。
My pleasure. Here's your evidence and your warrant.	不客氣。這是你的證物和令狀。
You won't regret this, Judge Palmer.	Palmer 法官，你不會後悔的。
No, but YOU will if you spend so much time in here that Hoffman's lawyer has released him by the time you get back to the jailhouse. Move it, Detective.	不會，但如果你在這裡耗太久，等你回到拘留所時 Hoffman 的律師已經把他弄出去了，那你就會。快走，探員。
Thank you, Detective Bonds.	謝謝你，Bonds 警探。
Believe me when I say I'd love to give you a warrant for this suspect, but there just isn't enought evidence to support it. If you could provide me with something else, I could probably issue one. Sorry, Detective.	相信我，我很想核發拘票對付這名嫌犯，但目前的證據並不足以支持。如果你能提供其他佐證，我或許就能核發。抱歉了，警探。
It's Rusty, the Bailiff. He's got a pretty sedate job ... most of the time.	這是 Rusty，法警。他的工作大多時候都相當清閒……
Address your comments to the Judge, not to the Bailiff.	有意見請對法官說，不是對法警說。
You shouldn't be wandering around the courtroom, Bonds.	Bonds，你不該在法庭裡到處閒晃。
It's a table.	這是一張桌子。
Oh, come on.	喔，拜託。
This is the judge's chair.	這是法官的座椅。
You may have the courtroom jitters, Bonds, but you can't leave yet. You have things to do.	Bonds，你可能有點法庭恐懼症，但你現在還不能走，你還有事要辦。
This door leads to the anteroom.	這扇門通往前廳。
Leave the Stars & Stripes alone, Bonds.	Bonds，別去亂碰星條旗。
It's the American flag.	這是美國國旗。
You only approach the bench when the judge asks you to do so. You NEVER touch the judge's bench.	只有法官示意時，你才能上前到法官席。你絕對不能碰法官席。
This is the judge's bench.	這是法官席。
During the course of your career, you've been asked to handle junkies, murderers, rapists, thieves, nuts and pushers.	在你的職業生涯中，你處理過毒蟲、殺人犯、強姦犯、竊賊、瘋子和毒販。
But you'd never stoop to touching a lawyer.	但你絕不會墮落到去碰律師。
Lawyers.	律師。
I hate those guys.	我討厭那些傢伙。
You avoid talking to lawyers whenever possible. After all, you work months to bring some slime to justice, and the lawyers do their best to get these miscreants back out on the street...to murder, rape, and loot again.	你能不跟律師講話就盡量不講。畢竟，你花了好幾個月才把某個人渣繩之以法，律師卻竭盡全力把這些惡棍弄回街上……讓他們繼續殺人、強姦、洗劫。
It's a cliche, but it works: Act your age, not your shoe size.	這是句老掉牙的話，但很受用：表現得像你的年紀，別像你的鞋碼那麼小。
It's the court recorder's transcription machine.	這是法庭記錄員的速記機。
Get serious, Bonds. The judge would not appreciate your enthusiasm for art.	認真點，Bonds。法官可不會欣賞你對藝術的熱情。
There is a beautiful painting of turn-of-the-century Lytton behind the judge's bench.	法官席後方掛著一幅描繪世紀之交 Lytton 的美麗畫作。
Come on, Bonds, you can't grab the judge.	拜託，Bonds，你不能抓法官。
Give it to the bailiff, Bonds.	Bonds，把它交給法警。
Judge Richard Palmer is known and feared by the criminals of Lytton. He runs a strict courtroom, but a clean one.	Richard Palmer 法官在 Lytton 的罪犯圈中既出名又令人畏懼。他治理的法庭嚴格，但也清廉公正。
Leave Judge Palmer alone, Bonds. He'll probably hold you in contempt if you irritate him.	Bonds，別去煩 Palmer 法官。你要是惹惱他，他大概會以藐視法庭罪對付你。
Judge Palmer is busy.	Palmer 法官正在忙。
Yes, Your Honor, I have it right here.	是的，庭上，我這裡就有。
You give the evidence to the bailiff.	你把證物交給法警。
Yes...yes, this is perfect. I'll grant your No Bail Warrant, Bonds.	對……對，這樣就完美了。我核准你的不得交保令，Bonds。
Here's your evidence and your Warrant, Detective. Now get your butt down to the jail and keep that bird from flying!	這是你的證物和令狀，探員。現在快到拘留所去，別讓那隻鳥飛走！
You're welcome. Now MOVE!	不客氣。現在快去！
Your honor, I'm Acting Detective Sonny Bonds. I'm sorry to disturb you like this, but it's most urgent that I get a No Bail Warrant for one of my prisoners, Marvin Hoffman.	法官大人，我是代理探員 Sonny Bonds。很抱歉這樣打擾您，但我必須緊急為我的囚犯 Marvin Hoffman 取得不得交保令。
What's your reason for needing the Warrant, Bonds?	Bonds，你申請這張拘票的理由是什麼？
I believe that not only is this man a menace to the public, but he is without a doubt Jason Taselli, a drug dealer on the FBI's Ten Most Wanted list.	我相信這個人不只對社會大眾構成威脅，而且毫無疑問就是 Jason Taselli，一名列在 FBI 十大通緝要犯名單上的毒販。
What makes you think Taselli and Hoffman are the same man, Officer?	警員，你憑什麼認為 Taselli 和 Hoffman 是同一個人？
Their physical descriptions are nearly identical, and they are known to frequent the same areas and see the same people. Most importantly, each man is described as having a tattoo of a red rose over his left nipple.	他們的體貌特徵幾乎一模一樣，而且已知會出入相同的地區、接觸相同的人。最重要的是，兩人都被描述在左乳頭上方有一個紅玫瑰刺青。
Fascinating. You have any evidence to back this up?	有意思。你有證物支持這個說法嗎？
Yes, your honor.	是的，庭上。
Present it to the bailiff, Detective.	警探，把它交給法警。
It doesn't feel very strong. You wonder why it's there at all.	摸起來不太堅固。你很好奇它到底是為了什麼裝在這裡。
There is a wooden railing around the observer's seats.	旁聽席周圍有一圈木製欄杆。
Leave the court officials alone.	別去打擾法院的工作人員。
This is the court recorder.	這是法庭記錄員。
This is the historical City of Lytton Courthouse.	這是具有歷史意義的 Lytton 市法院。
These are seats for courtroom observers.	這些是旁聽席的座位。
Detective Bonds! Did you bring me more evidence?	Bonds 探員！你帶來更多證物了嗎？
...And furthermore, Counselor, your tactics are the most reprehensible I've ever seen during my 15 years on the bench. If I ever hear an outburst like that from you again, I'll ban you from my courtroom.	……而且，辯護律師，你的手段是我坐上法官席這 15 年來見過最惡劣的。要是我再聽到你這樣咆哮一次，我就把你逐出我的法庭。
Then I'll hold you in contempt of court and throw your overpriced butt in jail for a week, and THEN I'll have you disbarred.	那我就以藐視法庭罪判你入獄一週，然後吊銷你的執照。
BONDS!	BONDS！
What are you doing in my courtroom? You're not on my docket. Get out of here and stop wasting taxpayers' money!	你在我的法庭裡做什麼？你根本不在我的排期上。給我出去，別再浪費納稅人的錢了！
...and although a jury of your peers has found you innocent, young man, my personal opinion is that your actions are absolutely unforgiveable. Rest assured that if I ever see you in this courtroom again, I'll throw the book at you.	……儘管由你的同儕組成的陪審團判你無罪，年輕人，但我個人認為你的所作所為完全不可原諒。你放心，要是讓我再看到你出現在這個法庭上，我一定會用最重的罪名辦你。
I'm not talking Robert's Rules of Order here. I'm talking the entire Encyclopedia. Do you understand me?	我說的可不是《羅伯特議事規則》那種小兒科。我說的是整套百科全書等級的規矩。你聽懂了嗎？
Your Honor, I--	庭上，我——
Good. I'm glad we understand each other. Remember, one misstep, and you've HAD IT!	很好。很高興我們彼此理解。記住，只要走錯一步，你就完了！
BONDS?!	BONDS？！
You have no business being here, Officer. You're just wasting my time. Get out of here. NOW!	你沒有理由出現在這裡，警員。你只是在浪費我的時間。給我出去。馬上！
...Couldn't make it? Your star witness couldn't make it? Why, because he didn't want to miss the game this afternoon? NO! I will not grant you an extension for that, Counselor. If you can't control your own witnesses--	……來不了？你的王牌證人來不了？為什麼，因為他不想錯過今天下午的球賽嗎？不行！我不會因為這種理由准你延期的，律師。如果你連自己的證人都管不住——
Bonds, I am not in a good mood. Get out of my courtroom and stop wasting taxpayer's money before I hold you in contempt of court. SO GET OUT OF HERE! NOW!!!	Bonds，我現在心情不好。趁我還沒以藐視法庭罪名辦你之前，滾出我的法庭，別再浪費納稅人的錢了。所以給我出去！馬上！！！
...I hereby sentence you to 30 days in the County prison plus a $5,000 fine. And if I were you, young man, I'd find myself a new attorney.	……本席在此判處你郡立監獄拘役 30 天，外加罰款 5,000 美元。年輕人，要是我是你，我會另外找個律師。
Your honor, I must object! My client has been victimized by a system whose...	庭上，我必須提出異議！我的當事人是這套體制下的受害者，而這套體制……
As for you, Mister, I highly suggest you review your rules of evidence before you appear in this courtroom again. I will NOT have my time wasted with spurious accusations for which you have no evidence, objections for which you have no grounds, and constant badgering of the witnesses.	至於你，先生，我強烈建議你在下次踏進這個法庭之前，先把證據規則重新讀熟。我絕不容許你用毫無證據的指控、毫無根據的異議，以及沒完沒了地騷擾證人來浪費我的時間。
Now...what do you want, Detective?	好了……你想幹嘛，警探？
He's talking to you, Bonds. You'd better be careful. Richard Palmer is just about the toughest judge in the state of California.	他在跟你說話，Bonds。你最好小心點。Richard Palmer 大概是加州最嚴厲的法官了。
Bonds, I don't have all day.	Bonds，我沒有那麼多時間跟你耗。
Bonds, I have no time for people who have no respect. Get out of my courtroom.	Bonds，我沒空理不懂得尊重人的傢伙。滾出我的法庭。
You're this close to being held in contempt of court, Bonds. GO!!!	Bonds，你現在離藐視法庭只差這麼一點點。快滾！！！
You don't need to testify on the stand, Bonds.	Bonds，你不需要站上證人席作證。
It's the witness stand. You've sat here a few hundred times in your days as a patrolman.	這是證人席。你當巡警的那些日子裡，已經在這裡坐過幾百次了。
Please don't squeeze the suspect.	請別捏嫌犯。
It's one of the defendants on Palmer's docket. Whoever he is, he's lucky; Palmer talks loud but has a gentle touch.	這是 Palmer 排期上的其中一名被告。不管他是誰，他都算走運；Palmer 嗓門大，下手可輕得很。
You've got nothing to say to this guy.	你沒什麼話要跟這傢伙說。
Adjust Judge Palmer's windows, Bonds, and he might just adjust YOU.	Bonds，敢動 Palmer 法官的窗戶，他可能就換成「調整」你了。
The windows look out over the Courthouse lawn.	這扇窗俯瞰著法院的草坪。
Unhand that officer!	放開那位警員！
Don't you have to be somewhere, Bonds?	Bonds，你不是該去別的地方了嗎？
Gotta run, Sonny.	我得走了，Sonny。
You don't have time for idle chit-chat.	你沒空閒聊。
Bye, Sonny.	再見，Sonny。
The officer is busy.	這位警員正忙著。
Aren't you supposed to be somewhere, Bonds?	Bonds，你不是該去某個地方嗎？
Why are you lurking in the halls, Bonds? Get to work!	Bonds，你幹嘛在走廊上鬼鬼祟祟的？快去工作！
You again. Hmmph.	又是你。哼。
Hello, Bonds.	哈囉，Bonds。
Damn Gremlin. I'll kill him. Whoever he is, I'll kill him.	該死的 Gremlin。我要殺了他。不管他是誰，我都要殺了他。
It's Sgt. Dooley.	這是 Dooley 警佐。
It's always best to leave cranky Sergeants alone.	心情不好的警佐，最好別去招惹。
Considering the mood Sgt. Dooley has been in for the last several days, I'd leave him alone if I were you.	考慮到 Dooley 警佐這幾天的心情，換作是你，我會離他遠一點。
Hey, Sonny, you'd better hurry or Dooley's gonna fry your bacon for being late for the briefing.	嘿，Sonny，你最好快點，不然簡報遲到，Dooley 會把你電得死去活來。
Hi, Sonny! Did you hear Sam got tranferred to Coarsegold? Bummer, huh?	嗨，Sonny！你聽說了嗎，Sam 被調去 Coarsegold 了？真衰，對吧？
Hey, it's the Sonny-meister!	嘿，這不是 Sonny 大師嗎！
How's it going, Sonny? Cleaned up Lytton yet? ha ha.	最近怎樣，Sonny？把 Lytton 整頓乾淨了沒？哈哈。
Hey, Sonny, I'll give you a call this weekend.	嘿，Sonny，這個週末我打給你。
Hey, wake up! You're thinkin' too hard!	嘿，醒醒！你想太多了！
Oh, man, I'm late. Dooley's gonna kill me.	喔，慘了，我遲到了。Dooley 會宰了我。
Smile, Sonny!	笑一個，Sonny！
Sonny, wasn't the Gremlin's last joke awesome? Ha ha!	Sonny，Gremlin 上次那個惡作劇是不是超讚？哈哈！
Earth to Sonny, Earth to Sonny! You were lookin' a little spacey there, ha ha!	呼叫 Sonny，呼叫 Sonny！你剛剛看起來有點神遊，哈哈！
Sonny, did you see the game last night? That's the way to do it, man. Get paid five million a year to kick a little ball around, ha ha!	Sonny，你昨晚看比賽了嗎？這才是人生贏家的玩法。踢踢小球一年就能賺五百萬，哈哈！
Hey, Bonds, did you double your quota again this week? What an overachiever, man!	嘿，Bonds，你這禮拜業績又是雙倍了嗎？真是個工作狂啊！
Hey, Sonny! When are you gonna get a girlfriend, ha ha!	嘿，Sonny！你到底什麼時候才要交個女朋友啊，哈哈！
Oh, geez, Dooley had a cow over his "customized" pink uniform. The Gremlin strikes again, ay, Sonny? Ha ha!	喔，天啊，Dooley 為了他那件「客製化」的粉紅制服氣炸了。Gremlin 又出手了，是吧，Sonny？哈哈！
Oh, my baby lives in Bootjack, she's the apple of my eye And if my baby left me, I'd blow a lung and die. She hugs me in the morning and she kisses me at night, She makes me roadkill pancakes, And she's vicious in a fight.	喔，我的寶貝住在 Bootjack，她是我的掌上明珠，要是她離開我，我肯定會活活氣斷氣。她早上抱我，晚上吻我，她會煮路殺動物做成的鬆餅給我吃，她打起架來還挺兇的。
One of your fellow officers.	你的一位同事警員。
Oh, hi, Sonny.	喔，嗨，Sonny。
Hi, Sonny. Be careful today, okay?	嗨，Sonny。今天小心點，好嗎？
Don't get old, Sonny, it's not worth it.	別變老啊，Sonny，不划算的。
It's Officer Jack Cobb.	這是 Jack Cobb 警員。
Jack seems distracted lately. You're a little worried about him.	Jack 最近似乎心不在焉。你有點擔心他。
You answer Jack, but he doesn't seem to hear you.	你回應了 Jack，但他似乎沒聽見。
Hello, Bonds. Nice to see you.	你好，Bonds。很高興見到你。
Keep up the good work, Bonds.	繼續保持，Bonds。
Hello, Sonny.	你好，Sonny。
I hear good things about you, Bonds.	我聽到不少關於你的好消息，Bonds。
It's Lt. Morgan.	這是 Morgan 中尉。
You politely reply. Lt. Morgan is definitely a good guy, you think to yourself.	你禮貌地回應。你心想，Morgan 中尉確實是個好人。
You politely answer Lt. Morgan.	你禮貌地回答 Morgan 中尉。
What, did you expect yourself to answer? You've been working too hard, Bonds.	怎麼，你還期待自己會回答自己嗎？Bonds，你工作太累了。
You get a busy signal.	你聽到忙線音。
This is Sergeant John Dooley. Leave your name and message at the tone. And if this is The Gremlin, YOU'RE DEAD! **BEEP*	這是 John Dooley 警佐。請在嗶聲後留下姓名與留言。要是你是 Gremlin，你死定了！**嗶*
Yikes! You decide not to leave a message.	哎呀！你決定不留言了。
Hmmm, no answer.	嗯，沒人接。
Hi, this is Officer Fudley Morris. I can't come to the phone right now. I'm cleaning up the streets. Leave your number and I'll call you back. **BEEP*	嗨，這是 Fudley Morris 警員。我現在沒辦法接電話，我正在整頓街頭。留下你的電話號碼，我會回你電話。**嗶*
Cleaning up the streets? Yeah, right. You'd bet 20 to 1 that Fudley's cleaning himself in the shower. Fudley's always in the shower.	整頓街頭？是啦，才怪。你敢賭二十比一，Fudley 現在肯定在浴室裡沖洗自己。Fudley 老是窩在浴室裡。
There's no answer right now.	現在沒人接聽。
...Hello?	……喂？
Jack, this is Sonny.	Jack，我是 Sonny。
Oh...Sonny. Listen, I don't really feel like talking...	喔……Sonny。聽著，我現在不太想說話……
I know, Jack. I just wanted to tell you...that I'm sorry. If there's anything I can do for you, Jack, anything at all, just let me know.	我知道，Jack。我只是想跟你說……我很遺憾。如果有什麼我能幫上忙的，Jack，什麼都可以，跟我說一聲就行。
Thank you, Sonny, that means a lot to me. There's nothing I can think of. But thanks anyway.	謝謝你，Sonny，這對我意義重大。我一時想不到有什麼需要的。但還是謝謝你。
Sure. Call me if you need me, okay?	沒問題。有需要就打給我，好嗎？
Okay. Goodbye, Sonny.	好。再見，Sonny。
Goodbye, Jack.	再見，Jack。
That was just about the most difficult phone call you ever made in your life. You're glad you did, though. You wanted Jack to know you were thinking of him.	那大概是你這輩子打過最艱難的一通電話。不過你還是很慶幸自己打了。你希望 Jack 知道，你一直惦記著他。
You suddenly remember the time that Keith had to call the parents of a young 11-44. You realize that you probably have many more terribly hard phone calls to make in your career. You try not to think about it. They make you sick to your stomach.	你忽然想起 Keith 曾經打電話通知一名年輕 11-44 死者的父母那次。你意識到，在你的警察生涯裡，恐怕還有更多這種艱難無比的電話要打。你試著不去多想。光想到就讓你反胃。
You get only a busy signal.	你只聽到忙線音。
This is Jake Donaldson. I'm on vacation this week. Leave a message if it's important. If you call me at my hotel in San Diego, it had better be a life and death matter. I'm busy soakin' up rays! **BEEP*	這是 Jake Donaldson。我這禮拜在度假。有重要的事再留言。要是你打到我在 San Diego 的飯店找我，最好是攸關生死的大事。我正忙著曬太陽呢！**嗶*
You decide to leave Jake in peace.	你決定讓 Jake 安靜度假，不打擾他。
This is Detective Jeff Steele. I can't come to the phone right now. I'm sure I have a very good reason. If you have a very good reason, leave your name and message at the beep. **BEEP*	這是 Jeff Steele 警探。我現在沒辦法接電話。我相信自己一定有個很充分的理由。如果你也有很充分的理由，請在嗶聲後留下姓名與留言。**嗶*
You don't have a good reason to talk to Detective Steele, so you hang up.	你沒有充分的理由要找 Steele 警探談，所以你掛斷了電話。
Hi, this is Keith Mandel. I'm out making Lytton safe for future generations, so please leave your message and I'll call you back. **BEEP*	嗨，這是 Keith Mandel。我正在外面為子孫後代把 Lytton 變得更安全，請留言，我會回電給你。**嗶*
Keith, this is Sonny. I'm sure the criminals are quaking with fear at the sound of your name by now. Call me if you want to go for pizza this weekend. Bye.	Keith，我是 Sonny。我猜現在罪犯只要聽到你的名字都嚇得發抖了吧。這週末想吃披薩的話打給我。掰。
Hi, this is Officer Kurt Wolff. I'm probably out risking my life over a domestic dispute involving who drank the last of the orange juice, or who left the toilet seat up. Leave your name and number. If I live through the day, I'll call you. **BEEP*	嗨，這是 Kurt Wolff 警員。我大概正在外面冒著生命危險，處理誰喝光最後一杯柳橙汁、或誰沒把馬桶蓋放下來之類的家庭糾紛。留下你的姓名和電話。要是我能活著撐過今天，我會回你電話。**嗶*
Hmm, Kurt always did have a strange sense of humor.	嗯，Kurt 的幽默感一向都很奇怪。
Hi, this is Officer Miranda Duvall. I'm out saving the world right now, so obviously, I can't come to the phone. If you need a natural disaster averted, leave your name and message and I'll get back to you. **BEEP*	嗨，這是 Miranda Duvall 警員。我現在正在外面拯救世界，所以顯然沒辦法接電話。如果你需要阻止一場天災，請留下姓名與留言，我會回你電話。**嗶*
Hmm, great message!	嗯，這留言真棒！
You get a busy signal. Captain Morgan has to spend a lot of time on the phone.	你聽到忙線音。Morgan 隊長顯然得花很多時間講電話。
Hello, this is Detective Oliver Smith. I'm out improving my skills with a firearm at the firing range. I would suggest you get off your butt and do so as well. If you have something to say to me, leave a message at the tone. **BEEP*	你好，這是 Oliver Smith 警探。我正在靶場精進槍法。我建議你也起身動一動，去練練槍。如果你有話跟我說，請在嗶聲後留言。**嗶*
You don't have anything to say to Detective Smith, so you hang up.	你沒什麼話要跟 Smith 警探說，所以你掛斷了電話。
This is Detective Oscar Hamiliton. I'm out scraping some poor shlock off the sidewalk right now, so I can't come to the phone. If it's important, leave me a message. If it's not, leave me the hell alone.	這是 Oscar Hamilton 警探。我現在正在外面把某個可憐蟲從人行道上刮起來，所以沒辦法接電話。要是有重要的事，留言給我。不重要的話，別來煩我。
*BEEP*	*嗶*
You wisely decide not to disturb the Detective.	你很明智地決定不去打擾這位警探。
This is Officer Billings. I can't come to the phone right now. If you're the creep who bashed the fender of my vintage Jag, leave your name and number at the tone. Believe me, I'll get back to you. **BEEP**	這是 Billings 警員。我現在沒辦法接電話。如果你就是撞凹我那台古董 Jag 車頭板的死小子，請在嗶聲後留下姓名和電話。相信我，我一定會回你電話。**嗶**
You don't need to say anything to Officer Billings, so you hang up.	你沒必要跟 Billings 警員說什麼，所以你掛斷了電話。
Hi, Little Buckaroo, this is Officer Paul Peterowski at your service. I'm not really at your service, because I'm not here right now! Leave a message, or come down to the jail and see me. I'm dying for some company! That means you, Sonny Bonds! **BEEP*	嗨，小牛仔，這是 Paul Peterowski 警員為您服務。其實我沒辦法為你服務，因為我現在不在！留個言，或者直接來監獄看我。我快悶死了，超想有人陪！說的就是你，Sonny Bonds！**嗶*
Cringing inwardly, you hang up.	你內心一陣尷尬，掛斷了電話。
The number you have dialed cannot be reached from your calling area. Thank you for using LT&T.	您撥的號碼在您所在的區域無法接通。感謝您使用 LT&T。
That number seems to be busy.	那個號碼似乎在忙線中。
You don't need to repeat that call.	你不需要再打一次那通電話。
Against your better judgment, you dial the emergency number. After a few seconds, the dispatcher answers your call.	儘管明知不太妥當，你還是撥了緊急電話號碼。幾秒鐘後，調度員接起了你的電話。
She informs you curtly that you cannot be transferred to Lieutenant Morgan from this line, and reminds you that 911 is strictly for emergencies.	她語氣冷淡地告訴你，這條線無法轉接給 Morgan 中尉，並提醒你 911 專門用於緊急狀況。
Unfortunately, you know she's right, and you apologize quickly before hanging up.	很遺憾，你知道她說得沒錯，於是你連忙道歉後掛斷電話。
You DID remember to note Morgan's phone number before leaving the station, didn't you? That would have been just plain common sense.	你出發前確實有記下 Morgan 的電話號碼吧？這本來就是基本常識。
We're sorry. Your call can not go through as dialed. Please check the number and dial again. Thank you for using LT&T.	很抱歉，您撥的號碼無法接通。請確認號碼後重新撥打。感謝您使用 LT&T。
You have reached Directory Assistance. Due to a heavy volume of calls, all circuits are busy. Please try again later. Thank you for using LT&T.	您已接通查號台。由於來電量過大，目前線路全滿。請稍後再撥。感謝您使用 LT&T。
We're sorry, you have reached a number that is no longer in service. If you feel you have reached this recording in error, please check the number and try your call again. Thank you for using LT&T.	很抱歉，您撥的號碼已經停用。如果您認為聽到這段錄音是誤撥，請確認號碼後重新撥打。感謝您使用 LT&T。
McCall. Leave a message. **BEEP**	McCall。請留言。**嗶**
You decide not to leave a message.	你決定不留言。
Hi, this is Russ! I'm, like, really busy right now, so, like, leave your message at the beep, and I'll have my secretary call yours, ha ha! **BEEP**	嗨，我是 Russ！我現在，呃，真的很忙，所以，呃，嗶聲後留言吧，我會叫我的秘書打給你的秘書，哈哈！**嗶**
You don't have a message for Russ, so you hang up.	你沒有話要留給 Russ，所以你掛斷了電話。
Hi, this is Officer Zuckerman. If you're Oprah or Phil or Sally wanting to tell the sordid story of my life, I'll call you right back. If you're anyone else, leave your number anyway, and I'll think about it! **BEEP**	嗨，這是 Zuckerman 警員。如果你是 Oprah、Phil 或 Sally，想邀我上節目大爆我那段不堪的往事，我會馬上回你電話。要是別人的話，反正也留個號碼吧，我會考慮考慮！**嗶**
Sarah, this is Geraldo. I was going to have you on my program, but you got bumped by a panel of completely well-adjusted, happy straight people. Sorry, maybe next time!	Sarah，我是 Geraldo。本來要請你上我的節目，但你被一群完全正常、幸福美滿的異性戀來賓給擠掉了。抱歉，也許下次吧！
That'll teach her.	這下她學到教訓了。
This is Officer Shelly Kale. Leave your name and number and I'll get back to you. **BEEP**	這是 Shelly Kale 警員。留下你的姓名和電話，我會回你電話。**嗶**
You don't have anything to say to Officer Kale, so you hang up.	你沒什麼話要跟 Kale 警員說，所以你掛斷了電話。
Hey, this is Steve. I'm busy scamming babes right now so leave me a message and I'll call you back. Bye! **BEEP**	嘿，這是 Steve。我現在正忙著把妹，留言給我，我會回電。掰！**嗶**
Hey, bozo, what are you doing? Get back to your desk and finish your paperwork! Let me know if you wanna go for pizza this weekend. Bye.	嘿，笨蛋，你在幹嘛？快回你的辦公桌把文件寫完！這週末想吃披薩的話跟我說一聲。掰。
That was fun!	真有趣！
You don't need to pester Detective Taber right now.	你現在不需要去煩 Taber 警探。
Hmmm...(yawn)...Hello?	嗯……（打哈欠）……喂？
It sounds like she was taking a nap. Maybe you should hang up without saying anything.	聽起來她剛才在打盹。或許你該一聲不吭地掛掉電話。
Hi, baby. How are you?	嗨，寶貝。你好嗎？
(Giggle). Who is this?	（嬌笑）你是哪位？
It's me, Sonny Bonds. Remember, the cop who pulled you over? I'd really like to come over and see you, Tawnee...	是我，Sonny Bonds。記得嗎？就是那個攔下你的警察。我真的很想去找你，Tawnee……
Tawnee? Who the hell is Tawnee? This is Helen Hackman. You know, Police Commisioner Johnathan Hackman's WIFE? You sleazy little creep! I'll have your badge for this!	Tawnee？Tawnee 是哪位？這裡是 Helen Hackman。你知道嗎，就是 Johnathan Hackman 警察局長的「太太」！你這個下流的小混蛋！我一定要讓你被吊銷警徽！
Sorry, wrong number.	抱歉，打錯電話了。
She did, in fact, have your badge for that. You were kicked off the force in disgrace. Hope you're enjoying your new job at Brew 'N Burger.	她真的說到做到，害你被吊銷了警徽。你就這樣顏面掃地地被踢出警隊。希望你在 Brew 'N Burger 的新工作做得開心。
Hi, this is Detective Watts. I'm training some wet-behind-the-ears babynarc right now, so I can't come to the phone. You know what to do at the tone. Bye! **BEEP**	嗨，我是 Watts 警探。我現在正在訓練一個乳臭未乾的緝毒組菜鳥，沒空接電話。嗶聲後請留言，你知道該怎麼做。掰！**嗶**
Hey! What did she just call you?	嘿！她剛才是怎麼稱呼你的？
BADGE : %s	警徽 : %s
DIVISION : %s	單位 : %s
File not found.	找不到檔案。
File found: Taselli, Jason - Currently on Most Wanted List Sex: M Height: 6'0" Hair: Blk Eyes: Blue Weight: 190 Distinguishing Marks: Rose Tattoo over left nipple Please select action:	找到檔案：Taselli, Jason——目前列於頭號通緝名單 性別:男 身高:6'0" 髮色:黑 眼睛:藍 體重:190 特徵:左乳頭上方有玫瑰刺青 請選擇動作：
Print file	列印檔案
Enter new file code:	請輸入新的檔案代碼：
Sending file to local printer.	正在將檔案送往本地印表機。
Establishing FBI link. Enter FBI case number:	正在建立 FBI 連線。請輸入 FBI 案件編號：
HEIGHT : %s	身高 : %s
Sorry, that server is not currently accessible.	抱歉，目前無法連線該伺服器。
NAME : %s	姓名 : %s
Notes	備註
Thank you for using the CHIPSTER 2000 Computer System. It was my pleasure to serve you.	感謝您使用 CHIPSTER 2000 電腦系統。很榮幸能為您服務。
Welcome to the CHIPSTER 2000 Computer System. How may I please you today?	歡迎使用 CHIPSTER 2000 電腦系統。今天有什麼能為您效勞的嗎？
Searching...	搜尋中……
SEX : %s	性別 : %s
STATUS : %s	狀態 : %s
Narcotics	緝毒組
See below	見下方
Anglin, Daniel	Anglin, Daniel
Transferred from Steelton PD	自 Steelton PD 調任
Temporary	臨時
Vice	風化組
Ballew, Todd	Ballew, Todd
Transferred to Vice, 1/90. Telephone: 555-2483	調往風化組，1/90 生效。電話：555-2483
Homicide	兇殺組
Hamilton, Oscar	Hamilton, Oscar
Promoted to Sergeant, 4/1/87 Promoted to Lieutenant, 5/2/92 Telephone: 555-3293	晉升警佐，4/1/87 生效 晉升中尉，5/2/92 生效 電話：555-3293
Active	現役
Traffic	交通組
Johnson, Steven	Johnson, Steven
Telephone: 555-3833	電話：555-3833
Violent Crimes	暴力犯罪組
Kale, Sheila	Kale, Sheila
Leave of Absence. Telephone: 555-2233	休假中。電話：555-2233
Inactive	非現役
Mandel, Keith	Mandel, Keith
Telephone: 555-2837	電話：555-2837
McCall, Rex	McCall, Rex
Promoted to Sergeant: 6/16/88. Telephone: 555-2275	晉升警佐，6/16/88 生效。電話：555-2275
Michaels, Anthony	Michaels, Anthony
Indefinite medical leave. Telephone: 555-2273.	無限期病假。電話：555-2273。
Morgan, Joseph	Morgan, Joseph
Promoted to Sergeant, 4/20/82 Promoted to Lieutenant, 1/2/90 Telephone: 555-3784	晉升警佐，4/20/82 生效 晉升中尉，1/2/90 生效 電話：555-3784
Morris, Fudley	Morris, Fudley
Reprimanded 3/31/91: tardiness Reprimanded 6/30/91: tardiness Reprimanded 12/31/91: tardiness Telephone: 555-9274	受申誡 3/31/91：遲到 受申誡 6/30/91：遲到 受申誡 12/31/91：遲到 電話：555-9274
Active; on administrative parole	現役；行政察看中
Incarceration	收押組
Peterowski, Paul	Peterowski, Paul
Transferred to Prison Duty, 11/1/91 Telephone: 555-4335	調往監所勤務，11/1/91 生效 電話：555-4335
Burglary	竊盜組
Shannon, Michael	Shannon, Michael
Internal Affairs currently investigating death of suspect and possible misuse of firearms. Telephone: 555-9699	內部事務署正在調查一起嫌犯死亡案件，並涉嫌濫用槍械。電話：555-9699
Suspended w/pay concomitant w/IA investigation	帶薪停職，配合內部事務署調查
Billings, Patricia	Billings, Patricia
Telephone: 555-7427	電話：555-7427
Shapiro, Sandra	Shapiro, Sandra
Telephone: 555-2697	電話：555-2697
Smith, Oliver	Smith, Oliver
Award issued for Marksmanship, 7/90 Telephone: 555-2264	射擊術獎項，90 年 7 月。電話：555-2264
Steele, Jeffrey	Steele, Jeffrey
Promoted to Detective 2nd Class, 10/1/89 Telephone: 555-7783	晉升二等警探，10/1/89 生效。電話：555-7783
Taber, Joseph	Taber, Joseph
Promoted to Detective, 5/15/92 Telephone: 555-9473	晉升警探，5/15/92 生效。電話：555-9473
Watts, Laura	Watts, Laura
Promoted to Detective, 9/1/90 Telephone: 555-8833	晉升警探，9/1/90 生效。電話：555-8833
Wolff, Kurt	Wolff, Kurt
Telephone: 555-4875	電話：555-4875
Zuckerman, Sarah	Zuckerman, Sarah
Telephone: 555-9425	電話：555-9425
Narcotics (Temp.)	緝毒組（臨時）
Bonds, Sonny	Bonds, Sonny
Currently on temporary assignment to Narcotics. General duty: Traffic. Telephone: 555-7883	目前臨時調派至緝毒組。一般職務：交通組。電話：555-7883
Carter, Thomas	Carter, Thomas
Officer of the Month: 6/89, 2/92. Telephone: 555-4663	本月最佳警員：6/89、2/92。電話：555-4663
Evidence	證物組
Dinkle, Russell	Dinkle, Russell
Transferred to Evidence 12/89. Telephone: 555-6373	調往證物組，12/89 生效。電話：555-6373
Cobb, Jack	Cobb, Jack
Telephone: 555-7627	電話：555-7627
Donaldson, Jake	Donaldson, Jake
On vacation. Telephone: 555-6342	休假中。電話：555-6342
Dooley, Jonathan	Dooley, Jonathan
Promoted to Sergeant, 8/83. Telephone: 555-9355	晉升警佐，8/83 生效。電話：555-9355
Duvall, Miranda	Duvall, Miranda
Transferred to Homicide 8/1/91. Telephone: 555-9453	調往兇殺組，8/1/91 生效。電話：555-9453
Sorry, that weapon code is not on file.	抱歉，查無此武器代碼的紀錄。
Registered to: Jason Taselli, FBI file #60321.	登記持有人：Jason Taselli，FBI 檔案編號 #60321。
Please enter the 5 digit serial number of your weapon.	請輸入您武器的 5 位數序號。
WEIGHT : %s	體重 : %s
Knocking on the elevator doors isn't going to make the elevator arrive any faster...and you're not strong enough to pry the doors apart.	敲電梯門並不會讓電梯來得比較快……而你也沒有足夠的力氣把門硬扳開。
Knocking on the elevator doors won't make the elevator appear any faster...and you're not strong enough to pry the doors apart.	敲電梯門不會讓電梯出現得比較快……而你也沒有足夠的力氣把門硬扳開。
This is the first floor of the Hotel Delphoria.	這是 Delphoria 飯店的一樓。
This is the second floor of the Hotel Delphoria.	這是 Delphoria 飯店的二樓。
This is the third floor of the Hotel Delphoria.	這是 Delphoria 飯店的三樓。
You've got more pressing matters than picking through the carpet.	你還有比翻找地毯更重要的事情要做。
It's that ever-present peach carpeting.	又是那片無所不在的桃色地毯。
Try your key.	試試你的鑰匙。
You turn the key, and the door pops open. A wave of powerful disinfectant air freshener wafts over you.	你轉動鑰匙，門應聲彈開。一陣濃烈的消毒芳香劑氣味迎面撲來。
It's room number 202.	這是 202 號房。
It's room number 202. Hey, that's your room!	這是 202 號房。嘿，這是你的房間！
You don't need to do that.	你不需要那麼做。
You don't want to know.	你不會想知道的。
It's not your room.	這不是你的房間。
It's room 203.	這是 203 號房。
Don't disturb them, Bonds. They're not breaking the law. Just bending good taste.	Bonds，別打擾他們。他們沒有犯法，只是把好品味扭曲了一點。
You tap on the door, but no one answers. You hear muffled rustling.	你敲了敲門，但沒人應答。你聽見裡頭傳來悶悶的窸窣聲。
From inside, you hear: "Shhh! Frederick! Quick, it's my husband!"	你聽見裡頭傳來：「噓！Frederick！快，是我老公！」
You knock on the door. You hear agitated rustling.	你敲了敲門。你聽見裡頭傳來慌亂的窸窣聲。
It's room 303.	這是 303 號房。
"Shhh! Al! It's your wife!"	「噓！Al！是你老婆！」
The hotel controls the light fixtures, Bonds. You can't turn it on or off.	Bonds，燈具是由飯店統一控制的，你沒辦法開關它。
It's a light fixture.	這是一盞燈具。
You can't reach it, pal.	老兄，你搆不到它。
Fancy paneling, hmm?	挺講究的壁板，嗯？
Gerald, I don't feel like playing this game anymore.	Gerald，我不想再玩這個遊戲了。
You SAID you thought it sounded like FUN!	你之前明明說這聽起來很好玩！
I was talking about going away with you for a weekend. But this game, this is just...sick. Take the handcuffs off.	我說的是跟你出去度週末。但這個遊戲，這根本就……變態。把手銬拿掉。
We'll see, me beauty.	我們等著瞧，我的美人。
I swear, Gerald, I'm going to kick you in a second...	我發誓，Gerald，我馬上就要踹你了……
As you walk by the room, you catch a snippet of what must be one of the free in-room movies..."Tonight...Dino DeLaurentis presents a Brian DePalma Production of a George Romero Film. John Carpenter's TEDDY BEAR'S PICNIC! You've never seen teddy bears like these before! If you go down to the woods today, you're in for a BIG surprise!"	你經過房間時，聽到裡面電視正播放的應該是那種免費客房電影……「今晚……Dino DeLaurentis 監製，Brian DePalma 執導，George Romero 原著改編，John Carpenter 的《泰迪熊野餐》！你從沒見過這樣的泰迪熊！如果你今天走進森林，等著你的會是天大的驚喜！」
%s call%s.	%s%s 跟注。
You can not pass since there is already a bet of %d chip%s placed.	你不能過牌，因為賭注已經有 %d 枚籌碼%s。
You can not ante at this time.	你現在不能下前注。
You can not call at this time.	你現在不能跟注。
You can not deal the cards right now.	你現在不能發牌。
You can not fold at this time.	你現在不能蓋牌。
%s %s raised %d chip%s.	%s%s 加注了 %d 枚籌碼%s。
Please deal the cards first.	請先發牌。
You are only allowed to discard 3 cards unless you keep an ace.	你最多只能丟棄 3 張牌，除非你留了一張 A。
%s fold%s.	%s 蓋牌%s。
%s %s anted up %d chip%s.	%s%s 下了 %d 枚籌碼%s 的前注。
Flush	同花
Four of a Kind	四條
Full House	葫蘆
High Card	高牌
One Pair	一對
Straight	順子
Straight Flush	同花順
Three of a Kind	三條
Two Pairs	兩對
has	has
%s %s bet %d chip%s.	%s%s 下注了 %d 枚籌碼%s。
have	have
You have reached your maximum bet.	你已經達到最高下注額。
You have reached your minimum bet.	你已經達到最低下注額。
You must bet at least %d chip%s.	你至少要下注 %d 枚籌碼%s。
Frank	Frank
Gene	Gene
Otto	Otto
You	你
You can not change your bet at this time.	你現在不能更改賭注。
%s pass%s.	%s 過牌%s。
Play	玩牌
Please discard your unwanted cards now.	現在請丟棄你不需要的牌。
es	es
Would you like to Play Poker or Skip it?	你想要玩撲克，還是跳過？
You still have to ante.	你還必須下前注。
You still have a bet to make.	你還有賭注要下。
%s take%s %d card%s.	%s%s 拿了 %d 張牌%s。
This hand is a tie between	這一局平手的雙方是
%s win%s.	%s 獲勝%s。
The winner is	獲勝者是
Skip It	跳過
It is your turn to deal now.	現在輪到你發牌了。
You lose.	你輸了。
You win!	你贏了！
It's the door of your car.	這是你的車門。
It feels like a car.	摸起來像是一輛車。
That's not an option at this time.	現在無法這麼做。
It's your car.	這是你的車。
If you can't take a simple order like 'Sit Down', Bonds, you're going to have trouble advancing in the force. Dooley's not YOUR biggest fan right now.	如果連「坐下」這種簡單命令都做不到，Bonds，你很難在警隊升遷。Dooley 現在可不是你的支持者。
You're supposed to be an example for the people of Lytton, Bonds, not a sleazeball. You were bounced out of the force so fast your head is still spinning. Hope you like your new career at Happy Donut.	Bonds，你應該是 Lytton 市民的榜樣，不是個卑鄙之徒。你被警隊踢出去的速度快得頭都還在暈。希望你喜歡在 Happy Donut 的新工作。
This game upholds the law, partner. Come back when you find your documentation.	這場遊戲維護法律，夥伴。找到你的文件後再回來吧。
Thanks for playing Police Quest 1.	感謝遊玩《警察故事 1》。
One must stop at stop signs, don't you think?	遇到停車標誌就該停下，不是嗎？
Because of your failure to follow police procedure, you've just been clobbered by a sloppy drunk. You sure look cute in that neck brace.	因為你沒有遵守警察程序，你剛被一名醉漢狠狠撞倒。戴著頸圈的樣子還真可愛。
Bill Barnum was delighted that you didn't arrest him. In fact, he was so happy that he celebrated with a fifth of scotch, and then ran into five people, two cats, and a cement mixer. Internal Affairs found you guilty of gross negligence. We hope you're enjoying your new career as a shoe salesman. Say "Hi" to Al for us.	Bill Barnum 很高興你沒有逮捕他。事實上他開心到喝了整瓶威士忌慶祝，接著撞上五個人、兩隻貓和一台混凝土攪拌車。內務調查認定你嚴重疏忽職守。希望你喜歡當鞋類推銷員的新工作。替我們向 Al 問好。
It was very kind of you to cuff Mr. Barnum in the front, Bonds. You'll have plenty of time to reflect on your gentle deed as you're lying in the hospital with tubes up your nose, recovering from a fractured vertabrae.	Bonds，把 Barnum 先生的手銬銬在前面真是體貼。你會有很多時間躺在醫院裡、鼻子插著管子，反省自己這份溫柔，直到脊椎骨折康復為止。
They taught you to lock up your gun before entering a jailhouse during the first week of the Academy, Bonds. It looks like you could use a little review. Unfortunately, at the moment, you're a little perforated.	Bonds，警校第一週就教過你進入監獄前要鎖好槍。看來你需要複習一下。可惜此刻的你，身上已經多了幾個洞。
Maybe you should have brushed up your poker skills before taking those guys on. You know what they say; if you can't run with the big dogs, stay on the porch!	也許你該先磨練一下撲克技巧，再去挑戰那些人。俗話說：沒本事和大狗一起跑，就待在門廊上！
It was everything you've ever imagined. Unfortunately, Lt. Morgan called you just as Marie was calling on her maker. Her foot knocked the phone off the hook... and the rest is history. In fact, your career is history.	那一切正如你想像的一樣。可惜就在 Marie 送命時，Morgan 中尉打電話找你。她的腳把電話踢離了話筒……其餘的就成了歷史。事實上，你的職涯也成了歷史。
You were supposed to be blending in, not drawing attention to yourself. Maybe next time you should act like a civilized gangster and pay for your drink, mmm?	你本該融入環境，而不是引人注意。下次也許該像個文明的黑幫分子，付清你的飲料錢，嗯？
You never have been able to hold your liquor, Bonds. After your third rum and coke, you tore off your clothes and ran through the hallway shouting 'Guess what, I'm a cop'. Lt. Morgan removed you from the case, and Sgt. Dooley put you back on a foot patrol. Oh, well, walking is good for you.	Bonds，你向來不勝酒力。喝下第三杯蘭姆可樂後，你脫光衣服在走廊奔跑，大喊「猜猜我是警察」。Morgan 中尉把你調離案件，Dooley 警佐則把你送回步巡。算了，走路對你有益。
As you're slugging down your rum and coke, you hear a familiar angry bellow. It's Sgt. Dooley, who's here meeting his elderly, out-of-town aunt Angina. Unfortunately, the force takes a dim view of drinking in uniform... oh well, you can get a job at the mall.	你正灌下蘭姆可樂時，聽見熟悉的怒吼。是 Dooley 警佐，他來這裡會見外地來的年長姑媽 Angina。可惜警隊不允許穿制服喝酒……算了，你可以去購物中心找工作。
Because you failed to perform a walk-around safety check before you got into your car, you failed to notice that you had picked up a nail. Normally this would only result in a reprimand...but unfortunately for you, your tire blew out in a neighborhood that considers cops to be a nice after-dinner snack. You were dragged out of your car by a howling mob of junkies, thugs, and killers. It's going to be a closed-casket funeral...	因為上車前沒有繞車檢查，你沒發現輪胎扎進了釘子。通常這只會換來斥責……但不幸的是，你的輪胎在一個把警察當餐後點心的街區爆胎了。你被一群嚎叫的癮君子、暴徒和殺人犯拖出車外。這將是一場封棺葬禮……
Your failure to follow police procedure allowed the suspect to escape. Lt. Morgan was less than impressed by the fact that you couldn't control a sixteen year old junkie. You're off the case.	你沒有遵守警察程序，讓嫌犯逃脫。Morgan 中尉對你連十六歲的吸毒少年都控制不了十分失望。你被調離本案。
Congratulations, you just shot a sixteen year old, unarmed suspect. Internal affairs kicked you off the force immediately. You didn't know red tape could move that fast. Your murder trial starts tomorrow...	恭喜，你剛射殺了一名手無寸鐵的十六歲嫌犯。內務調查立刻把你逐出警隊。沒想到官僚程序也能這麼快。你的謀殺審判明天開始……
Good job, Bonds, you just scared off the suspects. Lt. Morgan pulled you off the case. Oh well, traffic patrol isn't THAT bad.	做得好，Bonds，你剛把嫌犯嚇跑了。Morgan 中尉把你調離案件。算了，交通巡邏也沒那麼糟。
Because you didn't search your suspect, you didn't find the little packet of cocaine in his pocket. On the way back to the station, the terrified boy managed to swallow it. He died three hours later. You were kicked off the force for gross negligence.	因為你沒有搜查嫌犯，沒發現他口袋裡的小包古柯鹼。回警局途中，驚恐的男孩設法把它吞了下去。他三小時後死亡。你因嚴重疏忽被逐出警隊。
Your failure to halt Simms allowed him to escape. Two weeks later he washed up in Cotton Cove, dead of an OD. Lt. Morgan lost all faith in you, and pulled you off the case. The boy's death continues to haunt you.	你沒能制止 Simms，讓他逃走。兩週後，他因藥物過量死在 Cotton Cove 被發現。Morgan 中尉對你完全失去信心，把你調離案件。男孩的死持續纏繞著你。
You just arrested two people for loitering in the park, Bonds. No drugs were ever found, and the case was thrown out of court. Lt. Morgan took you off the case immediately. Next time, wait till you see something that might constitute a crime.	Bonds，你剛因在公園遊蕩逮捕了兩人。始終沒找到毒品，案件也被法院駁回。Morgan 中尉立刻把你調離案件。下次等看到真正可能構成犯罪的行為再行動。
You seemed to have contracted a severe case of lead poisoning. Perhaps if you had followed Lt. Morgan's instructions and called him, he might have sent you some BACKUP!	你似乎染上了嚴重的鉛中毒。或許你若遵照 Morgan 中尉的指示呼叫他，他就會派支援來！
Because you didn't give your backup team your location, they couldn't find you. Oh, they found you eventually...weighted down at the bottom of the lake. Maybe you should be a little more observant of your surroundings next time.	因為你沒有告知支援小隊位置，他們找不到你。噢，他們最後還是找到你了……你被加重後沉在湖底。下次也許該更留意周遭環境。
You resemble a piece of ketchup-soaked swiss cheese. Calling for backup might have been a good idea.	你看起來像一塊泡在番茄醬裡的瑞士起司。呼叫支援或許是個好主意。
Restart	重來
Restore	還原
Basic intuition should tell you that cuffing a dangerous felon is a good thing to do, Bonds. You're lawn fertilizer.	基本直覺應該會告訴你，給危險重犯上手銬是件好事，Bonds。你現在是草坪肥料。
A policeman has to be able to think fast and make split-second decisions. The only decision you need to make now is whether you want to push up daisies or begonias.	警察必須能夠迅速思考、在瞬間做出決定。而你現在唯一需要做的決定，就是你比較想長眠在雛菊底下，還是秋海棠底下。
Taking on a potentially dangerous suspect without any backup isn't brave, it's stupid. Nice toe tag, Bonds.	沒有支援就對付可能危險的嫌犯不是勇敢，而是愚蠢。腳趾標籤不錯，Bonds。
Gunning down suspects like clay pigeons may be quite the thing to do in the movies, but in real life all it gets you is a place in the unemployment line. Better luck next time, Hoot Gibson.	像打飛靶一樣射殺嫌犯在電影裡或許很威風，但現實只會讓你排在失業隊伍裡。下次好運，Hoot Gibson。
If you had searched the suspect, you would have found the handgun he was concealing in his pants. You found it, all right--all six rounds worth. At least your partner shot the punk. Makes you feel warm all over, doesn't it?	如果你搜查嫌犯，就會找到他藏在褲子裡的手槍。你確實找到了——裡面還有六發子彈。至少你的搭檔擊斃了那個混蛋。是不是讓你全身暖呼呼的？
A dangerous situation like this one is where police procedure becomes critical. Your failure to follow it just got you a one-way ticket to Club Morgue.	這種危險情況正是警察程序至關重要的時候。你沒有遵守程序，結果拿到一張前往太平間俱樂部的單程票。
Approaching a suspect known to be armed and dangerous without drawing your gun isn't the best idea you've had all day. Your partner gunned the punk down... not that it does YOU any good.	接近已知持械且危險的嫌犯卻不拔槍，絕不是你今天最好的主意。你的搭檔擊斃了那個混蛋……可惜對你一點幫助也沒有。
Killing people just isn't all it's cracked up to be. Perhaps shooting an unarmed civilian wasn't such a hot idea after all...	殺人並不像想像中那麼威風。也許射殺手無寸鐵的平民，終究不是什麼好主意……
When you drew your firearm, the bikers froze in terror. While you were soaking up the power trip, one of their old ladies pulverized your skull with a whiskey bottle. Perhaps you should think twice next time about drawing your gun on psychotic suspects who have you surrounded...	你拔槍時，騎士們嚇得僵住。你正沉浸在權力快感中，其中一名女眷用威士忌酒瓶砸碎了你的頭。下次對包圍你的瘋狂嫌犯拔槍前，也許該三思……
Negociating with a perp can be a good idea in some circumstances, but when the subject is violent and the situation volatile, action speaks louder than words. Willy will be scraping you off the floor for quite some time.	跟嫌犯談判有時候是個好主意，但當對象很暴力、情勢又一觸即發時，行動勝於空談。Willy 接下來得花好一陣子，才能把你從地板上刮起來了。
The Department doesn't issue you equipment so you can leave it in your locker, Bonds. If you had come prepared, you wouldn't be a grease spot on the floor of a sleazy bar right now.	警局配發裝備不是讓你留在置物櫃裡的，Bonds。若你做好準備，現在就不會成為下流酒吧地板上的一灘油漬。
A police officer has to act quickly and decisively, Bonds. His life depends on it...as you can plainly see.	Bonds，警察必須迅速果斷地行動。他的性命就靠這個……你現在應該看得很清楚了。
An integral part of the patrol officer's success lies in his or her ability to control the vehicle they drive. You might consider the functions of the brake and/or steering wheel in order to prevent such an embarrassing accident in the future.	巡邏警員成功與否，很大一部分取決於他們能不能控制好自己開的車。你或許該想想煞車跟方向盤是做什麼用的，以免以後再出這種丟臉的意外。
Don't bother, Bonds. There are no clues to be found in the carpeting.	別白費力氣了，Bonds。地毯裡找不到任何線索。
It's the same carpet that you've seen all over the hotel.	這跟你在旅館裡到處看到的地毯一樣。
You knock on the door, but no one can hear you over the tuba.	你敲了敲門，但那把低音號的聲音太大，沒人聽得見。
You tap at the door.	你輕敲了一下門。
Sssssh!	噓——！
It's not your room. Your key won't work.	這不是你的房間，你的鑰匙打不開。
It's room 204.	這是 204 號房。
It's room 304.	這是 304 號房。
OOOOM pa pa OOOOM pa pa OOOOM pa pa OOOOM pa pa...	OOOOM pa pa OOOOM pa pa OOOOM pa pa OOOOM pa pa...
Your lungs just can't compete with a tuba.	你的肺活量根本比不過那把低音號。
Oh, do go away. I'm trying to work on my swing. I have the most dreadful hook, you see...	喔，走開啦。我正在練習我的揮桿呢。你也知道，我這一桿實在勾得很難看……
It has no switch. You can't control it.	它沒有開關，你控制不了。
You still can't reach it. You'll never be able to reach it. Give it up.	你還是搆不到，你永遠都搆不到。放棄吧。
It's paneling. No surprises there.	這是壁板，沒什麼特別的。
This is the second floor hallway of the Hotel Delphoria.	這裡是 Delphoria 飯店的二樓走廊。
OOOOM pa pa OOOOM pa pa OOOOM pa pa OOOOM pa pa	OOOOM pa pa OOOOM pa pa OOOOM pa pa OOOOM pa pa
FORE!	Fore！
You hear a loud crash.	你聽到一聲巨響的撞擊聲。
"Oh, blast it all."	「喔，真是見鬼了。」
Thank you for playing Police Quest 1.	感謝你遊玩《Police Quest 1》。
Music Composed and Performed by Rob Atesalp	音樂創作與演奏：Rob Atesalp
Animators: Cindy Walker Daryle Smith Al Roughton Frances Anne Powell Deanna Yhalkee Spartaco Margioni Jim Larsen	動畫師：Cindy Walker、Daryle Smith、Al Roughton、Frances Anne Powell、Deanna Yhalkee、Spartaco Margioni、Jim Larsen
Programmers: Krishnan Shankar Charles "Chip" Kerchner III Todd Powers Carlos Escobar Michael Brock Hugh Diedrichs Scott Murphy Mike Larsen	程式設計：Krishnan Shankar、Charles「Chip」Kerchner III、Todd Powers、Carlos Escobar、Michael Brock、Hugh Diedrichs、Scott Murphy、Mike Larsen
Sound Effects Rob Atesalp	音效：Rob Atesalp
Additional Written Material: Lorelei Shannon Scott Murphy	額外文字資料：Lorelei Shannon、Scott Murphy
Special Thanks To: Kit Rees, Model Assembly	特別感謝：Kit Rees、Model Assembly
Very Special Thanks To: Hugh Diedrichs, SWAT Programming Carlos Escobar, SWAT Programming Josh Mandel, SWAT Director Stuart Moulder, SWAT Producer	特別感謝：Hugh Diedrichs（SWAT 程式設計）、Carlos Escobar（SWAT 程式設計）、Josh Mandel（SWAT 導演）、Stuart Moulder（SWAT 製作人）
Quality Assurance: Mike Pickhinke John Ratcliffe	品質保證：Mike Pickhinke、John Ratcliffe
You arrive at Bert's Park to the chirping of birds, the gurgling of brooks, and the wheezes of runners.	你抵達 Bert's Park，四周是鳥兒的啾啾聲、小溪的潺潺水聲，還有跑者上氣不接下氣的喘息聲。
You arrive at Bert's Park hoping to relax for a few minutes in its quiet ambience.	你抵達 Bert's Park，希望能在這片寧靜氛圍裡放鬆個幾分鐘。
The verdant green of Bert's Park sprawls over a few city blocks, an oasis amidst the smog and dust of the city.	Bert's Park 一片翠綠，橫跨了好幾個街區，宛如城市煙塵中的一片綠洲。
With a certain deftness and panache, you turn your siren off.	你以一種俐落又帥氣的動作，關掉了警笛。
With an adroit flick of your wrist, you flip your siren on.	你手腕輕巧一撥，打開了警笛。
You slew to a halt in front of the Blue Room, ready for action.	你在 Blue Room 前甩尾煞停，準備行動。
You arrive at the Blue Room for no apparent reason. Hopefully this is official, not personal, business.	你沒來由地抵達了 Blue Room。希望這是公務，不是私事。
That's the Blue Room.	那是 Blue Room。
You take 41 North to avoid a slow crawl through the heart of the city.	你走 41 號公路北向，避開市中心的塞車路段。
You cleverly zip onto 41 North in a bid to cut off the villain's escape route as he speeds east on Oak.	你機靈地切上 41 號公路北向，打算在壞人沿 Oak 街往東疾駛逃逸時截斷他的路線。
It's the on-ramp onto 41 North.	這是通往 41 號公路北向的上匝道。
You crash and die horribly. You grope at the pearly gates of heaven but instead, you are consigned to roast in the crackling embers of hell as a punishment for driving carelessly.	你撞車了，死得很慘。你摸索著想推開天堂的珍珠門，結果卻因為開車不小心，被打入地獄的熊熊烈焰中受烤。
Your utter disregard for traffic signals and stop signs is suitably rewarded as an 18-wheeler descends upon you. Another good young life cut short by sloppy driving technique.	你完全無視交通號誌和停車標誌，也得到了應得的報應——一輛十八輪大卡車朝你迎面而來。又一條年輕的生命，因為粗心的開車技術而提早結束。
After exiting Carol's, you slow for the upcoming intersection. Out of the corner of your eye, you spot a red sports car approaching from the east. It's not slowing down for the four-way stop. You instinctively prepare to take action.	離開 Carol's 之後，你放慢速度準備通過前方路口。眼角餘光瞥見一輛紅色跑車正從東邊駛來，完全沒有要在這個四向停車路口減速的意思。你直覺地做好行動準備。
What do you think you're doing?! You just ran a stop sign!	你在搞什麼鬼？！你剛剛闖了停車標誌！
The call of duty brings you back to the Police Station.	職責的召喚，把你帶回了警局。
You aimlessly wander back to the station, unsure of your next move.	你漫無目的地晃回警局，不確定接下來該做什麼。
Your heart skips a beat as you gaze proudly upon Lytton Police Station.	你驕傲地望著 Lytton 警局，心跳漏了一拍。
You arrive at the Court House.	你抵達了法院。
It's the Lytton Court House.	這是 Lytton 法院。
You come to a screaming stop at the Cotton Cove, leaving deep furrows in the lush green grass.	你在 Cotton Cove 尖聲煞車停下，在茂密的草地上留下深深的輪胎痕。
You arrive at Cotton Cove and let your bored gaze wander over its natural lawns.	你抵達 Cotton Cove，百無聊賴地讓視線在天然草坪上遊走。
It's Cotton Cove, a park with rolling hills, streams and ponds, within whose boundaries one can spot the occasional drug deal, mugging or other unsavory activity.	這是 Cotton Cove，一座有起伏丘陵、小溪與池塘的公園，在這片範圍裡，偶爾也能看見毒品交易、搶劫之類不太光彩的活動。
You arrive at the Delphoria, acutely aware of your tacky $11.00 thrift store jacket. You are briefly the cynosure of many pairs of beady eyes, looking at you contemptuously from behind gold-rimmed spectacles and extra dry martinis (shaken, not stirred...).	你抵達 Delphoria，強烈意識到自己身上那件廉價二手店買來、只花了 11 美元的俗氣外套。有那麼一瞬間，你成了眾人目光焦點，一雙雙銳利的眼睛透過金框眼鏡和超乾馬丁尼（搖過，不是攪的……）鄙夷地打量著你。
You pull up into the driveway of the hotel, fear chilling your spine to within a few degrees of Absolute Zero. You feel multitudinous unseen eyes watching your every move, ready to inflict an acute case of lead poisoning on you should you make the slightest false move.	你把車開進飯店車道，恐懼讓你的背脊涼到幾乎逼近絕對零度。你感覺無數雙看不見的眼睛正緊盯著你的一舉一動，只要你有一絲差錯，隨時準備讓你嚴重「鉛中毒」。
It's the Hotel Delphoria, a popular hangout for Lytton's seedier citizens, down-on-their-luck traveling salesmen, and most of the criminal element in town.	這是 Delphoria 飯店，深受 Lytton 較不入流的市民、走霉運的旅行推銷員，以及城裡大多數犯罪份子喜愛的聚集地。
You arrive at the county jail, wondering what might happen if any of the criminals you put behind bars were to escape and wreak a deadly vengeance upon you.	你抵達郡立監獄，心想萬一哪個被你關進去的罪犯逃了出來，對你展開致命報復，會發生什麼事。
You arrive at the Lytton Jail. A thin smile plays on your lips as you smugly recall the numerous vicious criminals and hoodlums you have put away in its dank, cavernous depths.	你抵達 Lytton 監獄。想起自己曾把多少凶惡罪犯和惡棍關進這座陰濕幽深的牢籠深處，你嘴角浮現一抹得意的微笑。
It's the Lytton Jail, within whose stony walls are imprisoned all the muggers, thieves, murderers, rapists, and drunk drivers that the LPD can apprehend.	這是 Lytton 監獄，石牆之內關著所有 LPD 能夠逮捕到的搶匪、竊賊、殺人犯、強姦犯和酒駕者。
It's already at capacity. Either Lytton needs a larger prison or fewer criminals.	這裡已經滿了。看來 Lytton 不是需要一座更大的監獄，就是需要少一點罪犯。
Your dismal failure to observe a red light proves fatal as you collide with a garbage truck and die a disgusting death.	你悲慘地未遵守紅燈，與垃圾車相撞，死得既難看又可悲。
You decide to take 41 South to avoid downtown Lytton's congestion.	你決定走 41 號公路南向，避開 Lytton 市中心的塞車。
It's the on-ramp to 41 South.	這是通往 41 號公路南向的上匝道。
You arrive at Caffeine Carol's.	你抵達 Caffeine Carol's。
You are too far away from Carol's.	你離 Carol's 太遠了。
You screech to a halt at the site of the car wreck with your siren wailing and lights flashing. A searing miasma of burning rubber and hot engine oil hits your lungs as you step out of your car.	你鳴著警笛、閃著警示燈，在車禍現場尖聲煞停。一下車，燒焦橡膠和滾燙機油的嗆人氣味立刻竄進你的肺裡。
You are too far from the scene of the car wreck.	你離車禍現場太遠了。
Dispatch, 83-32 enroute to 10-20. Doris, is that Caffeine Carol's?	調度，83-32 正前往 10-20 現場。Doris，那是 Caffeine Carol's 嗎？
Affirmative, Sonny. Don't eat too many donuts!	肯定，Sonny。甜甜圈別吃太多了！
Dispatch, 83-32 is 10-98 from Palm and Sixth.	調度，83-32 在 Palm 街與第六街已經 10-98。
83-32, your location is confirmed and noted. Hope you had a good coffee break, Sonny.	83-32，你的位置已確認並記錄。希望你的咖啡時間過得愉快，Sonny。
I sure did. Thanks, Doris.	那當然。謝了，Doris。
Dispatch, 83-NORA-10 enroute.	調度，83-NORA-10 正在前往途中。
83-21, my butt's moving as fast as it can. See you in a few, Steve-o.	83-21，我的屁股已經用最快的速度在動了。等下見，Steve-o。
Dispatch, 83-32 enroute to 10-20.	調度，83-32 正前往 10-20 現場。
Dispatch, 83-32 is 10-98 from the scene.	調度，83-32 已在現場 10-98。
83-32, location confirmed and noted.	83-32，位置已確認並記錄。
Dispatch, this is 83-NORA-10 enroute Lytton County Jail, 10-15.	調度，這裡是 83-NORA-10，正前往 Lytton 郡立監獄，10-15。
83-NORA-10, confirmed.	83-NORA-10，收到確認。
Dispatch, this is 83-32 enroute Lytton County Jail, 10-15.	調度，這裡是 83-32，正前往 Lytton 郡立監獄，10-15。
83-32, confirmed. Good job, Sonny!	83-32，收到確認。做得好，Sonny！
Dispatch, 83-32 enroute 10-20.	調度，83-32 正前往 10-20。
Dispatch, 83-NORA-10 enroute 10-20.	調度，83-NORA-10 正前往 10-20。
Dispatch, this is 83-32. Enroute Lytton County jail, 10-15.	調度，這裡是 83-32。前往 Lytton 郡監獄，10-15。
83-32, confirmed.	83-32，收到。
Thanks, Doris. You're music to my ears.	謝了，Doris。妳的聲音簡直是天籟。
Dispatch, 83-32 in pursuit of a possible DUI, Westbound Rose and Second.	調度，83-32 正追緝一輛疑似酒駕車輛，往西行駛於 Rose 街與 Second 街口。
Dispatch, 83-32 in pursuit of a 13301, Eastbound Fig and Ninth.	調度，83-32 正追緝一件 13301 案件，往東行駛於 Fig 街與 Ninth 街口。
83-32, message recieved.	83-32，訊息收到。
Dispatch, 83-32 currently (compass direction) bound on (streetname) and (streetname).	調度，83-32 目前朝（羅盤方位）方向行駛於（街道名稱）與（街道名稱）。
83-32, your location is confirmed and noted.	83-32，你的位置已確認並記錄。
Dispatch, 83-32 responding 10-20 Brock and Second.	調度，83-32 正前往處理 10-20，地點 Brock 街與 Second 街口。
You switch off your lights and siren.	你關掉了警示燈和警笛。
You switch on your lights and siren.	你打開了警示燈和警笛。
83-NORA-10, 10-19 immediately.	83-NORA-10，立即 10-19。
83-32, please respond to a domestic disturbance, Northwest corner of Poppy and Parkway.	83-32，請前往處理家庭糾紛案件，地點在 Poppy 街與 Parkway 街西北角。
83-32, please respond to a disturbance at Palm and Sixth.	83-32，請前往處理一起騷亂案件，地點在 Palm 街與 Sixth 街口。
83-NORA-10, please respond Poppy and Brock to ID a DB. Repeat, please respond to Cotton Cove immediately.	83-NORA-10，請前往 Poppy 街與 Brock 街辨識一具遺體。重複，請立即前往 Cotton Cove。
The car is gone. Let's hope he doesn't hurt anyone.	車子已經跑了。希望他別傷到任何人。
83-32, you are now 10-10. Just remindin' ya, honey.	83-32，你現在是 10-10 了。只是提醒你一下，親愛的。
Ouch! That curb just kinda snuck up on you, didn't it. So did the windshield, for that matter...	唉唷！那個路緣石是不是突然冒出來嚇你一跳？說到這個，擋風玻璃好像也是……
Your failure to perform a walk-around safety check allowed you to hit the streets on a tire bearing a large nail. The result was a flat tire.	你沒有做車前巡檢就上路，結果輪胎裡卡著一根大釘子。後果就是爆胎了。
You would normally be disciplined by the department for failure to follow established department procedure. In this case, however, your car broke down in an area not known for its love of the police department.	平常你沒有遵守局裡規定的標準程序，是會被處分的。不過這次，你的車偏偏在一個對警察沒什麼好感的地區拋錨了。
As you change the tire, a young citizen decides to see for himself whether or not a cop's head breaks when struck with a tire iron. It does.	你在換輪胎時，一名年輕市民決定親自驗證一下，警察的頭被輪胎扳手打到會不會破。結果證實了，會。
You got lucky this time, Bonds. You failed to perform a proper safety check on this vehicle. I wouldn't skip it next time. You never know what the consequences of neglecting procedure will be.	這次算你走運，Bonds。你沒有確實做好車輛安全檢查。下次可別再省略了。疏忽程序會有什麼後果，誰也說不準。
The driver finally sees you, and begins to pull over.	駕駛終於看到你了，開始靠邊停車。
You just ran a red light!	你剛剛闖紅燈了！
You just ran a stop sign!	你剛剛闖了停車再開標誌！
The stop sign runner got away. You need to brush up on your driving skills, Bonds.	那個闖停車再開標誌的傢伙跑掉了。Bonds，你的開車技術該練練了。
That car just ran a stop sign!	那輛車剛剛闖了停車再開標誌！
That person seems to be driving very erratically.	那個人開車看起來很異常。
83-32, this is 83-21. Get your ass over to Caffeine Carol's, boy! It's time for our coffee break!	83-32，這裡是 83-21。小子，快把屁股挪到 Carol 咖啡城堡來！我們的咖啡時間到了！
83-32, cancel 10-20 domestic disturbance. Possible stolen vehicle headed Southbound, Brock and second. Respond Code-3.	83-32，取消 10-20 家庭糾紛案件。有一輛疑似失竊車輛正往南行駛，位置在 Brock 街與 Second 街口。以 Code-3 應變前往。
83-32, this is 83-31. We have the suspect covered, but we're in a poor position. We'll need you to get him out of the car and take him down.	83-32，這裡是 83-31。我們已經包圍住嫌犯了，但我們的位置不利。需要你把他從車裡拉出來制伏。
83-31, this is 83-32. I'll get him for you, Jack.	83-31，這裡是 83-32。Jack，我來幫你把他拿下。
Be careful, Sonny. 83-31 out.	小心點，Sonny。83-31 通話結束。
Because you drove to the scene of a felony with all the speed of a 90-year-old tourist, other officers have already stopped the driver.	因為你開去重罪現場的速度，跟一個 90 歲的觀光客差不多，其他警員早就把駕駛攔下來了。
Oops! Only a Formula 1 car could have made a turn that fast, Bonds. Don't worry, the department will give you a lovely funeral, paid for out of your pension fund.	哎呀！Bonds，那種轉彎速度大概只有 F1 賽車做得到。別擔心，局裡會用你的退休金幫你辦一場風光的葬禮。
Because you wandered around the city like a stunned ox, other officers we're forced to handle the stop without your help.	因為你像一頭發呆的牛一樣在城裡瞎晃，其他警員只好在沒有你幫忙的情況下自己處理攔查。
83-32, please respond to 10-20 near the Northwest corner of Ninth and Rose. Possible 11-80.	83-32，請前往處理 10-20，地點在 Ninth 街與 Rose 街西北角附近。疑似 11-80。
You are recalled to the Police Station, and you return, your head hanging in shame and sorrow.	你被召回警局，垂頭喪氣地回去了。
The mass of alcohol laden air streaming behind the drunk's car seems to have overwhelmed your senses. You not only forgot to turn your lights on, but manage to lose him in the non-existent traffic.	那輛醉漢座車後方飄來的濃濃酒氣，似乎讓你整個人恍神了。你不但忘了打開警示燈，還在根本沒什麼車的路上把他跟丟了。
Hello, Sonny. We received a complaint from the owner of Caffeine Carol's. She says the bikers next door are taking up all her parking space. Could you go over and check it out?	哈囉，Sonny。我們收到 Carol 咖啡城堡老闆的投訴。她說隔壁那群騎士把她的停車位全佔滿了。可以麻煩你過去看看嗎？
Fighting the utter distraction your mind has been driven to by this flying femme fatale, you zip around the corner and give chase. In the dark recesses of your mind, you are aware she has committed a traffic violation, but you chiefly want to get a second look at her body.	你努力壓下這位風馳電掣的蛇蠍美人在你腦中掀起的滔天思緒，猛然轉過街角展開追逐。在你內心深處某個陰暗角落，你其實知道她違反了交通規則，但你真正想要的，是再看一眼她的身材。
Whoa!...A steamy, red sports car zips past the 4-way stop intersection, its blonde bombshell of a driver failing to pay the slightest heed to the stop sign.	哇噢！……一輛火辣的紅色跑車呼嘯而過四向停車路口，車上的金髮尤物駕駛完全沒把停車再開標誌放在眼裡。
The sight of the sexy speedster seems to have thrown you into a state of delirium as you fail to give chase and turn your siren on. You lose her in the traffic.	那位性感飆車手的身影似乎讓你陷入神智恍惚，忘了追上去、也忘了打開警笛。你就這樣在車陣中把她跟丟了。
83-32, see the woman at Caffeine Carol's. We have a complaint of blocked access in front of her restaurant. Dispatch out.	83-32，去見一下 Carol 咖啡城堡的那位女士。我們收到投訴，說她餐廳前面的通道被擋住了。調度通話結束。
83-32, please respond code 3 to a possible 11-80 at 9th and Rose. Dispatch out.	83-32，請以 code 3 應變前往 9th 街與 Rose 街口，疑似 11-80。調度通話結束。
83-Nora-10, please respond code 2 to an 11-44 ID at Cotton Cove. Dispatch out.	83-Nora-10，請以 code 2 應變前往 Cotton Cove 處理 11-44 身分確認。調度通話結束。
You rush to the Court House drooling in helpless anticipation at the thought of getting a No Bail Warrant to keep that Hoffman scumbag in jail.	你火速趕往法院，一想到能拿到不得交保令把 Hoffman 那個人渣關在牢裡，就忍不住流口水期待著。
You rush to the jail from the Court House nervously, hoping you'll arrive in time with the No Bail Warrant to keep that Hoffman/Taselli character in the slammer.	你緊張地從法院趕往監獄，希望能及時帶著不得交保令抵達，把 Hoffman／Taselli 那傢伙關進大牢。
You and Laura zip towards the jail with your drug bust suspects securely stowed in the back of the car.	你和 Laura 火速駛向監獄，緝毒行動抓到的嫌犯已經穩穩地關在車後座。
Hi, Sonny. This is Steve. I'm going 10-7 at Carol's. Care to join me?	嗨，Sonny。我是 Steve。我要去 Carol 咖啡城堡那邊 10-7 一下，要不要一起？
Don't be silly, Bonds.	別傻了，Bonds。
You'd like this carpeting a lot better if it weren't peach colored.	要是這地毯不是桃色的，你應該會更喜歡。
Don't disturb the Deco.	別去動那些 Art Deco 裝飾。
You're starting to get an appreciation for Art Deco. You think you might start collecting ceramic antelopes and panthers.	你開始懂得欣賞 Art Deco 風格了。你覺得自己搞不好會開始收集陶瓷羚羊和黑豹擺飾。
You tap on the door. There is no answer.	你敲了敲門，沒有人應門。
You tap on the door. No one answers, but you hear a lot of squeaking.	你敲了敲門，沒有人應門，但你聽到一陣吱吱聲。
It's too small and doesn't fit. (You've heard THIS before!)	太小了，塞不進去。（這句台詞你以前聽過吧！）
The door says `MANAGER.'	門上寫著「經理室」。
It's room 201.	這是 201 號房。
It's room 301.	這是 301 號房。
GO AWAY!	滾開！
Uh, we're a little busy, whoever you are...	呃，不管你是誰，我們現在有點忙……
Yeah! (giggle!) We're about to check the interest on our CDs and IRAs!	對啊！（咯咯笑）我們正要查一下我們的定存和退休帳戶的利息啦！
Oh! Oh YEAH! 12 Percent...	喔！喔耶！12 趴……
Yes, what can I do for you? Throckmorton! Leave that alone!	嗯，有什麼事嗎？Throckmorton！別碰那個！
I, uh, I was just wondering what you were doing in there...	我，呃，我只是想知道你們在裡面做什麼……
I'm Roderick, of Roderick the Great and his Troupe of Astonishing Circus Rats. If you don't mind, we're in the middle of a training session...Rafe! Rafe, don't chew the mattress, we'll have to pay for it!	我是 Roderick，「偉大的 Roderick 與他的驚奇馬戲鼠劇團」的團長。如果你不介意的話，我們正在訓練中……Rafe！Rafe，別咬床墊，那樣我們得賠錢的！
Uh, have a nice day, sir.	呃，祝您有美好的一天，先生。
You start to say something, then decide to leave Roderick and his Rats well enough alone.	你正想說點什麼，但後來決定還是別去打擾 Roderick 和他的老鼠們了。
The hotel controls the lighting, Bonds. Leave the light fixture alone.	Bonds，燈光是飯店統一控制的。別去動那個燈具。
You just aren't that tall, bud.	老兄，你就是沒那麼高。
Hey, snazzy paneling.	嘿，這牆板挺時髦的。
This is a hallway in the Hotel Delphoria.	這是 Delphoria 飯店裡的一條走廊。
Oh, John...	喔，John……
Oh, Marsha...	喔，Marsha……
Oh, JOHN...	喔，JOHN……
Oh, MARSHA...	喔，MARSHA……
OH, JOHN!	喔，JOHN！
OH, MARSHA!	喔，MARSHA！
OH, READ ME OUR BANK STATEMENT AGAIN, BABY!	喔，寶貝，再唸一次我們的銀行對帳單給我聽！
Come on! Come on, Heironymous! Jump! Jump, boy! Good boy! Come on, Daphne, you can do it. Up the ladder, girl. Throckmorton! Don't chew on that! Ariadne, come back here! What are you doing with Maxwell? Don't bite him!	加油！加油，Heironymous！跳！跳啊，好孩子！乖孩子！加油，Daphne，你做得到的。爬上梯子去，女孩。Throckmorton！別咬那個！Ariadne，給我回來！你在對 Maxwell 做什麼？別咬他！
This is your Brake icon. Click the HAND cursor on the Brake to slow down or stop.	這是你的煞車圖示。用手形游標點擊煞車即可減速或停車。
This is your sporty Camaro, envy of the department.	這是你那輛拉風的 Camaro，全局同事都羨慕的座車。
This is the steering wheel of your sporty Camaro.	這是你那輛拉風 Camaro 的方向盤。
The glove compartment of your Camaro. No gloves in there, of course, just a lot of old maps and a few packs of moist towelettes.	你 Camaro 的置物箱。裡面當然沒有手套，只有一堆舊地圖和幾包濕紙巾。
The heater/AC vents, rarely used in Lytton's balmy, comfortable climate.	暖氣／冷氣出風口，在 Lytton 這種宜人溫和的氣候下很少用到。
The heater/AC controls. It's probably been weeks since you used them.	暖氣／冷氣控制鈕。你大概已經好幾個禮拜沒用過了。
The Camaro's radio, currently off. The Lytton radio stations are the pits.	Camaro 的收音機，目前是關著的。Lytton 這裡的電台爛透了。
The Camaro's lighter. You never use it. Being a cop is your only life-threatening habit.	Camaro 的點菸器。你從來不用它。當警察就已經是你唯一會要命的習慣了。
The ignition for your Camaro.	你 Camaro 的點火開關。
Your Camaro has a defroster, which you probably use a half-dozen times each winter.	你的 Camaro 有除霧器，大概每年冬天會用上個五六次。
The Camaro's tachometer.	Camaro 的轉速表。
Your Camaro's speedometer.	你 Camaro 的時速表。
Clock, fuel tank, and other smaller gauges give you the satisfying feel of being in the cockpit of a jumbo jet.	時鐘、油量表和其他幾個小儀表，讓你有種置身巨無霸客機駕駛艙的滿足感。
Your left and right turn signals.	你的左右方向燈。
The dashboard's swank curves are satisfyingly aerodynamic.	儀表板時髦的弧線，看起來相當有空氣力學美感，讓人挺滿意的。
The gas gauge. Unless you take an unexpected cross-country trip, you won't need to fill 'er up for a couple weeks.	油量表。除非你臨時來一趟橫越全國的旅行，否則接下來幾週都不用加油。
The Camaro's odometer.	Camaro 的里程表。
This is the steering wheel. (You won't need to use it to steer in this game.)	這是方向盤。（在這款遊戲裡你不需要用它來轉向。）
If there's a stop sign or traffic light coming up at the intersection you're approaching, it'll be shown in this window.	如果你即將接近的路口有停車再開標誌或紅綠燈，這個視窗會顯示出來。
This window displays your location at any time, relative to the Lytton street map.	這個視窗會隨時顯示你在 Lytton 街道地圖上的位置。
Your speed is displayed here.	你的車速會顯示在這裡。
If your siren is currently on, you'll see it flashing in this window.	如果你的警笛目前是開著的，這個視窗會出現閃爍畫面。
NORTHBOUND ON	北行 
SOUTHBOUND ON	南行 
EASTBOUND ON	東行 
WESTBOUND ON	西行 
83-32, please respond to complaint at Caffeine Carol's. Repeat, please respond to complaint at Caffeine Carol's.	83-32，請前往處理 Carol 咖啡城堡的投訴案件。重複，請前往處理 Carol 咖啡城堡的投訴案件。
83-32, we have a complaint at Caffeine Carol's, Oak Street between 6th and 7th. Please investigate.	83-32，我們接獲 Carol 咖啡城堡的投訴，地點在 Oak 街，介於 6th 街與 7th 街之間。請前往調查。
83-32, you are to prceed immediately to Cotton Cove to investigate possible 11-44. Repeat, 83-32 to Cotton Cove.	83-32，請立即前往 Cotton Cove 調查疑似 11-44 案件。重複，83-32 前往 Cotton Cove。
83-32, please proceed directly to Cotton Cove. We have a report of a possible 11-44. That is all.	83-32，請直接前往 Cotton Cove。我們接獲一起疑似 11-44 的報案。通話完畢。
83-32, you are requested to investigate the domestic disturbance at 1st and Lilly. Please proceed immediately. Thank you.	83-32，請你前往調查 1st 街與 Lilly 街口的家庭糾紛案件。請立即前往，謝謝。
83-32, we have a report of a domestic disturbance on the corner of Lily and 1st. Please investigate.	83-32，我們接獲一起在 Lily 街與 1st 街口的家庭糾紛報案。請前往調查。
83-32, please return to LPD immediately. Repeat, 83-32, you are 10-19 immediately.	83-32，請立即返回 LPD。重複，83-32，你現在立即 10-19。
83-32, you are code 10-19. Repeat, you are 10-19.	83-32，你現在是 10-19。重複，你是 10-19。
83-32, please overtake and investigate possible stolen vehicle traveling eastbound on Oak Street. The vehicle is a silver Mercedes. Respond immediately. That is all.	83-32，請攔截並調查一輛疑似失竊車輛，正沿 Oak 街往東行駛。該車為一輛銀色賓士。請立即應變。通話完畢。
83-32, we have a sighting on a stolen Mercedes proceeding eastbound on Oak Street. Vehicle is a silver Mercedes, possible stolen vehicle. Overtake and investigate. Thank you.	83-32，我們目擊一輛失竊賓士車正沿 Oak 街往東行駛。車輛為銀色賓士，疑似失竊車輛。請攔截並調查，謝謝。
Sonny, don't forget that 11-98 with Keith at Carol's. Just thought I'd remind you. Out.	Sonny，別忘了跟 Keith 在 Carol 咖啡城堡那邊的 11-98。只是提醒你一下。通話結束。
83-32, you've been requested to detour to Caffeine Carol's for an 11-98.	83-32，你被要求繞道前往 Carol 咖啡城堡處理一起 11-98。
83-32! Please respond immediately to 11-80, Fig Street between 3rd and 4th.	83-32！請立即前往處理 11-80，地點在 Fig 街，介於 3rd 街與 4th 街之間。
83-32, we have a report of an 11-80 on Fig Street between 4th and 3rd. Please respond immediately. Repeat, 11-80, Fig Street between 4th and 3rd.	83-32，我們接獲一起 11-80 報案，地點在 Fig 街，介於 4th 街與 3rd 街之間。請立即應變。重複，11-80，Fig 街，介於 4th 街與 3rd 街之間。
This is your gas pedal icon. Use the HAND cursor on this icon to speed up.	這是你的油門圖示。用手形游標點這個圖示可以加速。
This is Highway 41, which continues far north to San Francisco and far south to Los Angeles.	這是 41 號公路，一路往北通往舊金山，往南則遠達洛杉磯。
This is your left turn signal icon. Click the HAND cursor on this icon to signal and turn left at the upcoming intersection or driveway.	這是你的左轉方向燈圖示。點擊這個圖示的手形游標，可以在即將到來的路口或車道打左轉燈轉彎。
Despite Lytton's growing inner city areas, some of these outlying blocks are still used for farming.	儘管 Lytton 的市中心區域不斷擴張，這些外圍街區有些仍然用來耕作。
Lytton's flagging agribusiness still exists on blocks like these.	Lytton 日漸衰退的農業，在這樣的街區裡依然殘存著。
Some of Lytton's nicer private residences, skirting the border between the agricultural zones and business zones.	Lytton 一些比較高級的私人住宅，就座落在農業區與商業區的交界地帶。
The tacky Hotel Delphoria.	俗氣的 Delphoria 飯店。
A few condos.	幾間公寓大樓。
The main buildings of Lytton Community College, a non-residential school.	Lytton 社區大學的主要建築群，這是一所不提供住宿的學校。
The Richman Center, a small museum and performing-arts playhouse set in a pleasant little park. You've never been there on an unofficial basis; the common wisdom is that you have to be a "rich man" to afford a ticket.	The Richman Center，一座小型博物館兼表演藝術劇場，座落在一座怡人的小公園裡。你從沒以私人身分去過那裡；一般人都說，得是個「有錢人」才買得起票。
***block 8, overlay 773: theoretically you shouldn't get this message.	***block 8, overlay 773: theoretically you shouldn't get this message.
A small country club.	一間小型鄉村俱樂部。
Fast-food joints and other small shops.	速食店和其他小商店。
A few of the trendier stores.	幾間比較時髦的商店。
The Lytton Community College's football stadium and natatorium. As with many towns, there's more pride in Lytton's football scores than in its academic scores.	Lytton 社區大學的美式足球場和室內游泳館。就像許多城鎮一樣，Lytton 對美式足球戰績的驕傲，遠勝過對學業成績的驕傲。
*** block 13, overlay 773 (theoretically we never get this message)	*** block 13, overlay 773 (theoretically we never get this message)
*** block 14, overlay 773 (theoretically we never get this message)	*** block 14, overlay 773 (theoretically we never get this message)
Lytton's hotly-debated nuclear power plant. You tend not to think about its presence, yet you know from your own experience with public utilities that what's touted as "100% safe" is never anything of the sort.	Lytton 那座爭議不斷的核能發電廠。你通常不太去想它的存在，但憑你對公共事業的了解，你很清楚凡是號稱「百分之百安全」的東西，從來就沒有一項真的安全。
The Lytton Public Library. It's been years since you've actually taken anything out there. Still, you'd miss it if it wasn't there.	Lytton 公共圖書館。你已經好幾年沒真的從那裡借過東西了，但要是它不在了，你還是會想念它。
Stores and boutiques.	商店與精品店。
***block 18, overlay 773, this should never come up since block 12 takes care of the message.	***block 18, overlay 773, this should never come up since block 12 takes care of the message.
Stores and restaurants.	商店與餐廳。
A mini-mall of shops and restaurants.	一座由商店和餐廳組成的小型購物中心。
A field, lying fallow this year.	一片今年休耕的田地。
A parking lot, often filled to overflowing on game days at the stadium.	一座停車場，球場比賽日常常爆滿。
More farmland. Every few years they grow cabbage here, much to the dismay of everyone living or working within several blocks. This year, you've been spared: potatoes.	更多的農地。每隔幾年他們就會在這裡種高麗菜，讓方圓好幾個街區的居民和上班族都叫苦連天。今年你們比較幸運：種的是馬鈴薯。
A shabby and dangerous area kitty-corner from the village green, used mostly by vagrants and pushers who conduct business under the highway.	村莊綠地斜對角的一塊破敗又危險的區域，主要是流浪漢和毒販在高速公路橋下做生意的地方。
Caffeine Carol's, one of your hangouts. Next door is Wino Willy's, one of the more revolting biker bars.	Carol 咖啡城堡，你常去的地方之一。隔壁是 Wino Willy 酒館，是那種讓人退避三舍的重機騎士酒吧。
Stores and automotive repair shops.	商店與汽車保養廠。
The Lytton Waldruff-Hilltowne, the classiest hotel for miles around.	The Lytton Waldruff-Hilltowne，方圓幾英里內最高檔的飯店。
Glass-and-chrome office buildings, the type that reflect the glare of the sun in your eyes when you're driving on the highway.	玻璃帷幕加鍍鉻外觀的辦公大樓，就是那種你開車經過高速公路時，會把陽光反射得刺眼的那種。
On- and off-ramps for Highway 41.	Highway 41 的上下匝道。
The Dooley Apartments. No relation to the Sergeant.	Dooley 公寓。跟 Dooley 警佐沒有關係。
The Deming Apartment Complex, older and shabbier than the apartments next block over...yet with far more personality.	Deming 公寓社區，比隔壁街區的公寓更老舊、更破敗……但個性十足。
Convenience stores, restaurants, and deluxe parking under the highway.	便利商店、餐廳，還有高速公路橋下的高級停車場。
Dogg Park, a nice little place if you watch your step.	Dogg Park，只要你小心腳下，是個不錯的小地方。
Lytton General Hospital. You wonder why they couldn't come up with a a more original name.	Lytton 總醫院。你很好奇他們怎麼想不出更有創意一點的名字。
Nanotech Office Complex. You hate to think of what they're concocting up there.	Nanotech 辦公複合大樓。你光想到他們在裡面搞什麼名堂就頭皮發麻。
A little park area with a playground for the kiddies, though there are some unsavory goings-on under the highway pillars.	一小片附設兒童遊樂場的公園，不過高速公路橋墩下偶爾會有些不太光彩的勾當。
A small shopping center with an "adult" bookstore and a rent-to-own place.	一座小型購物中心，裡面有一間「成人」書店和一家租賃買斷店。
The Blue Room, a favorite cops' hangout.	The Blue Room，警察最愛去的地方。
Lytton Retirement Village. It's been cited a few times for health code violations, but from what you hear, it's better than 90% of the other retirement homes.	Lytton 安養社區。它曾經好幾次因違反衛生法規被開罰，但據你所知，它還是比九成的其他養老院都好。
Chain restaurants. You eat at these places more than you like to admit, but you're no chef.	連鎖餐廳。你在這種地方吃飯的次數，多到你自己都不太想承認，但你也不是什麼廚藝高手。
Lytton's biggest and swankiest mall. If a foreign power ever wanted to wipe out Lytton with one fell swoop, they'd hit this mall any weekend.	Lytton 最大、最豪華的購物中心。要是哪個外國勢力想一舉端掉整個 Lytton，隨便挑個週末攻擊這座商場就行了。
An office building, filled with foreign-owned corporations.	一棟辦公大樓，裡面全是外資企業。
The Lytton Fire Department. Overworked and underpaid...just like you.	Lytton 消防局。工作過量、薪水過低……跟你一樣。
A few stores of the Mom-and-Pop variety, doing the best they can against the larger chain stores and mall stores.	幾家夫妻檔小店，努力在大型連鎖店和購物中心店家的夾擊下求生存。
An area of fancy, trendy little boutiques.	一區時髦又新潮的精品小店。
Expensive little townhouses.	昂貴的小型連棟別墅。
One of those 20-buck-a-night motels. You've been called there many times; the security at these places is nonexistent. Lots of assaults, burglaries, and even rapes.	那種一晚二十塊的汽車旅館。你被叫去那裡處理過很多次；那種地方根本沒有保全可言，鬥毆、竊盜案，甚至強暴案層出不窮。
A lot that was apparently used for farming at one time; it doesn't do very well underneath Highway 41, though.	一塊看起來曾經是農地的空地；不過長在 Highway 41 橋下，長得不怎麼好。
Part of the Lytton Village Green in the center of town. It's a nice, peaceful, lightly wooded area with a stream, and its proximity to the police station keeps it relatively safe.	市中心 Lytton 村莊綠地的一部分。這是一片寧靜宜人、林木稀疏的區域，還有一條小溪流過，加上離警局近，治安相對較好。
Some of Lytton's best-maintained and oldest stores and shops.	Lytton 保存最好、歷史最悠久的一些商店。
A few stores, particularly those that cater to highway travellers.	幾家商店，特別是那些做公路旅客生意的店家。
A mini-mall.	一座小型購物中心。
A grassy vacant lot, not a very safe place to hang out.	一塊長滿雜草的空地，不是個適合閒晃的安全地方。
One of Lytton's newer office buildings. It's hoped that an influx of business will help the area pick up a bit.	Lytton 較新的辦公大樓之一。大家都希望湧入的商機能帶動這一區繁榮起來。
The south end of Lytton's Village Green. Businesspeople from the surrounding blocks often eat lunch out here, and at night it's largely deserted.	Lytton 村莊綠地的南端。周邊街區的上班族常在這裡吃午餐，到了晚上這裡幾乎空無一人。
One of the new industrial parks.	新建的工業園區之一。
Ramps on and off Highway 41 can be found here.	這裡可以找到 Highway 41 的上下匝道。
A pumping station.	一座抽水站。
A gas station and mini-mart, catering to highway traffic.	一間加油站兼便利商店，服務公路上的車流。
One of the agribusinesses in the industrial park to the northeast owns and maintains greenhouses here.	東北方工業園區裡的一家農業企業，在這裡擁有並維護溫室。
The Lytton Convention Center. It's usually vacant, since Lytton hasn't been able to attract much convention business.	Lytton 會展中心。這裡通常空蕩蕩的，因為 Lytton 一直招攬不到多少會展生意。
Stores, shops and restaurants that cater to the businesses surrounding them. Lots of businesspeople, conventioneers, and lawyers.	服務周邊企業的商店、店鋪和餐廳。到處都是上班族、參展人士和律師。
Lytton's biggest and swankiest mall. If a foreign power ever wanted to wipe out Lytton with one fell swoop, they'd target this mall on any weekend.	Lytton 最大、最豪華的購物中心。要是哪個外國勢力想一舉端掉整個 Lytton，隨便挑個週末鎖定這座商場就行了。
Some of Lytton's best-maintained and oldest shops and stores.	Lytton 保存最好、歷史最悠久的一些店鋪。
The Lytton Police Station.	Lytton 警察局。
Some of Lytton's older office buildings.	Lytton 比較老舊的一些辦公大樓。
Bert's Park, named for the kindly caretaker who maintained the Park for over 45 years. The park was originally called, simply, Lytton City Park. It's still a beautiful, well-tended park, but it's been getting a bad reputation as unsafe, especially at night.	Bert's Park，得名自那位悉心照料這座公園超過 45 年的和藹管理員。這座公園原本就只是簡單地叫做 Lytton City Park。它至今仍是一座美麗、維護良好的公園，但近來名聲不太好，被認為不太安全，尤其是在晚上。
The Sandburg Villa Apartment complex, catering to yuppies and upwardly mobile DINK couples.	Sandburg Villa 公寓社區，主要服務雅痞和力爭上游的頂客族夫妻。
The Wilson Arms, high-security apartments for the conspicuous consumer.	The Wilson Arms，專為愛炫耀的消費族群打造的高安全性公寓。
Offices and stores.	辦公室與商店。
Stores, shops and restaurants that cater to the business surrounding them. Lots of businesspeople, conventioneers and lawyers.	服務周邊企業的商店、店鋪和餐廳。到處都是上班族、參展人士和律師。
The Lytton City Courthouse.	Lytton 市法院。
The Lytton County Jail.	Lytton 郡監獄。
Cotton Cove, a small alternative park and annex to Bert's Park.	Cotton Cove，Bert's Park 旁的一座小型附屬公園。
You see nothing special.	你沒看到任何特別的東西。
You slam on your brakes, barely in time to avoid mashing into the side of a car that appears to be operated by a very DUI driver traveling at about 50mph down heavily-populated city streets.	你猛踩煞車，堪堪來得及避免撞上一輛車身側面——那輛車看起來是一名酒駕嚴重的駕駛，正以時速約 50 英里的速度在人潮密集的市區街道上狂飆。
With caution so as to not panic the obviously intoxicated motorist, you slowly edge him over to the curb.	為了不驚動這位明顯醉醺醺的駕駛，你小心翼翼地把他逼向路邊。
There he is! Good work Bonds! You managed to intercept the stolen car.	他在那裡！幹得好，Bonds！你成功攔截了這輛贓車。
With a building rush of adrenaline, you cautiously pace the stolen car, following it closely as it pulls over to the curb.	隨著腎上腺素節節升高，你小心地跟上這輛贓車，緊貼在後，直到它靠邊停下。
You barely stop in time to see an incredible honey-blond blow through the intersection at warp 9.	你差點來不及煞車，就看到一位美豔動人的金髮女子，以宛如「warp 9」的超光速衝過路口。
With a flush of anticipation -- and an impending sense that your shyness is going to ruin a potentially mind-altering encounter -- you pull over the speeding woman.	帶著一陣期待的紅暈——同時隱隱擔心自己的害羞個性會搞砸這場可能讓你腦袋一片空白的邂逅——你把這位超速的女子攔了下來。
This is your right turn signal icon. Click the HAND cursor on this icon to signal and turn right at the upcoming intersection or driveway.	這是你的右轉方向燈圖示。用手形游標點擊這個圖示，即可在前方路口或車道打右轉燈並右轉。
Your siren is currently on.	你的警笛目前是開啟的。
You crash and die a horrible death!	你撞車了，死得慘不忍睹！
You don't have time to be lounging around at the park, Bonds.	Bonds，你沒空在公園裡閒晃。
This ramp is only for exiting the freeway.	這條匝道只能用來駛離高速公路。
You've completely missed your chance to apprehend an extremely dangerous figure in Lytton's burgeoning crime world.	你已經徹底錯失逮捕 Lytton 犯罪世界裡一名極度危險人物的機會。
Despite your taking your own sweet time in cornering the stolen car, using an inefficient approach, you somehow manage to catch up with it and pull it over.	儘管你慢條斯理、用了很沒效率的方式去包抄這輛贓車，你還是設法追上並把它攔了下來。
A stop at the Cove isn't on your agenda, Bonds. Return to duty.	Bonds，去 Cove 逛逛不在你的行程上。回去執勤。
When you're transporting suspects, they should be brought directly to the Lytton County Jail. Regulations prohibit you from making other stops unless told to do so by Dispatch.	當你在押送嫌犯時，應該直接把他們送到 Lytton 郡監獄。除非調度另有指示，規定禁止你中途繞去其他地方。
It's the squad car's speedometer, showing speed in kilometers and mph. One of these days, you have to remember how far a kilometer is!	這是巡邏車的時速表，同時顯示公里和英里時速。總有一天你得搞清楚一公里到底有多遠！
It's the squad car's tachometer.	這是巡邏車的轉速表。
The old 83-32, pride of the LPD.	老舊的 83-32，LPD 的驕傲。
Without even thinking about it, you sense that this is the steering wheel to your well-maintained patrol car.	想都不用想，你就知道這是你那輛保養良好的巡邏車的方向盤。
The glove box of your squad car. Like most other cars, it doesn't hold gloves at all, but an assortment of little-used and little-needed paraphernalia.	巡邏車的手套箱。跟大多數車子一樣，裡面根本沒有手套，只有一堆很少用到、也不太需要的雜物。
Heater vents. You sometimes use them when patrolling during the winter, but most of the time, they gather dust, mold and fungus.	暖氣出風口。冬天巡邏時你偶爾會用到，但大多數時候它們只是在積灰塵、發霉長黴菌。
Your fuel and temperature gauges.	你的油量表和水溫表。
It's the squad car speedometer, showing speed in kilometers and mph. One of these days, you have to remember how far a kilometer is!	這是巡邏車的時速表，同時顯示公里和英里時速。總有一天你得搞清楚一公里到底有多遠！
The squad car's ignition.	巡邏車的點火開關。
The mike for the squad car's transmitter.	巡邏車無線電發射器的麥克風。
The volume dial for the squad car's radio.	巡邏車無線電的音量旋鈕。
The manual frequency dial for the squad car's radio.	巡邏車無線電的手動頻率旋鈕。
The squad car's radio transmitter.	巡邏車的無線電發射器。
The turn signals for the squad car.	巡邏車的方向燈。
The squad car's no-nonsense dashboard.	巡邏車樸實無華的儀表板。
This is your straight signal icon. Click the HAND cursor on this icon to continue straight at an intersection where you've stopped, or to change your mind after signaling a right- or left-hand turn.	這是你的直行方向燈圖示。用手形游標點擊這個圖示，就能在停等的路口繼續直行，或是在打了左轉／右轉燈之後改變主意。
Highway 41	Highway 41
Entrance	入口
Exit	出口
ENTRANCE	入口
EXIT	出口
Lytton PD	警局
County Jail	郡監獄
Delphoria	Delphoria
Carol's	Carol's
Blue Room	Blue Room
Cotton	Cotton
Cove	Cove
Bert's Park	Bert's Park
Court	法
House	院
Just another stretch of pavement.	只是一段普通的柏油路。
and	and
The intersection of	路口：
Palm	Palm
Oak	Oak
Fig	Fig
Peach	Peach
Rose	Rose
Lilly	Lilly
Poppy	Poppy
River Rd.	River Rd.
Parkway	Parkway
1st St.	1st St.
2nd St.	2nd St.
3rd St.	3rd St.
4th St.	4th St.
5th St.	5th St.
6th St.	6th St.
7th St.	7th St.
8th St.	8th St.
9th St.	9th St.
10th St.	10th St.
Brock Dr.	Brock Dr.
It's the switch that turns on and off your siren.	這是控制警笛開關的開關。
This Thunderbird's one of the unmarked cars. Unfortunately, the unmarked cars haven't been equipped with cherrys yet.	這輛 Thunderbird 是無標誌車之一。可惜的是，無標誌車還沒配備警示燈。
The unmarked police car's steering wheel.	這輛無標誌警車的方向盤。
Inside this glove box lurks...nothing at all.	這個置物箱裡藏著……什麼都沒有。
The unmarked police car has a heater/air conditioner. Fortunately, Lytton has a very mild clime, so these gas-guzzling appliances are rarely used.	這輛無標誌警車配有暖氣／冷氣。幸好 Lytton 氣候溫和，這些耗油的設備很少派上用場。
A standard car radio.	一台標準的車用收音機。
Vents for the heater/AC. They're not used frequently, so the air that issues from these vents is usually tinged with a mildewy odor.	暖氣／冷氣的出風口。因為不常使用，從這些出風口吹出來的風通常帶著一股霉味。
The unmarked police car's tachometer.	這輛無標誌警車的轉速表。
The ignition.	點火開關。
A speedometer. The unmarked car has no siren, so when driving this vehicle, you must observe all signs and signals.	這是時速表。無標誌車沒有警笛，所以開這輛車時，你必須遵守所有號誌與標示。
The various other dials and gauges, including fuel level, temperature, and so on.	其他各種儀表，包括油量、水溫等等。
The unmarked car's turn signals.	無標誌車的方向燈。
The dash. Nice and sporty for a departmental vehicle.	這是儀表板。以一輛局裡的公務車來說，算是相當有跑車感。
The Thunderbird's gas gauge. Like the squad car, all the departmental cars are topped off every morning. It wouldn't do to run out of gas in the middle of a pursuit.	這輛 Thunderbird 的油量表。跟巡邏車一樣，所有局裡的公務車每天早上都會加滿油。要是追捕途中沒油了可就糟了。
The Thunderbird's odometer.	這輛 Thunderbird 的里程表。
Welcome to the Police Quest Driving Interface. We've made navigating Lytton easier than ever before. Here's how:	歡迎使用《Police Quest》駕駛介面。我們讓在 Lytton 導航變得比以往更簡單，方法如下：
The Lytton City map, shown in the left window, is divided into four quadrants. When you exit the police station, you will be in the lower right-hand quadrant. The map will always display the quadrant you're presently in.	左側視窗顯示的 Lytton 市地圖分成四個象限。你離開警局時，會位在右下方的象限。地圖會一直顯示你目前所在的象限。
From time to time during the game, the dispatcher will notify you to go to a particular destination. At other times, you'll have to cruise for awhile (that's what traffic patrol is all about) or figure out where you're supposed to go. Using the map enclosed in the game box will help.	遊戲進行中，調度台會不時通知你前往特定地點。其他時候，你得四處巡邏一陣子（這正是交通巡邏的本質），或自己想辦法弄清楚該往哪裡去。善用遊戲包裝盒裡附的地圖會有幫助。
Your car, by the way, is the flashing rectangle. It shows you where you are at all times. You can also figure out what individual buildings are by clicking your EYE cursor on the streets and buildings depicted on the onscreen map to the left.	順帶一提，你的車就是那個閃爍的矩形，隨時顯示你目前的位置。你也可以用「眼睛」游標點擊左側畫面地圖上描繪的街道與建築物，來辨認各個建築物是什麼。
The three arrow controls on the bar just above your dashboard are your turn signals. If you click your HAND cursor on the right signal, at the next corner you will automatically turn right at a safe speed. The left signal works the same way. If you wish to go straight, click on the straight arrow.	儀表板正上方那排的三個箭頭控制鈕就是你的方向燈。如果你用「手」游標點擊右方向燈，車子會在下一個路口自動以安全速度右轉。左方向燈的用法相同。如果想直行，就點擊直行箭頭。
Sometimes you will see a stop sign appear on the middle bar above the dashboard. This stop sign means you MUST come to a stop at the intersection you're currently headed for. To come to a stop, approach the intersection at 15mph or less. Your car will automatically come to a stop. To continue on, click the HAND cursor on a direction and then click the HAND cursor on the gas.	有時你會看到儀表板正上方的中間位置出現停止標誌。這個停止標誌表示你「必須」在目前正前往的路口停車。要停車，請以時速 15 英里以下接近路口，車子會自動停下來。要繼續前進，先用「手」游標點擊方向，再用「手」游標點擊油門。
The brake and gas pedals are located right next to the turn signals above the dashboard. To increase your speed, click the hand on the gas pedal (the pedal to the right). To decrease your speed, click on the brake. Your maximum speed is 55mph. It's not just a good idea, it's the law.	煞車和油門踏板就在儀表板上方方向燈的旁邊。要加速，用手點擊油門踏板（右邊那個）。要減速，點擊煞車。你的最高速限是時速 55 英里。這不只是個好主意，更是法律規定。
The siren can be activated anytime you're in the squad car. The switch is located below and to the right of the steering wheel. Click your hand on it to activate the siren. Click on it again to turn the siren off. Only the squad car has a siren!	只要你在巡邏車裡，隨時都能啟動警笛。開關位在方向盤的右下方。用手點擊它就能啟動警笛，再點一次就會關閉。只有巡邏車才有警笛！
When the siren is on, you can travel at 65mph and pass through any intersection without slowing down including the stop intersections. You MUST also use the siren to chase offenders.	警笛開啟時，你可以以時速 65 英里行駛，並且不減速通過任何路口，包括該停車的路口。追捕違規者時你「必須」開啟警笛。
When an offender drives past you, turn on your siren to catch them. If you just drive on without a siren, the offender will get away.	當有違規者從你身旁開過時，打開警笛去追捕他們。如果你沒開警笛就繼續開車，違規者就會逃走。
Highway 41, the Lytton Police Station, the County Jail and the Hotel Delphoria can be entered via a driveway. Just indicate you wish to turn into the drive using the turn signal. Some freeway driveways are exits only, so be careful!	Highway 41、Lytton 警局、郡立監獄和 Delphoria 飯店都可以透過車道進入。只要用方向燈表示你想轉進車道即可。有些高速公路的車道只能出不能進，請小心！
You will not need to utilize the steering wheel, ignition, or radio microphone. As long as the keys to the car are in your inventory, you can drive; as long as you have your radio extender in inventory, you can contact Dispatch when necessary.	你不需要操作方向盤、點火開關或無線電麥克風。只要車鑰匙在你的物品欄裡，你就能開車；只要無線電延長器在你的物品欄裡，你有需要時就能聯絡調度台。
That concludes your brief tutorial of the Police Quest Driving Interface. If you're unsure as to the purpose of any of the above-dashboard icons, merely click the EYE cursor on the icon for an explanation of its use. We now leave the driving to you.	以上就是《Police Quest》駕駛介面的簡短教學。如果你不確定儀表板上方任何圖示的用途，只要用「眼睛」游標點擊該圖示，就會看到用途說明。接下來就交給你來開車了。
That's just what you thought you saw.	那只是你以為自己看到的東西。
You speak but no answer is forthcoming.	你開口說話，卻沒有得到回應。
It's an address book filled with interesting notations.	這是一本寫滿有趣註記的通訊錄。
Always ready for action you quickly make sure your piece is loaded. You also make sure your gun is loaded.	時刻準備行動的你，很快確認了配槍已上膛。你也確認了手槍已上膛。
These are your spare bullets in a convenient, not to mention potentially life saving, speed-loader.	這是你的備用子彈，裝在方便使用、而且可能救你一命的快速裝彈器裡。
It's the key to your personal car, a sleek Camaro.	這是你私家車的鑰匙，一輛時髦的 Camaro。
That's your computer access card.	這是你的電腦存取卡。
It's the license of Bill Barnum, your DUI suspect.	這是 Bill Barnum 的駕照，你那位酒駕嫌犯的。
This is your weapon, a wooden gripped .357 magnum.	這是你的配槍，一把木柄的點357麥格農。
These are your handcuffs. Fortunately, you remembered to remove them from the bedposts before coming to work this morning.	這是你的手銬。幸好你今天早上出門上班前記得把它們從床柱上拿下來。
This is the Hoffman arrest report. Inside are two licenses, one Hoffman's, the other one belonging Leroy Pierson. He looks remarkably like Hoffman.	這是 Hoffman 的逮捕報告。裡面有兩張駕照，一張是 Hoffman 的，另一張屬於 Leroy Pierson。他長得跟 Hoffman 出奇地像。
This is the key to one of the best little hotel rooms that can be rented by the hour.	這是一間可以按小時計費、堪稱一時之選的小旅館房間鑰匙。
What can be said. Anyonme who wears these is going to look like a Miami Vice reject. Oh, that's right. You have to wear them. Sorry.	能說什麼呢。戴上這個的人看起來會像從《邁阿密風雲》被刷掉的角色。喔對了，你非戴不可。抱歉啦。
To do something to one of your inventory items, first click here, then click on the item.	要對物品欄裡的某樣東西做點什麼，先點這裡，再點該物品。
To learn about the other icons in this window, first click here, then click the question mark on the icon you wish to learn about.	要了解這個視窗裡其他圖示的用途，先點這裡，再點你想了解的圖示上的問號。
To look more closely at one of the inventory items, first click here, then click on the item of interest.	要仔細查看物品欄裡的某樣東西，先點這裡，再點你感興趣的物品。
Click here to close this window and return to game.	點這裡關閉這個視窗，回到遊戲。
To use one of your inventory items in the game, first click here, then click on the item, then click on OK.	要在遊戲中使用物品欄裡的某樣東西，先點這裡，再點該物品，然後點「確定」。
Ms. Helmut's license has a great photo. Yours sure didn't come out this well. What happened?	Helmut 小姐駕照上的照片拍得真好看。你的照片可沒這麼好看。是發生了什麼事嗎？
Black, sleek, and solid, it's the PR-24 nightstick.	黑色、造型俐落又堅固，這是 PR-24 警棍。
It's departmental issue pen - always ready for that record ticket-writing day.	這是局裡發的原子筆——隨時準備好應付開罰單開到手軟的日子。
I bet you never thought you'd be using this stuff. Of course, you probably never thought you'd be using a blow dryer and hair spray to keep that fine 'do in place.	我敢說你從沒想過自己會用上這種東西。當然啦，你大概也沒想過自己會用吹風機和髮膠來固定那頭好髮型。
It's your patrol unit key.	這是你巡邏車的鑰匙。
Your radio extender can be one of your best friends.	你的無線電延長器可能會是你最好的朋友之一。
Your ticket book is full of tickets itching to be written.	你的罰單本裡塞滿了等著被開出去的罰單。
You don't think handing out a ticket is going to do anything to solve your problems.	你不覺得開一張罰單能解決什麼問題。
Hmm... Good idea Bond's but do you think this guys really going to drive any safer AFTER you've given him a ticket? What this guy really needs is a night in the can.	嗯……好主意，Bonds，但你覺得開了罰單之後，這傢伙開車真的會變得比較安全嗎？這傢伙真正需要的是去局子裡蹲一晚。
C'mon Sonny. Fair is fair. She did run that stop sign but don't you think one ticket is enough?	拜託，Sonny。公平歸公平，她確實闖了那個停止標誌，但你不覺得一張罰單就夠了嗎？
Mustering all your willpower to stare down at your ticket book, you shakely make out a ticket.	你使出全副意志力盯著罰單本，顫抖著開出一張罰單。
You should follow correct police procedures before issuing a ticket.	開罰單前，你應該遵循正確的警察程序。
It's a ticket with her name on it. She'll be so grateful to you.	這是一張寫著她名字的罰單。她一定會對你感激不盡。
That won't be effective now.	現在這麼做不會有用。
It's your secret transmitter disquised as a fountain pen.	這是你偽裝成鋼筆的秘密發報器。
It's the key to your unmarked unit.	這是你無標誌車的鑰匙。
It's your wallet. I'll bet you wish it packed a little more heft.	這是你的皮夾。我敢說你希望它能再厚一點。
It's an FBI Top Ten Most Wanted Fugitives poster for Jason Taselli. It contains a complete description.	這是一張 Jason Taselli 的 FBI 十大通緝要犯海報，上面有完整的描述。
any old garbage.	隨便什麼破爛東西。
It's a warrant to keep that bile heap, Taselli in jail.	這是一張把那堆人渣 Taselli 關進監獄的拘票。
You can't fly.	你不會飛。
I'd leave that plant alone if I were you, Bonds. It looks hungry.	Bonds，如果我是你，我會別去碰那株植物。它看起來餓壞了。
The flowers are shy. They don't answer.	這些花很害羞，不會回應你。
Bert would be very unhappy with you if you picked his flowers.	要是你摘了 Bert 的花，他一定會很不高興。
The grass is used to being stepped on. It's afraid to answer.	這片草地已經習慣被踩了。它怕得不敢回答。
You don't need to pick the grass. Leave the poor grass alone.	你不需要去拔草。別去煩這片可憐的草地。
Hugging trees is nice, isn't it.	抱抱樹很不錯，對吧。
The pine tree says: "Is it Christmas yet? I'm headin' for Mexico when November hits, man. I'm outta here."	這棵松樹說：「聖誕節到了沒？十一月一到我就要去墨西哥了，老兄。我要閃人了。」
Hug a tree, not the concrete.	抱棵樹吧，別抱水泥地。
Why would you play in the street when you could play in the grass?	明明可以在草地上玩，你幹嘛跑去街上玩？
the dense green bushes could conceal almost anything.	這片茂密的綠色灌木叢幾乎能藏住任何東西。
You hear rustling in the bushes.	你聽見灌木叢裡傳來窸窣聲。
You shake the bushes vigorously, scaring the Hell out of a gopher.	你用力搖晃灌木叢，把一隻地鼠嚇得半死。
Okay, Sonny, we've been given a tip that a drug purchase is going to occur in the park this afternoon. What we need to do is this: You go straight into the park, and position yourself so that you can watch the bench without being observed. I'll go around the side and cover the park's other entrance. Any questions?	好了，Sonny，我們接到線報，今天下午會有一筆毒品交易在公園裡進行。我們要做的是：你直接進公園，找個能在不被發現的情況下盯著長椅的位置。我會繞到側邊，守住公園的另一個入口。有問題嗎？
No...Geez Laura, I used to play in this park when I was a kid. We used to come here to neck when I was in high school. This is kind of sad.	沒有……天啊 Laura，我小時候常在這座公園玩。念高中的時候我們還會來這裡親熱。這感覺有點感傷。
It sure as hell is. There are more dealers than ever, and they're meaner and more vicious than ever. Lytton is changing, Sonny. Anyway, let's not waste time. Go on in, I'll see you later.	可不是嘛。毒販比以前更多，也比以前更兇狠、更惡毒。Lytton 正在變，Sonny。總之，別浪費時間了。你進去吧，待會見。
Bite me. I don't have to say nothin' to you, bitch.	去死吧。老娘什麼都不用跟你講，賤人。
Kiss my ass.	親我屁股啦。
Nice bust, Bonds. You just forgot to do one little thing--you didn't search Victor Simms. The boy panicked, and swallowed the entire packet of cocaine he had just purchased in an attempt to conceal it. He died. You were immediately suspended. You may lose your career. Remember, not following police procedure can cost people their lives--your own, or someone else's.	漂亮的逮捕，Bonds。只差一件小事──你忘了搜查 Victor Simms。男孩驚慌之下，為了藏起剛買的整包古柯鹼而把它吞下。他死了。你立即被停職，甚至可能失去職涯。記住，不遵守警察程序可能付出生命代價──不論是你自己的，還是別人的。
Cancel	取消
Change Directory	變更目錄
Delete	刪除
OK	好
Replace	取代
Save	儲存
Are you sure you want to delete this saved game?	你確定要刪除這個存檔嗎？
Restore a Game	還原遊戲
Save a Game	儲存遊戲
%s is not a valid directory.	%s 不是有效的目錄。
This directory/disk can hold no more saved games. You must replace one of your saved games or use Change Directory to save on a different directory/disk.	這個目錄/磁碟無法再容納更多存檔。你必須取代其中一個存檔，或使用「變更目錄」將存檔儲存到其他目錄/磁碟。
New save-game directory:	新的存檔目錄：
with:	取代為：
You must type a description for the game.	你必須輸入遊戲描述。
Select the game that you would like to restore.	選擇你想還原的遊戲。
Type the description of this saved game.	輸入這個存檔的描述。
Your save game disk is full. You must either use another disk or save over an existing saved game.	你的存檔磁碟已滿。你必須使用另一張磁碟，或覆蓋現有的存檔。
GAME	遊戲
Insert the %s disk in drive %s.	請把 %s 磁片插入磁碟機 %s。
SAVE GAME	儲存進度
That game was saved under a different interpreter. It cannot be restored.	那個遊戲是在不同的直譯器下儲存的，無法還原。
%d.nor	%d.nor
[control $%x]	[control $%x]
class: %s view: %d loop: %d cel: %d posn: %d %d %d heading: %d pri: %d signal: $%x illBits: $%x	class: %s view: %d loop: %d cel: %d posn: %d %d %d heading: %d pri: %d signal: $%x illBits: $%x
name: %s view: %d loop: %d cel: %d posn: %d %d %d heading: %d pri: %d signal: $%x illBits: $%x OnControl: $%x Origin on: $%x	name: %s view: %d loop: %d cel: %d posn: %d %d %d heading: %d pri: %d signal: $%x illBits: $%x OnControl: $%x Origin on: $%x
name: %s number: %d current pic: %d style: %d horizon: %d north: %d south: %d east: %d west: %d script: %s	name: %s number: %d current pic: %d style: %d horizon: %d north: %d south: %d east: %d west: %d script: %s
Position: %d, %d	Position: %d, %d
%s.mem	%s.mem
%s.log	%s.log
Log file "%s" exists	Log file "%s" exists
QA-COMMENT%d	QA-COMMENT%d
Comment line %d of %d:	Comment line %d of %d:
%ssg.dir	%ssg.dir
File: %s	檔案：%s
%s [Collection of size %d]	%s[集合大小 %d]
%s [List of size %d]	%s[清單大小 %d]
%s [Set of size %d]	%s[集合大小 %d]
T 9nvY	T 9nvY
J zx8	J zx8
xe 2T	xe 2T
e"9(xg 9	e"9(xg 9
xv9 x[	xv9 x[
xg C%	xg C%
e 9nvrz	e 9nvrz
xg T	xg T
xg C	xg C
xvc J	xvc J
vc J	vc J
H3+xg C	H3+xg C
e 9ovW	e 9ovW
e 9ovW:	e 9ovW:
e xg,C	e xg,C
PQ1_CHT_HELP	操作提示：使用方向鍵移動，按 Enter 互動，按 I 查看物品，按 F1 顯示本中文化的操作說明。
