Press this button for information about Police Quest. 	Press this button for information about Police Quest. 
Police Quest: In Pursuit of the Death Angel Version: %s 	Police Quest: In Pursuit of the Death Angel Version: %s 
The entire Police Quest series features authentic law enforcement techniques.  Our goal is to give you a taste of what policemen and policewomen actually encounter in their day-to-day dealings with the public and with each other.	The entire Police Quest series features authentic law enforcement techniques.  Our goal is to give you a taste of what policemen and policewomen actually encounter in their day-to-day dealings with the public and with each other.
If you're finding POLICE QUEST: IN PURSUIT OF THE DEATH ANGEL entertaining and enlightening, you'll want to play the other games in the POLICE QUEST series:	If you're finding POLICE QUEST: IN PURSUIT OF THE DEATH ANGEL entertaining and enlightening, you'll want to play the other games in the POLICE QUEST series:
POLICE QUEST 2: THE VENGEANCE is the story of Sonny Bonds's race to track down a cold-blooded cop killer before Sonny himself ends up as the next victim.  This time, you'll use authentic homicide investigation techniques, master weapons, disarm explosive devices, and more in your desperate efforts to prevent your own murder.	POLICE QUEST 2: THE VENGEANCE is the story of Sonny Bonds's race to track down a cold-blooded cop killer before Sonny himself ends up as the next victim.  This time, you'll use authentic homicide investigation techniques, master weapons, disarm explosive devices, and more in your desperate efforts to prevent your own murder.
POLICE QUEST 3: THE KINDRED thrusts Sonny into a dark world of cult killers, drugs, and a corruption that's spreading throughout the Lytton Police Department itself!  PQ3 features a soundtrack by Jan Hammer of MIAMI VICE fame, and our intuitive point-and-click interface.	POLICE QUEST 3: THE KINDRED thrusts Sonny into a dark world of cult killers, drugs, and a corruption that's spreading throughout the Lytton Police Department itself!  PQ3 features a soundtrack by Jan Hammer of MIAMI VICE fame, and our intuitive point-and-click interface.
To place an order, simply dial Sierra Sales at 800 326-6654.  For International orders, call 0734-303171.  Sierra Technical Support is available Monday through Friday, 7 am to 7 pm Pacific time, at 209 683-8989.  Operators are standing by.	To place an order, simply dial Sierra Sales at 800 326-6654.  For International orders, call 0734-303171.  Sierra Technical Support is available Monday through Friday, 7 am to 7 pm Pacific time, at 209 683-8989.  Operators are standing by.
Police Quest: In Pursuit of the Death Angel was created by the following Honorary Members of the Lytton PD:	Police Quest: In Pursuit of the Death Angel was created by the following Honorary Members of the Lytton PD:
Executive Producer: Ken Williams  Creative Director: Bill Davis  Producer: Tammy Dargan  Art Director: Jim Larsen	Executive Producer: Ken Williams  Creative Director: Bill Davis  Producer: Tammy Dargan  Art Director: Jim Larsen
Composer: Rob Atesalp  Animators: Cindy Walker Daryle Smith Al Roughton Frances Anne Powell Deanna Yhalkee Spartaco Margioni Jim Larsen 	Composer: Rob Atesalp  Animators: Cindy Walker Daryle Smith Al Roughton Frances Anne Powell Deanna Yhalkee Spartaco Margioni Jim Larsen 
Background Artists: Jim Larsen Al Roughton Nathan Larsen Terrence C. Falls Willis Wong Maurice F. Morgan Michael Hutchison Arturo Sinclair Cindy Walker Richard Powell	Background Artists: Jim Larsen Al Roughton Nathan Larsen Terrence C. Falls Willis Wong Maurice F. Morgan Michael Hutchison Arturo Sinclair Cindy Walker Richard Powell
Programmers: Krishnan Shankar Charles "Chip" Kercher III Todd Powers Scott Murphy Carlos Escobar Michael Brock Hugh Diedrichs	Programmers: Krishnan Shankar Charles "Chip" Kercher III Todd Powers Scott Murphy Carlos Escobar Michael Brock Hugh Diedrichs
Music Director: Mark Seibert	Music Director: Mark Seibert
Development System: Jeff Stephenson Mark Wilden Dan Foy J. Mark Hood Christopher Smith Larry Scott Ken Koch Jack Magne	Development System: Jeff Stephenson Mark Wilden Dan Foy J. Mark Hood Christopher Smith Larry Scott Ken Koch Jack Magne
Additional Written Material: Scott Murphy Lorlei Shannon	Additional Written Material: Scott Murphy Lorlei Shannon
Special Thanks: Kit Rees, Model Assembly  Quality Assurance: Mike Pickhinke John Ratcliffe	Special Thanks: Kit Rees, Model Assembly  Quality Assurance: Mike Pickhinke John Ratcliffe
A Very Special Thanks to the following people, who made this game possible:  Hugh Diedrichs, SWAT Programmer Carlos Escobar, SWAT Programmer Josh Mandel, SWAT Director Stuart Moulder, SWAT Producer	A Very Special Thanks to the following people, who made this game possible:  Hugh Diedrichs, SWAT Programmer Carlos Escobar, SWAT Programmer Josh Mandel, SWAT Director Stuart Moulder, SWAT Producer
These are lot more effective when used in conjunction with a weapon. 	These are lot more effective when used in conjunction with a weapon. 
Those only work in the lock of your personal vehicle. 	Those only work in the lock of your personal vehicle. 
Don't know what you had in mind. That's designed to be used only in your computer. 	Don't know what you had in mind. That's designed to be used only in your computer. 
Those items won't work together. 	Those items won't work together. 
That's an interesting idea.	That's an interesting idea.
That's not necessary. 	That's not necessary. 
That won't do anything helpful. 	That won't do anything helpful. 
Listen, pal, frivolous use of your piece is grounds for termination, not to mention potential indictment.   	Listen, pal, frivolous use of your piece is grounds for termination, not to mention potential indictment.   
Your cuffs have a specific application. That's not one of them. 	Your cuffs have a specific application. That's not one of them. 
That won't further your cause. 	That won't further your cause. 
That will only work in the door to your hotel room. 	That will only work in the door to your hotel room. 
You'll want to save these spiffy duds for your own use. 	You'll want to save these spiffy duds for your own use. 
That's not proper treatment of someone's personal effects. 	That's not proper treatment of someone's personal effects. 
Just another part of the Lytton landscape...what the Mayor would call, "another one of Lytton's thousand points of light."  	Just another part of the Lytton landscape...what the Mayor would call, "another one of Lytton's thousand points of light."  
Keep that stowed unless the you're going to use it properly. 	Keep that stowed unless the you're going to use it properly. 
Hey! Hey! Hey! No grafitti! You're an officer of the law. Set a good example. 	Hey! Hey! Hey! No grafitti! You're an officer of the law. Set a good example. 
While it sounds like fun now, you'll regret it later. 	While it sounds like fun now, you'll regret it later. 
That's meant for your patrol car's ignition switch only.  	That's meant for your patrol car's ignition switch only.  
That's not a proper application for your radio extender.   	That's not a proper application for your radio extender.   
It's not unlike talking to a brick wall.	It's not unlike talking to a brick wall.
That's improper procedure.  Try a different approach.	That's improper procedure.  Try a different approach.
You can't be pasting tickets any place you want. 	You can't be pasting tickets any place you want. 
Those keys are only meant to be used in the undercover car's ignition. 	Those keys are only meant to be used in the undercover car's ignition. 
Pretty carefree behavior for a person drawing a salary from a police department. 	Pretty carefree behavior for a person drawing a salary from a police department. 
The warrant has a very specific purpose; that's not it.  	The warrant has a very specific purpose; that's not it.  
You quickly slide the bullets into their respective chambers.	You quickly slide the bullets into their respective chambers.
Select this icon to adjust the game's sound, detail level, Sonny's movement speed, or to save, restore, or quit a game.	Select this icon to adjust the game's sound, detail level, Sonny's movement speed, or to save, restore, or quit a game.
This is Sonny's currently selected inventory item.  	This is Sonny's currently selected inventory item.  
Use this to reduce animation and speed-up play if the game is running too slow on your machine.	Use this to reduce animation and speed-up play if the game is running too slow on your machine.
Select this icon to manipulate objects or to pick up items.    	Select this icon to manipulate objects or to pick up items.    
That's not something you need to do.	That's not something you need to do.
Just exactly where did you think that would fit? 	Just exactly where did you think that would fit? 
Not now. 	Not now. 
That's not the way to load your gun.	That's not the way to load your gun.
You tug at your clothing to achieve a slightly more comfortable fit.	You tug at your clothing to achieve a slightly more comfortable fit.
Simply having the gun as your "active" inventory item is sufficient to consider it drawn.	Simply having the gun as your "active" inventory item is sufficient to consider it drawn.
Cuffing yourself will make it difficult to do much of anything.	Cuffing yourself will make it difficult to do much of anything.
It's you, Officer Sonny Bonds, proud member of the Lytton Police Department.   	It's you, Officer Sonny Bonds, proud member of the Lytton Police Department.   
What could you possibly have done to deserve such brutality...and at your own hands, too?	What could you possibly have done to deserve such brutality...and at your own hands, too?
Hey, watch it! You could put an eye out with that thing!	Hey, watch it! You could put an eye out with that thing!
That's not a necessary step at this point. 	That's not a necessary step at this point. 
One might expect the infirm and the indigent to talk to themselves, but one does not expect this behavior of an officer of the law.	One might expect the infirm and the indigent to talk to themselves, but one does not expect this behavior of an officer of the law.
That won't help you now.	That won't help you now.
This is the help icon. Click this on other icons to see what they do.	This is the help icon. Click this on other icons to see what they do.
Intro/Credits	Intro/Credits
Play New Game	Play New Game
Restore Old Game	Restore Old Game
Quit	Quit
Police Quest:	Police Quest:
The Death Angel	The Death Angel
Use this icon to manipulate an inventory items.	Use this icon to manipulate an inventory items.
This the help icon. Click this on others to see what they do. 	This the help icon. Click this on others to see what they do. 
Use this icon to select one of the inventory items.	Use this icon to select one of the inventory items.
Use this icon to get a closer look and description of an inventory item.	Use this icon to get a closer look and description of an inventory item.
Use this icon when you are ready to return to the game.	Use this icon when you are ready to return to the game.
Use this icon to select one of the available inventory items.	Use this icon to select one of the available inventory items.
Use this icon to examine things in the area.  	Use this icon to examine things in the area.  
Return to the game. 	Return to the game. 
Use this Icon to quit the game.	Use this Icon to quit the game.
Start the game at the beginning.	Start the game at the beginning.
Restore A Game.  	Restore A Game.  
Save your current game.	Save your current game.
This displays your current score.  	This displays your current score.  
of	of
Use this to adjust the sound level.	Use this to adjust the sound level.
Use this to control the speed of Sonny's movement. 	Use this to control the speed of Sonny's movement. 
Select this icon to talk with other people in the area.  	Select this icon to talk with other people in the area.  
Welcome to Police Quest. Pick one of the following.	Welcome to Police Quest. Pick one of the following.
That is designed to fit only the locks of your unmarked car. 	That is designed to fit only the locks of your unmarked car. 
Use this icon to move Sonny around.  	Use this icon to move Sonny around.  
Lytton, California	Lytton, California
Moulder's Travel Guide, 1965 Edition: "No tour of the California good life would be complete without a stop in Lytton...one of those gems of a small town where progress hasn't spoiled the land or the people..."   	Moulder's Travel Guide, 1965 Edition: "No tour of the California good life would be complete without a stop in Lytton...one of those gems of a small town where progress hasn't spoiled the land or the people..."   
Western Lifestyles Magazine, May, 1975: "Through the craziness of the '60s, Lytton, California has managed to hang onto its high moral values and simple lifestyle, despite the inevitable encroachment of a few undesirable elements..."	Western Lifestyles Magazine, May, 1975: "Through the craziness of the '60s, Lytton, California has managed to hang onto its high moral values and simple lifestyle, despite the inevitable encroachment of a few undesirable elements..."
"Eyes On California," CBC News Report, January, 1985: "Lytton may be a small town geographically, but its problems are at least as serious as those in any major city..."  	"Eyes On California," CBC News Report, January, 1985: "Lytton may be a small town geographically, but its problems are at least as serious as those in any major city..."  
The Present	The Present
It seems well-constructed.	It seems well-constructed.
This is the parking garage.	This is the parking garage.
You don't want to use your personal car for business.  You don't know if your insurance covers it!	You don't want to use your personal car for business.  You don't know if your insurance covers it!
You'll need your car keys first. 	You'll need your car keys first. 
It's your sporty personal vehicle. 	It's your sporty personal vehicle. 
This isn't Space Quest IV, Bonds.  You can only go down the drain professionally in this game.   	This isn't Space Quest IV, Bonds.  You can only go down the drain professionally in this game.   
It's a storm drain.  It rarely rains in this part of California, but in case it does, the LPD is ready.	It's a storm drain.  It rarely rains in this part of California, but in case it does, the LPD is ready.
Watch it, Sonny.  I'll cite you for copping a feel...or is that feeling a cop?	Watch it, Sonny.  I'll cite you for copping a feel...or is that feeling a cop?
Sonny, we got an anonymous tip that a drug deal is going down at Bert's Park. We've got to get over there.    	Sonny, we got an anonymous tip that a drug deal is going down at Bert's Park. We've got to get over there.    
Too bad you weren't able to secure the No Bail Warrant, Sonny. That really would have been a feather in your cap. Oh, well. Since it was your first action since joining the unit, I don't think Morgan will come down too hard on you. Better luck next time. 	Too bad you weren't able to secure the No Bail Warrant, Sonny. That really would have been a feather in your cap. Oh, well. Since it was your first action since joining the unit, I don't think Morgan will come down too hard on you. Better luck next time. 
Alright, Sonny. You got the warrant. Good job! Boy, this'll be a feather in your cap. 	Alright, Sonny. You got the warrant. Good job! Boy, this'll be a feather in your cap. 
The door opens automatically. Just walk up to it.  	The door opens automatically. Just walk up to it.  
This is the entrance to the police station.  	This is the entrance to the police station.  
What, did you think there was a key hidden under it?	What, did you think there was a key hidden under it?
It's the mat that triggers the automatic sliding doors. 	It's the mat that triggers the automatic sliding doors. 
The pole doesn't budge.  Good thing, too, since it helps hold up the building.	The pole doesn't budge.  Good thing, too, since it helps hold up the building.
It's a support pole.  	It's a support pole.  
You can't do that -- at least not now!  	You can't do that -- at least not now!  
Hey, Sonny, I have some paperwork to take care of.  Why don't you go to the Blue Room and tell Jack the good news?  That creep won't be on the streets for a long time!	Hey, Sonny, I have some paperwork to take care of.  Why don't you go to the Blue Room and tell Jack the good news?  That creep won't be on the streets for a long time!
Okay, sounds good. I'll head on over there.  See you later, Laura. 	Okay, sounds good. I'll head on over there.  See you later, Laura. 
You give the car a quick inspection. Everything looks ready to go. 	You give the car a quick inspection. Everything looks ready to go. 
You haven't been on foot patrol for years.  Use a car!	You haven't been on foot patrol for years.  Use a car!
Only uniformed officers can use the patrol car, Bonds.	Only uniformed officers can use the patrol car, Bonds.
You'll need keys for that. 	You'll need keys for that. 
That's your departmental issue patrol car.	That's your departmental issue patrol car.
You'll need the undercover car's keys before you can drive it. 	You'll need the undercover car's keys before you can drive it. 
This vehicle belongs to the Narcotics Unit. It was confiscated in a large drug bust upstate and issued to the department through a program which distributes siezed assets to local law enforcement agencies. 	This vehicle belongs to the Narcotics Unit. It was confiscated in a large drug bust upstate and issued to the department through a program which distributes siezed assets to local law enforcement agencies. 
Yep, solid wall.	Yep, solid wall.
This is the Lytton Police station. 	This is the Lytton Police station. 
You're not that tall, Bonds.	You're not that tall, Bonds.
It's an air conditioning vent.  Budgetary constraints have forced a cutback in the use of air conditioning, except in the hottest weather.	It's an air conditioning vent.  Budgetary constraints have forced a cutback in the use of air conditioning, except in the hottest weather.
Yep, solid hallway.	Yep, solid hallway.
This hallway leads left to the parking garage and right to the main hallway. 	This hallway leads left to the parking garage and right to the main hallway. 
Despite the fact that some of these notices are pitifully out of date, you, like everybody else, leave them where they are.	Despite the fact that some of these notices are pitifully out of date, you, like everybody else, leave them where they are.
A bulletin board displaying general notices and announcements.  There's nothing new today. 	A bulletin board displaying general notices and announcements.  There's nothing new today. 
You're more concerned with advancement at work and improving your social life than you are in performing volunteer work. 	You're more concerned with advancement at work and improving your social life than you are in performing volunteer work. 
A flyer looking for volunteers for the Police Athletic League.	A flyer looking for volunteers for the Police Athletic League.
Don't take it down, it's an antique!	Don't take it down, it's an antique!
A notice urging all Department personnel to sell their share of tickets to the annual Policeman's Ball.	A notice urging all Department personnel to sell their share of tickets to the annual Policeman's Ball.
This particular notice is two years old.  The Policeman's Ball isn't held here anymore; there wasn't enough community support.	This particular notice is two years old.  The Policeman's Ball isn't held here anymore; there wasn't enough community support.
Don't bother.  Whoever rear-ended the Jaguar will no doubt remove this notice as soon as possible.	Don't bother.  Whoever rear-ended the Jaguar will no doubt remove this notice as soon as possible.
A typewritten notice: "Will whoever rear-ended my 1965 yellow Jaguar please come forward and admit it?  Let's work out the insurance problems together.  555-7627." 	A typewritten notice: "Will whoever rear-ended my 1965 yellow Jaguar please come forward and admit it?  Let's work out the insurance problems together.  555-7627." 
That's okay, there are nicer posters of La Boheme available by mail-order.	That's okay, there are nicer posters of La Boheme available by mail-order.
An announcement: Lytton High School presents "La Boheme," now through the 24th.	An announcement: Lytton High School presents "La Boheme," now through the 24th.
You'll pass.  	You'll pass.  
If there's any hope at all of finding this lost cat, you'll ruin it by taking the notice down.	If there's any hope at all of finding this lost cat, you'll ruin it by taking the notice down.
Someone lost a male Tabby in Cotton Cove.  	Someone lost a male Tabby in Cotton Cove.  
You don't hold out much hope.  Lost domesticated pets rarely survive long on their own.	You don't hold out much hope.  Lost domesticated pets rarely survive long on their own.
A lot of your friends are on the Grunters.  Leave the notice up; it may be the only 15 minutes of fame these officers ever get.	A lot of your friends are on the Grunters.  Leave the notice up; it may be the only 15 minutes of fame these officers ever get.
A message from Lieutenant Morgan, congratulating the Lytton Grunters on their recent victory over the Steelton Sows.  You recall reading about the astounding victory in the latest issue of the Gazette.	A message from Lieutenant Morgan, congratulating the Lytton Grunters on their recent victory over the Steelton Sows.  You recall reading about the astounding victory in the latest issue of the Gazette.
This is one of the few important memos on the board!  Best to leave it where it is.	This is one of the few important memos on the board!  Best to leave it where it is.
A notice reminding all officers to replace their standard-issue LPD-29 map of Lytton with the new one in the Gazette. 	A notice reminding all officers to replace their standard-issue LPD-29 map of Lytton with the new one in the Gazette. 
It's the elevator button, grimy but still functional.    	It's the elevator button, grimy but still functional.    
The cabinet doors are kept locked, but you're not missing much.  Pushpins, yellow post-its, and other office paraphernalia are kept inside.	The cabinet doors are kept locked, but you're not missing much.  Pushpins, yellow post-its, and other office paraphernalia are kept inside.
It's an official Lytton Police Department particle board storage cabinet, Item #42115-54.     	It's an official Lytton Police Department particle board storage cabinet, Item #42115-54.     
No, no, no.  Push the button, Bonds. 	No, no, no.  Push the button, Bonds. 
The elevator numbers tell you which floor the elevator is on.	The elevator numbers tell you which floor the elevator is on.
Knocking on the doors won't make it work any faster.  Just press the button. 	Knocking on the doors won't make it work any faster.  Just press the button. 
The elevator doors are closed.	The elevator doors are closed.
This door leads to the Evidence Lockup.    	This door leads to the Evidence Lockup.    
You don't need to write a memo at this time. 	You don't need to write a memo at this time. 
You've already submitted one transfer request; there's no point in filling out another.  If you did, they'd probably transfer you back again.	You've already submitted one transfer request; there's no point in filling out another.  If you did, they'd probably transfer you back again.
Paperwork?!  NOW?!  You're off duty.  Who wants to do paperwork when they're off duty?  Do it on Police time.  	Paperwork?!  NOW?!  You're off duty.  Who wants to do paperwork when they're off duty?  Do it on Police time.  
Summoning up your best grammar, you write a memo to Lt. Morgan requesting a transfer to Narcotics.	Summoning up your best grammar, you write a memo to Lt. Morgan requesting a transfer to Narcotics.
This memo slot holds Transfer Request forms, Item #46471-32. 	This memo slot holds Transfer Request forms, Item #46471-32. 
Since you're interested in the position, you briefly consider pulling the memo down before anybody else can apply.  But you're too much of a straight-shooter to resort to such underhanded tactics...for now.	Since you're interested in the position, you briefly consider pulling the memo down before anybody else can apply.  But you're too much of a straight-shooter to resort to such underhanded tactics...for now.
The memo indicates that applications are being accepted for a position in the Narcotics Unit.	The memo indicates that applications are being accepted for a position in the Narcotics Unit.
test1 	test1 
test2	test2
test3 	test3 
test4 	test4 
You'd better get changed and get your butt to the Blue Room, Sonny.  You're supposed to be at Jack's surprise party!	You'd better get changed and get your butt to the Blue Room, Sonny.  You're supposed to be at Jack's surprise party!
Maybe another time. You've got other tasks to handle currently. 	Maybe another time. You've got other tasks to handle currently. 
Sonny!  Dooley wants you in his office, pronto!  He's foaming about something...what'd you do this time?	Sonny!  Dooley wants you in his office, pronto!  He's foaming about something...what'd you do this time?
Hey, Sonny, Dooley wasn't kidding when he said he wanted to see you ASAP.  He's having conniptions.  You better move it.	Hey, Sonny, Dooley wasn't kidding when he said he wanted to see you ASAP.  He's having conniptions.  You better move it.
Hmmm...a chance to do something other than routine patrol.  Maybe I should fill out one of those Narcotics Unit transfer applications.  	Hmmm...a chance to do something other than routine patrol.  Maybe I should fill out one of those Narcotics Unit transfer applications.  
Hey, Sonny, I saw the write-up in the paper.  I suppose your head's gonna swell.  Don't forget, you've gotta fit it in the door of the Blue Room for Jack's surprise party tonight.  See ya! 	Hey, Sonny, I saw the write-up in the paper.  I suppose your head's gonna swell.  Don't forget, you've gotta fit it in the door of the Blue Room for Jack's surprise party tonight.  See ya! 
You'd better fill out one of those transfer forms soon.  This opportunity's too good to miss.  Not much room for advancement in a small town like Lytton. 	You'd better fill out one of those transfer forms soon.  This opportunity's too good to miss.  Not much room for advancement in a small town like Lytton. 
You don't have any need for those patrol car keys nor should you remove them from the premises when off duty, Bonds.    	You don't have any need for those patrol car keys nor should you remove them from the premises when off duty, Bonds.    
Since you are now a member of the Narcotics Unit, you won't have any need for those patrol car keys. Returning them will allow someone else to use the unit. 	Since you are now a member of the Narcotics Unit, you won't have any need for those patrol car keys. Returning them will allow someone else to use the unit. 
You're off duty and shouldn't be leaving the station with departmental property. Return the radio extender, Bonds. 	You're off duty and shouldn't be leaving the station with departmental property. Return the radio extender, Bonds. 
You'd better leave the radio extender behind.  If you get patted down, it could lead to blown cover and a premature ending to what you thought might be a promising career.    	You'd better leave the radio extender behind.  If you get patted down, it could lead to blown cover and a premature ending to what you thought might be a promising career.    
You better get your radio extender. No good officer should leave their station without one.  	You better get your radio extender. No good officer should leave their station without one.  
You'd better not leave now! You're almost late for your briefing as it is. 	You'd better not leave now! You're almost late for your briefing as it is. 
Hey! Remember what Laura said about Narcotics. You'll be passing up a big opportunity for advancement.   	Hey! Remember what Laura said about Narcotics. You'll be passing up a big opportunity for advancement.   
Hi, Sonny. Did you fill out that request form yet? Morgan wants to make a decision soon. 	Hi, Sonny. Did you fill out that request form yet? Morgan wants to make a decision soon. 
How's it goin', Sonny?  I'd like to shoot the bull, but Dooley's gonna deep-fry my huevos if I'm late for one more briefing this week.  Later, hot shot.	How's it goin', Sonny?  I'd like to shoot the bull, but Dooley's gonna deep-fry my huevos if I'm late for one more briefing this week.  Later, hot shot.
Hi, Sonny!	Hi, Sonny!
How's it goin, Sonny?  	How's it goin, Sonny?  
Hands off the officers, Bonds.  They're departmental property.	Hands off the officers, Bonds.  They're departmental property.
Another one of Lytton's finest.  You like your co-workers, and most of the time, you think that they like you. 	Another one of Lytton's finest.  You like your co-workers, and most of the time, you think that they like you. 
You don't have time to chat, Bonds.	You don't have time to chat, Bonds.
Seems like a good, solid hallway.	Seems like a good, solid hallway.
This is the main hallway, which conveniently links several rooms together allowing you access to them all with a minimum of effort.   	This is the main hallway, which conveniently links several rooms together allowing you access to them all with a minimum of effort.   
This door leads to the briefing room.  	This door leads to the briefing room.  
This door leads to Sgt. Dooley's office.  	This door leads to Sgt. Dooley's office.  
The doors are locked.  	The doors are locked.  
Officer Billings keeps batteries for the radios in here.  Since he checks the extenders each morning, there's nothing of interest to you.   	Officer Billings keeps batteries for the radios in here.  Since he checks the extenders each morning, there's nothing of interest to you.   
You take the keys for your patrol car. 	You take the keys for your patrol car. 
You're a narcotics officer now. You don't need those squad car keys anymore.	You're a narcotics officer now. You don't need those squad car keys anymore.
You already have the key to the squad car. 	You already have the key to the squad car. 
The board holds keys to the department's cars.  	The board holds keys to the department's cars.  
This door leads to the locker room. 	This door leads to the locker room. 
That radio is assigned to another officer. 	That radio is assigned to another officer. 
Don't take a police radio extender undercover! If the find it on you, you're dead meat.	Don't take a police radio extender undercover! If the find it on you, you're dead meat.
One radio extender is plenty. 	One radio extender is plenty. 
The radios provide communication with the station when you're away from the car radio or you're patrolling on foot.  	The radios provide communication with the station when you're away from the car radio or you're patrolling on foot.  
The doors are in front.  	The doors are in front.  
The side of the cabinet is scuffed, and the plastic paneling is starting to peel.  The LPD budget being what it is, cosmetic appearance is considered unimportant. 	The side of the cabinet is scuffed, and the plastic paneling is starting to peel.  The LPD budget being what it is, cosmetic appearance is considered unimportant. 
Boy, I bet Dooley's really pissed. 	Boy, I bet Dooley's really pissed. 
You're not kiddin'. He's mad enough to lay an egg himself.	You're not kiddin'. He's mad enough to lay an egg himself.
Hey, don't forget Jack's little surprise party. We'll see you at the Blue Room after you change out of your blues. 	Hey, don't forget Jack's little surprise party. We'll see you at the Blue Room after you change out of your blues. 
Hey, Sonny, you gotta see this! Dooley's really got his hands full! I don't know who this 'Gremlin' is but I sure am enjoying the grief he's causing Dooley.  	Hey, Sonny, you gotta see this! Dooley's really got his hands full! I don't know who this 'Gremlin' is but I sure am enjoying the grief he's causing Dooley.  
Oh, geez! I'm supposed to see Dooley PRONTO! He's gonna take a few pounds offa my hide if I don't get in there.  	Oh, geez! I'm supposed to see Dooley PRONTO! He's gonna take a few pounds offa my hide if I don't get in there.  
Well, I hope he's got time to see you. He looks busier than a one-legged man at a butt-kicking contest. Damn, I crack myself up!  	Well, I hope he's got time to see you. He looks busier than a one-legged man at a butt-kicking contest. Damn, I crack myself up!  
Sonny! Dooley wants to see you ASAP! He didn't look too happy either, buddy. It's been nice workin' with ya'. Ha ha! 	Sonny! Dooley wants to see you ASAP! He didn't look too happy either, buddy. It's been nice workin' with ya'. Ha ha! 
Sonny!  Dooley was lookin' for you.  He said he has something important to tell you.  Maybe you've been promoted to Head Donut Fetcher! <snicker> 	Sonny!  Dooley was lookin' for you.  He said he has something important to tell you.  Maybe you've been promoted to Head Donut Fetcher! <snicker> 
And, Mr. Mayor, this is the rest of the downstairs area of our facility. As you can see, we keep a...  	And, Mr. Mayor, this is the rest of the downstairs area of our facility. As you can see, we keep a...  
BONDS, WHERE THE HELL HAVE YOU... ah.. pardon me, Mr. Mayor.   	BONDS, WHERE THE HELL HAVE YOU... ah.. pardon me, Mr. Mayor.   
I'm currently conducting a tour of the department for the Mayor.  But I'm gonna have a little chat with you...LATER.  	I'm currently conducting a tour of the department for the Mayor.  But I'm gonna have a little chat with you...LATER.  
Get dressed and be in my office in 30 minutes.  When I'm through with you, you're gonna need a PLUMBER to help you swallow your LUNCH!	Get dressed and be in my office in 30 minutes.  When I'm through with you, you're gonna need a PLUMBER to help you swallow your LUNCH!
I'm sorry about this incident, Mr. Mayor. As I'm sure you're aware, no matter how fine a group of individuals we employ, there's always got to be one screw-up. We'll have one less in 30 minutes, I can assure you. Anyway, as I was saying...   	I'm sorry about this incident, Mr. Mayor. As I'm sure you're aware, no matter how fine a group of individuals we employ, there's always got to be one screw-up. We'll have one less in 30 minutes, I can assure you. Anyway, as I was saying...   
You don't want to interrupt Dooley and his new friend, do you? They make such a fun couple.  	You don't want to interrupt Dooley and his new friend, do you? They make such a fun couple.  
Only uniformed officers are allowed in the briefing room. 	Only uniformed officers are allowed in the briefing room. 
You take your radio.  	You take your radio.  
The radio transmitters are kept here.  	The radio transmitters are kept here.  
You don't have time to be sitting around, Bonds.  There's work to be done! 	You don't have time to be sitting around, Bonds.  There's work to be done! 
You take the towel, then remove your uniform and hang it in the locker. 	You take the towel, then remove your uniform and hang it in the locker. 
You remove your leisure suit and place it in the locker, taking the towel. Are you ever glad to be out of THAT thing! 	You remove your leisure suit and place it in the locker, taking the towel. Are you ever glad to be out of THAT thing! 
You take the towel and remove your street clothes, placing them in the locker. 	You take the towel and remove your street clothes, placing them in the locker. 
The benches are old, and notorious for splinters.	The benches are old, and notorious for splinters.
These are the keys to your Camaro. 	These are the keys to your Camaro. 
You grab your street clothes and slide them on.  Ah, much better!  	You grab your street clothes and slide them on.  Ah, much better!  
All patrol officers MUST wear a regulation uniform when on duty. Wait till you're off duty to put on your street duds. 	All patrol officers MUST wear a regulation uniform when on duty. Wait till you're off duty to put on your street duds. 
You hang up your street duds. 	You hang up your street duds. 
This isn't a fashion show. You don't need those now, anyway.  	This isn't a fashion show. You don't need those now, anyway.  
These are your street clothes. 	These are your street clothes. 
It's the combination lock for your locker. To use it, click your hand on the dial beside the digit you wish to change. Dial the correct combination and then click your hand on the locker handle to open the locker.	It's the combination lock for your locker. To use it, click your hand on the dial beside the digit you wish to change. Dial the correct combination and then click your hand on the locker handle to open the locker.
Officer Morris can wash himself, thank you very much.	Officer Morris can wash himself, thank you very much.
Officer Morris Fudley of the Traffic Division.  Boy, does this guy love to take showers! 	Officer Morris Fudley of the Traffic Division.  Boy, does this guy love to take showers! 
Bismillah, NO!  We will not let you go, let me go!  Bismillah, NO!  We will not let you go, let me go!  Will not let you go...  	Bismillah, NO!  We will not let you go, let me go!  Bismillah, NO!  We will not let you go, let me go!  Will not let you go...  
Officer Morris is too busy singing to talk to you. 	Officer Morris is too busy singing to talk to you. 
Hey!  Watch it, hairy! 	Hey!  Watch it, hairy! 
Hey, wake up, Bonds.   	Hey, wake up, Bonds.   
I'd love to dance with you, Bonds, but unfortunately, I have to go out and be a cop.  Maybe some other time.	I'd love to dance with you, Bonds, but unfortunately, I have to go out and be a cop.  Maybe some other time.
Sonny, if you're this coordinated on the firing range, remind me to be out of town the next time you go to practice!	Sonny, if you're this coordinated on the firing range, remind me to be out of town the next time you go to practice!
Hey, dude, keep outta my personal space, okay?	Hey, dude, keep outta my personal space, okay?
He doesn't need any help adjusting his uniform.	He doesn't need any help adjusting his uniform.
A proud member of the LPD.	A proud member of the LPD.
Ugh, wouldn't THAT be a horrible sight, ha ha!  Later, Sonny.	Ugh, wouldn't THAT be a horrible sight, ha ha!  Later, Sonny.
Hey Sonny, You smell like a goat. Take a shower, dude. 	Hey Sonny, You smell like a goat. Take a shower, dude. 
My poor old dog has no nose. 	My poor old dog has no nose. 
Poor guy.  How does he smell? 	Poor guy.  How does he smell? 
He smells awful!  Ha ha ha!  	He smells awful!  Ha ha ha!  
Ouch!  You can't believe you fell for that one. 	Ouch!  You can't believe you fell for that one. 
Hey, Sonny, you found a girlfriend yet?  Wake up, buddy, the lovely ladies of Lytton are pining away for you.  Hah!  	Hey, Sonny, you found a girlfriend yet?  Wake up, buddy, the lovely ladies of Lytton are pining away for you.  Hah!  
Personal hygiene is very important, you know.  You do brush every day, don't you?  I hope you floss.  Most people don't.  Be sure you get between your back teeth.  Popcorn hulls and apple skins can hide back there for weeks.  Weeks, I tell you! 	Personal hygiene is very important, you know.  You do brush every day, don't you?  I hope you floss.  Most people don't.  Be sure you get between your back teeth.  Popcorn hulls and apple skins can hide back there for weeks.  Weeks, I tell you! 
Hmm, I don't know about this cologne.  What do you think, Sonny? 	Hmm, I don't know about this cologne.  What do you think, Sonny? 
Musk and leather are out this year.  Woodsy scents are in.  	Musk and leather are out this year.  Woodsy scents are in.  
Yeah?  Really?	Yeah?  Really?
Really.  But this stuff...I dunno, it's citrusy.  Makes you smell like a mango or something.	Really.  But this stuff...I dunno, it's citrusy.  Makes you smell like a mango or something.
Thanks loads, Bonds.  Anyway, a mango isn't a citrus fruit.   	Thanks loads, Bonds.  Anyway, a mango isn't a citrus fruit.   
What am I, a farmer?	What am I, a farmer?
You're about as good a farmer as a fragrance consultant.  Or a cop, for that matter!	You're about as good a farmer as a fragrance consultant.  Or a cop, for that matter!
Did you know that Medieval people only bathed a few times a year?  Dooley would've fit right in...HAH!	Did you know that Medieval people only bathed a few times a year?  Dooley would've fit right in...HAH!
You remove your gunbelt. It carries your 9mm handgun, speedloader, and a pair of stainless steel handcuffs.    	You remove your gunbelt. It carries your 9mm handgun, speedloader, and a pair of stainless steel handcuffs.    
Take your departmental issue piece with you on an undercover assignment, Bonds?  Not too smart. 	Take your departmental issue piece with you on an undercover assignment, Bonds?  Not too smart. 
This is the handle for your locker.  Once you've entered the combination, lifting this handle will open the locker.	This is the handle for your locker.  Once you've entered the combination, lifting this handle will open the locker.
Why don't you try your combination instead, Bonds?   	Why don't you try your combination instead, Bonds?   
Just as you start to enter your combination, you realize with panic that you've completely forgotten your locker combination.  Damn!  This happens every time!	Just as you start to enter your combination, you realize with panic that you've completely forgotten your locker combination.  Damn!  This happens every time!
Then you remember reading your combination somewhere recently...	Then you remember reading your combination somewhere recently...
That's it!  You saw it in the Gazette!  Your combination is the same as the final score in the Grunters-Sows final playoff game.	That's it!  You saw it in the Gazette!  Your combination is the same as the final score in the Grunters-Sows final playoff game.
It's your locker door.	It's your locker door.
You put your personal car keys in your locker.  	You put your personal car keys in your locker.  
You hang your gunbelt in the locker.  	You hang your gunbelt in the locker.  
You put the notebook and pen in the locker.  	You put the notebook and pen in the locker.  
You put the peroxide in the locker.  	You put the peroxide in the locker.  
You put your ticketbook in the locker.  	You put your ticketbook in the locker.  
These are lockers which give this room its name. 	These are lockers which give this room its name. 
It's your ticket book and pen. 	It's your ticket book and pen. 
This is your departmental issue PR-24 nightstick. 	This is your departmental issue PR-24 nightstick. 
The partition is good at keeping shower water away from the locker area. 	The partition is good at keeping shower water away from the locker area. 
It's the bottle of peroxide you're supposed to use to dye your hair white.  Pyew!	It's the bottle of peroxide you're supposed to use to dye your hair white.  Pyew!
Just walk there.	Just walk there.
The department uses low-flow, aerated shower heads.  Water conservation is an issue in this part of the country.	The department uses low-flow, aerated shower heads.  Water conservation is an issue in this part of the country.
Giving it the white glove test?  Aside from the moisture, you'll only get athlete's foot germs on your hand.	Giving it the white glove test?  Aside from the moisture, you'll only get athlete's foot germs on your hand.
The showers remind you of your high school gym days, where the same rules applied: don't bump into anybody, don't make eye contact, and never let 'em catch you looking below eye level.  	The showers remind you of your high school gym days, where the same rules applied: don't bump into anybody, don't make eye contact, and never let 'em catch you looking below eye level.  
You know the "Whitey" disguise is pretty lame but you've got to change into it before you can go undercover. 	You know the "Whitey" disguise is pretty lame but you've got to change into it before you can go undercover. 
You'd better change into your uniform. You're late as it is.	You'd better change into your uniform. You're late as it is.
You don't need that uniform when you're off duty. 	You don't need that uniform when you're off duty. 
When you're on duty, you must wear a regulation uniform.	When you're on duty, you must wear a regulation uniform.
You're a Narc detective now. You don't need that trusty blue anymore.	You're a Narc detective now. You don't need that trusty blue anymore.
Only uniformed officers are allowed to carry that. 	Only uniformed officers are allowed to carry that. 
You should think about removing your clothes first before taking a shower. You'll get cleaner that way. 	You should think about removing your clothes first before taking a shower. You'll get cleaner that way. 
You've already taken a shower.	You've already taken a shower.
Hey, Sonny!  What do you think, will Morris scrub away to nothing or will he get waterlogged and become the first living drain plug? Ha ha!  	Hey, Sonny!  What do you think, will Morris scrub away to nothing or will he get waterlogged and become the first living drain plug? Ha ha!  
You're undercover now. Taking that with you might blow your cover. 	You're undercover now. Taking that with you might blow your cover. 
That must be the wrong combination.  Now what WAS that Grunters-Sows score again?  Better check your copy of the Gazette.	That must be the wrong combination.  Now what WAS that Grunters-Sows score again?  Better check your copy of the Gazette.
You took care of that before you left the house this morning.	You took care of that before you left the house this morning.
Those are toilet stalls.  You hate using them, so you're careful to use the facilities at home before coming to work. 	Those are toilet stalls.  You hate using them, so you're careful to use the facilities at home before coming to work. 
You change into the disguise.  Oh, God, it's a leisure suit! 	You change into the disguise.  Oh, God, it's a leisure suit! 
You also find a wallet containing the undercover money you'll need. 	You also find a wallet containing the undercover money you'll need. 
Bleach your hair first, so you don't end up ruining the - yecch! - leisure suit.  	Bleach your hair first, so you don't end up ruining the - yecch! - leisure suit.  
You hang up your "hustler" suit.  You're glad to be rid of it! 	You hang up your "hustler" suit.  You're glad to be rid of it! 
That outfit wouldn't be in good taste at this time.	That outfit wouldn't be in good taste at this time.
It's your horrid 'Whitey' disguise. 	It's your horrid 'Whitey' disguise. 
Everything in the room is covered with dampness from the showers.  It's unpleasant to touch.	Everything in the room is covered with dampness from the showers.  It's unpleasant to touch.
It's the steamy, sweaty locker room for the male cops.	It's the steamy, sweaty locker room for the male cops.
You get the towel and put it on. You were raised to be modest!  	You get the towel and put it on. You were raised to be modest!  
You place the towel back in the locker, and hope it doesn't grow mildew.  Yuk! 	You place the towel back in the locker, and hope it doesn't grow mildew.  Yuk! 
You already took a shower. How clean do you want to get?	You already took a shower. How clean do you want to get?
It's your towel. You may want to think about taking it home and washing it someday. 	It's your towel. You may want to think about taking it home and washing it someday. 
You change into your trusty blue uniform. 	You change into your trusty blue uniform. 
You don't need to wear that uniform anymore. You're a Narc officer now. 	You don't need to wear that uniform anymore. You're a Narc officer now. 
Regulations state you must take a shower before changing into your uniform. 	Regulations state you must take a shower before changing into your uniform. 
You carefully hang up your uniform. Those cleaning bills are a wallet drainer, and they're non-deductible.  	You carefully hang up your uniform. Those cleaning bills are a wallet drainer, and they're non-deductible.  
You don't need to wear your uniform now. 	You don't need to wear your uniform now. 
It's your trusty blue uniform and patrol belt. 	It's your trusty blue uniform and patrol belt. 
There's nothing worth taking here.  	There's nothing worth taking here.  
Shooting a mug shot wouldn't get you much beyond a suspension and bad publicity for the department. 	Shooting a mug shot wouldn't get you much beyond a suspension and bad publicity for the department. 
The bulletin board has the usual array of mug shots and group activity announcements.  Hey, is that Sergeant Dooley's mother? 	The bulletin board has the usual array of mug shots and group activity announcements.  Hey, is that Sergeant Dooley's mother? 
Putting a mustache one of the wanted posters sure blows the professional image of a police officer.  (It would have been fun, though...)   	Putting a mustache one of the wanted posters sure blows the professional image of a police officer.  (It would have been fun, though...)   
The bulletin board doesn't want your money, Sonny. 	The bulletin board doesn't want your money, Sonny. 
You don't have time to sit around now. Get out there and write some tickets.	You don't have time to sit around now. Get out there and write some tickets.
This is your briefing spot. 	This is your briefing spot. 
Whatever you had in mind, it's too late, Bonds; the briefing will start shortly.   	Whatever you had in mind, it's too late, Bonds; the briefing will start shortly.   
The door leads back out to the main hall. 	The door leads back out to the main hall. 
Sit down, Officer Bonds. You're not giving the briefing. 	Sit down, Officer Bonds. You're not giving the briefing. 
That would be completely out of character.  You're an officer of the law, not a juvenile delinquent.	That would be completely out of character.  You're an officer of the law, not a juvenile delinquent.
The chalkboard is used during briefings. 	The chalkboard is used during briefings. 
Don't be ludicrous. Pens are for writing on paper.  	Don't be ludicrous. Pens are for writing on paper.  
The chalkboard can't be bribed. 	The chalkboard can't be bribed. 
Don't bother moving other people's chairs around, you've got your own spot to sit at during briefings.	Don't bother moving other people's chairs around, you've got your own spot to sit at during briefings.
Standard departmental-issue seats, Item #42290-C.	Standard departmental-issue seats, Item #42290-C.
Stop tugging on Sgt. Dooley's sleeve.  He's having a rough day. 	Stop tugging on Sgt. Dooley's sleeve.  He's having a rough day. 
It's Sergeant Dooley. 	It's Sergeant Dooley. 
Better pay attention, pal.	Better pay attention, pal.
Some first shift, huh, buddy!	Some first shift, huh, buddy!
Hi, guy.	Hi, guy.
Wow, these double shifts are tough! 	Wow, these double shifts are tough! 
Sgt. Dooley stands here.  Your chair is at the table. 	Sgt. Dooley stands here.  Your chair is at the table. 
The lectern is used for briefings. 	The lectern is used for briefings. 
Sgt. Dooley stands here when he briefs the 1300 shift.  	Sgt. Dooley stands here when he briefs the 1300 shift.  
You don't need to turn it off. 	You don't need to turn it off. 
It's the light switch. 	It's the light switch. 
Kurt doesn't like being fingered. 	Kurt doesn't like being fingered. 
It's Kurt, a good-natured officer. 	It's Kurt, a good-natured officer. 
You close the paper, still grinning.	You close the paper, still grinning.
Always interested in your community, you pick up the newspaper.	Always interested in your community, you pick up the newspaper.
You don't have time to read the whole thing, Bonds.	You don't have time to read the whole thing, Bonds.
The award-winning Lytton Tribune.	The award-winning Lytton Tribune.
You pick up the paper, and scan the leading stories:	You pick up the paper, and scan the leading stories:
LYTTON CRIME RATE GROWS WITH CITY by Ben Bulwer, Lytton journalist. In the past several years, the city of Lytton has grown in every way.  Industry, employment, and population are booming.  This once little town is now a thriving city.  Unfortunately, every thriving being has its parasites.	LYTTON CRIME RATE GROWS WITH CITY by Ben Bulwer, Lytton journalist. In the past several years, the city of Lytton has grown in every way.  Industry, employment, and population are booming.  This once little town is now a thriving city.  Unfortunately, every thriving being has its parasites.
Lytton is now plagued with violent crimes such as muggings and drive-by shootings.  Vandalism is running rampant.  Lytton teenagers are no longer spending their time at the mall and the arcade.  They are turning to more destructive pastimes.  Just last night, three of Lytton's young people were arrested for DUI.	Lytton is now plagued with violent crimes such as muggings and drive-by shootings.  Vandalism is running rampant.  Lytton teenagers are no longer spending their time at the mall and the arcade.  They are turning to more destructive pastimes.  Just last night, three of Lytton's young people were arrested for DUI.
Most disturbing, perhaps, is Lytton's newest nemesis; the drug trade.  The problem no longer consists of kids buying marijuana from each other in the park.  The amount of drug-related violence has almost doubled in the past five years.  There have been recent rumors about a ruthless drug lord, known as the Death Angel.	Most disturbing, perhaps, is Lytton's newest nemesis; the drug trade.  The problem no longer consists of kids buying marijuana from each other in the park.  The amount of drug-related violence has almost doubled in the past five years.  There have been recent rumors about a ruthless drug lord, known as the Death Angel.
See Crime, page 8.	See Crime, page 8.
Rats, someone tore out page 8!  But another story catches your eye:	Rats, someone tore out page 8!  But another story catches your eye:
OFFICERS NOMINATED FOR AWARD Lytton police chief Randolph Whipplestick has announced the nomination of Officer Sonny Bonds and Officer Joe Morgan for the coveted "Officer of the Year" award.  Both men have shown outstanding  (See Officers, page 8)	OFFICERS NOMINATED FOR AWARD Lytton police chief Randolph Whipplestick has announced the nomination of Officer Sonny Bonds and Officer Joe Morgan for the coveted "Officer of the Year" award.  Both men have shown outstanding  (See Officers, page 8)
Pleased and more than a little embarrased, you put the paper back where you got it.  You can't help grinning...	Pleased and more than a little embarrased, you put the paper back where you got it.  You can't help grinning...
A newspaper lies on the table.	A newspaper lies on the table.
It's this morning's edition of the Lytton Tribune.  You see a cover story about rising crime in Lytton.  Hmm, looks pretty intersting...	It's this morning's edition of the Lytton Tribune.  You see a cover story about rising crime in Lytton.  Hmm, looks pretty intersting...
Jack's pigeonhole has a message that reads, 'I shot the last sucker that nosed around in MY pigeonhole!'	Jack's pigeonhole has a message that reads, 'I shot the last sucker that nosed around in MY pigeonhole!'
Keep your paws out of other people's pigeonholes, Bonds.  	Keep your paws out of other people's pigeonholes, Bonds.  
These are pigeonholes for office mail.   	These are pigeonholes for office mail.   
Each officer has a pigeonhole.  Mail, subpoenas, and related communications are placed here daily. 	Each officer has a pigeonhole.  Mail, subpoenas, and related communications are placed here daily. 
Steve's pigeonhole has a stack of subpoenas.   	Steve's pigeonhole has a stack of subpoenas.   
Not now!	Not now!
First off, thank you for taking time away from your usual afternoon debaucheries to come back to work.  There's some late-breaking news on that stolen Mercedes.  A missing persons report was filed earlier in the day by the wife of a certain Jose Martinez, Hispanic male, 145 pounds, brown eyes, black hair.  	First off, thank you for taking time away from your usual afternoon debaucheries to come back to work.  There's some late-breaking news on that stolen Mercedes.  A missing persons report was filed earlier in the day by the wife of a certain Jose Martinez, Hispanic male, 145 pounds, brown eyes, black hair.  
It seems this gentleman was last seen two days ago, getting into a fairly late-model black Benz.  No one has seen or heard from him since.  Wait, it gets better.  Martinez has an arrest record involving the sale of narcotics.  Be careful, people.  This car may have been the one involved in the murder of Lonny West.    	It seems this gentleman was last seen two days ago, getting into a fairly late-model black Benz.  No one has seen or heard from him since.  Wait, it gets better.  Martinez has an arrest record involving the sale of narcotics.  Be careful, people.  This car may have been the one involved in the murder of Lonny West.    
Let's get moving on this one, boys and girls, before anyone else dies.  Keep your heads down, your eyes open, and above all, watch your backs!  Okay, let's move out.  And hey, find me that Mercedes before its owner, Malcolm Washington, deep-fries my ass.  Let's go! 	Let's get moving on this one, boys and girls, before anyone else dies.  Keep your heads down, your eyes open, and above all, watch your backs!  Okay, let's move out.  And hey, find me that Mercedes before its owner, Malcolm Washington, deep-fries my ass.  Let's go! 
Okay, people, lets--Bonds!  What in the hell are you doing out of uniform?  This isn't a coffee klatch, this is a damn briefing!  As soon as we're done here, get your butt down to the locker room and put on your blues!  Do you understand me!  Come on, people, this isn't kindergarten!  	Okay, people, lets--Bonds!  What in the hell are you doing out of uniform?  This isn't a coffee klatch, this is a damn briefing!  As soon as we're done here, get your butt down to the locker room and put on your blues!  Do you understand me!  Come on, people, this isn't kindergarten!  
That article in this morning's paper sure made you look good, Bonds!  Now maybe you can get a date, ha ha!	That article in this morning's paper sure made you look good, Bonds!  Now maybe you can get a date, ha ha!
Hey!  Whassa matter, is your radar down, or are you just starved for human contact?	Hey!  Whassa matter, is your radar down, or are you just starved for human contact?
Get real, Sonny!  Slamdancing went out with mohawks and safety pins through the nose.	Get real, Sonny!  Slamdancing went out with mohawks and safety pins through the nose.
Hey!  I'm not into full contact sports.  I was on the varsity golf team in high school, man!	Hey!  I'm not into full contact sports.  I was on the varsity golf team in high school, man!
Wake up, Sonny!   What's the matter, those seven donuts and four cups of coffee haven't kicked in yet?	Wake up, Sonny!   What's the matter, those seven donuts and four cups of coffee haven't kicked in yet?
Hey!  You got chocolate in my peanut butter!  Ha ha ha ha!	Hey!  You got chocolate in my peanut butter!  Ha ha ha ha!
Hey!  What's with you, Bonds, were you up a little too late last night?  Nah, that would mean you had a social life! 	Hey!  What's with you, Bonds, were you up a little too late last night?  Nah, that would mean you had a social life! 
Hey, Sonny. You better grab your seat before Dooley chews up your can. 	Hey, Sonny. You better grab your seat before Dooley chews up your can. 
What's up dude? Looks like the briefings going to start. You better grab a seat. 	What's up dude? Looks like the briefings going to start. You better grab a seat. 
Hey, Bonds, move it. Dooley's right on my tail. We better get to our seats FAST.  	Hey, Bonds, move it. Dooley's right on my tail. We better get to our seats FAST.  
Bonds what the heck do you want!? This day's been treating me like a baby treats a diaper and I'm in no mood for your weirdness. Now sit DOWN!  	Bonds what the heck do you want!? This day's been treating me like a baby treats a diaper and I'm in no mood for your weirdness. Now sit DOWN!  
You're cute, Bonds, but I'm not in the mood to dance.  SIT YOUR BUTT DOWN!!!  	You're cute, Bonds, but I'm not in the mood to dance.  SIT YOUR BUTT DOWN!!!  
Hey!  What's the idea, Bonds?  Wake up! 	Hey!  What's the idea, Bonds?  Wake up! 
Good morning, boys and girls.  I trust you all had fun this weekend. I hope you didn't do anything I wouldn't do, haw haw haw! 	Good morning, boys and girls.  I trust you all had fun this weekend. I hope you didn't do anything I wouldn't do, haw haw haw! 
Okay, it's time to get serious. 	Okay, it's time to get serious. 
Sergeant Dooley clears his throat and goes over the daily hot sheet of stolen vehicles. 	Sergeant Dooley clears his throat and goes over the daily hot sheet of stolen vehicles. 
Keep a special lookout for a black 1983 Mercedes Benz, license LOP123, VIN 603456218.  This vehicle was reported stolen last week.  We suspect it may be drug-related.  Speaking of drugs, be sure to contact any and all informants who may know something about current developments in local drug trafficking. control, people.     	Keep a special lookout for a black 1983 Mercedes Benz, license LOP123, VIN 603456218.  This vehicle was reported stolen last week.  We suspect it may be drug-related.  Speaking of drugs, be sure to contact any and all informants who may know something about current developments in local drug trafficking. control, people.     
This problem is out of hand, people. Three more teenagers were arrested last night for drunk driving.  Two of them were in possession of cocaine, and all three of them tested positive for it.  That's pretty grim news, team.  We're not doing our jobs.  We all have to work together on this, before it's too late.     	This problem is out of hand, people. Three more teenagers were arrested last night for drunk driving.  Two of them were in possession of cocaine, and all three of them tested positive for it.  That's pretty grim news, team.  We're not doing our jobs.  We all have to work together on this, before it's too late.     
Let's get out there and clean things up, boys and girls!  And please, everybody be careful out there.  This is a lot rougher crowd than we're used to dealing with in little old Lytton.  We've got to get their numbers...before they get ours.   	Let's get out there and clean things up, boys and girls!  And please, everybody be careful out there.  This is a lot rougher crowd than we're used to dealing with in little old Lytton.  We've got to get their numbers...before they get ours.   
Speaking of numbers, Bonds, your new call number is 83-32.  And don't let that newspaper article make your head swell.  It would make too big of a target, haw haw haw!  Okay, let's get moving.  Remember, caution, boys and girls, caution! 	Speaking of numbers, Bonds, your new call number is 83-32.  And don't let that newspaper article make your head swell.  It would make too big of a target, haw haw haw!  Okay, let's get moving.  Remember, caution, boys and girls, caution! 
BONDS! Take a seat!  	BONDS! Take a seat!  
Oh, Master Bonds!  Hello!  I know you had to pass a minimal IQ test to get this job, get a clue and sit your butt down!     	Oh, Master Bonds!  Hello!  I know you had to pass a minimal IQ test to get this job, get a clue and sit your butt down!     
HEELLLOOOO! Mr. Einstein! Sonny---Chair---SIT! NOW!    	HEELLLOOOO! Mr. Einstein! Sonny---Chair---SIT! NOW!    
OK buttbite, you're outta here!      	OK buttbite, you're outta here!      
Bummer, Bonds.  Your refusal to sit down and shut up cost you a two week suspension.  Your partner Steve caught the drug dealers, got a promotion, and married Marie in Police Quest 3.  Life sure can suck.   	Bummer, Bonds.  Your refusal to sit down and shut up cost you a two week suspension.  Your partner Steve caught the drug dealers, got a promotion, and married Marie in Police Quest 3.  Life sure can suck.   
Hey, it's our own local celebrity, Sonny the Wonder Cop!  Congratulations, buddy! 	Hey, it's our own local celebrity, Sonny the Wonder Cop!  Congratulations, buddy! 
Steve doesn't want to play now. 	Steve doesn't want to play now. 
It's your partner, Steve. 	It's your partner, Steve. 
Don't get us in trouble, man!  If Dooley thinks we're goofin' off, he'll kick our butts. 	Don't get us in trouble, man!  If Dooley thinks we're goofin' off, he'll kick our butts. 
You sure talk a lot, Sonny.	You sure talk a lot, Sonny.
The hand-written note says:  Sonny, how's about a 11-98 at Carol's later in the shift?  Steve.	The hand-written note says:  Sonny, how's about a 11-98 at Carol's later in the shift?  Steve.
You discard the note, smiling.  You always look forward to chatting with Steve.	You discard the note, smiling.  You always look forward to chatting with Steve.
You'd better sit down and get ready for the briefing. You can read your mail later. 	You'd better sit down and get ready for the briefing. You can read your mail later. 
Hmm, a little dust in there, but nothing else.  	Hmm, a little dust in there, but nothing else.  
It's your pigeonhole. It looks like there's a hand-written note inside.  	It's your pigeonhole. It looks like there's a hand-written note inside.  
Your pigeonhole is empty.  	Your pigeonhole is empty.  
The tables seem to be held in place by waxy buildup. No sense in messing with them.	The tables seem to be held in place by waxy buildup. No sense in messing with them.
The tables definitely look like they've been around longer than the station itself. They were probably moved here from the old facility. Many a boring Dooley-led briefing has been endured here.	The tables definitely look like they've been around longer than the station itself. They were probably moved here from the old facility. Many a boring Dooley-led briefing has been endured here.
This is the briefing room. Each shift begins with a briefing.	This is the briefing room. Each shift begins with a briefing.
Even if you COULD take Sgt. Dooley's room, where would you KEEP it?	Even if you COULD take Sgt. Dooley's room, where would you KEEP it?
Sergeant Dooley's office looks like a combat zone, where Dooley was the only survivor.  	Sergeant Dooley's office looks like a combat zone, where Dooley was the only survivor.  
You see the layer of dust on Dooley's bulletin board, and decide you don't really want to touch it.  	You see the layer of dust on Dooley's bulletin board, and decide you don't really want to touch it.  
Dooley's bulletin board has memos on it dating back to 1972.   	Dooley's bulletin board has memos on it dating back to 1972.   
What are you going to do, guess the paper's age by counting the coffee rings? 	What are you going to do, guess the paper's age by counting the coffee rings? 
Perhaps the Sergeant was trying to protect the fine finish of the cabinet by covering it with departmental paperwork. 	Perhaps the Sergeant was trying to protect the fine finish of the cabinet by covering it with departmental paperwork. 
Dooley subscribes to the "Eye for an eye, tooth for a tooth" concept.  If he ever caught you with your hand in his cabinet, he'd simply take off your hand.  He's that kinda guy.   	Dooley subscribes to the "Eye for an eye, tooth for a tooth" concept.  If he ever caught you with your hand in his cabinet, he'd simply take off your hand.  He's that kinda guy.   
This cabinet has seen better days.  Dooley's as rough on his furniture as he is on his men.    	This cabinet has seen better days.  Dooley's as rough on his furniture as he is on his men.    
You consider giving your dogs a rest, then decide you'd rather not be seen sitting at this particular desk. 	You consider giving your dogs a rest, then decide you'd rather not be seen sitting at this particular desk. 
It's Sgt. Dooley's chair. 	It's Sgt. Dooley's chair. 
Never touch a crazed chicken, Bonds.  It could turn that beak on you in a heartbeat.   	Never touch a crazed chicken, Bonds.  It could turn that beak on you in a heartbeat.   
Someone has played a juvenile prank on Sgt. Dooley.  This chicken is blissfully adding to the crap that litters Dooley's office. 	Someone has played a juvenile prank on Sgt. Dooley.  This chicken is blissfully adding to the crap that litters Dooley's office. 
BUCK BUCK BUCK BAGAWK! BUCKBUCKBUCK BAGAWK! BUCKBUCKBUCKBUCK BAGAWK! BAGAWK!  (Translation: "What a pigsty this office is!  And I thought *I* was raised in a barn!")	BUCK BUCK BUCK BAGAWK! BUCKBUCKBUCK BAGAWK! BUCKBUCKBUCKBUCK BAGAWK! BAGAWK!  (Translation: "What a pigsty this office is!  And I thought *I* was raised in a barn!")
You wonder if the papers are in an order that only Dooley can understand.  You decide not to disturb the balance.  	You wonder if the papers are in an order that only Dooley can understand.  You decide not to disturb the balance.  
The stack of papers on Sgt. Dooley's desk is about six inches deep. 	The stack of papers on Sgt. Dooley's desk is about six inches deep. 
If you were caught messing around in Dooley's desk, Dooley would mess around with your face...before sacking you.  It's not worth it, and there's nothing in there you need. 	If you were caught messing around in Dooley's desk, Dooley would mess around with your face...before sacking you.  It's not worth it, and there's nothing in there you need. 
Sgt. Dooley's desk looks like it was hit by a tornado. 	Sgt. Dooley's desk looks like it was hit by a tornado. 
Did one of the eclairs just move?  You wisely decide not to touch them. 	Did one of the eclairs just move?  You wisely decide not to touch them. 
Something green and fuzzy is growing on the donuts.  	Something green and fuzzy is growing on the donuts.  
I'd leave the Sergeant alone, if I were you.      	I'd leave the Sergeant alone, if I were you.      
Sgt. Dooley has his hands full.  While this chicken business seems to cross the line, you do get a secret satisfaction out of seeing Dooley this flustered.  	Sgt. Dooley has his hands full.  While this chicken business seems to cross the line, you do get a secret satisfaction out of seeing Dooley this flustered.  
Sgt. Dooley seems to be in a good mood.  It's either good news, or he's about to lower the boom on somebody.  You hope it isn't you.     	Sgt. Dooley seems to be in a good mood.  It's either good news, or he's about to lower the boom on somebody.  You hope it isn't you.     
You don't think Seargent Dooley is in the mood for chit-chat right now.	You don't think Seargent Dooley is in the mood for chit-chat right now.
GET OUT!!!	GET OUT!!!
BONDS!  How many times do I hafta tell you...GET TO THAT BRIEFING!  GO!  NOW!  MOVE IT!	BONDS!  How many times do I hafta tell you...GET TO THAT BRIEFING!  GO!  NOW!  MOVE IT!
Whatever it is, Bonds, I don't wanna hear it.  In case you forgot, we've got a BRIEFING to attend this morning.  So if it isn't too much trouble...	Whatever it is, Bonds, I don't wanna hear it.  In case you forgot, we've got a BRIEFING to attend this morning.  So if it isn't too much trouble...
...GET MOVING!!	...GET MOVING!!
Sgt. Dooley isn't in the mood to chat right now.  Best to get out of his way.    	Sgt. Dooley isn't in the mood to chat right now.  Best to get out of his way.    
BONDS!  In case you hadn't heard, you've got a BRIEFING to attend in a few minutes.  So do us all a favor and get out of your pajamas before the briefing starts.	BONDS!  In case you hadn't heard, you've got a BRIEFING to attend in a few minutes.  So do us all a favor and get out of your pajamas before the briefing starts.
Now GET OUT!	Now GET OUT!
Do you want me to write you up, Bonds?  Go do your job!	Do you want me to write you up, Bonds?  Go do your job!
Is that any way for an officer of the law to behave?  Leave the Sergeant's files alone. 	Is that any way for an officer of the law to behave?  Leave the Sergeant's files alone. 
Dooley's case records.  Trying to organize them could make strong men cry.  	Dooley's case records.  Trying to organize them could make strong men cry.  
You don't want to ruin the ambiance of the room by making it a little cleaner, do you? 	You don't want to ruin the ambiance of the room by making it a little cleaner, do you? 
The papers all over the floor make the Sergeant's office decor complete. 	The papers all over the floor make the Sergeant's office decor complete. 
You have nothing to give Sgt. Dooley. 	You have nothing to give Sgt. Dooley. 
You wonder if the Sergeant has looked in his in-basket in the past several months. 	You wonder if the Sergeant has looked in his in-basket in the past several months. 
There's nothing you want to illuminate at the moment.	There's nothing you want to illuminate at the moment.
It's Sgt. Dooley's desk lamp. 	It's Sgt. Dooley's desk lamp. 
You take the memo from Sgt. Dooley.  Being one-on-one with him in this mess makes you doubly uncomfortable; you decide to read the memo quickly and get on with it.	You take the memo from Sgt. Dooley.  Being one-on-one with him in this mess makes you doubly uncomfortable; you decide to read the memo quickly and get on with it.
From:  Lt. Morgan To:  Sgt. Dooley Re:  Officer Sonny Bonds	From:  Lt. Morgan To:  Sgt. Dooley Re:  Officer Sonny Bonds
This is to confirm the temporary transfer of Officer Sonny Bonds from the Traffic division to the Narcotics division.  We feel that his assistance in the Death Angel case would be most invaluable.  This transfer will remain in effect until further notice.  I realize that this may inconvenience you, and I appreciate your cooperation. Thank you.   	This is to confirm the temporary transfer of Officer Sonny Bonds from the Traffic division to the Narcotics division.  We feel that his assistance in the Death Angel case would be most invaluable.  This transfer will remain in effect until further notice.  I realize that this may inconvenience you, and I appreciate your cooperation. Thank you.   
You quickly put the memo back on the Sergeant's desk.  You grin inwardly...it's great to get some new responsibilities and, at the same time, get out from under Dooley's thumb.  You can hardly wait to get started!  	You quickly put the memo back on the Sergeant's desk.  You grin inwardly...it's great to get some new responsibilities and, at the same time, get out from under Dooley's thumb.  You can hardly wait to get started!  
You can't tell what it's saying.  Sgt. Dooley isn't exactly holding it still.  Perhaps you'd better take it from him.	You can't tell what it's saying.  Sgt. Dooley isn't exactly holding it still.  Perhaps you'd better take it from him.
After getting a closer look, you decide you'd rather not touch Sgt. Dooley's outbasket. 	After getting a closer look, you decide you'd rather not touch Sgt. Dooley's outbasket. 
It looks like no one wants to touch Sgt. Dooley's out-basket. 	It looks like no one wants to touch Sgt. Dooley's out-basket. 
You can imagine nothing more unsanitary than using Dooley's phone.  You wisely decide against it. 	You can imagine nothing more unsanitary than using Dooley's phone.  You wisely decide against it. 
Sgt. Dooley's telephone.	Sgt. Dooley's telephone.
Don't take the Sergeant's picture.	Don't take the Sergeant's picture.
It's a lovely rendition of dogs playing poker. 	It's a lovely rendition of dogs playing poker. 
You reach for the pot, then decide that a stale cup of bad domestic coffee isn't worth risking electrocution for.  	You reach for the pot, then decide that a stale cup of bad domestic coffee isn't worth risking electrocution for.  
Sgt. Dooley's coffee pot.  It looks like it hasn't been cleaned for months; Dooley hasn't even bothered to scrape the burnt coffee out of the bottom of the pot.  How can he drink this stuff?	Sgt. Dooley's coffee pot.  It looks like it hasn't been cleaned for months; Dooley hasn't even bothered to scrape the burnt coffee out of the bottom of the pot.  How can he drink this stuff?
Wha-?!  You bonehead!  You put that little chemical weapon back on my desk!  Get out of here!  I'm glad you're going to Narcotics!  Let Morgan put up with you for awhile!  Get out of here, Bonds!  BEAT IT!	Wha-?!  You bonehead!  You put that little chemical weapon back on my desk!  Get out of here!  I'm glad you're going to Narcotics!  Let Morgan put up with you for awhile!  Get out of here, Bonds!  BEAT IT!
GET OUT, BONDS!!!	GET OUT, BONDS!!!
A chicken!  A chicken!  Somebody left a damn chicken on my desk!  This is not funny!  What kind of person thinks this is funny? Damn that Gremlin!  Bonds, do you think this is funny?  Do you?  You better not have done this, Bonds. I'll have your head on a platter if you did.  Do you understand me?   	A chicken!  A chicken!  Somebody left a damn chicken on my desk!  This is not funny!  What kind of person thinks this is funny? Damn that Gremlin!  Bonds, do you think this is funny?  Do you?  You better not have done this, Bonds. I'll have your head on a platter if you did.  Do you understand me?   
It better not be you, Bonds! So help me, I'll make the Gremlin wish he were never born! I'll have his BADGE, and I won't --Oh, no! No!   	It better not be you, Bonds! So help me, I'll make the Gremlin wish he were never born! I'll have his BADGE, and I won't --Oh, no! No!   
Don't do that--Oh, NO!  My paperwork!  You stupid chicken!  I'm gonna wring someone's neck for this.    	Don't do that--Oh, NO!  My paperwork!  You stupid chicken!  I'm gonna wring someone's neck for this.    
Bonds! What are you looking at? Your shift is over, isn't it?  So get your sorry butt out of here. Right now, Bonds! NOW! 	Bonds! What are you looking at? Your shift is over, isn't it?  So get your sorry butt out of here. Right now, Bonds! NOW! 
NOW! NOW!! NOW!!!      	NOW! NOW!! NOW!!!      
Ah Bonds, so good of you to take a little time out of your "busy" schedule to drop by. Well, it looks like you got what you wanted. A memo just came down from Morgan's office. It says here--   	Ah Bonds, so good of you to take a little time out of your "busy" schedule to drop by. Well, it looks like you got what you wanted. A memo just came down from Morgan's office. It says here--   
Aw, crap!  Somebody maced this memo!  Who thinks this kinda crud is funny?  When I find out, the Gremlin will be singing soprano! 	Aw, crap!  Somebody maced this memo!  Who thinks this kinda crud is funny?  When I find out, the Gremlin will be singing soprano! 
Here, you take it.  Read it yourself, I hope you choke on it!  As soon as you're done, put on your plainclothes and get to Morgan's office.  I don't want to look at you any more!  Oh, man, my whole head is leaking!    	Here, you take it.  Read it yourself, I hope you choke on it!  As soon as you're done, put on your plainclothes and get to Morgan's office.  I don't want to look at you any more!  Oh, man, my whole head is leaking!    
You must have something to do, Bonds.  So go do it!  Don't bother me!  	You must have something to do, Bonds.  So go do it!  Don't bother me!  
OUT! OUT!! OUT!!! 	OUT! OUT!! OUT!!! 
There's trash all over the room, if that's what you want.  	There's trash all over the room, if that's what you want.  
Coffee grounds, orange peels, and ancient fast food containers.  Nothing useful. 	Coffee grounds, orange peels, and ancient fast food containers.  Nothing useful. 
Don't take that, it's the Sergeant's only hope.	Don't take that, it's the Sergeant's only hope.
It says, "Kiss me, I'm Irish".	It says, "Kiss me, I'm Irish".
It would certainly help to air out the room a bit, but a good strong breeze would throw Dooley's desk into further disarray.  Let him air out his own room. 	It would certainly help to air out the room a bit, but a good strong breeze would throw Dooley's desk into further disarray.  Let him air out his own room. 
Dooley's window is hidden by Venetian blinds.  Apparently he doesn't care for the stunning view of the intersection. 	Dooley's window is hidden by Venetian blinds.  Apparently he doesn't care for the stunning view of the intersection. 
This is Evidence Lockup.  Physical evidence is deposited here for analysis and safekeeping. 	This is Evidence Lockup.  Physical evidence is deposited here for analysis and safekeeping. 
Hey, Russ. I need to see the black book we took as evidence in the Hoffman bust. 	Hey, Russ. I need to see the black book we took as evidence in the Hoffman bust. 
It's the black appointment book you and Jack took as evidence in the Hoffman bust.	It's the black appointment book you and Jack took as evidence in the Hoffman bust.
You begin flipping through the pages, reading Hoffman's notes to himself.  His handwriting is scratchy and hard to read, but you decipher it.  You're used to reading memos from Sergeant Dooley, after all.  Hmm, this is some pretty interesting stuff...  	You begin flipping through the pages, reading Hoffman's notes to himself.  His handwriting is scratchy and hard to read, but you decipher it.  You're used to reading memos from Sergeant Dooley, after all.  Hmm, this is some pretty interesting stuff...  
"$2,000 col. R.G. Monday." 	"$2,000 col. R.G. Monday." 
"Set up H.D. gambling." 	"Set up H.D. gambling." 
"Blackjack 4:00.  Bring chips." 	"Blackjack 4:00.  Bring chips." 
"Initiate plan for dealer R.O." 	"Initiate plan for dealer R.O." 
"Meet J.M. & L.W. Wed 7:00." 	"Meet J.M. & L.W. Wed 7:00." 
"Cindy $100.00" 	"Cindy $100.00" 
"Pick up ammo, eggs, milk, coffee." 	"Pick up ammo, eggs, milk, coffee." 
"Meet N/W boss 8:30." 	"Meet N/W boss 8:30." 
"3:00 Lunch, Robert G." 	"3:00 Lunch, Robert G." 
"Shake up Ratty Bob and Big Jim!" 	"Shake up Ratty Bob and Big Jim!" 
"Terminate L.W. and J.M."   	"Terminate L.W. and J.M."   
"Sunday poker with J.B." 	"Sunday poker with J.B." 
"Evaluate East Coast profit margin.  Call East Coast." 	"Evaluate East Coast profit margin.  Call East Coast." 
"Meet Gutless Wonder." 	"Meet Gutless Wonder." 
"Initiate Plan 3 IMMEDIATELY." 	"Initiate Plan 3 IMMEDIATELY." 
You don't need that wire, Bonds.  You're not the one with a chicken problem.  	You don't need that wire, Bonds.  You're not the one with a chicken problem.  
It's chickenwire.  More than one crazed suspect has tried to retrieve their property by physical force.	It's chickenwire.  More than one crazed suspect has tried to retrieve their property by physical force.
You have no desire to put your hand through sheet glass, Bonds. 	You have no desire to put your hand through sheet glass, Bonds. 
That's LPD official property.  	That's LPD official property.  
Russ, I need to take a look at the piece we confiscated from Hoffman.	Russ, I need to take a look at the piece we confiscated from Hoffman.
It's the Smith and Wesson .45 pistol confiscated from Hoffman. It's a double action stainless steel beauty. It's not so beautiful if you're on the business end of it, however.  	It's the Smith and Wesson .45 pistol confiscated from Hoffman. It's a double action stainless steel beauty. It's not so beautiful if you're on the business end of it, however.  
You check the serial number on Hoffman's Smith and Wesson .45 automatic.  The number is 97649.   	You check the serial number on Hoffman's Smith and Wesson .45 automatic.  The number is 97649.   
You don't need to check anything in. 	You don't need to check anything in. 
Items are checked into Evidence through this slot, or they may be retrieved for review. 	Items are checked into Evidence through this slot, or they may be retrieved for review. 
You decide to take a closer look. 	You decide to take a closer look. 
It's this guy's license. 	It's this guy's license. 
All the evidence for that case is already on the counter.	All the evidence for that case is already on the counter.
You give the book back to Russ.	You give the book back to Russ.
Bummer.  That thug has a better social life than you do, Sonny!	Bummer.  That thug has a better social life than you do, Sonny!
You don't need to take Russ.  He's not going anywhere. 	You don't need to take Russ.  He's not going anywhere. 
You give the gun back to Russ.	You give the gun back to Russ.
That's some righteous piece of hardware, huh, guy? 	That's some righteous piece of hardware, huh, guy? 
Officer Russ Dinkle handles evidence materials.  He's singing under his breath, as usual.  	Officer Russ Dinkle handles evidence materials.  He's singing under his breath, as usual.  
Hey, guy.  On your way to briefing?  Better hurry, you don't want Dooley bustin' your chops, guy.	Hey, guy.  On your way to briefing?  Better hurry, you don't want Dooley bustin' your chops, guy.
You better get moving, guy.   	You better get moving, guy.   
Hey, guy, what can I do ya for?        	Hey, guy, what can I do ya for?        
I need to check some evidence, Russ.  'Less you're on another one of your two-hour donut breaks.	I need to check some evidence, Russ.  'Less you're on another one of your two-hour donut breaks.
Smartass.  What's the case number? 	Smartass.  What's the case number? 
Go bother someone else, Sonny.  I'm on a donut break.	Go bother someone else, Sonny.  I'm on a donut break.
Hope you found what you were lookin' for, guy.  See ya!  	Hope you found what you were lookin' for, guy.  See ya!  
Russ is busy girding his loins for another donut...he's working on his second box of the day.   	Russ is busy girding his loins for another donut...he's working on his second box of the day.   
Hold on a sec, guy. Phone's ringing.  	Hold on a sec, guy. Phone's ringing.  
Hello. 	Hello. 
Yeah. 	Yeah. 
Yeah, I know. 	Yeah, I know. 
I know. I'll take care of it. 	I know. I'll take care of it. 
I said I'd take care of it, ma. 	I said I'd take care of it, ma. 
No, don't worry about that. I won't. 	No, don't worry about that. I won't. 
Yes, I ate them all.  I'm a growing boy. 	Yes, I ate them all.  I'm a growing boy. 
She's not a gold digger, ma. Geez, I make cop wages. 	She's not a gold digger, ma. Geez, I make cop wages. 
She is NOT.  And I don't want to meet Mrs. Murray's daughter.  	She is NOT.  And I don't want to meet Mrs. Murray's daughter.  
C'mon, Russ. I've got a REAL life to get back to. 	C'mon, Russ. I've got a REAL life to get back to. 
Okay, ma. I will. I've gotta go. 	Okay, ma. I will. I've gotta go. 
Okay, ma. I'm sorry. I love you, too. Bye. 	Okay, ma. I'm sorry. I love you, too. Bye. 
Do you want to see the other piece of evidence, Sonny?	Do you want to see the other piece of evidence, Sonny?
Then stop wastin' my time, guy!  Can't you tell I'm a totally busy dude? 	Then stop wastin' my time, guy!  Can't you tell I'm a totally busy dude? 
Comin' right up, guy.  	Comin' right up, guy.  
Sorry, guy, I can't help you unless you've got the case number.   	Sorry, guy, I can't help you unless you've got the case number.   
Sonny, I'm sorry, but you know you don't have access to those materials, guy.  Only Narcotics officers can see that stuff.  Sorry, dude. 	Sonny, I'm sorry, but you know you don't have access to those materials, guy.  Only Narcotics officers can see that stuff.  Sorry, dude. 
Sure, guy. Just like always, you can't take it anywhere. You've gotta look at it here. 	Sure, guy. Just like always, you can't take it anywhere. You've gotta look at it here. 
Here you are, Sonny. Enjoy. 	Here you are, Sonny. Enjoy. 
I got two items for that case, Sonny.  Do you want the revolver or the black book? 	I got two items for that case, Sonny.  Do you want the revolver or the black book? 
Here you go, guy. 	Here you go, guy. 
This hallway leads to Narcotics on the right. 	This hallway leads to Narcotics on the right. 
Bing. 	Bing. 
It's the elevator button.  It's inviting you to push it. 	It's the elevator button.  It's inviting you to push it. 
Touching the elevator lights won't make it get here any faster, Bonds.	Touching the elevator lights won't make it get here any faster, Bonds.
The elevator always seems to be sitting on the first floor.	The elevator always seems to be sitting on the first floor.
Don't whack the elevator.  Just push the button. 	Don't whack the elevator.  Just push the button. 
The elevator takes you back down to the first floor. 	The elevator takes you back down to the first floor. 
There isn't a fire, Bonds.	There isn't a fire, Bonds.
A fire extinguisher. 	A fire extinguisher. 
This door leads to Lt. Morgan's office. 	This door leads to Lt. Morgan's office. 
You may be hot, Officer, but you're not going to set off any alarms.	You may be hot, Officer, but you're not going to set off any alarms.
A smoke detector.  	A smoke detector.  
This is the main hall on the second floor. To the left are the elevator and Lt. Morgan's office. 	This is the main hall on the second floor. To the left are the elevator and Lt. Morgan's office. 
You just love the feel of cork.	You just love the feel of cork.
The infamous "Crime Time" bulletin board.  It was mounted on the wall so that notices could be put up on the second floor as well as the first, but the "Crime Time" logo was considered such a classic example of bureaucratic bad taste that nobody could bear to cover it up with memos.	The infamous "Crime Time" bulletin board.  It was mounted on the wall so that notices could be put up on the second floor as well as the first, but the "Crime Time" logo was considered such a classic example of bureaucratic bad taste that nobody could bear to cover it up with memos.
It would be fun to spray the hallway with fire-retardant foam, but you suspect Lt. Morgan would dissaprove. 	It would be fun to spray the hallway with fire-retardant foam, but you suspect Lt. Morgan would dissaprove. 
The last time you drank out of this fountain, it tasted like a chlorine and mud cocktail.  You decide not to risk it again. 	The last time you drank out of this fountain, it tasted like a chlorine and mud cocktail.  You decide not to risk it again. 
It's a drinking fountain.   	It's a drinking fountain.   
This door leads to the narcotics room. 	This door leads to the narcotics room. 
Don't take the smoke detector down, Bonds.  You could be endangering fellow officers.	Don't take the smoke detector down, Bonds.  You could be endangering fellow officers.
It's a smoke alarm.  	It's a smoke alarm.  
Lt. Morgan's office is a dramatic contrast to Dooley's.  Tidy, upscale, and expensively decorated.  Sometimes it seems like half the department's budget goes to gussy up this guy's office.  	Lt. Morgan's office is a dramatic contrast to Dooley's.  Tidy, upscale, and expensively decorated.  Sometimes it seems like half the department's budget goes to gussy up this guy's office.  
Some of the books on criminology actually look pretty interesting, but you've got business to attend to.	Some of the books on criminology actually look pretty interesting, but you've got business to attend to.
There are computer manuals, and many interesting books on police work. Hey, what's that copy of "Mad" magazine doing there?  	There are computer manuals, and many interesting books on police work. Hey, what's that copy of "Mad" magazine doing there?  
I don't think Lt. Morgan would appreciate your poking around in his things.	I don't think Lt. Morgan would appreciate your poking around in his things.
You wonder what Lt. Morgan keeps in this cabinet.  You've heard rumors about Morgan's "liquor cabinet," but you try to ignore the department grapevine.  It's usually bull. 	You wonder what Lt. Morgan keeps in this cabinet.  You've heard rumors about Morgan's "liquor cabinet," but you try to ignore the department grapevine.  It's usually bull. 
Don't get fingerprints on the veneer, Bonds. 	Don't get fingerprints on the veneer, Bonds. 
Lt. Morgan has pretty nice furniture, though up close, you can see it's nearly as chintzy as most of the other furniture in the building. 	Lt. Morgan has pretty nice furniture, though up close, you can see it's nearly as chintzy as most of the other furniture in the building. 
You're a policeman.  You don't have time to play computer games.	You're a policeman.  You don't have time to play computer games.
It's Lt. Morgan's computer.  He even has a CD-ROM drive! 	It's Lt. Morgan's computer.  He even has a CD-ROM drive! 
The plant's leaves are soft and green.  Somehow, you can't picture Lt. Morgan watering the plants and talking to them.	The plant's leaves are soft and green.  Somehow, you can't picture Lt. Morgan watering the plants and talking to them.
That is one seriously big plant. 	That is one seriously big plant. 
If you talk to this plant, you'd better be polite.  It's bigger than you are.	If you talk to this plant, you'd better be polite.  It's bigger than you are.
Don't touch the casters; you might pinch your fingers.	Don't touch the casters; you might pinch your fingers.
Lt. Morgan's desk is on wheels.  That's odd; how often does he rearrange his furniture?	Lt. Morgan's desk is on wheels.  That's odd; how often does he rearrange his furniture?
Uhh, Bonds...just leave that where it is.  I don't want the glass smudged.  I'd, uh...I'd like to get back to work here, if there's nothing else I can do for you.	Uhh, Bonds...just leave that where it is.  I don't want the glass smudged.  I'd, uh...I'd like to get back to work here, if there's nothing else I can do for you.
It's a Ph.D. in Criminal Psychology from the University of California-Steelton.	It's a Ph.D. in Criminal Psychology from the University of California-Steelton.
Bonds!  Leave that alone.  If there's nothing else you wanted, I really should get back to work.	Bonds!  Leave that alone.  If there's nothing else you wanted, I really should get back to work.
A Bachelor of Science in Psychology from Cloun College in Baraboo, Wisconsin. 	A Bachelor of Science in Psychology from Cloun College in Baraboo, Wisconsin. 
Sonny!  I'd prefer it if you'd leave that just where it is.  Now, I've got a very busy schedule to get to, so I'll have to ask you to skedaddle.	Sonny!  I'd prefer it if you'd leave that just where it is.  Now, I've got a very busy schedule to get to, so I'll have to ask you to skedaddle.
A testimonial in consideration of Lt. Morgan's kindness.	A testimonial in consideration of Lt. Morgan's kindness.
Pardon me, Sonny?  That's hanging just where I want it.  'Kay?  Thanks.  Now then, I've got a pile of work here to do, so if you'll excuse me...?	Pardon me, Sonny?  That's hanging just where I want it.  'Kay?  Thanks.  Now then, I've got a pile of work here to do, so if you'll excuse me...?
An honorary Doctor of Thinkology degree from the Universitatus Committeeatum e pluribus unum.	An honorary Doctor of Thinkology degree from the Universitatus Committeeatum e pluribus unum.
Sonny, now let's not go touching my plaques and awards, okay?  Thank you.  Now, let's both get to our jobs, alright?  All right.	Sonny, now let's not go touching my plaques and awards, okay?  Thank you.  Now, let's both get to our jobs, alright?  All right.
It's a diploma.  You never realized Lt. Morgan was Valedictorian of his high school graduating class!	It's a diploma.  You never realized Lt. Morgan was Valedictorian of his high school graduating class!
Sonny, I...uh...the cleaning people get very upset if you smear the glass.  Besides, we've both got work to do, don't we?  So let's get to it!	Sonny, I...uh...the cleaning people get very upset if you smear the glass.  Besides, we've both got work to do, don't we?  So let's get to it!
It's Lt. Morgan's diploma from the Academy.	It's Lt. Morgan's diploma from the Academy.
Now now, Sonny, that's arranged just so, let's not go disturbing it.  Now, to work then, shall we?  Atta boy.	Now now, Sonny, that's arranged just so, let's not go disturbing it.  Now, to work then, shall we?  Atta boy.
It's a congratulatory letter from the local Kiwotary chapter.	It's a congratulatory letter from the local Kiwotary chapter.
Don't leave yet, it's rude.	Don't leave yet, it's rude.
Lt. Morgan's door.  You notice small ring-marks on the glass, and cleverly deduce that they must have come from a rubber dart gun.  You decide you like Lt. Morgan a lot. 	Lt. Morgan's door.  You notice small ring-marks on the glass, and cleverly deduce that they must have come from a rubber dart gun.  You decide you like Lt. Morgan a lot. 
Yes, Bonds, read what that medal says: "Courage."  Ain't it the truth?  Now, if it's all the same to you, I've got some work to do, so...  	Yes, Bonds, read what that medal says: "Courage."  Ain't it the truth?  Now, if it's all the same to you, I've got some work to do, so...  
A Triple Cross for meritorious conduct, extraordinary valor, and conspicuous bravery. 	A Triple Cross for meritorious conduct, extraordinary valor, and conspicuous bravery. 
You don't have a hat, Bonds.  	You don't have a hat, Bonds.  
It's an expensive hardwood hat rack.	It's an expensive hardwood hat rack.
Lt. Morgan probably wouldn't appreciate your fingering his knick-knacks.	Lt. Morgan probably wouldn't appreciate your fingering his knick-knacks.
Tasteful post-modern knick-knacks. 	Tasteful post-modern knick-knacks. 
It's Detective Laura Watts, your new partner in the Narcotics department.	It's Detective Laura Watts, your new partner in the Narcotics department.
Hello, Laura.	Hello, Laura.
Hi, Sonny.	Hi, Sonny.
There's nothing under the blotter but a few business cards.  	There's nothing under the blotter but a few business cards.  
The Lieutenant has one of those nice, old-fashioned green desk blotters.	The Lieutenant has one of those nice, old-fashioned green desk blotters.
The Lieutenant wouldn't be amused if you pulled his chair out from under him, Bonds.	The Lieutenant wouldn't be amused if you pulled his chair out from under him, Bonds.
Lt. Morgan's chair.  Nice upholstery.	Lt. Morgan's chair.  Nice upholstery.
You love the feel of fine wood.	You love the feel of fine wood.
Lt. Morgan's large, expensive mahogany desk. 	Lt. Morgan's large, expensive mahogany desk. 
Don't fiddle with the Lieutenant's stuff.  He'll think you're nervous.  You are, of course, but you don't want HIM to know that.	Don't fiddle with the Lieutenant's stuff.  He'll think you're nervous.  You are, of course, but you don't want HIM to know that.
It's Lt. Morgan's desk lamp. 	It's Lt. Morgan's desk lamp. 
Lt. Morgan seems glad to see you.  	Lt. Morgan seems glad to see you.  
Lt. Morgan, it's a pleasure to be on this assignment. 	Lt. Morgan, it's a pleasure to be on this assignment. 
It would be presumptuous to use Lt. Morgan's phone. 	It would be presumptuous to use Lt. Morgan's phone. 
Lt. Morgan's phone. 	Lt. Morgan's phone. 
You notice the number is 555-3784.	You notice the number is 555-3784.
Bonds, there's no need whatsoever for you to take Marie's shoes.	Bonds, there's no need whatsoever for you to take Marie's shoes.
Marie is wearing red pumps, a tawdry addition to her cheap but sexy outfit. 	Marie is wearing red pumps, a tawdry addition to her cheap but sexy outfit. 
Hands off.  It's too easy to be charged with brutality these days.	Hands off.  It's too easy to be charged with brutality these days.
Marie smiles and winks at you. You can't help smiling back at her. 	Marie smiles and winks at you. You can't help smiling back at her. 
Hi, Marie.  I'm glad to see you here. 	Hi, Marie.  I'm glad to see you here. 
Glad to see you too, Sonny.  I'm a little nervous, though.	Glad to see you too, Sonny.  I'm a little nervous, though.
Don't worry, Marie.  Things will work out.	Don't worry, Marie.  Things will work out.
It's perfectly-groomed, over-cologned Lieutenant Joseph Morgan.  Despite the fact that he seems to spend a lot of time goofing off, you'd never want his job.  Too much political wrangling and brown-nosing the Commissioner.	It's perfectly-groomed, over-cologned Lieutenant Joseph Morgan.  Despite the fact that he seems to spend a lot of time goofing off, you'd never want his job.  Too much political wrangling and brown-nosing the Commissioner.
Hello, Lt. Morgan.  What do you think?  Am I convincing?	Hello, Lt. Morgan.  What do you think?  Am I convincing?
Very.  Your own mother would have to look twice.  How do you feel? 	Very.  Your own mother would have to look twice.  How do you feel? 
Pretty good, sir.  I'm ready.	Pretty good, sir.  I'm ready.
You have to be ready, Sonny, and wide awake.  You know you'll have to go in without a weapon or a wire. If those men were to catch on you were a cop, they'd kill you in a heartbeat.  Understand?	You have to be ready, Sonny, and wide awake.  You know you'll have to go in without a weapon or a wire. If those men were to catch on you were a cop, they'd kill you in a heartbeat.  Understand?
Yes, sir, I do.	Yes, sir, I do.
Lt. Morgan?	Lt. Morgan?
Yes, Sergeant, what can I do for you?	Yes, Sergeant, what can I do for you?
I'm afraid I have some terrible news.  Officer Jack Cobb's daughter Kathy died in the hospital about an hour ago.  Apparently she never woke up.	I'm afraid I have some terrible news.  Officer Jack Cobb's daughter Kathy died in the hospital about an hour ago.  Apparently she never woke up.
My God...thank you, Sgt. Dooley.  I appreciate your letting me know.  You've spoken to Jack, yes? 	My God...thank you, Sgt. Dooley.  I appreciate your letting me know.  You've spoken to Jack, yes? 
Yes, sir.	Yes, sir.
Sonny, I think the importance of this operation is obvious to you.  These men are killing innocent kids.  They have to be stopped.  Remember to keep a level head, though.  Rage will only get you killed.  These people--if you can call them that--are not to be trifled with.  Be sure to check in with me after you've made contact with them. 	Sonny, I think the importance of this operation is obvious to you.  These men are killing innocent kids.  They have to be stopped.  Remember to keep a level head, though.  Rage will only get you killed.  These people--if you can call them that--are not to be trifled with.  Be sure to check in with me after you've made contact with them. 
Yes, sir.  I'm going to get them.  You can be sure of that. 	Yes, sir.  I'm going to get them.  You can be sure of that. 
Good.  Head on over to the hotel, Sonny.  Don't let this distract you.	Good.  Head on over to the hotel, Sonny.  Don't let this distract you.
Hello, Lt. Morgan. 	Hello, Lt. Morgan. 
Hello, Sonny.  Welcome to the department. 	Hello, Sonny.  Welcome to the department. 
Thank you, sir.  I'm happy to be here. 	Thank you, sir.  I'm happy to be here. 
Glad to hear it.  Well, let's get you started.  Your new partner, Detective Laura Watts, is waiting for you in the Narcotics office.  She'll get you settled in.  I'll call you in later for further briefing.  	Glad to hear it.  Well, let's get you started.  Your new partner, Detective Laura Watts, is waiting for you in the Narcotics office.  She'll get you settled in.  I'll call you in later for further briefing.  
Yes, sir. 	Yes, sir. 
Hello, Lt. Morgan.	Hello, Lt. Morgan.
Ah, there you are, Bonds.  We were just getting ready to discuss plans for the Delphoria operation.  I believe everybody has been introduced, so let's get started.  	Ah, there you are, Bonds.  We were just getting ready to discuss plans for the Delphoria operation.  I believe everybody has been introduced, so let's get started.  
Bonds, you'll go to the hotel in disguise, using the name of Jimmy Lee "Whitey" Banksten.  Marie Wilkans will have already been there for several hours, socializing in the hotel bar.  When you reach the hotel, you will rent a room, then go directly to the bar. 	Bonds, you'll go to the hotel in disguise, using the name of Jimmy Lee "Whitey" Banksten.  Marie Wilkans will have already been there for several hours, socializing in the hotel bar.  When you reach the hotel, you will rent a room, then go directly to the bar. 
Once there, you'll socialize with the bartender.  You should buy a drink or two, but I don't have to tell you to keep a clear head.  Marie will introduce you to the bartender, Alexandra Parker, whom we suspect of facilitating the illegal gambling.  If all goes well, you'll get yourself invited to a "private" poker game.    	Once there, you'll socialize with the bartender.  You should buy a drink or two, but I don't have to tell you to keep a clear head.  Marie will introduce you to the bartender, Alexandra Parker, whom we suspect of facilitating the illegal gambling.  If all goes well, you'll get yourself invited to a "private" poker game.    
Once you've infiltrated the game, discover what you can about the narcotics ring, and the identity of the "Death Angel."  Be sure to report back to me with any important findings.  Think you're up to it, "Whitey"? 	Once you've infiltrated the game, discover what you can about the narcotics ring, and the identity of the "Death Angel."  Be sure to report back to me with any important findings.  Think you're up to it, "Whitey"? 
Just one question, sir.  Why is my nickname supposed to be "Whitey"?  	Just one question, sir.  Why is my nickname supposed to be "Whitey"?  
Hah!  I thought you'd never ask, Sonny.  Here you go, a bottle of extra-strength peroxide compound for bleaching your hair.  Get it, "Whitey?"    	Hah!  I thought you'd never ask, Sonny.  Here you go, a bottle of extra-strength peroxide compound for bleaching your hair.  Get it, "Whitey?"    
I'm afraid so.  What's the rest of my costume like? 	I'm afraid so.  What's the rest of my costume like? 
Oh, it's this white "high-roller" suit hanging on the coat rack over here.  Pretty tacky, actually.    	Oh, it's this white "high-roller" suit hanging on the coat rack over here.  Pretty tacky, actually.    
Oh, joy.	Oh, joy.
You'll look perfectly tacky, I'm sure, Bonds.  Any questions, Miss Wilkans? 	You'll look perfectly tacky, I'm sure, Bonds.  Any questions, Miss Wilkans? 
No, sir...Yes.  Yes, I do have a question.  Alex Parker is my friend, Lt. Morgan.  I don't want to throw her to the wolves.  What's going to happen to her after this operation?  	No, sir...Yes.  Yes, I do have a question.  Alex Parker is my friend, Lt. Morgan.  I don't want to throw her to the wolves.  What's going to happen to her after this operation?  
It's kind of you to think of your friend, Miss Wilkans, but you'd do better to look out for yourself.  Actually, all we suspect Alex Parker of is facilitating an illegal gambling operation.  That's not a tremendously serious charge.  If she cooperates with us, things will probably go easier for her.  	It's kind of you to think of your friend, Miss Wilkans, but you'd do better to look out for yourself.  Actually, all we suspect Alex Parker of is facilitating an illegal gambling operation.  That's not a tremendously serious charge.  If she cooperates with us, things will probably go easier for her.  
But...will she go to jail? 	But...will she go to jail? 
I honestly don't know, Miss Wilkans.  That's the best answer I can give you at this time.  Are you reconsidering your offer to help us? 	I honestly don't know, Miss Wilkans.  That's the best answer I can give you at this time.  Are you reconsidering your offer to help us? 
I...no, Lt. Morgan.  I'll do it.  Just promise me you'll do your best by Alex. 	I...no, Lt. Morgan.  I'll do it.  Just promise me you'll do your best by Alex. 
I'll do what I can, Miss Wilkans.  Why don't you head over to the hotel now?  It's getting late. 	I'll do what I can, Miss Wilkans.  Why don't you head over to the hotel now?  It's getting late. 
Alright.  I'll see you there, Sonny.   	Alright.  I'll see you there, Sonny.   
I'm going back to the Narc room.  I've got a lot of work to do.  Sonny, just put the peroxide in your hair and leave it there for a few minutes.  It's pretty strong, so don't leave it there too long.  Otherwise we'll be calling you "Baldy" instead of "Whitey."     	I'm going back to the Narc room.  I've got a lot of work to do.  Sonny, just put the peroxide in your hair and leave it there for a few minutes.  It's pretty strong, so don't leave it there too long.  Otherwise we'll be calling you "Baldy" instead of "Whitey."     
You'd better get started, Sonny.  Go to the locker room and get changed.  Don't forget to bleach your hair.  Come back here for a quick final briefing before you leave for the hotel.    	You'd better get started, Sonny.  Go to the locker room and get changed.  Don't forget to bleach your hair.  Come back here for a quick final briefing before you leave for the hotel.    
Yes, sir.  Oh, Lt. Morgan?  The dead body in Cotton Cove was Jason Taselli.   	Yes, sir.  Oh, Lt. Morgan?  The dead body in Cotton Cove was Jason Taselli.   
Well...I can't say I'll cry over him, but that means there's somebody worse out there.  Go on, Sonny, maybe we'll catch him in the Delphoria operation.  Goodbye.    	Well...I can't say I'll cry over him, but that means there's somebody worse out there.  Go on, Sonny, maybe we'll catch him in the Delphoria operation.  Goodbye.    
You wanted to see me, Lt. Morgan?	You wanted to see me, Lt. Morgan?
Yes.  I need you to review some evidence from the Hoffman case, Bonds.  Check out the black notebook for clues about this man and his activities, and run an ID check on the gun.  There's something very strange about this case. Think you can clarify the picture, Sonny? 	Yes.  I need you to review some evidence from the Hoffman case, Bonds.  Check out the black notebook for clues about this man and his activities, and run an ID check on the gun.  There's something very strange about this case. Think you can clarify the picture, Sonny? 
I'll do my best, sir.	I'll do my best, sir.
Well, have at it, detective.	Well, have at it, detective.
Hey!  He called you "detective!" 	Hey!  He called you "detective!" 
Yes, SIR! 	Yes, SIR! 
Sonny, we're all upset by this, but don't let it affect you.  You have to get going.	Sonny, we're all upset by this, but don't let it affect you.  You have to get going.
Get moving, Sonny!	Get moving, Sonny!
Report to the Narcotics office immediately, Bonds.  We don't have time to waste.	Report to the Narcotics office immediately, Bonds.  We don't have time to waste.
Let's go, Bonds.  You don't need an engraved invitation to the Evidence room.	Let's go, Bonds.  You don't need an engraved invitation to the Evidence room.
Yes, sir?  You asked to see me?  	Yes, sir?  You asked to see me?  
Oh, hello, Sonny.  Yes, I wanted to talk to you about Marie Wilkans. You possibly know her as "Sweet Cheeks" Marie.  	Oh, hello, Sonny.  Yes, I wanted to talk to you about Marie Wilkans. You possibly know her as "Sweet Cheeks" Marie.  
Yes, sir, I know the young lady.  	Yes, sir, I know the young lady.  
She evidently knows you, too, and thinks rather highly of you.  Anyway, she's been arrested for soliciting.  We'd like you to approach her with a "deal".  	She evidently knows you, too, and thinks rather highly of you.  Anyway, she's been arrested for soliciting.  We'd like you to approach her with a "deal".  
We're going to be starting an undercover operation at the Hotel Delphoria.  We want to infiltrate the narcotics ring by way of the illegal gambling that goes on there.  We know Marie Wilkans has connections at the Delphoria. 	We're going to be starting an undercover operation at the Hotel Delphoria.  We want to infiltrate the narcotics ring by way of the illegal gambling that goes on there.  We know Marie Wilkans has connections at the Delphoria. 
We think Marie Wilkans can get us in there. In return, we'll do our best to get the charges dropped. I need you to go to the jail and discuss this with her, Bonds. Give her a minimum of information. We don't want her endangered, but we think she can help us. Any questions?  	We think Marie Wilkans can get us in there. In return, we'll do our best to get the charges dropped. I need you to go to the jail and discuss this with her, Bonds. Give her a minimum of information. We don't want her endangered, but we think she can help us. Any questions?  
No, sir.	No, sir.
Okay then.  From what I hear, she'll probably cooperate with you, Sonny.  Rumor has it she's stuck on you. 	Okay then.  From what I hear, she'll probably cooperate with you, Sonny.  Rumor has it she's stuck on you. 
I, er, I guess I'd better get going, sir. 	I, er, I guess I'd better get going, sir. 
Good idea, Sonny.	Good idea, Sonny.
You're not sure, but you think Lt. Morgan is suppressing a smile.	You're not sure, but you think Lt. Morgan is suppressing a smile.
I'm expecting an important phone call, Bonds.  Please make your call elsewhere.	I'm expecting an important phone call, Bonds.  Please make your call elsewhere.
It's Lt. Morgan's phone.  Apparently it's also a FAX machine and an answering machine.  Pretty fancy stuff! 	It's Lt. Morgan's phone.  Apparently it's also a FAX machine and an answering machine.  Pretty fancy stuff! 
Don't touch the plant.  It's temperamental. 	Don't touch the plant.  It's temperamental. 
It's a big, happy houseplant.	It's a big, happy houseplant.
Talking to plants is good for them, but it makes your superiors think you're nuts. 	Talking to plants is good for them, but it makes your superiors think you're nuts. 
Sonny. You're doing an excellent job. There's an opening in narcotics that I think you should apply for. Fill out a transfer request form down on the first floor by the elevator, and I'll see what I can do. 	Sonny. You're doing an excellent job. There's an opening in narcotics that I think you should apply for. Fill out a transfer request form down on the first floor by the elevator, and I'll see what I can do. 
Yes, Bonds?	Yes, Bonds?
Uhhhh...did you want to see me?	Uhhhh...did you want to see me?
I'll call you if I need you, Bonds.  Now get cracking, there's work to be done.	I'll call you if I need you, Bonds.  Now get cracking, there's work to be done.
Lt. Morgan is on the phone and can't be bothered.  Shouldn't you be somewhere, Bonds?	Lt. Morgan is on the phone and can't be bothered.  Shouldn't you be somewhere, Bonds?
Hello, Bonds.  Excuse me, I'm quite busy right now.	Hello, Bonds.  Excuse me, I'm quite busy right now.
Detective Watts is waiting, Bonds.	Detective Watts is waiting, Bonds.
Sonny. Go downstairs and change into your street clothes, then we'll talk.	Sonny. Go downstairs and change into your street clothes, then we'll talk.
Bonds, what are you doing back here without your disguise?  Go change, and hurry it up! 	Bonds, what are you doing back here without your disguise?  Go change, and hurry it up! 
Let's go, Sonny.  You can't space out.  It could cost you your life.	Let's go, Sonny.  You can't space out.  It could cost you your life.
Get a move on, Sonny. 	Get a move on, Sonny. 
Let's go, Bonds, don't let the young lady pine away in her cell!	Let's go, Bonds, don't let the young lady pine away in her cell!
Sonny, what are you waiting for?  Get to the Evidence Room immediately!	Sonny, what are you waiting for?  Get to the Evidence Room immediately!
Hmm, nice upholstery.  Not like the vinyl guest chairs you've got at home. 	Hmm, nice upholstery.  Not like the vinyl guest chairs you've got at home. 
Chairs for Lt. Morgan's guests.  Very stylish, you think, remembering your patched and faded 1960's barkalounger.   	Chairs for Lt. Morgan's guests.  Very stylish, you think, remembering your patched and faded 1960's barkalounger.   
The vase is cool and smooth.  You are slightly dissapointed to discover that it's empty.	The vase is cool and smooth.  You are slightly dissapointed to discover that it's empty.
What an attractive urn.  You wonder how much the department paid for this.	What an attractive urn.  You wonder how much the department paid for this.
The Lieutenant has the slats arranged perfectly to let in light while keeping the sun out of the eyes of guests.  Don't fiddle with them.	The Lieutenant has the slats arranged perfectly to let in light while keeping the sun out of the eyes of guests.  Don't fiddle with them.
When you think of how much these wooden blinds must've cost the department, it makes you shutter.	When you think of how much these wooden blinds must've cost the department, it makes you shutter.
The Narcotics office is well-equipped.  	The Narcotics office is well-equipped.  
You're not going to find anything good in the Narcotics office wastebasket, Bonds.  They shred all of their sensitive documents.  You do, however, find half an ossified donut.  You wisely leave it where it is.  	You're not going to find anything good in the Narcotics office wastebasket, Bonds.  They shred all of their sensitive documents.  You do, however, find half an ossified donut.  You wisely leave it where it is.  
It's the trash basket.  	It's the trash basket.  
This drawer contains files marked F through L.	This drawer contains files marked F through L.
1. Antonio Geraci  Sex:M  6'2"  Hair:Br  Eyes:Br  Wt:210 Distinguishing Marks:  Scar on lower left jawline. 2. Samuel Joseph Marker  Sex:M  5'10"  Hair:Blk  Eyes:Gr  Wt:165 Distinguishing Marks:  None.   	1. Antonio Geraci  Sex:M  6'2"  Hair:Br  Eyes:Br  Wt:210 Distinguishing Marks:  Scar on lower left jawline. 2. Samuel Joseph Marker  Sex:M  5'10"  Hair:Blk  Eyes:Gr  Wt:165 Distinguishing Marks:  None.   
3. John Collins  Sex:M  5'11" Hair:Br  Eyes:Br  Wt:180 Distinguishing Marks:  Woody Woodpecker tattoo on left bicep. 4. Bryce Balfour  Sex:M  6'3"  Hair:Br.  Eyes:Bl  Wt:190 Distinguishing Marks: Tattoo of Ankh on inner right thigh.     	3. John Collins  Sex:M  5'11" Hair:Br  Eyes:Br  Wt:180 Distinguishing Marks:  Woody Woodpecker tattoo on left bicep. 4. Bryce Balfour  Sex:M  6'3"  Hair:Br.  Eyes:Bl  Wt:190 Distinguishing Marks: Tattoo of Ankh on inner right thigh.     
5. Detrick Bridemon  Sex:M  6'0"  Hair:Br  Eyes:Blue  Wt:165 Distinguishing Marks:  Lobotomy scar. 6. Gaylord Hanes  Sex:F  5'6"  Hair:Br  Eyes:Br  Eyes:120 Distinguishing Marks:  Chew marks on Right Elbow    	5. Detrick Bridemon  Sex:M  6'0"  Hair:Br  Eyes:Blue  Wt:165 Distinguishing Marks:  Lobotomy scar. 6. Gaylord Hanes  Sex:F  5'6"  Hair:Br  Eyes:Br  Eyes:120 Distinguishing Marks:  Chew marks on Right Elbow    
7. Scut Murray   Sex:M  5'11" Hair:Br  Eyes:Br  Wt:160 Distinguishing Marks:  Tattoo "Bite Me" on Left Fetlock. 8.  Jason Taselli  Sex:M  6'0"  Hair:Blk  Eyes:Blue  Wt:190 Distinguishing Marks:  Rose Tattoo over left nipple.      	7. Scut Murray   Sex:M  5'11" Hair:Br  Eyes:Br  Wt:160 Distinguishing Marks:  Tattoo "Bite Me" on Left Fetlock. 8.  Jason Taselli  Sex:M  6'0"  Hair:Blk  Eyes:Blue  Wt:190 Distinguishing Marks:  Rose Tattoo over left nipple.      
9. Daniel Charlston  Sex:M  6'0"  Hair:Blnd  Eyes:Grn  Wt:170 Distinguishing Marks:  None. 10. Barry Smoot  Sex:M  5'9"  Hair:Br  Eyes:Br  Wt:140 Distinguishing Marks:  Tattoo of chihuahua on chest.    	9. Daniel Charlston  Sex:M  6'0"  Hair:Blnd  Eyes:Grn  Wt:170 Distinguishing Marks:  None. 10. Barry Smoot  Sex:M  5'9"  Hair:Br  Eyes:Br  Wt:140 Distinguishing Marks:  Tattoo of chihuahua on chest.    
11. Carlyle Escutcheon  Sex:M  5'10"  Hair:Brown  Eyes:Brown  Wt:190 Distinguishing Features:  Frequently spotted at petting zoo. 12. Hugo Dietrichs  Sex:M  5'11"  Hair:Blnd  Eyes:Blue  Wt:220 Distinguishing Marks:  Missing one leg. Easy to catch.   	11. Carlyle Escutcheon  Sex:M  5'10"  Hair:Brown  Eyes:Brown  Wt:190 Distinguishing Features:  Frequently spotted at petting zoo. 12. Hugo Dietrichs  Sex:M  5'11"  Hair:Blnd  Eyes:Blue  Wt:220 Distinguishing Marks:  Missing one leg. Easy to catch.   
You pick up the clipboard and look through it. 	You pick up the clipboard and look through it. 
You replace the clipboard, trying to think of something Marie had told you about Hoffman.  What was it?   	You replace the clipboard, trying to think of something Marie had told you about Hoffman.  What was it?   
The rose tattoo!  Hoffman and Taselli are almost certainly the same man.  You take the list from the clipboard.	The rose tattoo!  Hoffman and Taselli are almost certainly the same man.  You take the list from the clipboard.
You place the clipboard on the table. 	You place the clipboard on the table. 
You take the wanted poster of Taselli from the clipboard. 	You take the wanted poster of Taselli from the clipboard. 
The clipboard holds the FBI's Most Wanted list.   	The clipboard holds the FBI's Most Wanted list.   
Ever vigilant, you check to make sure the computer cables are plugged tightly in. 	Ever vigilant, you check to make sure the computer cables are plugged tightly in. 
Don't fiddle with somebody else's computer cables.	Don't fiddle with somebody else's computer cables.
Computer cables.  For once, they seem to be located in a place where you're not liable to trip over them.	Computer cables.  For once, they seem to be located in a place where you're not liable to trip over them.
This is Laura's computer terminal, Bonds.  She wouldn't appreciate you mucking about with it.   	This is Laura's computer terminal, Bonds.  She wouldn't appreciate you mucking about with it.   
You have no reason to be handling the Narcotics department's equipment.	You have no reason to be handling the Narcotics department's equipment.
It's one of the Narcotics office computers.   	It's one of the Narcotics office computers.   
Please afford Detective Watts the same respect you'd hope she would afford you; don't mess around with the things on her desk.	Please afford Detective Watts the same respect you'd hope she would afford you; don't mess around with the things on her desk.
This is Laura's desk. 	This is Laura's desk. 
You open the drawer.  	You open the drawer.  
The drawer is labeled F through M.    	The drawer is labeled F through M.    
You don't need anything from the file drawers right now.	You don't need anything from the file drawers right now.
This is the Narcotics Unit file cabinet. 	This is the Narcotics Unit file cabinet. 
Narcotics case records are in the file cabinet. 	Narcotics case records are in the file cabinet. 
You adjust the potted plant to a pleasing angle.	You adjust the potted plant to a pleasing angle.
A handsome fern sits on the filing cabinet.	A handsome fern sits on the filing cabinet.
The plant doesn't respond, but you think it looks happy.	The plant doesn't respond, but you think it looks happy.
Hmmmm, dusty.  Somebody's not doing their job.  At least it appears to be well-watered.	Hmmmm, dusty.  Somebody's not doing their job.  At least it appears to be well-watered.
What a big, healthy philodendron.	What a big, healthy philodendron.
The plant seems to be listening.	The plant seems to be listening.
You take the key to the car assigned to you. 	You take the key to the car assigned to you. 
This board holds keys to unmarked cars for undercover operations. 	This board holds keys to unmarked cars for undercover operations. 
>>> GO TO COMPUTER ROOM! >>>  	>>> GO TO COMPUTER ROOM! >>>  
Shouldn't you switch your computer on before you start typing, Bonds?	Shouldn't you switch your computer on before you start typing, Bonds?
You log in, hoping you don't accidentally erase anything.  You've always been a little intimidated by computers. 	You log in, hoping you don't accidentally erase anything.  You've always been a little intimidated by computers. 
You don't need to use the Narcotics office's equipment.	You don't need to use the Narcotics office's equipment.
This is the computer keypad for your terminal.  	This is the computer keypad for your terminal.  
It's the computer terminal's keyboard.	It's the computer terminal's keyboard.
This is Detective Watts's chair.  She needs it.  Please leave it alone. 	This is Detective Watts's chair.  She needs it.  Please leave it alone. 
This is Detective Watts's desk chair, virtually indistinguishable from the one at the other desk.	This is Detective Watts's desk chair, virtually indistinguishable from the one at the other desk.
It's not yours to use.	It's not yours to use.
It's Detective Watts's computer, a standard-issue PC clone hooked into the LPD net.	It's Detective Watts's computer, a standard-issue PC clone hooked into the LPD net.
As a member of the law enforcement community, you should have respect for the possessions and privacy of others.  Keep your hands out of Detective Watts's drawers. 	As a member of the law enforcement community, you should have respect for the possessions and privacy of others.  Keep your hands out of Detective Watts's drawers. 
These are the drawers of Det. Laura Watts's desk.  	These are the drawers of Det. Laura Watts's desk.  
Detective Laura Watts.  A cheerful, no-nonsense Narcotics officer who plays the book.	Detective Laura Watts.  A cheerful, no-nonsense Narcotics officer who plays the book.
Oh, hi, Sonny.  Or should I say,"Detective Bonds"?  Congratulations on the transfer.  I know it's only temporary, but if you do good work, we'll probably ask to keep you.  Come on, I'll give you a tour of the office. 	Oh, hi, Sonny.  Or should I say,"Detective Bonds"?  Congratulations on the transfer.  I know it's only temporary, but if you do good work, we'll probably ask to keep you.  Come on, I'll give you a tour of the office. 
Thanks, Detective Watts.	Thanks, Detective Watts.
Call me Laura.  This is the key board.  Or, in a room full of computers, I guess I should just call it the keyholder to avoid confusion.  Anyway, we hang our vehicle keys here.  	Call me Laura.  This is the key board.  Or, in a room full of computers, I guess I should just call it the keyholder to avoid confusion.  Anyway, we hang our vehicle keys here.  
This is our laser printer, it's hooked up to both the department computers.  Not the fastest machine in the world, but it beats writing everything out longhand. 	This is our laser printer, it's hooked up to both the department computers.  Not the fastest machine in the world, but it beats writing everything out longhand. 
This is my computer terminal.  It's kind of a mess right now. 	This is my computer terminal.  It's kind of a mess right now. 
This cabinet holds our files on all cases currently being investigated, as well as ones that were only recently closed, and "dormant" cases, where we don't have enough evidence to act, but we refuse to close the case in the event we should manage to obtain more evidence.   	This cabinet holds our files on all cases currently being investigated, as well as ones that were only recently closed, and "dormant" cases, where we don't have enough evidence to act, but we refuse to close the case in the event we should manage to obtain more evidence.   
This is your workstation, Sonny.  You can access firearm registrations, license numbers, VIN numbers, and other evidence codes here.  Since you have a desk now, your pigeonhole downstairs will be assigned to someone else.   	This is your workstation, Sonny.  You can access firearm registrations, license numbers, VIN numbers, and other evidence codes here.  Since you have a desk now, your pigeonhole downstairs will be assigned to someone else.   
Our call number here is 83-NORA-10.  That's about it for the Grand Tour of the Narcotics Office.  Okay, let's get down to business!	Our call number here is 83-NORA-10.  That's about it for the Grand Tour of the Narcotics Office.  Okay, let's get down to business!
This creep Hoffman is on the verge of being released on bail.  We suspect he's tied in with much bigger things than just the narcotics found in the trunk of the stolen car.  He claims they were there when he "borrowed" it, of course.	This creep Hoffman is on the verge of being released on bail.  We suspect he's tied in with much bigger things than just the narcotics found in the trunk of the stolen car.  He claims they were there when he "borrowed" it, of course.
We know damn well if he's released, he'll bolt like a rabbit.  We need some hard evidence to keep him in.  See if you can dig anything up that might convince Judge Palmer to keep the jerk locked up, okay?  I've gotta go.  Do your best, Sonny.  Bye. 	We know damn well if he's released, he'll bolt like a rabbit.  We need some hard evidence to keep him in.  See if you can dig anything up that might convince Judge Palmer to keep the jerk locked up, okay?  I've gotta go.  Do your best, Sonny.  Bye. 
Wow.  Your first Narcotics investigation.  You wonder where you should start.   	Wow.  Your first Narcotics investigation.  You wonder where you should start.   
Hello, Sonny.  Excuse me, I have a lot of work to do.	Hello, Sonny.  Excuse me, I have a lot of work to do.
Detective Watts is busy right now, Bonds.  Don't try to engage her in idle chatter.	Detective Watts is busy right now, Bonds.  Don't try to engage her in idle chatter.
Sonny!  Just the man I wanted to see!  Did you get the warrant? 	Sonny!  Just the man I wanted to see!  Did you get the warrant? 
Uh, no, the judge wouldn't grant it.	Uh, no, the judge wouldn't grant it.
DAMN!  How did that happen?  Oh, hell, we don't have time to worry about that now.  We have a tip that a drug buy is about to go down in Bert's Park.  Let's go, Sonny. 	DAMN!  How did that happen?  Oh, hell, we don't have time to worry about that now.  We have a tip that a drug buy is about to go down in Bert's Park.  Let's go, Sonny. 
There you are Sonny. I came by to tell you that when you're done checking out the case evidence, Lt. Morgan wants to see you.  	There you are Sonny. I came by to tell you that when you're done checking out the case evidence, Lt. Morgan wants to see you.  
Ok, I'll be there in a few minutes.	Ok, I'll be there in a few minutes.
There you are, Sonny.  Did you get the No Bail Warrant?	There you are, Sonny.  Did you get the No Bail Warrant?
I sure did.  Hoffman's not going anywhere.	I sure did.  Hoffman's not going anywhere.
Good job!  We don't have time to rest on our laurels now, though.  We just got in a call.  One of our informants just let us know about an impending drug bust in Bert's Park.  Let's roll, partner!  	Good job!  We don't have time to rest on our laurels now, though.  We just got in a call.  One of our informants just let us know about an impending drug bust in Bert's Park.  Let's roll, partner!  
Okay!	Okay!
You don't need anything from that particular file drawer.	You don't need anything from that particular file drawer.
The drawer is labeled A through E. 	The drawer is labeled A through E. 
It's one of the licenses you confiscated at the stolen car bust. 	It's one of the licenses you confiscated at the stolen car bust. 
You look through the files until you find Hoffman, Marvin.  You carefully take the file out and read it.	You look through the files until you find Hoffman, Marvin.  You carefully take the file out and read it.
Hoffman, Marvin. Sex:M  6'0" Hair:Blk  Eyes:Blue  Wt:193 DOB 02-06-61  Distinguishing Marks:  Rose tattoo over left nipple. Outstanding Warrants:  Armed Robbery, Grand Theft Auto, Suspected Murder 1.    	Hoffman, Marvin. Sex:M  6'0" Hair:Blk  Eyes:Blue  Wt:193 DOB 02-06-61  Distinguishing Marks:  Rose tattoo over left nipple. Outstanding Warrants:  Armed Robbery, Grand Theft Auto, Suspected Murder 1.    
Prior Convictions: Grand Theft Auto, Aggravated Assault, Possesion of Cocaine Incarceration: 5 years+5 years parole   	Prior Convictions: Grand Theft Auto, Aggravated Assault, Possesion of Cocaine Incarceration: 5 years+5 years parole   
The file continues, but you've seen enough.      	The file continues, but you've seen enough.      
You take Hoffman's file with you.	You take Hoffman's file with you.
You look through Hoffman's file. 	You look through Hoffman's file. 
Hoffman, Marvin. Sex:M  6'0" Hair:Blk  Eyes:Blue  Wt:193 DOB 02-06-61  Distinguishing Marks:  Rose tattoo over left nipple. Outstanding Warrants:  Armed Robbery, Grand Theft Auto, Suspected Murder 1.     	Hoffman, Marvin. Sex:M  6'0" Hair:Blk  Eyes:Blue  Wt:193 DOB 02-06-61  Distinguishing Marks:  Rose tattoo over left nipple. Outstanding Warrants:  Armed Robbery, Grand Theft Auto, Suspected Murder 1.     
Prior Convictions: Grand Theft Auto, Aggravated Assault, Possesion of Cocaine Incarceration: 5 years+5 years parole    	Prior Convictions: Grand Theft Auto, Aggravated Assault, Possesion of Cocaine Incarceration: 5 years+5 years parole    
The file continues, but you've seen enough.       	The file continues, but you've seen enough.       
The pencil is long and yellow.	The pencil is long and yellow.
It's just a pencil, Bonds.  	It's just a pencil, Bonds.  
You pick up the phone. 	You pick up the phone. 
>>> GO TO PHONE INTERFACE <<< 	>>> GO TO PHONE INTERFACE <<< 
It's your phone.	It's your phone.
It's a phone.  	It's a phone.  
The printer hasn't printed anything; therefore, there's nothing to take.	The printer hasn't printed anything; therefore, there's nothing to take.
You pick up the freshly-printed Wanted poster of Jason Taselli and take it with you.	You pick up the freshly-printed Wanted poster of Jason Taselli and take it with you.
It can't be...but it is!  It's the one, the only, the original LaserDot I. With its tremendous 2 ppm and 60 dpi graphics, this workhorse of a printer must keep this office ever-supplied with quickly printed, high quality material.	It can't be...but it is!  It's the one, the only, the original LaserDot I. With its tremendous 2 ppm and 60 dpi graphics, this workhorse of a printer must keep this office ever-supplied with quickly printed, high quality material.
It's the Narcotics office's old, slow laser printer. There's a wanted poster printout in the tray.	It's the Narcotics office's old, slow laser printer. There's a wanted poster printout in the tray.
You don't need anything from that particular drawer.	You don't need anything from that particular drawer.
The drawer is labeled N through Z. 	The drawer is labeled N through Z. 
Where were you thinking of taking it?	Where were you thinking of taking it?
Its your desk, Sonny. Sure beats that low status pigeon hole. 	Its your desk, Sonny. Sure beats that low status pigeon hole. 
This desk belongs to one of the members of the Narcotics Unit.	This desk belongs to one of the members of the Narcotics Unit.
You slip the FBI's 10 Most Wanted poster into Hoffman's file for safekeeping.	You slip the FBI's 10 Most Wanted poster into Hoffman's file for safekeeping.
You don't need any of the other files.	You don't need any of the other files.
Come on, Sonny, we've gotta move!	Come on, Sonny, we've gotta move!
Only narcotics officers are allowed to use the equipment in this office. 	Only narcotics officers are allowed to use the equipment in this office. 
You've got more important things to do, Bonds!  Let's get moving!  	You've got more important things to do, Bonds!  Let's get moving!  
You don't need to use that. 	You don't need to use that. 
A computer workstation. 	A computer workstation. 
You touch the plant, and it sways gently back and forth, as if touched by a tropical wind.	You touch the plant, and it sways gently back and forth, as if touched by a tropical wind.
You wonder how the plant grew to be so big under these wimpy flourescent lights. 	You wonder how the plant grew to be so big under these wimpy flourescent lights. 
It seems to have grown just a little bit taller now.	It seems to have grown just a little bit taller now.
You switch on your terminal.  You can't believe how far police technology has progressed since your dad was a cop. 	You switch on your terminal.  You can't believe how far police technology has progressed since your dad was a cop. 
Don't mess with other department's equipment, Bonds.	Don't mess with other department's equipment, Bonds.
It's the terminal you will use during your investigation. 	It's the terminal you will use during your investigation. 
It's a computer terminal.	It's a computer terminal.
Detective Watts spent a long time battling with these shades, since the springs are worn out.  Don't bother trying to muck with them.	Detective Watts spent a long time battling with these shades, since the springs are worn out.  Don't bother trying to muck with them.
These windows afford an excellent view of the high tension powerlines and transformers across the street. Pretty impressive. 	These windows afford an excellent view of the high tension powerlines and transformers across the street. Pretty impressive. 
Like other good citizens, you're tempted to help pick up the dirty alley, but this is the wrong time for such a herculean effort.	Like other good citizens, you're tempted to help pick up the dirty alley, but this is the wrong time for such a herculean effort.
The filthy, dimly lit alley leads to an appropriately filthy, dimly lit dive called Wino Willy's.  	The filthy, dimly lit alley leads to an appropriately filthy, dimly lit dive called Wino Willy's.  
Rather than attempting to remove the bikes yourself, it would be more efficient to find the owners and convince them to make other parking arrangements.	Rather than attempting to remove the bikes yourself, it would be more efficient to find the owners and convince them to make other parking arrangements.
These aren't your weekend rider-type bikes. If anything, they're bad news.  	These aren't your weekend rider-type bikes. If anything, they're bad news.  
It's a well-designed building, Bonds.  You don't need to help hold it up.	It's a well-designed building, Bonds.  You don't need to help hold it up.
The beige brick building is the Lytton Savings & Loan.	The beige brick building is the Lytton Savings & Loan.
Recently closed.  	Recently closed.  
It's part of the reason that this section of town has been headed downhill.	It's part of the reason that this section of town has been headed downhill.
The surface of the building is rough brick.  Most of Lytton, in fact, is brick, since this part of California is prone to fires in the summer.	The surface of the building is rough brick.  Most of Lytton, in fact, is brick, since this part of California is prone to fires in the summer.
This is the front of Caffeine Carol's, the coffee depot of choice for the patrol officers of the Lytton P.D...and for much of Lytton.  	This is the front of Caffeine Carol's, the coffee depot of choice for the patrol officers of the Lytton P.D...and for much of Lytton.  
That's the door to Caffeine Carol's.  	That's the door to Caffeine Carol's.  
It's not of much use. It doesn't even look like it could drain water properly.	It's not of much use. It doesn't even look like it could drain water properly.
It's a rusted old drain pipe. 	It's a rusted old drain pipe. 
If you can't keep your mind out of the gutter, at least keep your hands out of it!	If you can't keep your mind out of the gutter, at least keep your hands out of it!
The gutter.  Frequently inhabited by rats, gum wrappers, and the occasional visitor to Wino Willy's.	The gutter.  Frequently inhabited by rats, gum wrappers, and the occasional visitor to Wino Willy's.
You politely wipe your feet.	You politely wipe your feet.
It's a welcome mat.  Carol is always glad to see a paying customer. 	It's a welcome mat.  Carol is always glad to see a paying customer. 
No need; the sidewalk was apparently recently swept by Carol.   	No need; the sidewalk was apparently recently swept by Carol.   
It's one of the many fine tax-payer supplied sidewalks you used to patrol on foot. 	It's one of the many fine tax-payer supplied sidewalks you used to patrol on foot. 
Where were you thinking of taking Carol's sign?	Where were you thinking of taking Carol's sign?
The sign strongly suggests that this might be Caffeine Carol's.   	The sign strongly suggests that this might be Caffeine Carol's.   
It's your sleek, sexy personal auto.   	It's your sleek, sexy personal auto.   
So how come you never have any babes with you?  	So how come you never have any babes with you?  
It's your aging departmental-issue patrol car.   	It's your aging departmental-issue patrol car.   
It's your unmarked police car.    	It's your unmarked police car.    
You should advise Carol about the bikers.	You should advise Carol about the bikers.
Maybe you should go and see what Carol's complaint is all about first.	Maybe you should go and see what Carol's complaint is all about first.
You'ld better check out those bikers. Carol's counting on you.	You'ld better check out those bikers. Carol's counting on you.
You travelled all this way. You should at least talk to your friend Steve.	You travelled all this way. You should at least talk to your friend Steve.
You have one of your own. 	You have one of your own. 
That looks like Steve's patrol car...but Steve is nowhere to be seen.	That looks like Steve's patrol car...but Steve is nowhere to be seen.
The street's clean.  There's nothing to take.	The street's clean.  There's nothing to take.
A perfectly ordinary stretch of Oak Street.	A perfectly ordinary stretch of Oak Street.
Don't pick the poor weeds, Bonds.  They have a tough lot in life.	Don't pick the poor weeds, Bonds.  They have a tough lot in life.
Scruffy little weeds grow in the alley that leads to Wino Willy's.	Scruffy little weeds grow in the alley that leads to Wino Willy's.
You express your admiration for the weeds' tenacity and strength.  They don't answer.	You express your admiration for the weeds' tenacity and strength.  They don't answer.
As much as you'd often like to tear this sign down and close Willy's for good (especially on some Friday and Saturday nights), destruction of private property is not exactly your idea of justice.	As much as you'd often like to tear this sign down and close Willy's for good (especially on some Friday and Saturday nights), destruction of private property is not exactly your idea of justice.
The sign advertises Wino Willy's, the scuzziest bar in town.	The sign advertises Wino Willy's, the scuzziest bar in town.
Try the door. 	Try the door. 
It's the stained glass window of Caffeine Carol's. (Nicotine, tar, and fryer grease stained, that is.) 	It's the stained glass window of Caffeine Carol's. (Nicotine, tar, and fryer grease stained, that is.) 
You have more important things to do than scrape the grease off the walls.	You have more important things to do than scrape the grease off the walls.
This is Caffeine Carol's, birthplace of countless ulcers.	This is Caffeine Carol's, birthplace of countless ulcers.
Consuming these totally unappetizing bacon and eggs is the furthest thing from your mind.  You're no cook, but even you could do better than this at home.	Consuming these totally unappetizing bacon and eggs is the furthest thing from your mind.  You're no cook, but even you could do better than this at home.
Some bacon and two eggs are slowly incinerating on the grill.  The grease appears to have pooled in the nooks and crannies.	Some bacon and two eggs are slowly incinerating on the grill.  The grease appears to have pooled in the nooks and crannies.
Carol's bathroom brings to mind that old adage, "Fools rush in where angels fear to tread."	Carol's bathroom brings to mind that old adage, "Fools rush in where angels fear to tread."
It's the door to Caffeine Carol's bathroom.  There used to a sign on the door saying, "Carol's Throne Room," but Carol was ribbed about it one too many times.	It's the door to Caffeine Carol's bathroom.  There used to a sign on the door saying, "Carol's Throne Room," but Carol was ribbed about it one too many times.
It's being used.  Besides, you have better things to do.	It's being used.  Besides, you have better things to do.
It's one of the vintage 1950's booths Carol is so proud of.  The food stuck between the seats is vintage 1950's, too.	It's one of the vintage 1950's booths Carol is so proud of.  The food stuck between the seats is vintage 1950's, too.
Ooh!  Sonny, don't tempt me!	Ooh!  Sonny, don't tempt me!
Carol is a veteran coffee dispenser. Working for others at first, she scrimped and saved her tips until she could afford a place of her own. Stumped for a name for her little cafe, she finally settled on Carol's. That was twenty-something years ago, she would tell you.  	Carol is a veteran coffee dispenser. Working for others at first, she scrimped and saved her tips until she could afford a place of her own. Stumped for a name for her little cafe, she finally settled on Carol's. That was twenty-something years ago, she would tell you.  
Forty-something would probably be more accurate, however.  	Forty-something would probably be more accurate, however.  
Oh, honey, I'd love to talk but I got a couple orders up. Is everything okay? Good. Boy, my poodles are really barking today. I gotta soak these things in some epsom salts soon. Catch you later, Sonny. 	Oh, honey, I'd love to talk but I got a couple orders up. Is everything okay? Good. Boy, my poodles are really barking today. I gotta soak these things in some epsom salts soon. Catch you later, Sonny. 
I don't think you'll have a problem with those motorcycles anymore, Carol.  I suggested to them that they find another place to park.	I don't think you'll have a problem with those motorcycles anymore, Carol.  I suggested to them that they find another place to park.
Oh, Sonny!  That's my brave boy!  Did you beat 'em up?  Did you...you know...have to get rough with 'em? 	Oh, Sonny!  That's my brave boy!  Did you beat 'em up?  Did you...you know...have to get rough with 'em? 
No, no rubber hose or anything, Carol.  Honest.  No, they were...very agreeable. 	No, no rubber hose or anything, Carol.  Honest.  No, they were...very agreeable. 
Well, you're an angel.  Just for that, I'll give you 10% off your next piece of pie. 	Well, you're an angel.  Just for that, I'll give you 10% off your next piece of pie. 
Thanks, Carol.  Not necessary. 	Thanks, Carol.  Not necessary. 
Oh, you deserve it.  Well, I ain't gonna make a living standing and jawing all day.  Thanks again, Sonny!	Oh, you deserve it.  Well, I ain't gonna make a living standing and jawing all day.  Thanks again, Sonny!
You bet.	You bet.
Thanks again, Sonny.  You're a sweetie. 	Thanks again, Sonny.  You're a sweetie. 
Don't mention it.	Don't mention it.
Hello, Carol. I got a call stating that you want me to check something out.  What's the problem?	Hello, Carol. I got a call stating that you want me to check something out.  What's the problem?
Sonny, it's those bikes out front. They're always there, y'know?	Sonny, it's those bikes out front. They're always there, y'know?
Not only can't my customers park their cars, but they're startin' to think we got those kinda' people frequenting my place of business.  	Not only can't my customers park their cars, but they're startin' to think we got those kinda' people frequenting my place of business.  
They're gettin' scared to come in at all. Can you do somethin', Sonny?    	They're gettin' scared to come in at all. Can you do somethin', Sonny?    
Well, they're legally parked, but I'll see what I can do.  I suppose the owners are around here somewhere.  	Well, they're legally parked, but I'll see what I can do.  I suppose the owners are around here somewhere.  
Please do what you can, Sonny. Those kinda people are a menace to decent folk like us. 	Please do what you can, Sonny. Those kinda people are a menace to decent folk like us. 
You're a sweetheart. Gosh, if the department only allowed you to accept gifts, I'd give you one of those nice big lemon meringue pies over there in the pie case. But I don't wanna break any bribery laws or nothin'.	You're a sweetheart. Gosh, if the department only allowed you to accept gifts, I'd give you one of those nice big lemon meringue pies over there in the pie case. But I don't wanna break any bribery laws or nothin'.
Sure, sure, Carol.  Whatever you say.	Sure, sure, Carol.  Whatever you say.
Really, honey, my heart's in the right place.  I just don't want to get into trouble, that's all.	Really, honey, my heart's in the right place.  I just don't want to get into trouble, that's all.
Whatever you say, Carol.  Well.  I'll go see what I can do.	Whatever you say, Carol.  Well.  I'll go see what I can do.
It's being used at this time.  Don't you have anything better to do, Officer?  	It's being used at this time.  Don't you have anything better to do, Officer?  
Try sitting on the stool, Bonds.  Carol wouldn't appreciate you sitting on her counter.	Try sitting on the stool, Bonds.  Carol wouldn't appreciate you sitting on her counter.
A small group of mediocre coffee connoiseurs have stopped by to make sure no one has slipped in those pesky Fauxger's crystals.   	A small group of mediocre coffee connoiseurs have stopped by to make sure no one has slipped in those pesky Fauxger's crystals.   
This is your usual caffeine-ingesting spot.      	This is your usual caffeine-ingesting spot.      
It's the door through which Carol's Customers are herded in and out.  	It's the door through which Carol's Customers are herded in and out.  
Nobody dropped anything. 	Nobody dropped anything. 
Nice pattern. This isn't the kind of thing anyone would ever like to see when drunk.  It's a little nauseating even when you're sober. 	Nice pattern. This isn't the kind of thing anyone would ever like to see when drunk.  It's a little nauseating even when you're sober. 
It's Carol's job to grab the platters of "food." 	It's Carol's job to grab the platters of "food." 
That's the kitchen...where most of Lytton's outrageous culinary crimes and atrocities are commited. 	That's the kitchen...where most of Lytton's outrageous culinary crimes and atrocities are commited. 
Even though the whole place would probably look better in the dark, you resist the urge. 	Even though the whole place would probably look better in the dark, you resist the urge. 
It's a lightswitch.	It's a lightswitch.
In your high school days, you'd have been tempted to steal something like a menu board and display it in your room.  You're over that now.	In your high school days, you'd have been tempted to steal something like a menu board and display it in your room.  You're over that now.
The large menu board lists some of the greasiest dishes in town.  You can feel your arteries seizing up just looking at them.  	The large menu board lists some of the greasiest dishes in town.  You can feel your arteries seizing up just looking at them.  
Just being in Carol's makes you want to wipe your hands on something, doesn't it?  	Just being in Carol's makes you want to wipe your hands on something, doesn't it?  
It's a napkin dispenser.	It's a napkin dispenser.
Don't handle the patrons unless Carol asks for help.	Don't handle the patrons unless Carol asks for help.
The patronage is comprised of people with either very little money or very little taste.	The patronage is comprised of people with either very little money or very little taste.
Pardon me, may I ask you something?	Pardon me, may I ask you something?
The patron mumbles something unintelligible, probably because of the mouthful of food currently being masticated.	The patron mumbles something unintelligible, probably because of the mouthful of food currently being masticated.
Sorry for bothering you.	Sorry for bothering you.
<RING RING RING>	<RING RING RING>
Hello. This is Officer Sonny Bonds.    	Hello. This is Officer Sonny Bonds.    
Officer Bonds, this is Lt. Hamilton. I have an ID on that 11-44.  He was a low-level drug dealer named Lenny Warren.  Just as we suspected, he was killed by a bullet to the brain.  I thought you'd be interested to find out.  If you hear anything that might be pertinent, let me know immediately.    	Officer Bonds, this is Lt. Hamilton. I have an ID on that 11-44.  He was a low-level drug dealer named Lenny Warren.  Just as we suspected, he was killed by a bullet to the brain.  I thought you'd be interested to find out.  If you hear anything that might be pertinent, let me know immediately.    
Yes, sir, I will.  And thank you, Lieutenant Hamilton. I appreciate your passing that information along.  	Yes, sir, I will.  And thank you, Lieutenant Hamilton. I appreciate your passing that information along.  
You're welcome, Bonds.  Fine work this afternoon, by the way.  Remember, keep your eyes open.  Goodbye.	You're welcome, Bonds.  Fine work this afternoon, by the way.  Remember, keep your eyes open.  Goodbye.
Goodbye, sir.	Goodbye, sir.
There's no one you need to call right now, Officer.	There's no one you need to call right now, Officer.
It's an LT&T pay phone. 	It's an LT&T pay phone. 
Had you not had to let your belt out another notch this morning, you might be tempted.  An officer of the law must maintain certain minimum physical requirements. 	Had you not had to let your belt out another notch this morning, you might be tempted.  An officer of the law must maintain certain minimum physical requirements. 
How does someone like Dooley get away with such a big spare tire, anyway?	How does someone like Dooley get away with such a big spare tire, anyway?
Though there may be some dishes of dubious quality listed on Carol's menu, she makes a mighty fine pie. 	Though there may be some dishes of dubious quality listed on Carol's menu, she makes a mighty fine pie. 
Lordy, couldn't you boys discuss something a little less...disgusting?  You're gonna scare off my customers.  Here's your coffee.  You want any pie? 	Lordy, couldn't you boys discuss something a little less...disgusting?  You're gonna scare off my customers.  Here's your coffee.  You want any pie? 
Uh, no thanks, Carol.  For some reason, I'm not real hungry right now. 	Uh, no thanks, Carol.  For some reason, I'm not real hungry right now. 
Okay, you boys have a good break, now.	Okay, you boys have a good break, now.
Thanks, Carol.	Thanks, Carol.
It isn't us scaring off her customers.  It's this liquid fertilizer she serves as coffee, hah!  	It isn't us scaring off her customers.  It's this liquid fertilizer she serves as coffee, hah!  
You're here on a call, Bonds.  Taking too long to respond to an official call could cost someone their life.	You're here on a call, Bonds.  Taking too long to respond to an official call could cost someone their life.
Sonny! You gotta phone call over here!     	Sonny! You gotta phone call over here!     
Thanks, Carol!   	Thanks, Carol!   
I'll be right back, Steve. 	I'll be right back, Steve. 
Steve isn't a physical kinda guy.  He's looking pretty cranky right now, too.    	Steve isn't a physical kinda guy.  He's looking pretty cranky right now, too.    
It's your pal, Steve.	It's your pal, Steve.
Steve's an okay-looking guy, as far as guys go. He's pretty busy these days, judging by all the subpoenas in his pigeonhole.  	Steve's an okay-looking guy, as far as guys go. He's pretty busy these days, judging by all the subpoenas in his pigeonhole.  
You're talked out.  Perhaps it's time to hit the road.	You're talked out.  Perhaps it's time to hit the road.
Hi, buddy, glad you could make it.  So what's up?  How's your shift going?     	Hi, buddy, glad you could make it.  So what's up?  How's your shift going?     
How's my shift going?  Well, other than going to the scene of a car wreck and finding a dead guy--probably a 377--my shift's going okay.  How's yours?  	How's my shift going?  Well, other than going to the scene of a car wreck and finding a dead guy--probably a 377--my shift's going okay.  How's yours?  
No way!  You found a murder victim?  How did you know he was murdered?  	No way!  You found a murder victim?  How did you know he was murdered?  
Bullet hole in the middle of his forehead.  Little clues like that.	Bullet hole in the middle of his forehead.  Little clues like that.
NO WAY!  That's bizarre, Sonny.  Are they gonna let you work on the case?  	NO WAY!  That's bizarre, Sonny.  Are they gonna let you work on the case?  
No, I don't think so.  Hamilton had it covered.  I kinda hope they keep me updated, though.  	No, I don't think so.  Hamilton had it covered.  I kinda hope they keep me updated, though.  
Hamilton's a good guy.  Cool as ice.  I've seen him on the scene of a homicide that could have, like, been right out of a horror movie, just collecting information and evidence like it was nothing.    	Hamilton's a good guy.  Cool as ice.  I've seen him on the scene of a homicide that could have, like, been right out of a horror movie, just collecting information and evidence like it was nothing.    
I was this close to barfing, and Sam--remember Sam?  Sam was losin' his lunch on the pavement.    	I was this close to barfing, and Sam--remember Sam?  Sam was losin' his lunch on the pavement.    
Oh yeah, I remember hearing about that.  Well, I was pretty cool, y'know.    	Oh yeah, I remember hearing about that.  Well, I was pretty cool, y'know.    
Oh yeah?  I find that hard to believe, Bonds.  You used to lose it during training films.   	Oh yeah?  I find that hard to believe, Bonds.  You used to lose it during training films.   
Right, Johnson.  Not in your lifetime. 	Right, Johnson.  Not in your lifetime. 
Okay, I almost did.  	Okay, I almost did.  
Okay, the only reason I didn't is because I skipped breakfast.  Happy now?   	Okay, the only reason I didn't is because I skipped breakfast.  Happy now?   
That I believe, ha ha!  	That I believe, ha ha!  
What was that all about?	What was that all about?
Lt. Hamilton got the ID on the car wreck victim.  He was a small-time dope dealer named Lenny Warren.  And they also determined the cause of death was the bullet wound in the forehead. 	Lt. Hamilton got the ID on the car wreck victim.  He was a small-time dope dealer named Lenny Warren.  And they also determined the cause of death was the bullet wound in the forehead. 
What a surprise. I'd have thought it was Carol's coffee.  	What a surprise. I'd have thought it was Carol's coffee.  
You're morbid, Steve.  	You're morbid, Steve.  
I calls 'em as I sees 'em, Bonds.  Well, we better split, huh?  And don't forget Jack's party tonight at the Blue Room, Sonny-boy.	I calls 'em as I sees 'em, Bonds.  Well, we better split, huh?  And don't forget Jack's party tonight at the Blue Room, Sonny-boy.
Yeah, let's go, Johnson.  Time to save the world.  See you tonight! 	Yeah, let's go, Johnson.  Time to save the world.  See you tonight! 
You better go take that call, buddy.	You better go take that call, buddy.
So anyway, did you get an ID on the guy? 	So anyway, did you get an ID on the guy? 
No, not yet.  I hope they tell me when they do.  So how's your girlfried?	No, not yet.  I hope they tell me when they do.  So how's your girlfried?
Oh, she's OK.  She's given up karate to work on her tan.  I can't say I disapprove! 	Oh, she's OK.  She's given up karate to work on her tan.  I can't say I disapprove! 
That's good to know.  She was dangerous enough to start with, Steve. 	That's good to know.  She was dangerous enough to start with, Steve. 
Hey, watch it, Bonds.  Just cause you don't know anything about women...	Hey, watch it, Bonds.  Just cause you don't know anything about women...
Maybe you should offer a class, Steve.  I'm sure everyone is dying to hear the secrets of your success. 	Maybe you should offer a class, Steve.  I'm sure everyone is dying to hear the secrets of your success. 
Smartass.  At least I have a girlfriend.  I don't have to make phone calls to 1-900 numbers. 	Smartass.  At least I have a girlfriend.  I don't have to make phone calls to 1-900 numbers. 
Dream on, Johnson.  I've NEVER called one of those numbers.	Dream on, Johnson.  I've NEVER called one of those numbers.
Hey, listen, Sonny, I didn't mean-- 	Hey, listen, Sonny, I didn't mean-- 
Got my computer in Narcotics.  What do I need with women when I've got a computer?	Got my computer in Narcotics.  What do I need with women when I've got a computer?
I always wondered why the light was on in the narcotics office after hours!  Okay, while we're playing truth-or-dare...admit it.  You're the Gremlin, right?  	I always wondered why the light was on in the narcotics office after hours!  Okay, while we're playing truth-or-dare...admit it.  You're the Gremlin, right?  
Nope.	Nope.
Come on, 'fess up. You're the one who's been making old Dooley's life a living hell, aren't you? 	Come on, 'fess up. You're the one who's been making old Dooley's life a living hell, aren't you? 
Not me, buddy. I thought it was you. 	Not me, buddy. I thought it was you. 
Don't pull that innocent crap with me, Bonds.  Those wide-eyed "what, ME?" eyeballs wouldn't fool anybody.	Don't pull that innocent crap with me, Bonds.  Those wide-eyed "what, ME?" eyeballs wouldn't fool anybody.
Believe what you want, Steve-o-rama. It's not me. But it is funny as hell...poor old Dooley! I can't believe someone dyed his uniform pink, ha ha ha! 	Believe what you want, Steve-o-rama. It's not me. But it is funny as hell...poor old Dooley! I can't believe someone dyed his uniform pink, ha ha ha! 
Do you really want to touch something that's been the resting place for untold thousands of buns? 	Do you really want to touch something that's been the resting place for untold thousands of buns? 
These vinyl stools have cradled many a gluteus maximus in their time.   	These vinyl stools have cradled many a gluteus maximus in their time.   
You take a load off at the counter, looking forward to coffee and conversation with your old pal, Steve. 	You take a load off at the counter, looking forward to coffee and conversation with your old pal, Steve. 
You may be addicted to donuts, Bonds, but you haven't sunk low enough to be eating straight sugar.	You may be addicted to donuts, Bonds, but you haven't sunk low enough to be eating straight sugar.
It's a sugar dispenser.	It's a sugar dispenser.
Don't touch the window.  If you do, you'll end up needing to wash your hands.	Don't touch the window.  If you do, you'll end up needing to wash your hands.
Beyond the grimy window of Carol's is the grimy street.  	Beyond the grimy window of Carol's is the grimy street.  
The building is made of cheap brick.  Better hope an earthquake never hits!	The building is made of cheap brick.  Better hope an earthquake never hits!
It's a low-rent, high-crime apartment building. 	It's a low-rent, high-crime apartment building. 
You'll never reach them from here.  Just as well, since you have no use for them.	You'll never reach them from here.  Just as well, since you have no use for them.
Old, worn curtains flutter through the apartment window.	Old, worn curtains flutter through the apartment window.
Not being trained in mountain-climbing techniques, you find yourself unable to scale the wall up to the roof.  	Not being trained in mountain-climbing techniques, you find yourself unable to scale the wall up to the roof.  
Tarpaper and poor tuckpointing. 	Tarpaper and poor tuckpointing. 
Let the citizens have their privacy, Officer.	Let the citizens have their privacy, Officer.
The tenant of this apartment seems to have opened the window to get some air.  The quality of the air in this area, though, makes this a futile gesture. 	The tenant of this apartment seems to have opened the window to get some air.  The quality of the air in this area, though, makes this a futile gesture. 
Hello up there! 	Hello up there! 
A shrill, nervous woman's voice calls out; "Yeah, whadda ya want?  I ain't done nothin' wrong.  Leave me alone, cop."   	A shrill, nervous woman's voice calls out; "Yeah, whadda ya want?  I ain't done nothin' wrong.  Leave me alone, cop."   
You haven't done anything, Ma'am.  I was just being friendly.  	You haven't done anything, Ma'am.  I was just being friendly.  
The woman replies, "Oh, that's nice, I suppose.  Cleaning up the neighborhood, are you?" 	The woman replies, "Oh, that's nice, I suppose.  Cleaning up the neighborhood, are you?" 
Doing my best, Ma'am.  	Doing my best, Ma'am.  
"Well, if you see my husband, do us all a favor and put a bullet through his head, willya?  No-good, lousy, cheatin' son-of-a..."  The words trail off, but you get the gist of it.	"Well, if you see my husband, do us all a favor and put a bullet through his head, willya?  No-good, lousy, cheatin' son-of-a..."  The words trail off, but you get the gist of it.
There is no reply.  The woman has gone inside.  	There is no reply.  The woman has gone inside.  
It's too far out of reach.	It's too far out of reach.
This subtle arrow points the way into Wino Willy's.  	This subtle arrow points the way into Wino Willy's.  
If you drank that much beer you'd hurl like a fire hydrant, Bonds.	If you drank that much beer you'd hurl like a fire hydrant, Bonds.
The World Famous Giant Beer Mug that marks the back entrance to Wino Willy's.  One of the major amusement attractions of Lytton, it is almost as well-loved as the World Famous Talking Bear that used to sit out in front of the Lytton Police Academy. 	The World Famous Giant Beer Mug that marks the back entrance to Wino Willy's.  One of the major amusement attractions of Lytton, it is almost as well-loved as the World Famous Talking Bear that used to sit out in front of the Lytton Police Academy. 
You shouldn't pick up trash, Bonds.  There are rats in this locale, and you could easily get bitten...or worse.	You shouldn't pick up trash, Bonds.  There are rats in this locale, and you could easily get bitten...or worse.
You're not on exterminator duty, Bonds.  Leave the rats alone and they'll leave you alone.	You're not on exterminator duty, Bonds.  Leave the rats alone and they'll leave you alone.
A water-stained, partially collapsed cardboard box.	A water-stained, partially collapsed cardboard box.
The rat squeaks softly and carries a big stick.	The rat squeaks softly and carries a big stick.
Geez, Bonds, don't touch it.  It probably has fleas.	Geez, Bonds, don't touch it.  It probably has fleas.
Size 38 DD.  Above this, they stop counting.	Size 38 DD.  Above this, they stop counting.
You have your own, Bonds.	You have your own, Bonds.
Hmm, nice BVD's.	Hmm, nice BVD's.
You can't reach it.	You can't reach it.
Someone has hung their laundry out to dry.	Someone has hung their laundry out to dry.
If you crawl around in that vile-smelling dumpster, Bonds, no one will come near you for the rest of the day.  Have some self-respect, man!	If you crawl around in that vile-smelling dumpster, Bonds, no one will come near you for the rest of the day.  Have some self-respect, man!
A puke-green dumpster overflows with all kinds of nasty, odiferous garbage.	A puke-green dumpster overflows with all kinds of nasty, odiferous garbage.
A thin, reedy voice says from the dumpster: 	A thin, reedy voice says from the dumpster: 
"Hi there, occifer. I'll be out in a minute.  I'm jush lookin' for a hammer.  Shomebody told me that'sh a shure way to get chicks. (hic.)" 	"Hi there, occifer. I'll be out in a minute.  I'm jush lookin' for a hammer.  Shomebody told me that'sh a shure way to get chicks. (hic.)" 
The voice doesn't answer. You decide to leave well enough alone.   	The voice doesn't answer. You decide to leave well enough alone.   
Your fingers come away coated with a sticky, slimy gray substance.  Yechhh!	Your fingers come away coated with a sticky, slimy gray substance.  Yechhh!
Even if you could see through the greasy panes of Wino Willy's window, you really wouldn't want to.  Trust us on this one. 	Even if you could see through the greasy panes of Wino Willy's window, you really wouldn't want to.  Trust us on this one. 
You don't have time to pick up garbage, Bonds, you're a cop.  What do you think this is, EcoQuest?	You don't have time to pick up garbage, Bonds, you're a cop.  What do you think this is, EcoQuest?
Lots of disgusting garbage is lying around the alley.	Lots of disgusting garbage is lying around the alley.
The graffiti doesn't feel any better than it looks.	The graffiti doesn't feel any better than it looks.
Uninspiring, non-artistic, illiterate graffiti.  	Uninspiring, non-artistic, illiterate graffiti.  
Why would you want to do that, Bonds?  Do you have no concept of personal hygiene?	Why would you want to do that, Bonds?  Do you have no concept of personal hygiene?
The alley is disgusting beyond belief. 	The alley is disgusting beyond belief. 
Though this PDA* really revolts you, you prudently decide not to interrupt their makeout session.  Young poor oversexed hoodlums tend to get territorial.	Though this PDA* really revolts you, you prudently decide not to interrupt their makeout session.  Young poor oversexed hoodlums tend to get territorial.
*PDA: Public Display of Affection	*PDA: Public Display of Affection
Personally disgusted as you may be by this behavior, public displays of affection are not Federal offenses.  Holster your weapon, Bonds.	Personally disgusted as you may be by this behavior, public displays of affection are not Federal offenses.  Holster your weapon, Bonds.
Two unsavory types are sucking face by the Wino Willy's entrance.  If it weren't for the fact that they seem to be wearing matching rags, you'd think the young lady had been hired for the occasion.	Two unsavory types are sucking face by the Wino Willy's entrance.  If it weren't for the fact that they seem to be wearing matching rags, you'd think the young lady had been hired for the occasion.
Excuse me, you two.  	Excuse me, you two.  
They don't respond.  It's impossible to tell whether they actually didn't hear you (since they ARE making some noise of their own) or whether they're purposefully ignoring you.  	They don't respond.  It's impossible to tell whether they actually didn't hear you (since they ARE making some noise of their own) or whether they're purposefully ignoring you.  
Pardon me, would you two care to break it up?	Pardon me, would you two care to break it up?
You hear only slurping in response.  You decide to drop this particular interaction.	You hear only slurping in response.  You decide to drop this particular interaction.
You have better things to do, Officer.  Leave the civilians' laundry alone.	You have better things to do, Officer.  Leave the civilians' laundry alone.
You wonder if the laundry stays clean while it's drying, considering all the pollution and the pigeons. 	You wonder if the laundry stays clean while it's drying, considering all the pollution and the pigeons. 
What would you want an ill-natured, parasite-ridden pest like that pigeon for? 	What would you want an ill-natured, parasite-ridden pest like that pigeon for? 
Do that and the S.P.C.A. will be on your ass in a flash.  Amazing how some people care far more about animal welfare than human welfare. 	Do that and the S.P.C.A. will be on your ass in a flash.  Amazing how some people care far more about animal welfare than human welfare. 
A fat, self-satisfied pigeon squats on the clothesline.  He kind of reminds you of Sergeant Dooley.  You briefly wonder why you never see any BABY pigeons. 	A fat, self-satisfied pigeon squats on the clothesline.  He kind of reminds you of Sergeant Dooley.  You briefly wonder why you never see any BABY pigeons. 
The pigeon ignores you.  Perhaps if you had a donut, it'd be a more accomodating conversationalist. 	The pigeon ignores you.  Perhaps if you had a donut, it'd be a more accomodating conversationalist. 
You briefly consider taking the panty hose, just as a prank, but what would you do with them? 	You briefly consider taking the panty hose, just as a prank, but what would you do with them? 
The pantyhose flutter gently in the noxious back-alley breeze.  	The pantyhose flutter gently in the noxious back-alley breeze.  
You are in the ugly, smelly, rat-infested alley behind Wino Willy's.	You are in the ugly, smelly, rat-infested alley behind Wino Willy's.
You can't reach the window.  Find something better to do.	You can't reach the window.  Find something better to do.
Who knows what goes on behind the grimy upstairs windows of Wino Willy's?	Who knows what goes on behind the grimy upstairs windows of Wino Willy's?
It is the portal to Wino Willy's.  	It is the portal to Wino Willy's.  
You can't jump that high, Bonds.	You can't jump that high, Bonds.
The roof of Wino Willy's is a meeting place for junkies, muggers, hookers, young lovers, and pigeons.  	The roof of Wino Willy's is a meeting place for junkies, muggers, hookers, young lovers, and pigeons.  
You jump and jump, but you just can't reach the wires.	You jump and jump, but you just can't reach the wires.
Crud-encrusted powerlines add to the overall ambiance of the alley.	Crud-encrusted powerlines add to the overall ambiance of the alley.
Not only do you not belong back there, you'd rather snorkel through the sewer than go anywhere near there.  	Not only do you not belong back there, you'd rather snorkel through the sewer than go anywhere near there.  
How does the Health Department let them get away with it?	How does the Health Department let them get away with it?
Back here is where Willy keeps the virulent poisons that he passes off as drinks here.  Watching the cockroaches skitter to and fro, you sincerely hope that the alcohol covering the bar will kill them before they can cross the bar and jump you.	Back here is where Willy keeps the virulent poisons that he passes off as drinks here.  Watching the cockroaches skitter to and fro, you sincerely hope that the alcohol covering the bar will kill them before they can cross the bar and jump you.
There's nothing on it you need...unless you need sticky pools of beer spilled years ago by a thousand thirsty lowlifes.	There's nothing on it you need...unless you need sticky pools of beer spilled years ago by a thousand thirsty lowlifes.
Wino Willy's bar is a horror of unwashed linoleum, peeling particle board, and unidentifiable solidified glop.  You shudder just looking at it, thinking of the lives that have been slowly poisoned, the minds that have slipped into a hazy, timeless oblivion here.   	Wino Willy's bar is a horror of unwashed linoleum, peeling particle board, and unidentifiable solidified glop.  You shudder just looking at it, thinking of the lives that have been slowly poisoned, the minds that have slipped into a hazy, timeless oblivion here.   
The Bubba Beer ad wouldn't add much to the decor of your apartment, Bonds.	The Bubba Beer ad wouldn't add much to the decor of your apartment, Bonds.
It's an ad for Bubba Beer, brewed in the hills of Bootjack, California.	It's an ad for Bubba Beer, brewed in the hills of Bootjack, California.
Oh, come on, you can't be tired already!	Oh, come on, you can't be tired already!
It's a bench for pool spectators.	It's a bench for pool spectators.
You pull your revolver and shoot the unarmed biker right between the eyes.  (No, we're not going to reward your violence with animation of blood and brains hitting the back wall.)  	You pull your revolver and shoot the unarmed biker right between the eyes.  (No, we're not going to reward your violence with animation of blood and brains hitting the back wall.)  
The biker's old lady brings you up on charges and sues you and the Lytton police department for several million dollars.   	The biker's old lady brings you up on charges and sues you and the Lytton police department for several million dollars.   
Internal affairs finds you guilty. 	Internal affairs finds you guilty. 
You spend the next 30 years of your life as an alcoholic shoe salesman, before drowning in a puddle of rainwater in the gutter.	You spend the next 30 years of your life as an alcoholic shoe salesman, before drowning in a puddle of rainwater in the gutter.
Ooooh, man, ooooh, man, owwww...  	Ooooh, man, ooooh, man, owwww...  
Hey, uh, hey man, we'll move the bikes, okay?  We'll just do that now, okay?  We're leavin'.  We're on our way out.   	Hey, uh, hey man, we'll move the bikes, okay?  We'll just do that now, okay?  We're leavin'.  We're on our way out.   
Oh, man, I'm gonna puke...  	Oh, man, I'm gonna puke...  
Please move your motorcycles.  You're interfering with the business next door.   	Please move your motorcycles.  You're interfering with the business next door.   
Well, if it ain't Little Boy Blue.  Hey, Little Boy Blue, how'd you like me to help you swallow your tongue?  Then you'd REALLY be blue! HAR!  Come to poppa, piggy. 	Well, if it ain't Little Boy Blue.  Hey, Little Boy Blue, how'd you like me to help you swallow your tongue?  Then you'd REALLY be blue! HAR!  Come to poppa, piggy. 
Whoooey!  Let's gut the little piggy!    	Whoooey!  Let's gut the little piggy!    
Look, let's not get nasty here.  All I need you to do is-- 	Look, let's not get nasty here.  All I need you to do is-- 
All I need you to do is bleed, pig-boy! 	All I need you to do is bleed, pig-boy! 
Your attempt at reason, however noble, has failed.  It would take Willy months to clean your blood off the walls.  If he bothered to do it, that is.  You've become an organic work of art, Bonds. 	Your attempt at reason, however noble, has failed.  It would take Willy months to clean your blood off the walls.  If he bothered to do it, that is.  You've become an organic work of art, Bonds. 
Nice job, Officer.  You defused a potentially dangerous situation, using a minimum of force. 	Nice job, Officer.  You defused a potentially dangerous situation, using a minimum of force. 
Feeling a pang of guilty pleasure, you write "Sonny B was here".	Feeling a pang of guilty pleasure, you write "Sonny B was here".
It's a chalkboard.  Probably for keeping score.  	It's a chalkboard.  Probably for keeping score.  
Leave that alone, Sonny, you'll put your eye out.	Leave that alone, Sonny, you'll put your eye out.
A much-punctured dartboard, and bent, rusted darts.	A much-punctured dartboard, and bent, rusted darts.
Even if you weren't on duty, you'd never lay a lip on one of Willy's greasy glasses.	Even if you weren't on duty, you'd never lay a lip on one of Willy's greasy glasses.
Willy uses the cheapest, most noxious liquors around to create such masterpieces of mixology as the famous "Screaming Organism," "Richter 8," and "Boilermaker Deluxe".  	Willy uses the cheapest, most noxious liquors around to create such masterpieces of mixology as the famous "Screaming Organism," "Richter 8," and "Boilermaker Deluxe".  
Your feet are sticking to the carpet.  You decide you'd rather tap-dance on razor blades in your bare feet than lay one finger on Wino Willy's floor.	Your feet are sticking to the carpet.  You decide you'd rather tap-dance on razor blades in your bare feet than lay one finger on Wino Willy's floor.
You've seen cleaner floors in the bathrooms of big-city bus stations.	You've seen cleaner floors in the bathrooms of big-city bus stations.
You don't see your favorite song, "Dream Cop", (by the Foxy Cadettes), so you decide not to play anything at all.	You don't see your favorite song, "Dream Cop", (by the Foxy Cadettes), so you decide not to play anything at all.
You suspect there's a beautiful 1959 Wurlitzer jukebox under all that dust and grime.  	You suspect there's a beautiful 1959 Wurlitzer jukebox under all that dust and grime.  
The jukebox has a lot of boozy torch songs, redneck country hits about getting revenge on cheatin' wimmenfolk, and lots of Elvis (Presley).  Nothing newer than 1974.	The jukebox has a lot of boozy torch songs, redneck country hits about getting revenge on cheatin' wimmenfolk, and lots of Elvis (Presley).  Nothing newer than 1974.
Yup.  It's a dust-covered green pool table lamp. 	Yup.  It's a dust-covered green pool table lamp. 
It's your typical Over-The-Pooltable Dust Covered Green Lamp. It has one flickering flourescent bulb that makes you feel like you're in a silent movie.	It's your typical Over-The-Pooltable Dust Covered Green Lamp. It has one flickering flourescent bulb that makes you feel like you're in a silent movie.
Good cops don't, Bonds.  At least not while on duty.	Good cops don't, Bonds.  At least not while on duty.
Don't touch that girl, you don't know where she's been! 	Don't touch that girl, you don't know where she's been! 
"Sweet Cheeks" Marie Wilkans.  Despite the pounds of makeup and cheap costume jewelry, Marie's smile is so warm you feel yourself starting to squirm.  You always had a crush on her in high school...   	"Sweet Cheeks" Marie Wilkans.  Despite the pounds of makeup and cheap costume jewelry, Marie's smile is so warm you feel yourself starting to squirm.  You always had a crush on her in high school...   
This local "Working Girl" looks somehow familiar...	This local "Working Girl" looks somehow familiar...
Well, Marie, what's new on the street?	Well, Marie, what's new on the street?
You immediately regret phrasing your question in that particular manner.  Marie doesn't seem offended, however.	You immediately regret phrasing your question in that particular manner.  Marie doesn't seem offended, however.
Tell ya what, Sonny, I heard rumors about some new drug lord comin' in and takin' over everybody's action.  The word is that he's really bad.  A vicious dude, y'know?  But I'm not sure I buy into that.  	Tell ya what, Sonny, I heard rumors about some new drug lord comin' in and takin' over everybody's action.  The word is that he's really bad.  A vicious dude, y'know?  But I'm not sure I buy into that.  
What do you mean, Marie?	What do you mean, Marie?
Well, I met this guy who claimed to be him.   The Death Angel, I mean.  His name was Coffman or Hoffman or something.  He was one weird dude, but he treated me okay.	Well, I met this guy who claimed to be him.   The Death Angel, I mean.  His name was Coffman or Hoffman or something.  He was one weird dude, but he treated me okay.
So anyway, we partied.  He told me all kinds of wild stuff about how he was gonna rule this town.  	So anyway, we partied.  He told me all kinds of wild stuff about how he was gonna rule this town.  
Did you notice anything unusual about him?  Did he mention any names?   	Did you notice anything unusual about him?  Did he mention any names?   
Marie sighs wistfully. 	Marie sighs wistfully. 
All business, ain't ya? honey. This Coffman dude was a real sharp dresser. One thing I noticed about him; he had a tattoo of a little red rose over his left nipple. It was kinda cute, actually.	All business, ain't ya? honey. This Coffman dude was a real sharp dresser. One thing I noticed about him; he had a tattoo of a little red rose over his left nipple. It was kinda cute, actually.
Most of the stuff he said was just B.S.  You guys will say anything to impress a girl, wont'cha?      	Most of the stuff he said was just B.S.  You guys will say anything to impress a girl, wont'cha?      
Well, ah, I--	Well, ah, I--
Marie laughs and smiles at you. 	Marie laughs and smiles at you. 
Never mind, Sonny.  Anyway, the only name he mentioned was some dude named Bains.  The first name was...Josh?  No, Jesse.  That's right, Jesse.  He didn't say much about him, either.	Never mind, Sonny.  Anyway, the only name he mentioned was some dude named Bains.  The first name was...Josh?  No, Jesse.  That's right, Jesse.  He didn't say much about him, either.
It was like, as soon as he realized he said the name, he shut up.  Well, that's about the long and short of it, baby.	It was like, as soon as he realized he said the name, he shut up.  Well, that's about the long and short of it, baby.
Marie winks at you.	Marie winks at you.
Ah, listen, Marie, you've been a big help.  Let me give you a tip;  We're going to be starting a sweep of local--um--ladies of the evening.  It's called Operation Trick Trap.  The streets are going to be crawling with cops.  You'd better lie low for a few days.  I'd hate to see you behind bars.  	Ah, listen, Marie, you've been a big help.  Let me give you a tip;  We're going to be starting a sweep of local--um--ladies of the evening.  It's called Operation Trick Trap.  The streets are going to be crawling with cops.  You'd better lie low for a few days.  I'd hate to see you behind bars.  
Sonny, how sweet!  Thank you for warning me.  You always were the sweetest boy.  I used to love to watch you laugh at those silly notes I'd pass you in Biology.  Well, listen, honey, I've gotta go.  I've got an, um, appointment.  Maybe see you around sometime?   	Sonny, how sweet!  Thank you for warning me.  You always were the sweetest boy.  I used to love to watch you laugh at those silly notes I'd pass you in Biology.  Well, listen, honey, I've gotta go.  I've got an, um, appointment.  Maybe see you around sometime?   
Probably so, Marie.  Take care of yourself, okay?	Probably so, Marie.  Take care of yourself, okay?
If you want me to, Sonny, I will.  	If you want me to, Sonny, I will.  
There are suddenly a hundred things you wish you could say to Marie. But you have business to take care of, and so does she. 	There are suddenly a hundred things you wish you could say to Marie. But you have business to take care of, and so does she. 
The bar is too noisy for the young lady to hear you.  There are more pressing issues at hand.	The bar is too noisy for the young lady to hear you.  There are more pressing issues at hand.
There isn't a single patron in this bar who would sit still for being touched by a cop.  Unless you count Marie, who is probably less of a patron and more of a solicitor.	There isn't a single patron in this bar who would sit still for being touched by a cop.  Unless you count Marie, who is probably less of a patron and more of a solicitor.
Some of Willy's patrons.  You're supposed to treat everybody equally, but it's hard not to think of these people as lowlife scum, the ones that give you so much grief on Friday and Saturday nights.	Some of Willy's patrons.  You're supposed to treat everybody equally, but it's hard not to think of these people as lowlife scum, the ones that give you so much grief on Friday and Saturday nights.
They're not talking.  None of them would be the slightest bit willing to help out a cop.	They're not talking.  None of them would be the slightest bit willing to help out a cop.
As charming as Miss February 1969 may be, an officer of the law does not take other people's property.	As charming as Miss February 1969 may be, an officer of the law does not take other people's property.
It's a tool company's cheesy cheesecake calendar.  Closer inspection reveals the date to be February, 1969.  Well, that explains the girl's white lipstick and bubble hairdo, anyway. 	It's a tool company's cheesy cheesecake calendar.  Closer inspection reveals the date to be February, 1969.  Well, that explains the girl's white lipstick and bubble hairdo, anyway. 
As much as you'd love to play a rousing round of pinball, you have other things to do. 	As much as you'd love to play a rousing round of pinball, you have other things to do. 
It's an ancient pinball machine with real rolling digit counters, lame flippers, wimpy kickers, half-burned-out lights, barely audible bells and elliptical balls.    	It's an ancient pinball machine with real rolling digit counters, lame flippers, wimpy kickers, half-burned-out lights, barely audible bells and elliptical balls.    
You've got plenty, Officer.  No need to take someone else's. 	You've got plenty, Officer.  No need to take someone else's. 
Billiard balls.	Billiard balls.
No need to go waving pool cues around.  You've been issued more intimidating equipment.	No need to go waving pool cues around.  You've been issued more intimidating equipment.
Pool cues of different lengths are in the rack on the wall.	Pool cues of different lengths are in the rack on the wall.
You don't have time to play pool, Bonds.  	You don't have time to play pool, Bonds.  
The pooltable is covered with patches, tears, and cigarette burns. 	The pooltable is covered with patches, tears, and cigarette burns. 
It's Wino Willy's, the most repulsive, sleazy, low-life bar in town.	It's Wino Willy's, the most repulsive, sleazy, low-life bar in town.
You don't want that, Bonds.	You don't want that, Bonds.
The sign says;  "No gun rack, no NRA sticker, no service."	The sign says;  "No gun rack, no NRA sticker, no service."
You pull your service revolver on the bikers, causing them to panic. One of them sneaks around the pool table and caves in your skull with a whiskey bottle.  	You pull your service revolver on the bikers, causing them to panic. One of them sneaks around the pool table and caves in your skull with a whiskey bottle.  
Sometimes deciding just how much force is appropriate can be a matter of life and death.	Sometimes deciding just how much force is appropriate can be a matter of life and death.
Next time, try using police procedure and not drawing your weapon on unarmed civilians.  	Next time, try using police procedure and not drawing your weapon on unarmed civilians.  
I'll make you eat that, pig. 	I'll make you eat that, pig. 
Hey, Sonny!  Sonny Bonds!  Izzat you, baby?	Hey, Sonny!  Sonny Bonds!  Izzat you, baby?
The local working girl seems to recognize you.  She looks familiar...	The local working girl seems to recognize you.  She looks familiar...
Don't you recognize me?  High school, remeber?  I'm Sweet Cheeks--I mean, Marie!	Don't you recognize me?  High school, remeber?  I'm Sweet Cheeks--I mean, Marie!
Marie blushes, and smiles up at you.  Suddenly, it hits you.  She was that amazingly cute girl in Biology who used to pass you funny notes.  She would always grin as you tried not to crack up... You and Marie had become pretty good friends.  You just lost track of each other after graduation.  You feel a pang of sadness and regret.  	Marie blushes, and smiles up at you.  Suddenly, it hits you.  She was that amazingly cute girl in Biology who used to pass you funny notes.  She would always grin as you tried not to crack up... You and Marie had become pretty good friends.  You just lost track of each other after graduation.  You feel a pang of sadness and regret.  
You smile at Marie.  You don't want to let her know that you're shocked.  `Her life is her own', you tell yourself.  `I shouldn't be judgemental'.  But when you look at her sweet face and remember, you wish it just wasn't true.  	You smile at Marie.  You don't want to let her know that you're shocked.  `Her life is her own', you tell yourself.  `I shouldn't be judgemental'.  But when you look at her sweet face and remember, you wish it just wasn't true.  
Well, you look awful cute in those blues, Sonny Bonds.  I'm awful glad you're here.  Those guys were getting nasty.  I was afraid they were gonna, you know, DO something to me.  I owe ya one.  So what can I do for you?  	Well, you look awful cute in those blues, Sonny Bonds.  I'm awful glad you're here.  Those guys were getting nasty.  I was afraid they were gonna, you know, DO something to me.  I owe ya one.  So what can I do for you?  
Man, I knew I smelled pork. 	Man, I knew I smelled pork. 
Oink oink oink, piggy. 	Oink oink oink, piggy. 
What the #@$%&* do you want, PIG? 	What the #@$%&* do you want, PIG? 
Yaaaaahoo!  It's bar-be-que time!	Yaaaaahoo!  It's bar-be-que time!
Maybe you just weren't cut out to be a cop, Sonny.  Now you're the Face on the Barroom Floor. 	Maybe you just weren't cut out to be a cop, Sonny.  Now you're the Face on the Barroom Floor. 
I'm gonna turn you into pork chops, boy!	I'm gonna turn you into pork chops, boy!
Looking for something, Sonny?   	Looking for something, Sonny?   
A word to the wise:  The Lytton Police Department issues equipment to you so you can use it, not decorate your locker with it. Of course, you don't need your locker now...   	A word to the wise:  The Lytton Police Department issues equipment to you so you can use it, not decorate your locker with it. Of course, you don't need your locker now...   
Here's a little tip; standing in the middle of an explosive situation like a cabbage is not a good idea.  You're now just another stain on the floor of Wino Willy's.  	Here's a little tip; standing in the middle of an explosive situation like a cabbage is not a good idea.  You're now just another stain on the floor of Wino Willy's.  
This isn't a nature walk, Bonds.  That biker meant business.  This is going to have to be a closed-casket funeral...   	This isn't a nature walk, Bonds.  That biker meant business.  This is going to have to be a closed-casket funeral...   
Don't leave now. You have to deal with those bikers.	Don't leave now. You have to deal with those bikers.
Your good friend SweatCheeks Marie is standing by the jukebox. It might be a good idea to talk with her and see what she knows about the drug problem in town.	Your good friend SweatCheeks Marie is standing by the jukebox. It might be a good idea to talk with her and see what she knows about the drug problem in town.
It will also give you a good excuse to go chit-chat with her.	It will also give you a good excuse to go chit-chat with her.
Don't even think about it. You can't afford a new uniform, Bonds, and you'd have to burn this one if you sat on that stool.  	Don't even think about it. You can't afford a new uniform, Bonds, and you'd have to burn this one if you sat on that stool.  
These grime-coated stools make the ones in Carol's look positively upscale. 	These grime-coated stools make the ones in Carol's look positively upscale. 
It's Wino Willy himself. Just looking at him makes you want to take a bath in disinfectant. 	It's Wino Willy himself. Just looking at him makes you want to take a bath in disinfectant. 
Good afternoon, Mr. Wily.   	Good afternoon, Mr. Wily.   
Good afternoon, Officer.  Can I get you anything? 	Good afternoon, Officer.  Can I get you anything? 
Willy smiles an oily smile that makes you want to wash your hands.  His eyes are darting around like a paranoid poodle's. 	Willy smiles an oily smile that makes you want to wash your hands.  His eyes are darting around like a paranoid poodle's. 
Not today, thanks.	Not today, thanks.
I don't know nothin' about nothin'. 	I don't know nothin' about nothin'. 
Nice, springy foliage.	Nice, springy foliage.
That's one big plant!	That's one big plant!
The plant doesn't respond, it only listens quietly.  (Maybe it's a plant for the FBI.)	The plant doesn't respond, it only listens quietly.  (Maybe it's a plant for the FBI.)
Ouch!  Those plants are prickly!	Ouch!  Those plants are prickly!
The attractive foliage probably makes your average suspect feel much better about his or her plight. 	The attractive foliage probably makes your average suspect feel much better about his or her plight. 
The plants are grateful for your kind words.  Usually, all they get is spit on.	The plants are grateful for your kind words.  Usually, all they get is spit on.
You press the entry buzzer alerting the guard inside that you wish to enter. 	You press the entry buzzer alerting the guard inside that you wish to enter. 
This is the button you push to gain entry to the jail.  	This is the button you push to gain entry to the jail.  
The management would prefer that you not muck about with the camera (even if you COULD reach it).	The management would prefer that you not muck about with the camera (even if you COULD reach it).
The surveillance camera allows Paul, the booker on the day shift, to make sure that nothing funny is going on. 	The surveillance camera allows Paul, the booker on the day shift, to make sure that nothing funny is going on. 
It's your personal vehicle. It looks kind of strange here.	It's your personal vehicle. It looks kind of strange here.
It's your patrol car. Surely you recognize it by now.  	It's your patrol car. Surely you recognize it by now.  
It's your unmarked vehicle.	It's your unmarked vehicle.
Although an attractive gentleman, this guy's bad news. Now he can be bad news in jail. 	Although an attractive gentleman, this guy's bad news. Now he can be bad news in jail. 
You don't need to hold up the column, Bonds.  It's sturdy enough.	You don't need to hold up the column, Bonds.  It's sturdy enough.
Decorative columns nicely frame the jailhouse door.  No doubt the prisoners appreciate them.	Decorative columns nicely frame the jailhouse door.  No doubt the prisoners appreciate them.
Okay, I want the two of you to move over by the door...NOW!  	Okay, I want the two of you to move over by the door...NOW!  
You'd better enjoy this bust, you porcine piece of crap. Your time in this town is limited.  	You'd better enjoy this bust, you porcine piece of crap. Your time in this town is limited.  
Well, my day would be pretty dull if I didn't get opportunities to spend time with such special citizens as yourself. In this line of work a good laugh is always appreciated. Now put a muzzle on it, funny man.  	Well, my day would be pretty dull if I didn't get opportunities to spend time with such special citizens as yourself. In this line of work a good laugh is always appreciated. Now put a muzzle on it, funny man.  
You can't open it yourself.	You can't open it yourself.
That's the remote-controlled door to the jail interior. 	That's the remote-controlled door to the jail interior. 
Now's no time to be making an asphalt out of yourself.	Now's no time to be making an asphalt out of yourself.
The asphalt serves as a fine driveway.	The asphalt serves as a fine driveway.
Boy, this guy's a mess.	Boy, this guy's a mess.
Ok, buddy, your new room is waiting. Go on inside. 	Ok, buddy, your new room is waiting. Go on inside. 
Ah, a nice nap...(hic!).	Ah, a nice nap...(hic!).
Ok, buddy, out of the car. You're home now. 	Ok, buddy, out of the car. You're home now. 
Ok, Ossifer. Can do.  No problemo. Always willing to co.. coor... cooper... do whatever you say. 	Ok, Ossifer. Can do.  No problemo. Always willing to co.. coor... cooper... do whatever you say. 
Please stand over by the door. 	Please stand over by the door. 
Sshure thing, Ossifer...no problemo... just want to coorp... cooper... do what you just said.    	Sshure thing, Ossifer...no problemo... just want to coorp... cooper... do what you just said.    
Hmm, nice and sturdy.  You wouldn't want to try going over that fence.  Just thinkng about it makes you want to cross your legs.	Hmm, nice and sturdy.  You wouldn't want to try going over that fence.  Just thinkng about it makes you want to cross your legs.
That's the razor wire fence enclosing the jail's exercise yard.  	That's the razor wire fence enclosing the jail's exercise yard.  
You briefly consider picking a tulip to give to somebody special, but you prefer to keep up appearances and not be seen carrying flowers.	You briefly consider picking a tulip to give to somebody special, but you prefer to keep up appearances and not be seen carrying flowers.
Why do they even bother to plant flowers around the jail?  The prisoners can't see 'em and the cops couldn't care less.  There's probably some sort of asinine ordinance.  	Why do they even bother to plant flowers around the jail?  The prisoners can't see 'em and the cops couldn't care less.  There's probably some sort of asinine ordinance.  
This guy's truly bad news. He'd cut your throat in a second, which is probably only twice as fast as he'd cut his own mother's. 	This guy's truly bad news. He'd cut your throat in a second, which is probably only twice as fast as he'd cut his own mother's. 
Ok, get inside.	Ok, get inside.
C'mon, outta the car.	C'mon, outta the car.
Whoa!  Tough guy. You screw up once, piggly-wiggly and I'll be all over you. 	Whoa!  Tough guy. You screw up once, piggly-wiggly and I'll be all over you. 
I'm not that kind of guy, but thanks for the compliment.	I'm not that kind of guy, but thanks for the compliment.
Shove it, ham hock. 	Shove it, ham hock. 
Okay, Hoffmeister, or whatever your name is today. Stand over by the door and don't give me any trouble.	Okay, Hoffmeister, or whatever your name is today. Stand over by the door and don't give me any trouble.
Oh, yessir, pardon me, sir, right away, sir.  Hehe...you ever hear the way a pig squeals when it's been stuck?  It's like music.	Oh, yessir, pardon me, sir, right away, sir.  Hehe...you ever hear the way a pig squeals when it's been stuck?  It's like music.
Don't bother, it has a perfectly good foundation and interior columns to help hold it up.	Don't bother, it has a perfectly good foundation and interior columns to help hold it up.
This is the Lytton County Jail.	This is the Lytton County Jail.
That's your new partner, Detective Laura Watts.	That's your new partner, Detective Laura Watts.
Hey, Sonny. I'll take Laurel and Hardy inside while you take care of the car and your gun.  	Hey, Sonny. I'll take Laurel and Hardy inside while you take care of the car and your gun.  
Ok, Laura.  Don't let Frick and Frack give you a hard time.	Ok, Laura.  Don't let Frick and Frack give you a hard time.
C'mon gentlemen. You don't want to keep a lady waiting, do you?  Your castle awaits. 	C'mon gentlemen. You don't want to keep a lady waiting, do you?  Your castle awaits. 
These are sidearm storage lockers. 	These are sidearm storage lockers. 
Don't touch that concrete.  You don't know where it's been.	Don't touch that concrete.  You don't know where it's been.
The sidewalk just happens to be conveniently located between the driveway and the jail entrance.  Many an unwilling guest has marched down this very walkway. 	The sidewalk just happens to be conveniently located between the driveway and the jail entrance.  Many an unwilling guest has marched down this very walkway. 
This is that slimy little drug buyer you caught doing business at the Park. 	This is that slimy little drug buyer you caught doing business at the Park. 
Don't leave without booking your prisoner. It kind of defeats the purpose of the arrest.	Don't leave without booking your prisoner. It kind of defeats the purpose of the arrest.
Aren't you forgetting something? Those police service revolvers are expensive. You shouldn't leave it behind in the locker.	Aren't you forgetting something? Those police service revolvers are expensive. You shouldn't leave it behind in the locker.
It would help to open the locker door before trying to lock up your revolver.	It would help to open the locker door before trying to lock up your revolver.
Yup, nice and strong.  Keeps perps in, keeps vandals out!	Yup, nice and strong.  Keeps perps in, keeps vandals out!
That's the barred office window of the Lytton County Jail. 	That's the barred office window of the Lytton County Jail. 
Nah. You're not in the mood for incarceration today.	Nah. You're not in the mood for incarceration today.
Much as you expected, it's a jail cell. Many of Lytton's finest criminals have cooled their heels here.	Much as you expected, it's a jail cell. Many of Lytton's finest criminals have cooled their heels here.
This is holding cell number two. Here you'll often find some of the less desirable elements of society. 	This is holding cell number two. Here you'll often find some of the less desirable elements of society. 
It's another of the departmental holding facilities.	It's another of the departmental holding facilities.
Did you see the way he used your own weapon to kill you? Pretty resourceful. Now you know why lockers are supplied on the outside of this facility.	Did you see the way he used your own weapon to kill you? Pretty resourceful. Now you know why lockers are supplied on the outside of this facility.
You shouldn't uncuff them until the booking process is complete. 	You shouldn't uncuff them until the booking process is complete. 
You think about talking to him, but decide you've suffered enough verbal abuse for one day.  	You think about talking to him, but decide you've suffered enough verbal abuse for one day.  
Hey, you look real natural in there.	Hey, you look real natural in there.
He responds with a comment which suggests a physically impossible position.  It's not a very original suggestion. 	He responds with a comment which suggests a physically impossible position.  It's not a very original suggestion. 
Alright, into the cells with the both of you.	Alright, into the cells with the both of you.
Move into the center of the room, please.	Move into the center of the room, please.
Please stand against the wall and don't move.	Please stand against the wall and don't move.
I'll keep an eye on the dogs, Sonny.	I'll keep an eye on the dogs, Sonny.
Yeah, and you two can kiss my... 	Yeah, and you two can kiss my... 
Hey! Hey! Hey! Let's cut the spew, fella!	Hey! Hey! Hey! Let's cut the spew, fella!
You start to order the suspects into the cells but realize you've forgotten to remove their cuffs. 	You start to order the suspects into the cells but realize you've forgotten to remove their cuffs. 
Ok, there you go. Hope I didn't have those on too tight.	Ok, there you go. Hope I didn't have those on too tight.
Door's open, Sonny, any time.	Door's open, Sonny, any time.
He must have decided he didn't want to hang around here any longer. And you gave him just the opening he was looking for. 	He must have decided he didn't want to hang around here any longer. And you gave him just the opening he was looking for. 
You don't want to do that here.	You don't want to do that here.
Ya know, I'm not feelin' so good. 	Ya know, I'm not feelin' so good. 
Sleep it off, pal. You're going to need the rest when the judge gets ahold of you. He's got no tolerance for DUI offenders. 	Sleep it off, pal. You're going to need the rest when the judge gets ahold of you. He's got no tolerance for DUI offenders. 
I.. I'mm... Oh, crud, I think I'm gonna hurl.	I.. I'mm... Oh, crud, I think I'm gonna hurl.
Okay, Mr. Barnum. It's time to weave your way to the cell.	Okay, Mr. Barnum. It's time to weave your way to the cell.
Mr. Barnum, please move to the center of the room so I can remove your cuffs. 	Mr. Barnum, please move to the center of the room so I can remove your cuffs. 
Please move to the wall and remain still, Mr. Barnum.	Please move to the wall and remain still, Mr. Barnum.
Yyeah, thas a good idea, off(hic).. off(hic).. officher. Maybe it'll help steady this frrriggin' rroom.	Yyeah, thas a good idea, off(hic).. off(hic).. officher. Maybe it'll help steady this frrriggin' rroom.
Step into the cell, please.	Step into the cell, please.
Hey, Sonny. Aren't you gonna remove that guy's cuffs first?	Hey, Sonny. Aren't you gonna remove that guy's cuffs first?
Uh, oh yeah.	Uh, oh yeah.
Okay, you might want to rub those wrists to get the circulation going again.	Okay, you might want to rub those wrists to get the circulation going again.
After all the care you took to effect a good bust out in the field, you get the guy to jail and let the dirtbag waste you. 	After all the care you took to effect a good bust out in the field, you get the guy to jail and let the dirtbag waste you. 
It would be wise to leave this guy cuffed until you're ready to stash him in a cell.	It would be wise to leave this guy cuffed until you're ready to stash him in a cell.
This guy looks like bad news in the flesh. You know he would've wasted you given the opportunity.	This guy looks like bad news in the flesh. You know he would've wasted you given the opportunity.
The world's a safer with him in there.	The world's a safer with him in there.
You consider conversing with the guy but decide it would probably be better to limit conversation to business-related topics only.  	You consider conversing with the guy but decide it would probably be better to limit conversation to business-related topics only.  
If there's anything we can do to make your extended stay more comfy, you'll be sure to let us know, right?	If there's anything we can do to make your extended stay more comfy, you'll be sure to let us know, right?
You know, pigs can be kosher...it all depends on how you kill 'em.	You know, pigs can be kosher...it all depends on how you kill 'em.
Sure thing.  Catch you later, Rabbi.	Sure thing.  Catch you later, Rabbi.
Comfortable?	Comfortable?
I'd be a lot more comfortable with a .22 slug buried in your... 	I'd be a lot more comfortable with a .22 slug buried in your... 
Temper, temper. 	Temper, temper. 
I've got a little surprise for you.	I've got a little surprise for you.
What, you learned to chew gum and walk at the same time?  Yippee skippee.	What, you learned to chew gum and walk at the same time?  Yippee skippee.
Ever hear of a "No Bail Warrant," Taselli?  The judge decided you were too nice a customer to lose.  You're not going ANYwhere 'till this case goes to trial. 	Ever hear of a "No Bail Warrant," Taselli?  The judge decided you were too nice a customer to lose.  You're not going ANYwhere 'till this case goes to trial. 
What?!?  You can't...it ain't constitutional!  I'll sue!  Your ass is MINE, Bonds!  	What?!?  You can't...it ain't constitutional!  I'll sue!  Your ass is MINE, Bonds!  
Sorry, Taselli, I can't hear you.  The violins are playing too loudly.	Sorry, Taselli, I can't hear you.  The violins are playing too loudly.
Enjoy our fine accommodations, Mr. Hoffman, or whatever your name is. I think you'll be staying with us for quite a while.	Enjoy our fine accommodations, Mr. Hoffman, or whatever your name is. I think you'll be staying with us for quite a while.
Cram it! 	Cram it! 
Move your can into the cell, Mr. Hoffman. I think you know the way.	Move your can into the cell, Mr. Hoffman. I think you know the way.
Please walk to the center of the room.	Please walk to the center of the room.
Stand against the wall and don't move.	Stand against the wall and don't move.
You're dead when I get out of this joint, cop! 	You're dead when I get out of this joint, cop! 
I'm quakin' in my boots, sir.	I'm quakin' in my boots, sir.
I'll be outta here in 15 minutes, and I'm comin' after you.  So kiss your ass goodbye.	I'll be outta here in 15 minutes, and I'm comin' after you.  So kiss your ass goodbye.
The only ass I'm kissing goodbye is you.  After all, I won't be seeing you for a few years.	The only ass I'm kissing goodbye is you.  After all, I won't be seeing you for a few years.
Don't bet on it, pig. 	Don't bet on it, pig. 
Sonny, you gotta remove the guy's cuffs first. 	Sonny, you gotta remove the guy's cuffs first. 
I'll take care of this. Don't you have some paperwork to do, Paul?	I'll take care of this. Don't you have some paperwork to do, Paul?
You look good in matching bracelets.	You look good in matching bracelets.
I got a match for you, pigman.	I got a match for you, pigman.
Can it, punk! 	Can it, punk! 
Hey, Sonny. I got the evidence booked on this guy.	Hey, Sonny. I got the evidence booked on this guy.
Oh, one more thing.	Oh, one more thing.
Dooley wants you back at the station. Seems he's heavily perturbed about something and he wants to talk to you about it ASAP. See you back there. 	Dooley wants you back at the station. Seems he's heavily perturbed about something and he wants to talk to you about it ASAP. See you back there. 
Jack seems to be quite amused. Perhaps he just enjoys his own company.	Jack seems to be quite amused. Perhaps he just enjoys his own company.
They're a fine pair, aren't they?	They're a fine pair, aren't they?
Sonny!  Glad I spotted your black-and-white.  I just wanted to let you know about an opening in Narcotics. Morgan is accepting transfer requests now.	Sonny!  Glad I spotted your black-and-white.  I just wanted to let you know about an opening in Narcotics. Morgan is accepting transfer requests now.
Fill one out and turn it in when you get back to the station.  I'm headed back there.  Catch you later.	Fill one out and turn it in when you get back to the station.  I'm headed back there.  Catch you later.
Good work, Sonny. This'll be a pleasure to report to Morgan. It increases the likelihood that this could be a permanent position for you. Let's roll back and do the paperwork, partner. 	Good work, Sonny. This'll be a pleasure to report to Morgan. It increases the likelihood that this could be a permanent position for you. Let's roll back and do the paperwork, partner. 
Oh, I almost forgot. Jack called me at the station. He sounded really upset. He wanted to talk to you. I think you'd better stop by and see him. He said he was at the blue room. I'll see you at the station later. Bye.	Oh, I almost forgot. Jack called me at the station. He sounded really upset. He wanted to talk to you. I think you'd better stop by and see him. He said he was at the blue room. I'll see you at the station later. Bye.
Pretty pathetic centerpiece for any room, eh? 	Pretty pathetic centerpiece for any room, eh? 
You think she might be willing but the atmosphere in this prison is a little too much like a cheap Linda Blair movie. Someplace more romantic would be better.	You think she might be willing but the atmosphere in this prison is a little too much like a cheap Linda Blair movie. Someplace more romantic would be better.
The sight of Marie behind bars sickens you a little.  But at least it means she's off the street and not turning tricks.	The sight of Marie behind bars sickens you a little.  But at least it means she's off the street and not turning tricks.
Might as well sit back and relax. Lt. Morgan will be sending a car over for you. I'll see you later at the station.  	Might as well sit back and relax. Lt. Morgan will be sending a car over for you. I'll see you later at the station.  
Sonny, I'm sure sorry I didn't listen to your tip about the sweep. You've gotta help me. I'm afraid I pressed my luck one too many times. I can't afford this bust. They're gonna put me up in County this time. Sonny, those women are scary. I'm not a hardcore criminal. I never hurt anyone.      	Sonny, I'm sure sorry I didn't listen to your tip about the sweep. You've gotta help me. I'm afraid I pressed my luck one too many times. I can't afford this bust. They're gonna put me up in County this time. Sonny, those women are scary. I'm not a hardcore criminal. I never hurt anyone.      
Isn't there anything you can do for an old classmate?  	Isn't there anything you can do for an old classmate?  
Possibly. The Department's been investigating the Hotel Delphoria, trying to gather enough evidence to move in.  Right now, we don't have anything that'd stick.  You might be able to help.	Possibly. The Department's been investigating the Hotel Delphoria, trying to gather enough evidence to move in.  Right now, we don't have anything that'd stick.  You might be able to help.
My boss, Lt. Morgan, has a plan that he believes will get us close to the main dude, someone they call `The Death Angel.' This guy's the worst of the worst in the highest order of social parasites, Marie. He's not only sucking the blood of society, he's spilling it. 	My boss, Lt. Morgan, has a plan that he believes will get us close to the main dude, someone they call `The Death Angel.' This guy's the worst of the worst in the highest order of social parasites, Marie. He's not only sucking the blood of society, he's spilling it. 
Wanna help?   	Wanna help?   
Will it get me cleared of these charges? I just can't go to jail.  	Will it get me cleared of these charges? I just can't go to jail.  
I can't guarantee anything.  But Morgan and I can talk to the prosecutor on your behalf.  	I can't guarantee anything.  But Morgan and I can talk to the prosecutor on your behalf.  
Just between you and me, I think the odds are in your favor.  You'd be doing the department a major favor.  But that's just between you and me, right?  I'm not guaranteeing anything.	Just between you and me, I think the odds are in your favor.  You'd be doing the department a major favor.  But that's just between you and me, right?  I'm not guaranteeing anything.
So, what do you think?  	So, what do you think?  
Okay, Sonny, it's a deal.  	Okay, Sonny, it's a deal.  
Great.  I've got to head back to the station. A car will be sent by shortly to pick you up. I'll see you later.  	Great.  I've got to head back to the station. A car will be sent by shortly to pick you up. I'll see you later.  
Whatever you say, Sonny. Thanks. 	Whatever you say, Sonny. Thanks. 
You're puzzled by a strange, warm and fuzzy sensation after your conversation with Marie. Easy, boy. You've got to concentrate on the business at hand. Anything less than 100 percent can prove fatal.  	You're puzzled by a strange, warm and fuzzy sensation after your conversation with Marie. Easy, boy. You've got to concentrate on the business at hand. Anything less than 100 percent can prove fatal.  
Geez, Sonny. Do I have to see that ugly mug all day?	Geez, Sonny. Do I have to see that ugly mug all day?
Just keep away from mirrors, Paul.  	Just keep away from mirrors, Paul.  
So where's the prisoner I'm supposed to visit? 	So where's the prisoner I'm supposed to visit? 
She's in one of the cells. I hear she's an old flame of yours. So, have you and her performed nature's mystery dance?  	She's in one of the cells. I hear she's an old flame of yours. So, have you and her performed nature's mystery dance?  
Well, you just think about it on one of your lonely Saturday nights, Paul.  Thanks for all the great info.    	Well, you just think about it on one of your lonely Saturday nights, Paul.  Thanks for all the great info.    
That guy proves that evolution hasn't been 100-percent effective.  	That guy proves that evolution hasn't been 100-percent effective.  
Paul looks like the kind of guy built to wear leisure suits and spend his life in cheesy discos. His orange tan suggests an unfortunate go-round with a tube of Instant-Tan.  All he needs are a few gold chains and a bottle of breath spray.	Paul looks like the kind of guy built to wear leisure suits and spend his life in cheesy discos. His orange tan suggests an unfortunate go-round with a tube of Instant-Tan.  All he needs are a few gold chains and a bottle of breath spray.
Hey, Sonny-boy!  Sounds like Marie's warm for your form!  Gonna get a little free...	Hey, Sonny-boy!  Sounds like Marie's warm for your form!  Gonna get a little free...
Paul, I swear, one of these days, you're going to open your mouth a little too wide, and you're going to force me to jam my fist into it.	Paul, I swear, one of these days, you're going to open your mouth a little too wide, and you're going to force me to jam my fist into it.
There's an uncomfortable silence.	There's an uncomfortable silence.
Sorry, Sonny.	Sorry, Sonny.
Hey, Sonny, how's it going?	Hey, Sonny, how's it going?
How ya doin', Paul.	How ya doin', Paul.
Fine, thanks.	Fine, thanks.
Paul, I've got a couple more cell-stuffers for you. 	Paul, I've got a couple more cell-stuffers for you. 
I've got another guest for your fine establishment, Paul.	I've got another guest for your fine establishment, Paul.
He looks well-lubed. He better not spackle my cell, Bonds. You're cleaning it up if he does. What's the official violation?   	He looks well-lubed. He better not spackle my cell, Bonds. You're cleaning it up if he does. What's the official violation?   
Paul, we've got another winner.  Tell 'em what he's won.	Paul, we've got another winner.  Tell 'em what he's won.
Ooh, this one's lucky, Sonny, he gets a copy of our home game to play and enjoy right in his very own home.  Hah!	Ooh, this one's lucky, Sonny, he gets a copy of our home game to play and enjoy right in his very own home.  Hah!
Er...Sonny, I don't think you've got the evidence to book 'em on THAT violation.  Better try another.	Er...Sonny, I don't think you've got the evidence to book 'em on THAT violation.  Better try another.
Here you go. 	Here you go. 
Well, well!  Good thing you got this here when you did, Bonds.  Hold on, I'll process it.	Well, well!  Good thing you got this here when you did, Bonds.  Hold on, I'll process it.
Thanks, Bonds.  He's all checked in...but he ain't checkin' out.	Thanks, Bonds.  He's all checked in...but he ain't checkin' out.
Got something for ya, Paul.	Got something for ya, Paul.
Don't keep me in suspense, Bonds.  Let's have it.	Don't keep me in suspense, Bonds.  Let's have it.
Murder, huh?  Just doin' his little bit for population control, I assume.  	Murder, huh?  Just doin' his little bit for population control, I assume.  
Attempted murder, huh?  Guess he didn't realize that charity begins at home.	Attempted murder, huh?  Guess he didn't realize that charity begins at home.
Okay, we've got one for kidnapping.  	Okay, we've got one for kidnapping.  
Armed robbery?  Wooo, keep the nasty stick-up man away from me, Bonds.	Armed robbery?  Wooo, keep the nasty stick-up man away from me, Bonds.
Assault and battery, eh?  Well, let's just book him for assault this time, and tell 'em battery's not included.  Har! 	Assault and battery, eh?  Well, let's just book him for assault this time, and tell 'em battery's not included.  Har! 
Assault and battery on a police officer?  Ooh, we don't take too kindly to that sort of behavior.	Assault and battery on a police officer?  Ooh, we don't take too kindly to that sort of behavior.
Burglary?  Tsk, tsk.  Don't he know that good always triumphs over evil? 	Burglary?  Tsk, tsk.  Don't he know that good always triumphs over evil? 
Possession of a controlled substance, huh?  Guess he just didn't know when to say, "No."  	Possession of a controlled substance, huh?  Guess he just didn't know when to say, "No."  
Booking this one for possession of cocaine, eh?  Guess his Mom never told him not to stick stuff up his nose.	Booking this one for possession of cocaine, eh?  Guess his Mom never told him not to stick stuff up his nose.
Okay. One for possession of a concealed weapon. 	Okay. One for possession of a concealed weapon. 
Stolen vehicle, eh?  Some people'll do ANYthing to get out of car payments.	Stolen vehicle, eh?  Some people'll do ANYthing to get out of car payments.
Driver's license not in possession, eh?  Don't tell me. He left it in his other pants, right? 	Driver's license not in possession, eh?  Don't tell me. He left it in his other pants, right? 
Okay, we're booking one for driving with a suspended license. 	Okay, we're booking one for driving with a suspended license. 
Hit-and-run, eh?  My mother was killed by a hit-and-run.  Let's hope this guy doesn't give me a hard time.	Hit-and-run, eh?  My mother was killed by a hit-and-run.  Let's hope this guy doesn't give me a hard time.
Failure to stop at a stop sign. Definitely a hardened criminal.	Failure to stop at a stop sign. Definitely a hardened criminal.
Failure to stop at a red light. What's the matter, Bonds? Did he drive past your girlfriend's house without paying? Just kiddin', Sonny, old pal. 	Failure to stop at a red light. What's the matter, Bonds? Did he drive past your girlfriend's house without paying? Just kiddin', Sonny, old pal. 
Driving too slow in the fast lane, eh?  Gee, what do we give him for that...one month or two?	Driving too slow in the fast lane, eh?  Gee, what do we give him for that...one month or two?
Following too close, huh? Better watch out for this one in the shower. 	Following too close, huh? Better watch out for this one in the shower. 
Exceeding the maximum speed limit. Another speed freak.	Exceeding the maximum speed limit. Another speed freak.
Reckless driving, huh? Sounds like something you should get an award for. Get it?  Wreck-less driving? Ha!   	Reckless driving, huh? Sounds like something you should get an award for. Get it?  Wreck-less driving? Ha!   
Driving under the influence of intoxicants?  Just goes to show you, any crap-for-brains can get a driver's license. 	Driving under the influence of intoxicants?  Just goes to show you, any crap-for-brains can get a driver's license. 
Book him for evading arrest?  Gee, that's strange.  With our deluxe accomodations, why would anyone want to get away? 	Book him for evading arrest?  Gee, that's strange.  With our deluxe accomodations, why would anyone want to get away? 
Not in full control of his faculties, huh?  Boy, you bringin' all of Congress in here?	Not in full control of his faculties, huh?  Boy, you bringin' all of Congress in here?
Resisting arrest, eh?  And we've got such wonderful accomodations. Why would they resist the opportunity?  	Resisting arrest, eh?  And we've got such wonderful accomodations. Why would they resist the opportunity?  
Please enter a code.	Please enter a code.
Try that one again, Bonds, you gave me an invalid code for this case. 	Try that one again, Bonds, you gave me an invalid code for this case. 
One more time, please.	One more time, please.
Geez, Bonds, head back to the Academy and bone up on your codes. 	Geez, Bonds, head back to the Academy and bone up on your codes. 
The room isn't quite clean enough to pass the White Glove test, but the clientele usually don't complain.	The room isn't quite clean enough to pass the White Glove test, but the clientele usually don't complain.
The booking room is decorated in that oh-so-fashionable gut-boggling institutional green. 	The booking room is decorated in that oh-so-fashionable gut-boggling institutional green. 
What do you think you're doing, Officer? You can't leave a prisoner unprocessed. 	What do you think you're doing, Officer? You can't leave a prisoner unprocessed. 
You should have the prisoner move to the middle of the room before attempting to remove the handcuffs.	You should have the prisoner move to the middle of the room before attempting to remove the handcuffs.
Hey, keep your grubby fingers offa the glass, Bonds.	Hey, keep your grubby fingers offa the glass, Bonds.
A heavy bulletproof window separates Paul from the clientele. It's best that way. His breath could easily be ruled a violation of one's civil rights.  	A heavy bulletproof window separates Paul from the clientele. It's best that way. His breath could easily be ruled a violation of one's civil rights.  
Don't sit out here, Bonds.  You're being anti-social.	Don't sit out here, Bonds.  You're being anti-social.
It's a bench.	It's a bench.
Leaving already?  Jack's waiting for you inside.  Better check in with him first.	Leaving already?  Jack's waiting for you inside.  Better check in with him first.
Don't do that, you'll get a splinter.	Don't do that, you'll get a splinter.
You admire the wooden decking, trying not to notice the ancient chunks of food stuck between the planks.	You admire the wooden decking, trying not to notice the ancient chunks of food stuck between the planks.
Leave the flowers alone.  They get enough trouble from the neighborhood dogs.	Leave the flowers alone.  They get enough trouble from the neighborhood dogs.
The flowers smell wonderful, don't they?	The flowers smell wonderful, don't they?
The flowers have only the simplest of nervous systems; they do not respond in any measurable fashion.	The flowers have only the simplest of nervous systems; they do not respond in any measurable fashion.
The fern's leaves are light and airy.	The fern's leaves are light and airy.
An attractive fern hangs outside the Blue Room door.	An attractive fern hangs outside the Blue Room door.
The ferns are too busy enjoying the fresh air and sunshine to bother replying.	The ferns are too busy enjoying the fresh air and sunshine to bother replying.
You can go shopping some other time, Bonds. 	You can go shopping some other time, Bonds. 
The Blue Room is nestled between many charming little shops.	The Blue Room is nestled between many charming little shops.
There's nothing on the ground that requires your attention.	There's nothing on the ground that requires your attention.
It's the parking lot.	It's the parking lot.
Quit teasing the foliage.	Quit teasing the foliage.
Nice plants.  You remember that plants are supposed to clean up the atmosphere.  You briefly wish they'd help clean up the neighborhood... No, Bonds.  No carnivorous plants.  Play Space Quest II for that.	Nice plants.  You remember that plants are supposed to clean up the atmosphere.  You briefly wish they'd help clean up the neighborhood... No, Bonds.  No carnivorous plants.  Play Space Quest II for that.
The plants ignore your clumsy attempt at communication.	The plants ignore your clumsy attempt at communication.
That's a little too big for your rock collection, Bonds.	That's a little too big for your rock collection, Bonds.
It's a rock.	It's a rock.
It's bad enough that you talk to plants.  Get a grip, Bonds.	It's bad enough that you talk to plants.  Get a grip, Bonds.
You're outside the Blue Room, a popular hangout for cops.	You're outside the Blue Room, a popular hangout for cops.
Don't take the sign.  It's useful right where it is.	Don't take the sign.  It's useful right where it is.
The sign for the Blue Room was hand-painted by the owner's daughter. 	The sign for the Blue Room was hand-painted by the owner's daughter. 
You'd better see Jack first.	You'd better see Jack first.
It's your sleek, sexy personal auto.	It's your sleek, sexy personal auto.
So how come you never have any babes with you?	So how come you never have any babes with you?
It's your aging departmental-issue patrol car.	It's your aging departmental-issue patrol car.
It's your unmarked police car.	It's your unmarked police car.
Leave the sign alone.  It's fine where it is. 	Leave the sign alone.  It's fine where it is. 
The sign says:  Soup of the Day--Moulder Stew.	The sign says:  Soup of the Day--Moulder Stew.
Spotting the sediment of cola and ketchup on the table, you withdraw your hand.	Spotting the sediment of cola and ketchup on the table, you withdraw your hand.
Charming white plastic lawn furniture.	Charming white plastic lawn furniture.
Good for you.  Everyone should hug a tree from time to time.	Good for you.  Everyone should hug a tree from time to time.
This tree was donated by the Lytton Police force to the town of Lytton three years ago.	This tree was donated by the Lytton Police force to the town of Lytton three years ago.
The tree seems glad to see you.	The tree seems glad to see you.
Don't get too close, Bonds.  That little piece of Americana could drop on you like a collection agent.	Don't get too close, Bonds.  That little piece of Americana could drop on you like a collection agent.
It's one of those big umbrellas that leaks in the rain, cracks in the sun, and blows over in the slightest breeze.	It's one of those big umbrellas that leaks in the rain, cracks in the sun, and blows over in the slightest breeze.
Bobby will be happy to serve you.	Bobby will be happy to serve you.
Back there is where Bobby, your bartender, keeps all his deadly hangover generators.  	Back there is where Bobby, your bartender, keeps all his deadly hangover generators.  
You can't reach it, Bonds.  Besides, you already picked up all the bad artwork you need at the Starving Artists Sale at the local Happyday Inn.	You can't reach it, Bonds.  Besides, you already picked up all the bad artwork you need at the Starving Artists Sale at the local Happyday Inn.
It's an all-American crushed-velvet Nude Lady Behind the Bar painting. 	It's an all-American crushed-velvet Nude Lady Behind the Bar painting. 
Some seedy citizens rest at the bar.  	Some seedy citizens rest at the bar.  
Don't grab Bobby.  He's got a quick temper.	Don't grab Bobby.  He's got a quick temper.
That's Bobby Gomez. He retired from the force a few years back when this fine establishment became available. He got out of police work and into something he felt was much safer: operating a bar.    	That's Bobby Gomez. He retired from the force a few years back when this fine establishment became available. He got out of police work and into something he felt was much safer: operating a bar.    
Hi, Sonny. Nice to see you. 	Hi, Sonny. Nice to see you. 
Don't worry, Sonny, he'll be alright.	Don't worry, Sonny, he'll be alright.
Later, Sonny. 	Later, Sonny. 
Don't touch that bar, Bonds.  You don't know where it's been.	Don't touch that bar, Bonds.  You don't know where it's been.
Across this bar has passed nearly an ocean of ales and other alcohol-laden attitude adjusters.  	Across this bar has passed nearly an ocean of ales and other alcohol-laden attitude adjusters.  
It's a booth. 	It's a booth. 
On closer inspection, you discover the words "Robin of Locksley was here" carved into the wood.  Damn vandals.	On closer inspection, you discover the words "Robin of Locksley was here" carved into the wood.  Damn vandals.
What were you thinking of doing, walking off with it?	What were you thinking of doing, walking off with it?
It's the universal symbol of masculinity, the Bullcinch. Just looking at its wrought-iron curves and angles makes your testosterone levels rise.  	It's the universal symbol of masculinity, the Bullcinch. Just looking at its wrought-iron curves and angles makes your testosterone levels rise.  
You sneak a fingerful of icing for the road.	You sneak a fingerful of icing for the road.
It sure looks good.  Too bad there was nobody to jump out of it.	It sure looks good.  Too bad there was nobody to jump out of it.
Functional chairs.  Not as nice as the ones in Lt. Morgan's office, but they'll do.	Functional chairs.  Not as nice as the ones in Lt. Morgan's office, but they'll do.
You sit down with Jack.  It's nice to have a few minutes to talk with him before the party, you think to yourself.	You sit down with Jack.  It's nice to have a few minutes to talk with him before the party, you think to yourself.
You're cute, Sonny, but if you do that again, I'll break your fingers. 	You're cute, Sonny, but if you do that again, I'll break your fingers. 
This is Clarice. She has been working here for as long as you can remember.	This is Clarice. She has been working here for as long as you can remember.
Have a good one, Sonny.	Have a good one, Sonny.
Face-down on the floor is not a good position for an officer of the law to be in, Bonds.	Face-down on the floor is not a good position for an officer of the law to be in, Bonds.
The floor is relatively clean for an establishment of this calibre.	The floor is relatively clean for an establishment of this calibre.
You give Jack a friendly pat on the shoulder.	You give Jack a friendly pat on the shoulder.
You gently tap Jack on the shoulder.	You gently tap Jack on the shoulder.
It's your old friend, Jack Cobb.	It's your old friend, Jack Cobb.
Oh, there's Jack.	Oh, there's Jack.
Hey, Jack!  Happy birthday, man.	Hey, Jack!  Happy birthday, man.
Huh?  Oh, thanks, Sonny.	Huh?  Oh, thanks, Sonny.
Jack, buddy, you look worried.  Is something bothering you?  Other than getting old, of course!	Jack, buddy, you look worried.  Is something bothering you?  Other than getting old, of course!
No...no, nothing, Sonny.	No...no, nothing, Sonny.
You are suddenly certain that Jack is lying, and that scares you.	You are suddenly certain that Jack is lying, and that scares you.
Jack...you can tell me, man.  Maybe I can help. 	Jack...you can tell me, man.  Maybe I can help. 
I...Sonny, I think Kathy's on drugs.  My little girl.  I just can't believe it.   	I...Sonny, I think Kathy's on drugs.  My little girl.  I just can't believe it.   
Jack, are you sure?  How do you know?   	Jack, are you sure?  How do you know?   
I don't know for sure.  But she's been so nasty for the past few months.  Secretive.  I know, all teenagers are like that.  But her grades are slipping.   	I don't know for sure.  But she's been so nasty for the past few months.  Secretive.  I know, all teenagers are like that.  But her grades are slipping.   
Sonny, she's been having nosebleeds all the time.  She steals money from us.  She was out all night last night, and I...I just...Oh, God, my little girl...   	Sonny, she's been having nosebleeds all the time.  She steals money from us.  She was out all night last night, and I...I just...Oh, God, my little girl...   
Saddened and embarrased, you give Jack a moment to gain his composure.  This also allows you to gather your own thoughts; you're not very good with expressing yourself sometimes.	Saddened and embarrased, you give Jack a moment to gain his composure.  This also allows you to gather your own thoughts; you're not very good with expressing yourself sometimes.
Anyway, I don't know what to do.  I try to talk to her, and she just screams at me and slams the door in my face.   	Anyway, I don't know what to do.  I try to talk to her, and she just screams at me and slams the door in my face.   
Sonny, we talked to her about sex...but we never talked to her about drugs.  I'm a cop, for chrissakes, I didn't think I needed to.  I didn't...Oh God, Sonny.  I don't know what to do.     	Sonny, we talked to her about sex...but we never talked to her about drugs.  I'm a cop, for chrissakes, I didn't think I needed to.  I didn't...Oh God, Sonny.  I don't know what to do.     
Oh, man, Jack, I--   	Oh, man, Jack, I--   
Hi, Jack!  Good news, buddy.  We caught the bastard who was selling to Kathy. 	Hi, Jack!  Good news, buddy.  We caught the bastard who was selling to Kathy. 
Whu?--Oh, Sonny.  What did you say?	Whu?--Oh, Sonny.  What did you say?
Jack has obviously been drinking way too much.	Jack has obviously been drinking way too much.
We caught the creep who was dealing to Kathy, Jack. He's a slimy little punk named Donald P. Colby. We've got him, Jack. His eggs are gonna fry. 	We caught the creep who was dealing to Kathy, Jack. He's a slimy little punk named Donald P. Colby. We've got him, Jack. His eggs are gonna fry. 
Tha'ss just swell, Sonny.  'Cept it doesn't matter.  Nothing matters.  I'ss too late.	Tha'ss just swell, Sonny.  'Cept it doesn't matter.  Nothing matters.  I'ss too late.
Too late?!  My God, Jack, what do you mean?	Too late?!  My God, Jack, what do you mean?
Kathy's in the hospital.  In a coma.  It was an overdose--some filthy shhh...they don't even know what. She might die, Sonny, my baby might die.  Oh, no, why didn't I see it sooner?  Oh God, Sonny...  	Kathy's in the hospital.  In a coma.  It was an overdose--some filthy shhh...they don't even know what. She might die, Sonny, my baby might die.  Oh, no, why didn't I see it sooner?  Oh God, Sonny...  
Jack, man, I'm so sorry.  She'll be okay, I know it.  She's a tough kid. 	Jack, man, I'm so sorry.  She'll be okay, I know it.  She's a tough kid. 
Thanks, Sonny.  Thanks for tryin'.  I gotta go, man.	Thanks, Sonny.  Thanks for tryin'.  I gotta go, man.
Hey, Jack, you're in no shape to drive--	Hey, Jack, you're in no shape to drive--
Don't worry about it, Sonny, I called a cab for him.	Don't worry about it, Sonny, I called a cab for him.
I'm perfeckly fine, Bobby, I don' need a ride.	I'm perfeckly fine, Bobby, I don' need a ride.
Wait, Jack.  Just hold on--	Wait, Jack.  Just hold on--
You'd better go, Sonny.  You know how mad Dooley gets if you're late.	You'd better go, Sonny.  You know how mad Dooley gets if you're late.
Leave Keith alone.  You have more important things to do.	Leave Keith alone.  You have more important things to do.
You may be tempted to whack Keith right now, but restrain yourself. 	You may be tempted to whack Keith right now, but restrain yourself. 
It's your buddy, officer Keith Mandel.	It's your buddy, officer Keith Mandel.
It sounded important, Sonny. You'd better get to Morgan's office right now.	It sounded important, Sonny. You'd better get to Morgan's office right now.
Okay, I'll switch back with you...	Okay, I'll switch back with you...
NOT!  Ha ha, you better run, Sonny!	NOT!  Ha ha, you better run, Sonny!
Don't worry about the plant, Bonds.  Someone else will water it.	Don't worry about the plant, Bonds.  Someone else will water it.
The plant in the corner looks like it could use a stiff drink.	The plant in the corner looks like it could use a stiff drink.
Patrons of The Blue Room have often been found talking to inanimate objects, pink elephants, giant purple lizards, etc.  But fortunately, you're not inebriated.	Patrons of The Blue Room have often been found talking to inanimate objects, pink elephants, giant purple lizards, etc.  But fortunately, you're not inebriated.
You're inside the Blue Room, a popular hangout for cops.	You're inside the Blue Room, a popular hangout for cops.
It's on the other side of the glass, Bonds.	It's on the other side of the glass, Bonds.
It says MOOR EULB EHT. 	It says MOOR EULB EHT. 
Sonny!  Sonny, I need to talk to you!	Sonny!  Sonny, I need to talk to you!
What's up, Keith?	What's up, Keith?
You're not gonna believe this, man.  Jason Taselli escaped. 	You're not gonna believe this, man.  Jason Taselli escaped. 
What?!	What?!
Yeah!  Taselli cold-cocked a guard and grabbed his keys.  He got out into the yard, and somehow managed to get over two chain-link, barbed-wire topped fences with his hide intact.  I can't believe nobody saw him go, man!  Anyway, there's a citywide dragnet underway, and Morgan wants to see you in his office right now.    	Yeah!  Taselli cold-cocked a guard and grabbed his keys.  He got out into the yard, and somehow managed to get over two chain-link, barbed-wire topped fences with his hide intact.  I can't believe nobody saw him go, man!  Anyway, there's a citywide dragnet underway, and Morgan wants to see you in his office right now.    
Man, I can't believe Taselli pulled it off.  This is bad news. 	Man, I can't believe Taselli pulled it off.  This is bad news. 
Yeah, he's a dangerous dude.  I just hope he doesn't hurt anyone.  Anyway, you better run, Sonny! 	Yeah, he's a dangerous dude.  I just hope he doesn't hurt anyone.  Anyway, you better run, Sonny! 
You hear the honking of a cab outside.	You hear the honking of a cab outside.
There's your cab, Jack.  Go ahead and take it, okay?  	There's your cab, Jack.  Go ahead and take it, okay?  
Oh, hell, Sonny, I don't need...ah, crap.  All right.  I'll do it.   	Oh, hell, Sonny, I don't need...ah, crap.  All right.  I'll do it.   
Thanks, Jack.  She'll be okay, you'll see. 	Thanks, Jack.  She'll be okay, you'll see. 
Yeah.  See ya, Sonny.  	Yeah.  See ya, Sonny.  
Hey hey hey, where's the birthday boy!  There he is!  Jack, dude!  Happy day! 	Hey hey hey, where's the birthday boy!  There he is!  Jack, dude!  Happy day! 
Hi, Keith.  How's it going?	Hi, Keith.  How's it going?
Hi, Keith.	Hi, Keith.
You guys look like you're ready for a funeral. Cheer up, dudes!  It's not the end of the world, Jack.  Plenty of other guys have turned 87, ha ha ha! 	You guys look like you're ready for a funeral. Cheer up, dudes!  It's not the end of the world, Jack.  Plenty of other guys have turned 87, ha ha ha! 
You should talk, Keith, my boy.  I've seen you popping your dentures in the locker room when nobody's looking.	You should talk, Keith, my boy.  I've seen you popping your dentures in the locker room when nobody's looking.
Not me, dude!  I'm a stud among muffins.  You, on the other hand, are a little girly-cop.	Not me, dude!  I'm a stud among muffins.  You, on the other hand, are a little girly-cop.
Watch it, Keith.  If Laura heard you saying that, she'd kick your butt sky-high.	Watch it, Keith.  If Laura heard you saying that, she'd kick your butt sky-high.
Wow, the stone speaks!  It's alive!  Hey!  Hey, Bobby!  Put on the music, quick!  	Wow, the stone speaks!  It's alive!  Hey!  Hey, Bobby!  Put on the music, quick!  
Happy birthday, Jack, baby!	Happy birthday, Jack, baby!
Yow!  Kayleigh, baby, you're the best!  Shake it one time for me, honey!  	Yow!  Kayleigh, baby, you're the best!  Shake it one time for me, honey!  
See you later, boys.	See you later, boys.
Happy birthday, Jack! 	Happy birthday, Jack! 
Huh?  Oh, Clarice, thank you!  Thank you, guys, this is great.	Huh?  Oh, Clarice, thank you!  Thank you, guys, this is great.
You're a culinary angel, Clarice.  Will you have my babies?	You're a culinary angel, Clarice.  Will you have my babies?
No, honey, I have too much respect for the gene pool to do that.	No, honey, I have too much respect for the gene pool to do that.
Ouch, you've been body-slammed, Keith! 	Ouch, you've been body-slammed, Keith! 
What did she say?	What did she say?
She said you were a stud among muffins, buddy.	She said you were a stud among muffins, buddy.
Ha ha ha, Sonny.  Way funny.  You know what else is funny?  You agreed to swap shifts with me last week, remember?  You're due in for briefing in ten minutes!  Now THAT's funny! 	Ha ha ha, Sonny.  Way funny.  You know what else is funny?  You agreed to swap shifts with me last week, remember?  You're due in for briefing in ten minutes!  Now THAT's funny! 
Oh, hell, I forgot.  Listen, Jack, I gotta cruise.  If you need anything, give me a call, okay?	Oh, hell, I forgot.  Listen, Jack, I gotta cruise.  If you need anything, give me a call, okay?
Okay, Sonny.  Thanks.	Okay, Sonny.  Thanks.
You see your friend, Jack Cobb, sitting at the table.  You've noticed that he's been depressed and distracted for days.	You see your friend, Jack Cobb, sitting at the table.  You've noticed that he's been depressed and distracted for days.
Have a seat, buddy.	Have a seat, buddy.
Why are you hanging around the Blue Room, Bonds?  An escaped felon is loose in the city, and Lt. Morgan wants to see you NOW!	Why are you hanging around the Blue Room, Bonds?  An escaped felon is loose in the city, and Lt. Morgan wants to see you NOW!
Hey, Sonny, why don' you siddown?  I don't wanna strain my neck lookin' up at ya.	Hey, Sonny, why don' you siddown?  I don't wanna strain my neck lookin' up at ya.
Ah, the feel of vinyl.	Ah, the feel of vinyl.
Barstools, made from the finest Corinthian naugahyde.  Over 15 Naugas died to make these stools.	Barstools, made from the finest Corinthian naugahyde.  Over 15 Naugas died to make these stools.
You run your hand over the smooth surface of the wood.  It comes away smelling like beer.	You run your hand over the smooth surface of the wood.  It comes away smelling like beer.
The table is sturdy and reliable.  It could use a wipedown, though.	The table is sturdy and reliable.  It could use a wipedown, though.
Unlike the one at Caffeine Carol's, this window is clean.  Kindly keep your fingerprints off of it.	Unlike the one at Caffeine Carol's, this window is clean.  Kindly keep your fingerprints off of it.
You can see the moderately busy street outside The Blue Room. It's one of the many you patrol.  	You can see the moderately busy street outside The Blue Room. It's one of the many you patrol.  
It's not going to open without the jaws of life. The emergency crew will need to handle this. 	It's not going to open without the jaws of life. The emergency crew will need to handle this. 
The door was compressed from the sudden impact. 	The door was compressed from the sudden impact. 
A closer glance reveals several slug holes just below the window. The clean and completely rust-free surface indicates that this is freshly exposed. It would appear that the driver had outside assistance in executing this unorthodox parking technique. 	A closer glance reveals several slug holes just below the window. The clean and completely rust-free surface indicates that this is freshly exposed. It would appear that the driver had outside assistance in executing this unorthodox parking technique. 
There's nothing you can do for the car.  It's dead, Bonds. 	There's nothing you can do for the car.  It's dead, Bonds. 
Lightpole 1, vehicle 0. Many systems of the car which had previously been hidden from sight are now exposed and bleeding their own particular brand of vital fluid.  	Lightpole 1, vehicle 0. Many systems of the car which had previously been hidden from sight are now exposed and bleeding their own particular brand of vital fluid.  
Forget about opening it. They don't pay you to wrangle sharp, twisted metal unless life is at stake.  In this case, it's too late for such efforts.	Forget about opening it. They don't pay you to wrangle sharp, twisted metal unless life is at stake.  In this case, it's too late for such efforts.
The force of the wreck has affected the entire car frame to the point of actually buckling the trunk lid. A quick glance inside indicates nothing out of the ordinary. 	The force of the wreck has affected the entire car frame to the point of actually buckling the trunk lid. A quick glance inside indicates nothing out of the ordinary. 
Careful. You don't want someone yelling `Police Brutality'. 	Careful. You don't want someone yelling `Police Brutality'. 
A cross section of average Lyttonians is gathered here to gawk at the scene. One guy seems to be talking more than the others. 	A cross section of average Lyttonians is gathered here to gawk at the scene. One guy seems to be talking more than the others. 
EXCUSE ME! 	EXCUSE ME! 
Yeah, uh, I saw the whole thing, officer!   	Yeah, uh, I saw the whole thing, officer!   
A young, lean, nervous fellow steps forward. 	A young, lean, nervous fellow steps forward. 
Despite your queries, nobody steps forward.  Apparently nobody else in the crowd saw -- or will admit to having seen -- anything.	Despite your queries, nobody steps forward.  Apparently nobody else in the crowd saw -- or will admit to having seen -- anything.
You have more important things to take care of, not the least of which is your waistline.	You have more important things to take care of, not the least of which is your waistline.
It's a donut shop. It's not your favorite, but it does in a pinch.  They'll do a good business this afternoon.	It's a donut shop. It's not your favorite, but it does in a pinch.  They'll do a good business this afternoon.
Poking Dooley won't help you up the departmental ladder. 	Poking Dooley won't help you up the departmental ladder. 
It's Mister Personality, Sgt. Dooley. You're certain he knows more than a little about the donut shop. 	It's Mister Personality, Sgt. Dooley. You're certain he knows more than a little about the donut shop. 
Hello, Sonny. Lieutenant Hamilton is taking over the scene. You can go ahead and hit the streets.  	Hello, Sonny. Lieutenant Hamilton is taking over the scene. You can go ahead and hit the streets.  
Sonny, you can get back out on patrol now. 	Sonny, you can get back out on patrol now. 
Sonny, you're trying my patience. Get your butt on patrol! 	Sonny, you're trying my patience. Get your butt on patrol! 
You can't open it by hand, but fortunately, there's no need to.  	You can't open it by hand, but fortunately, there's no need to.  
It's a fire hydrant. Dog may be Man's best friend, but Fire Hydrant is really Dog's best bud.  	It's a fire hydrant. Dog may be Man's best friend, but Fire Hydrant is really Dog's best bud.  
They're just fine the way they are. 	They're just fine the way they are. 
Some safety-conscious -- and well-equipped -- citizen has placed flares around the wreck.   	Some safety-conscious -- and well-equipped -- citizen has placed flares around the wreck.   
You've got duties to perform.  You can purchase posies later.  	You've got duties to perform.  You can purchase posies later.  
Perhaps if you'd stop by the flower shop once in awhile, you wouldn't be alone so much.  Your dashing uniform just isn't enough, Bonds. 	Perhaps if you'd stop by the flower shop once in awhile, you wouldn't be alone so much.  Your dashing uniform just isn't enough, Bonds. 
Leave the detective alone to perform his duties.  That's something you might give some thought to yourself, Bonds. 	Leave the detective alone to perform his duties.  That's something you might give some thought to yourself, Bonds. 
That's Lieutenant Hamilton of Homicide. You've only worked with him a few times. 	That's Lieutenant Hamilton of Homicide. You've only worked with him a few times. 
Leave the detective to his work.  Any information you may have can be submitted to him later by report.	Leave the detective to his work.  Any information you may have can be submitted to him later by report.
The pole won't budge.	The pole won't budge.
The light post has sustained moderate damage but is still operational, unlike the car.	The light post has sustained moderate damage but is still operational, unlike the car.
There's nothing you can do to help the car.	There's nothing you can do to help the car.
The vehicle's a mess. That's usually the case for cars that try to hug light poles. 	The vehicle's a mess. That's usually the case for cars that try to hug light poles. 
There's nothing down there that is pertinent to this case.  Do your shopping another time, officer. 	There's nothing down there that is pertinent to this case.  Do your shopping another time, officer. 
Other shops line the street. 	Other shops line the street. 
The plate's fine where it is. 	The plate's fine where it is. 
The plate on the car reads 2SPLAT.  	The plate on the car reads 2SPLAT.  
Dispatch, 83-32 is on scene at the 11-80. 83-32 out.  	Dispatch, 83-32 is on scene at the 11-80. 83-32 out.  
83-32, we copy. Dispatch out.   	83-32, we copy. Dispatch out.   
Dispatch, this is 83-32. The driver is 11-44. We'll need a meat wagon. 83-32 out. 	Dispatch, this is 83-32. The driver is 11-44. We'll need a meat wagon. 83-32 out. 
Dispatch copies, 83-32. Sgt. Dooley is enroute and will be in charge once he arrives. Dispatch out.	Dispatch copies, 83-32. Sgt. Dooley is enroute and will be in charge once he arrives. Dispatch out.
Dispatch, this is 83-32.  My 10-20 is near the corner of Fig and 4th. 83-32 out.	Dispatch, this is 83-32.  My 10-20 is near the corner of Fig and 4th. 83-32 out.
This is normally a quiet street lined with small, quiet shops.  Today, the normal course of events have been interrupted.	This is normally a quiet street lined with small, quiet shops.  Today, the normal course of events have been interrupted.
That would be unsafe. Better let it cool down.	That would be unsafe. Better let it cool down.
Steam rushes from the breached radiator. 	Steam rushes from the breached radiator. 
Leave the sample-gathering to the detectives, Bonds. There's nothing on the street you need. 	Leave the sample-gathering to the detectives, Bonds. There's nothing on the street you need. 
Skid marks lead up to the lightpole.  You wince; you can almost hear the screaming tires.   	Skid marks lead up to the lightpole.  You wince; you can almost hear the screaming tires.   
No pulse. No vital signs whatsoever. Your worst fear is confirmed. This guy just booked a one-drawer stainless steel suite at the Toe-Tag Motel.  	No pulse. No vital signs whatsoever. Your worst fear is confirmed. This guy just booked a one-drawer stainless steel suite at the Toe-Tag Motel.  
You do the smart thing and check twice for signs of life.  But this man's as dead as any man you've ever seen.	You do the smart thing and check twice for signs of life.  But this man's as dead as any man you've ever seen.
There is a head injury as well as a small hole near the jaw. Both of them are slowly trickling blood. He doesn't appear to be breathing.	There is a head injury as well as a small hole near the jaw. Both of them are slowly trickling blood. He doesn't appear to be breathing.
Death. No matter how many times you see it, you never get used to it. 	Death. No matter how many times you see it, you never get used to it. 
He doesn't look any better. 	He doesn't look any better. 
There is no answer. 	There is no answer. 
You only need to talk to the witness.  You have no reason to touch him. 	You only need to talk to the witness.  You have no reason to touch him. 
The witness is a thin, white male, about 140 pounds. He seems a bit nervous. 	The witness is a thin, white male, about 140 pounds. He seems a bit nervous. 
Could you please tell me what you saw and heard?   	Could you please tell me what you saw and heard?   
Okay, there was these bangs from the one other car and there was a big crash and crud's flyin' everywhere and this car crashed while this other car is jammin' outta here like a bat outta hell and I...     	Okay, there was these bangs from the one other car and there was a big crash and crud's flyin' everywhere and this car crashed while this other car is jammin' outta here like a bat outta hell and I...     
WHOA!  Whoa.  Slow down.  Take a breath.  Now, start at the beginning. When did you first notice something out of the ordinary and, where were you?    	WHOA!  Whoa.  Slow down.  Take a breath.  Now, start at the beginning. When did you first notice something out of the ordinary and, where were you?    
Okay. I'm just cruisin' along to my chick's place. I'm, oh, 'bout a half block back up to the right there, okay. An' I hear these cars comin' up from behind and then one gets louder. They pass me comin' towards this direction an' get this, they're side-by-side!  	Okay. I'm just cruisin' along to my chick's place. I'm, oh, 'bout a half block back up to the right there, okay. An' I hear these cars comin' up from behind and then one gets louder. They pass me comin' towards this direction an' get this, they're side-by-side!  
He goes on to tell you how the two cars were alongside each other when he heard what might have been two shots. The car on the right swerved, colliding with the lightpole. The other car fled the scene at a high rate of speed.      	He goes on to tell you how the two cars were alongside each other when he heard what might have been two shots. The car on the right swerved, colliding with the lightpole. The other car fled the scene at a high rate of speed.      
Could you describe the car?  Did you happen to get the license plate number?   	Could you describe the car?  Did you happen to get the license plate number?   
Yeah, I saw part of it. I think it was.. oh crap.. what was it?  Oh, yeah! L964 was part of it. I don't know about the rest. The car was a silver Mercedes. I'm not sure 'bout the year. It wasn't brand-new, but not real old either. I couldn't see the dude driving. He was on the far side of the whole mess and, y'know, there was a lot happenin' at once.	Yeah, I saw part of it. I think it was.. oh crap.. what was it?  Oh, yeah! L964 was part of it. I don't know about the rest. The car was a silver Mercedes. I'm not sure 'bout the year. It wasn't brand-new, but not real old either. I couldn't see the dude driving. He was on the far side of the whole mess and, y'know, there was a lot happenin' at once.
Thanks for your cooperation. Could you wait around for a few minutes? Lieutenant Hamilton might have a few more questions for you. Thanks.    	Thanks for your cooperation. Could you wait around for a few minutes? Lieutenant Hamilton might have a few more questions for you. Thanks.    
Yeah, sure, man.  Glad I could help.  	Yeah, sure, man.  Glad I could help.  
You've learned all you can from the witness. Dooley can handle any further interrogation.	You've learned all you can from the witness. Dooley can handle any further interrogation.
It's a sign for one of newer businesses in town, Frankie's Shoes.  They've got a good location.	It's a sign for one of newer businesses in town, Frankie's Shoes.  They've got a good location.
Shop for shoes another time, Bonds. 	Shop for shoes another time, Bonds. 
You do notice one pair of shoes which would work as babe killers during your off hours.  But not at $125 a pair! 	You do notice one pair of shoes which would work as babe killers during your off hours.  But not at $125 a pair! 
Given the predominance of pets in the area, you think better of handling the fire hydrant.	Given the predominance of pets in the area, you think better of handling the fire hydrant.
A fire hydrant for upscale poodles to hose down. 	A fire hydrant for upscale poodles to hose down. 
More than one rookie has had to learn that getting a driver's "license" doesn't refer to the plate itself.	More than one rookie has had to learn that getting a driver's "license" doesn't refer to the plate itself.
You've already noted and called in the license plate number.	You've already noted and called in the license plate number.
The license plate reads, "AWYLD1."  Standard operating procedure calls for you to radio this in to check for wants and warrants. 	The license plate reads, "AWYLD1."  Standard operating procedure calls for you to radio this in to check for wants and warrants. 
DD478965 Tawnee Helmut 2927 Puffhoof Ct. Lytton, CA 	DD478965 Tawnee Helmut 2927 Puffhoof Ct. Lytton, CA 
Sex-F  Hair-Blond  Eyes-Blue	Sex-F  Hair-Blond  Eyes-Blue
Do your shopping some other time, officer.	Do your shopping some other time, officer.
It's the entrance to the Market.	It's the entrance to the Market.
It's Tony's Market, a hothouse greengrocer.	It's Tony's Market, a hothouse greengrocer.
You have duties to perform, Bonds.  Stay out of the shops.	You have duties to perform, Bonds.  Stay out of the shops.
That would be more effective if you were out of your patrol car. 	That would be more effective if you were out of your patrol car. 
That's right!  Go on back to your sty, pig!	That's right!  Go on back to your sty, pig!
Go roll around in the mud with your good ol' boy pals!	Go roll around in the mud with your good ol' boy pals!
Kiss your job goodbye, pig!  OINK OINK OINK!  	Kiss your job goodbye, pig!  OINK OINK OINK!  
It's times like this that make you wonder why you bother.  You're doing your job; you're trying to discourage reckless driving.  Sometimes it seems it'd be a lot easier to let these people kill themselves off.	It's times like this that make you wonder why you bother.  You're doing your job; you're trying to discourage reckless driving.  Sometimes it seems it'd be a lot easier to let these people kill themselves off.
Hey, you forgot to return the soft-spoken young woman's license.  	Hey, you forgot to return the soft-spoken young woman's license.  
It's your patrol car.	It's your patrol car.
You don't have time to buy fruits and veggies right now, Bonds, but your mother would be proud of you.	You don't have time to buy fruits and veggies right now, Bonds, but your mother would be proud of you.
All kinds of fresh produce are displayed in front of the market.	All kinds of fresh produce are displayed in front of the market.
It's like talking to a vegetable...and you think to yourself that, ironically, you've done that more than a few times in this line of work.	It's like talking to a vegetable...and you think to yourself that, ironically, you've done that more than a few times in this line of work.
The red awning shields the uppa-crust shoppers in this part of town from such indelicate weather as sun and rain.	The red awning shields the uppa-crust shoppers in this part of town from such indelicate weather as sun and rain.
Sitting on the curb is dangerous, Bonds.  Someone might run over your feet.	Sitting on the curb is dangerous, Bonds.  Someone might run over your feet.
The red curb means you can't park here.  You know that, you're a cop!	The red curb means you can't park here.  You know that, you're a cop!
It's one of the streets you patrol.  This is one of the nicer ones. 	It's one of the streets you patrol.  This is one of the nicer ones. 
It feels solid, roughly-textured, reassuring...like a good sidewalk should.	It feels solid, roughly-textured, reassuring...like a good sidewalk should.
It's gray.  It's concrete.  It's the sidewalk.	It's gray.  It's concrete.  It's the sidewalk.
Dispatch, this is 83-32.  Run wants on plate number AWYLD1.      	Dispatch, this is 83-32.  Run wants on plate number AWYLD1.      
Plate number AWYLD1 registered to one Tawnee V. Helmut. No wants. No warrants.   	Plate number AWYLD1 registered to one Tawnee V. Helmut. No wants. No warrants.   
The license number of the vehicle might prove helpful.	The license number of the vehicle might prove helpful.
Apparently, dispatch has a better memory than you. Don't clutter the airwaves unless you've got new information for them.	Apparently, dispatch has a better memory than you. Don't clutter the airwaves unless you've got new information for them.
Well, ah, Miss, I'll just let you off with a warning this time.  We all make mistakes now and then.	Well, ah, Miss, I'll just let you off with a warning this time.  We all make mistakes now and then.
Oh, Sonny!  Thank you!  Just to show my appreciation, let me give you something...  	Oh, Sonny!  Thank you!  Just to show my appreciation, let me give you something...  
I'd love to give it to you here, honey, but it would be so much more fun in private.  My phone number is 555-7588.  I'll be waiting! 	I'd love to give it to you here, honey, but it would be so much more fun in private.  My phone number is 555-7588.  I'll be waiting! 
She blows you a kiss, and your legs turn to rubber.   	She blows you a kiss, and your legs turn to rubber.   
Have a nice day, Miss.	Have a nice day, Miss.
You too, Studmuffin!	You too, Studmuffin!
As you write out the ticket a strange transformation comes over Tawnee.  It's pretty scary.  Just when you think her face couldn't get any redder, she starts to scream. 	As you write out the ticket a strange transformation comes over Tawnee.  It's pretty scary.  Just when you think her face couldn't get any redder, she starts to scream. 
You little nazi! All you care about is making your quota! You don't care about PEOPLE! You just joined the force so you could carry a gun and feel like a man! You worthless little sack of brass buttons! Get your butt out of my sight, Officer Scummy Bonds!   	You little nazi! All you care about is making your quota! You don't care about PEOPLE! You just joined the force so you could carry a gun and feel like a man! You worthless little sack of brass buttons! Get your butt out of my sight, Officer Scummy Bonds!   
If you think I'm gonna pay a red cent of this ticket, you're dead wrong!  What's your badge number?  I'm gonna report you for harassment!  They're gonna hang your butt out to dry!  By the time I'm through with you, you won't be able to get a job as a rent-a-cop at a trailer park!    	If you think I'm gonna pay a red cent of this ticket, you're dead wrong!  What's your badge number?  I'm gonna report you for harassment!  They're gonna hang your butt out to dry!  By the time I'm through with you, you won't be able to get a job as a rent-a-cop at a trailer park!    
Go on!  Beat it, you stupid piece of white trash!  GET OUT OF MY SIGHT!    	Go on!  Beat it, you stupid piece of white trash!  GET OUT OF MY SIGHT!    
Have a nice day, Miss. 	Have a nice day, Miss. 
SHOVE IT, PIG!  	SHOVE IT, PIG!  
I'm sorry, Miss, but running stop signs is very dangerous.  I'd like to let you off with a warning, but I can't.  	I'm sorry, Miss, but running stop signs is very dangerous.  I'd like to let you off with a warning, but I can't.  
Warning    	Warning    
Ticket   	Ticket   
What you wouldn't do for a car like THIS one.  Right.  On your salary, it'd take you a year just for the down payment. 	What you wouldn't do for a car like THIS one.  Right.  On your salary, it'd take you a year just for the down payment. 
It's a beautiful classic Thunderbird. That thing must be worth a fortune. 	It's a beautiful classic Thunderbird. That thing must be worth a fortune. 
The name 'stained glass' isn't an invitation for you to place your grubby mitts on it.	The name 'stained glass' isn't an invitation for you to place your grubby mitts on it.
Nice windows. Too bad the place will probably be closed in six months like every other small business that pops up in this town.	Nice windows. Too bad the place will probably be closed in six months like every other small business that pops up in this town.
Okay, she's gorgeous, but isn't that just a tad unprofessional?	Okay, she's gorgeous, but isn't that just a tad unprofessional?
This isn't "Lunatic Cop", it's "Police Quest".  Stop acting like a jerk.	This isn't "Lunatic Cop", it's "Police Quest".  Stop acting like a jerk.
Incredible.  Even Tawnee's driver's licence picture is pretty.  After a moment of contemplation, you return the license to her.  	Incredible.  Even Tawnee's driver's licence picture is pretty.  After a moment of contemplation, you return the license to her.  
Your knees turn to water as the gorgeous young woman locks eyes with you.  Her sweet, full lips curve into a smile that could turn icewater to steam.      	Your knees turn to water as the gorgeous young woman locks eyes with you.  Her sweet, full lips curve into a smile that could turn icewater to steam.      
Your knees turn to water as the gorgeous young woman locks eyes with you.  Her sweet, full lips curve into a smile that could turn icewater to steam.  She lowers her eyelids, and whispers;  	Your knees turn to water as the gorgeous young woman locks eyes with you.  Her sweet, full lips curve into a smile that could turn icewater to steam.  She lowers her eyelids, and whispers;  
Good day, Officer.  Have I done something wrong?    	Good day, Officer.  Have I done something wrong?    
You open your mouth, and discover your throat has gone dry.  You clear it in a manly way, and say;  	You open your mouth, and discover your throat has gone dry.  You clear it in a manly way, and say;  
You, ah, you ran a stop sign back there, Miss.  Can I have a picture?  I mean, can I see your driver's license?    	You, ah, you ran a stop sign back there, Miss.  Can I have a picture?  I mean, can I see your driver's license?    
She hands you her license, brushing your fingers with hers, and says;    	She hands you her license, brushing your fingers with hers, and says;    
My name's Tawnee.  What's yours, Officer?     	My name's Tawnee.  What's yours, Officer?     
Bonds.  Sonny Bonds.  I'm a policeman.     	Bonds.  Sonny Bonds.  I'm a policeman.     
You cringe at the colossally stupid words that just spilled from your mouth.  But Tawnee doesn't laugh at you.  She just smiles that smile and says;    	You cringe at the colossally stupid words that just spilled from your mouth.  But Tawnee doesn't laugh at you.  She just smiles that smile and says;    
I'm so sorry, Officer.  I just didn't see that stop sign.  I'm so embarrassed.  I promise I'll never do it again.  Please don't give me a ticket.       	I'm so sorry, Officer.  I just didn't see that stop sign.  I'm so embarrassed.  I promise I'll never do it again.  Please don't give me a ticket.       
Thanks again, Sonny-Bunny!  Call me, okay? 	Thanks again, Sonny-Bunny!  Call me, okay? 
LEAVE ME ALONE!	LEAVE ME ALONE!
Don't you think you should look at the young lady before you talk to her?	Don't you think you should look at the young lady before you talk to her?
The fact that she's an attractive young woman doesn't mean you should be any less cautious, nor should procedure be neglected. Too many before you have learned the ultimate lesson by becoming lax in these types of situations.	The fact that she's an attractive young woman doesn't mean you should be any less cautious, nor should procedure be neglected. Too many before you have learned the ultimate lesson by becoming lax in these types of situations.
Please, Officer Bonds?  I can't afford a ticket.  I'll be lucky if I can make my rent this month.  	Please, Officer Bonds?  I can't afford a ticket.  I'll be lucky if I can make my rent this month.  
Looking at the beautiful classic T-bird, you seriously doubt if that's true.  Tawnee is batting her eyes at you.  She bites her lip and says;  	Looking at the beautiful classic T-bird, you seriously doubt if that's true.  Tawnee is batting her eyes at you.  She bites her lip and says;  
Please?  I'll never do it again.  I promise.  	Please?  I'll never do it again.  I promise.  
As you look at that beautiful mouth, you freeze up like a jacklighted deer.  Tawnee apparently takes your stunned-puma expression for stony cop determination.  She looks straight into your eyes and says; 	As you look at that beautiful mouth, you freeze up like a jacklighted deer.  Tawnee apparently takes your stunned-puma expression for stony cop determination.  She looks straight into your eyes and says; 
Please, Officer Sonny.  I'll do anything if you'll let me go.  Anything.  	Please, Officer Sonny.  I'll do anything if you'll let me go.  Anything.  
She looks at you meaningfully.  Your vitals turn to jello. 	She looks at you meaningfully.  Your vitals turn to jello. 
Gee thanks!  I needed some new scratch paper. 	Gee thanks!  I needed some new scratch paper. 
Are you going to give Tawnee a ticket or just a warning? 	Are you going to give Tawnee a ticket or just a warning? 
You aren't going to change your mind about giving her a ticket, now are you?  	You aren't going to change your mind about giving her a ticket, now are you?  
You start to give her a ticket, then decide that you want to enjoy her company for just another moment.  Perhaps you should talk to her some more...  	You start to give her a ticket, then decide that you want to enjoy her company for just another moment.  Perhaps you should talk to her some more...  
It's Tony's, one of Lytton's trendier groceries.	It's Tony's, one of Lytton's trendier groceries.
What are you planning to do, walk up the wall?	What are you planning to do, walk up the wall?
The window shades are pulled.  You can't see inside. 	The window shades are pulled.  You can't see inside. 
Y'know, Bonds, if you stand in the middle of the street, someone will most likely run you over.	Y'know, Bonds, if you stand in the middle of the street, someone will most likely run you over.
A double yellow line means two way traffic, and no passing.  But you already knew that.  (Didn't you?)	A double yellow line means two way traffic, and no passing.  But you already knew that.  (Didn't you?)
No need to check the alarm, Bonds.	No need to check the alarm, Bonds.
It's the bell to the burglar alarm system.  If someone breaks in here, the whole street will know about it.	It's the bell to the burglar alarm system.  If someone breaks in here, the whole street will know about it.
A very expensive burglar alarm system.  The shop owners aren't taking any chances.	A very expensive burglar alarm system.  The shop owners aren't taking any chances.
You have business elsewhere.  Lurk in dark alleys on your own time.	You have business elsewhere.  Lurk in dark alleys on your own time.
It's a dark, narrow alley.  Looks like the perfect place for a policeman to be ambushed.	It's a dark, narrow alley.  Looks like the perfect place for a policeman to be ambushed.
Dammit, Bonds, you're a policeman, not a sign painter.	Dammit, Bonds, you're a policeman, not a sign painter.
Al's Bait and Tackle and D's Gunsmith have been in business for a very long time.  They have recently installed expensive alarm systems due to the dramatic rise in the crime rate.	Al's Bait and Tackle and D's Gunsmith have been in business for a very long time.  They have recently installed expensive alarm systems due to the dramatic rise in the crime rate.
As much as you admire it, you can't touch it.	As much as you admire it, you can't touch it.
The crosshairs in the "O" are tempting, but that would be pretty irresponsible, wouldn't it, Bonds?	The crosshairs in the "O" are tempting, but that would be pretty irresponsible, wouldn't it, Bonds?
What a snappy sign.  You particularly admire the crosshairs in the "O".	What a snappy sign.  You particularly admire the crosshairs in the "O".
Yes, he is frustrating and obnoxious, but shooting him would only result in your losing your job, and probably going to prison for ten or twenty years.  He's not worth it.	Yes, he is frustrating and obnoxious, but shooting him would only result in your losing your job, and probably going to prison for ten or twenty years.  He's not worth it.
Hey, Oshifer, you don' need to cuff me!  I'll be good, I shwear!  Oh, arright, arright.  Lishen, could you cuff me in the front?  I'm not feelin' sho good.  Be a shport, huh?  	Hey, Oshifer, you don' need to cuff me!  I'll be good, I shwear!  Oh, arright, arright.  Lishen, could you cuff me in the front?  I'm not feelin' sho good.  Be a shport, huh?  
You haven't placed that man under arrest yet, Bonds.  You have no business cuffing him.      	You haven't placed that man under arrest yet, Bonds.  You have no business cuffing him.      
Arresting a suspected drunken driver before administering a field sobriety test?  Your instructors back at the academy would be appalled.  	Arresting a suspected drunken driver before administering a field sobriety test?  Your instructors back at the academy would be appalled.  
I'm sorry, sir, but I have to follow departmental regulations. 	I'm sorry, sir, but I have to follow departmental regulations. 
Aw, shoot, Oshifer, you're no fun.    	Aw, shoot, Oshifer, you're no fun.    
Come on, Mr. Barnum.  Let's get in the car. 	Come on, Mr. Barnum.  Let's get in the car. 
All right, pard.  I'll cuff you in the front.  	All right, pard.  I'll cuff you in the front.  
Congratulations, Bonds.  You let a sloppy drunk give you a double-fisted slammer to the back of the head.  Maybe you should have cuffed him in the back, huh?  Don't worry, the neck brace will be off in 8 or 9 months...   	Congratulations, Bonds.  You let a sloppy drunk give you a double-fisted slammer to the back of the head.  Maybe you should have cuffed him in the back, huh?  Don't worry, the neck brace will be off in 8 or 9 months...   
You're returning the license of a potentially drunk driver, Bonds? 	You're returning the license of a potentially drunk driver, Bonds? 
The guy in the car rolls down his window, which seems to be a major effort for him.  He looks up at you, trying to hold his head steady.  You always find some amusement -- and disgust -- in the way hopelessly drunk people try so hard to look straight and nonchalant.	The guy in the car rolls down his window, which seems to be a major effort for him.  He looks up at you, trying to hold his head steady.  You always find some amusement -- and disgust -- in the way hopelessly drunk people try so hard to look straight and nonchalant.
No doubt about it, this guy's truly hammered. 	No doubt about it, this guy's truly hammered. 
His breath could knock a buzzard off a meat wagon.  He smells like a brewery tour.	His breath could knock a buzzard off a meat wagon.  He smells like a brewery tour.
I think you'd better come with me, Mr. Barnum.  	I think you'd better come with me, Mr. Barnum.  
Hey!  Hey, where'r ya takin' me, Oshifer?  Help!  Help!  	Hey!  Hey, where'r ya takin' me, Oshifer?  Help!  Help!  
The man is obviously frightened. You speak to him calmly and reassuringly.  You cleverly slip in his Miranda rights between the gentle words.   	The man is obviously frightened. You speak to him calmly and reassuringly.  You cleverly slip in his Miranda rights between the gentle words.   
Mr. Barnum performs his field sobriety test with the grace of a crude-oil-coated waterfowl. (Actually, the waterfowl probably would have done better.)       	Mr. Barnum performs his field sobriety test with the grace of a crude-oil-coated waterfowl. (Actually, the waterfowl probably would have done better.)       
Shouldn't you look at the gentleman first? 	Shouldn't you look at the gentleman first? 
Procedure, Bonds. Isn't there something you're forgetting?	Procedure, Bonds. Isn't there something you're forgetting?
I--I did'n do nothin' wrong, Oshifer. (belch).  I'm a reshpectable man.  	I--I did'n do nothin' wrong, Oshifer. (belch).  I'm a reshpectable man.  
May I see your license, please?  	May I see your license, please?  
My lish--lish--lishensh?  Shure, lessee.  No, thash my gun club card.  Here (hic) here we go--no wait, thash my library card.  Okay, here it ish. 	My lish--lish--lishensh?  Shure, lessee.  No, thash my gun club card.  Here (hic) here we go--no wait, thash my library card.  Okay, here it ish. 
Mr. Barnum, I'm going to conduct a field sobriety test to determine whether or not you are under the influence. I'd like you to stand on the line and walk toward me heel-to-toe. 	Mr. Barnum, I'm going to conduct a field sobriety test to determine whether or not you are under the influence. I'd like you to stand on the line and walk toward me heel-to-toe. 
You decide that this guy is about seven sheets to the wind.  A field sobriety test is in order. 	You decide that this guy is about seven sheets to the wind.  A field sobriety test is in order. 
Please step out of the car, Mr. Barnum.  	Please step out of the car, Mr. Barnum.  
You got it, Oshifer Pup!  Watch yer shoesees, I'm feelin' a little shick, haw haw! 	You got it, Oshifer Pup!  Watch yer shoesees, I'm feelin' a little shick, haw haw! 
There's no need to give a cuffed man a ticket.	There's no need to give a cuffed man a ticket.
You should determine the man's physical state before ticketing him.	You should determine the man's physical state before ticketing him.
You give Mr. Barnum a citation for unsafe driving.  	You give Mr. Barnum a citation for unsafe driving.  
A ticket?  For me?  Gosh, whaddo I win?  Haw haw.    	A ticket?  For me?  Gosh, whaddo I win?  Haw haw.    
Drive carefully on your way home, Mr. Barnum.     	Drive carefully on your way home, Mr. Barnum.     
Oh, I will, Oshifer.  Ish time for Bowling for Pedesh--Pedesh--People!  YAAAAAHOOOOOO!   	Oh, I will, Oshifer.  Ish time for Bowling for Pedesh--Pedesh--People!  YAAAAAHOOOOOO!   
Only a mile or two down the road, Mr. Barnum's car jumps the curb and hits five people at a bus stop.  Two of them die, one of them becomes paralyzed for life, and the other two escape with minor injuries.	Only a mile or two down the road, Mr. Barnum's car jumps the curb and hits five people at a bus stop.  Two of them die, one of them becomes paralyzed for life, and the other two escape with minor injuries.
Mr. Barnum ironically walks -- or, rather, staggers -- away from the wreck with hardly a scratch.	Mr. Barnum ironically walks -- or, rather, staggers -- away from the wreck with hardly a scratch.
The ticket you gave Mr. Barnum is found on the seat of the car.  As a result, you're held responsible for the accident and are promptly fired.  You let the people of Lytton down.	The ticket you gave Mr. Barnum is found on the seat of the car.  As a result, you're held responsible for the accident and are promptly fired.  You let the people of Lytton down.
That's totally disgusting, Bonds. 	That's totally disgusting, Bonds. 
Pigeon droppings. 	Pigeon droppings. 
Even if you could get up there, why would you want THAT?	Even if you could get up there, why would you want THAT?
Pigeon crap.  What did you expect would be next to a pack of pigeons? 	Pigeon crap.  What did you expect would be next to a pack of pigeons? 
You open the door for Mr. Barnum, who gets in shakily.  You truly hope he doesn't upchuck on your upholstery.	You open the door for Mr. Barnum, who gets in shakily.  You truly hope he doesn't upchuck on your upholstery.
Don't mess with the door, Bonds, you'll set off the burglar alarm.	Don't mess with the door, Bonds, you'll set off the burglar alarm.
The door is heavily barred to keep out burglars and vandals.	The door is heavily barred to keep out burglars and vandals.
You check out the white Chevy Beretta, noting its license plate number. 	You check out the white Chevy Beretta, noting its license plate number. 
Didn't your mother tell you that flies carry germs?	Didn't your mother tell you that flies carry germs?
Yes, it would make a fine trophy, but you shouldn't shoot it anyway.	Yes, it would make a fine trophy, but you shouldn't shoot it anyway.
That's the biggest fishing fly you've ever seen.	That's the biggest fishing fly you've ever seen.
Do other policemen dig in the trash, or is it just you, Bonds?	Do other policemen dig in the trash, or is it just you, Bonds?
It's a garbage can. It's full of garbage.	It's a garbage can. It's full of garbage.
The sign is painted on a piece of scrap metal.  The edges are sharp.  You should probably leave it alone.	The sign is painted on a piece of scrap metal.  The edges are sharp.  You should probably leave it alone.
The sign says "keep out", but you know damn well that lots of people ignore it.	The sign says "keep out", but you know damn well that lots of people ignore it.
Quit hugging bricks and try pounding the pavement once in awhile, Bonds.	Quit hugging bricks and try pounding the pavement once in awhile, Bonds.
Many merchants have thriving businesses on the streets of Lytton.  It is only recently that they have begun to feel threatened by crime. 	Many merchants have thriving businesses on the streets of Lytton.  It is only recently that they have begun to feel threatened by crime. 
SS173982 Bill Barnum 28 W. Deming Way Lytton, CA  	SS173982 Bill Barnum 28 W. Deming Way Lytton, CA  
Sex:M  Hair:Red  Eyes:Brown Ht:5-10  Wt:175 DOB:02-14-62 Rstr:None  	Sex:M  Hair:Red  Eyes:Brown Ht:5-10  Wt:175 DOB:02-14-62 Rstr:None  
You're moved to punch the lightpole in frustration, but you restrain yourself.	You're moved to punch the lightpole in frustration, but you restrain yourself.
It's a lightpole.	It's a lightpole.
Be careful, or you'll set off the alarm.	Be careful, or you'll set off the alarm.
This building houses Al's Bait and Tackle and the gunsmith shops.	This building houses Al's Bait and Tackle and the gunsmith shops.
Perhaps exiting the patrol car would make that task possible.	Perhaps exiting the patrol car would make that task possible.
Are you attempting to abandon your duties, Bonds? 	Are you attempting to abandon your duties, Bonds? 
It's your departmental issue patrol car. 	It's your departmental issue patrol car. 
You're supposed to be setting an example for the people of Lytton, Bonds. 	You're supposed to be setting an example for the people of Lytton, Bonds. 
Pigeons. (pij-ens) n. Any of a family of birds with stout bodies, short legs, and smooth, compact plumage.  Pigeons are found both in domestication and in the feral state in cities around the world.  In fact, two pigeons located in Lytton, CA are staring at Officer Sonny Bonds right now.   	Pigeons. (pij-ens) n. Any of a family of birds with stout bodies, short legs, and smooth, compact plumage.  Pigeons are found both in domestication and in the feral state in cities around the world.  In fact, two pigeons located in Lytton, CA are staring at Officer Sonny Bonds right now.   
It's a pigeon, not a parrot.	It's a pigeon, not a parrot.
Ah, the feel of fine cinderblock.	Ah, the feel of fine cinderblock.
The buildings are old, but sturdy.	The buildings are old, but sturdy.
This is one of the many streets on your beat.	This is one of the many streets on your beat.
It's just a sidewalk, Bonds.	It's just a sidewalk, Bonds.
The sidewalks are kind of grungy, but they look positively sterile compared with the carpeting in Wino Willy's...  	The sidewalks are kind of grungy, but they look positively sterile compared with the carpeting in Wino Willy's...  
If you're so scared of this pathetic gentleman that you feel the need to draw your gun, perhaps you should get into a less frightening line of work.  How about potato farming?  Accounting?  Maybe you could become a professional golfer...	If you're so scared of this pathetic gentleman that you feel the need to draw your gun, perhaps you should get into a less frightening line of work.  How about potato farming?  Accounting?  Maybe you could become a professional golfer...
Dispatch, this is 83-32.  Run wants on plate number BSOTD1.  	Dispatch, this is 83-32.  Run wants on plate number BSOTD1.  
Plate number BSOTD1, registered to William J. Barnum.  Two previous DUI convictions.  	Plate number BSOTD1, registered to William J. Barnum.  Two previous DUI convictions.  
Perhaps knowing the license plate number would make the call to dispatch more productive.	Perhaps knowing the license plate number would make the call to dispatch more productive.
Dispatch, this is 83-32. I'm still at the scene of a DUI stop. 83-32 out.	Dispatch, this is 83-32. I'm still at the scene of a DUI stop. 83-32 out.
Please step up to the car, sir. 	Please step up to the car, sir. 
No	No
Yes	Yes
Seeing stars, Bonds?  Mr. Barnum just clobbered you with a roundhouse right.  You should have followed departmental regulations regarding arrests.  You get a lot of sympathy -- and even more ribbing -- in a neck brace, Sonny...   	Seeing stars, Bonds?  Mr. Barnum just clobbered you with a roundhouse right.  You should have followed departmental regulations regarding arrests.  You get a lot of sympathy -- and even more ribbing -- in a neck brace, Sonny...   
There's no reason to touch the pavement.	There's no reason to touch the pavement.
Acres o' asphalt.  Otherwise known a street.	Acres o' asphalt.  Otherwise known a street.
You don't want it, you can't reach it, so forget it!	You don't want it, you can't reach it, so forget it!
The upstairs windows are boarded up.  The business owners probably got tired of people breaking them. 	The upstairs windows are boarded up.  The business owners probably got tired of people breaking them. 
Being careful not to set off the alarm, you wipe away a little of the dust and look inside.  Just as you suspected: it's a gun shop.   	Being careful not to set off the alarm, you wipe away a little of the dust and look inside.  Just as you suspected: it's a gun shop.   
The windows are barred.  A layer of dust prevents you from seeing inside.	The windows are barred.  A layer of dust prevents you from seeing inside.
You have better things to to.  Leave the alley-prowling to the tomcats.	You have better things to to.  Leave the alley-prowling to the tomcats.
It's another one of those dark, narrow, dangerous alleys.	It's another one of those dark, narrow, dangerous alleys.
You take the black book.	You take the black book.
Flipping through the book, you see many notes and entries.  You decide to wait and examine it more thoroughly after it's been booked into evidence.  You put it back in the glove box. 	Flipping through the book, you see many notes and entries.  You decide to wait and examine it more thoroughly after it's been booked into evidence.  You put it back in the glove box. 
It's brick.	It's brick.
One of the many businesses forced to close down by Lytton's crime problem.	One of the many businesses forced to close down by Lytton's crime problem.
You press the button, and hear a muffled thud from behind you.  Your heart leaps.  You turn around, only to discover that you've released the trunk latch. Whew!	You press the button, and hear a muffled thud from behind you.  Your heart leaps.  You turn around, only to discover that you've released the trunk latch. Whew!
A button is concealed inside the glove box.	A button is concealed inside the glove box.
You don't need to take the drugs out of the trunk.  They will be impounded with the car.	You don't need to take the drugs out of the trunk.  They will be impounded with the car.
You peek into the dumpster, and see things that will curb your appetite for the rest of your life.  You definitely do not want to touch anything in there.  	You peek into the dumpster, and see things that will curb your appetite for the rest of your life.  You definitely do not want to touch anything in there.  
It's an exceptionally nasty dumpster, filled with exceptionally nasty garbage. 	It's an exceptionally nasty dumpster, filled with exceptionally nasty garbage. 
Nobody answers, but you hear the scuttling of little feet, and lots of squeaks.  It's Rat City in there. 	Nobody answers, but you hear the scuttling of little feet, and lots of squeaks.  It's Rat City in there. 
That woman would rip you in half, Bonds.  Don't even think about it. 	That woman would rip you in half, Bonds.  Don't even think about it. 
Phil at the station told everyone about the plot of this "flick."  Her mother was bitten by a radioactive rat and tragically gave birth to Loree, half-rat, half-girl. She put up with the town's taunts and tormenting...until the night they killed her brother with a giant mousetrap. Now she's joined the Hell's Angels (men who appreciate a girl with furry legs), and Loree's gonna get even.	Phil at the station told everyone about the plot of this "flick."  Her mother was bitten by a radioactive rat and tragically gave birth to Loree, half-rat, half-girl. She put up with the town's taunts and tormenting...until the night they killed her brother with a giant mousetrap. Now she's joined the Hell's Angels (men who appreciate a girl with furry legs), and Loree's gonna get even.
This time, it's personal.	This time, it's personal.
It's an ad for "Loree: Rat Goddess of the Hell's Angels".    	It's an ad for "Loree: Rat Goddess of the Hell's Angels".    
Touching the bent bars, you see evidence that someone has recently tried to pry them open.  You shake your head in disgust.	Touching the bent bars, you see evidence that someone has recently tried to pry them open.  You shake your head in disgust.
The door is protected by a huge metal screen, but vandals have been at work anyway.	The door is protected by a huge metal screen, but vandals have been at work anyway.
You see a black book, what appear to be two driver's licenses, and a button.	You see a black book, what appear to be two driver's licenses, and a button.
You shouldn't mess around with another cop's unit.	You shouldn't mess around with another cop's unit.
Jack's patrol car looks amazingly like yours.	Jack's patrol car looks amazingly like yours.
You and Jack are buds, but you're not that close.	You and Jack are buds, but you're not that close.
It's your trusty fellow officer, Jack.	It's your trusty fellow officer, Jack.
Now's not the time for idle chat with Jack.  There's business to attend to.	Now's not the time for idle chat with Jack.  There's business to attend to.
Well handled, Sonny. Give me that piece and I'll take care of booking it into evidence while you search the vehicle.  	Well handled, Sonny. Give me that piece and I'll take care of booking it into evidence while you search the vehicle.  
You hand the gun to Jack.	You hand the gun to Jack.
Go ahead and move in, Sonny! I've got him covered!	Go ahead and move in, Sonny! I've got him covered!
PQ176203 Marvin Hoffman 331 W 104th St. Chicago, IL	PQ176203 Marvin Hoffman 331 W 104th St. Chicago, IL
Sex:M  Hair:Blk  Eyes:Blue Ht:6-00  Wt:194 DOB:06-02-61 Rstr:None  	Sex:M  Hair:Blk  Eyes:Blue Ht:6-00  Wt:194 DOB:06-02-61 Rstr:None  
You put the licenses back in the glove box, to be impounded with the car.	You put the licenses back in the glove box, to be impounded with the car.
SM823491 Leroy Pierson 11134 Beach St. Newport, CA 	SM823491 Leroy Pierson 11134 Beach St. Newport, CA 
Sex:M  Hair:Blk  Eyes:Blue Ht:6-00  Wt:196 DOB:04-28-60 Rstr:None 	Sex:M  Hair:Blk  Eyes:Blue Ht:6-00  Wt:196 DOB:04-28-60 Rstr:None 
You never get tired of looking at those pretty flashing lights.	You never get tired of looking at those pretty flashing lights.
Leaping out of your car to apprehend a dangerous suspect without any backup isn't the wisest decision you've ever made, Bonds.  Being a cop is more than being brave; you've got to use your brains.  Better luck next time.	Leaping out of your car to apprehend a dangerous suspect without any backup isn't the wisest decision you've ever made, Bonds.  Being a cop is more than being brave; you've got to use your brains.  Better luck next time.
There are no keys in the ignition.  The suspect evidently hotwired the car.	There are no keys in the ignition.  The suspect evidently hotwired the car.
You scratch the paint away.  The number is 603456218.  It's the right car! 	You scratch the paint away.  The number is 603456218.  It's the right car! 
You already did that.	You already did that.
You take a close look at the Mercedes' door.  Hmm, there seems to be black paint over the VIN number.	You take a close look at the Mercedes' door.  Hmm, there seems to be black paint over the VIN number.
The number is 603456218.  It's the right car! 	The number is 603456218.  It's the right car! 
You cautiously open the glove box.	You cautiously open the glove box.
It's the glove box.	It's the glove box.
Mercedes don't feel much different than any other car, Bonds. 	Mercedes don't feel much different than any other car, Bonds. 
You look the suspect vehicle over from your vantage point, noting the license plate number, its make and color. 	You look the suspect vehicle over from your vantage point, noting the license plate number, its make and color. 
It certainly looks like the silver Mercedes everyone has been talking about. 	It certainly looks like the silver Mercedes everyone has been talking about. 
That wouldn't be your most efficient time expenditure. You've got more important things to do now.	That wouldn't be your most efficient time expenditure. You've got more important things to do now.
The door displays the Lytton Police Department insignia.	The door displays the Lytton Police Department insignia.
Good job, Sonny.  See you back at the station.	Good job, Sonny.  See you back at the station.
Thanks, Jack.  And thanks for getting here so fast.	Thanks, Jack.  And thanks for getting here so fast.
Any time, man, any time.	Any time, man, any time.
It's your very own patrol car.	It's your very own patrol car.
You get the number of the license plate for the check. 	You get the number of the license plate for the check. 
Come on, Bonds, it wouldn't be jake for a cop to be tearing down posters.	Come on, Bonds, it wouldn't be jake for a cop to be tearing down posters.
It's the story of three young, nubile computer programmers with a thing for leather on their own in the big city.  Will corruption, sleaze and cheap hardware destroy them?  Will they find true love?  Will they get good jobs at a computer game company and live happily ever after...or will they sink into the pit of arcade depravity?	It's the story of three young, nubile computer programmers with a thing for leather on their own in the big city.  Will corruption, sleaze and cheap hardware destroy them?  Will they find true love?  Will they get good jobs at a computer game company and live happily ever after...or will they sink into the pit of arcade depravity?
The poster is an advertisement for "Naugahyde Goddesses of Oakhurst, Part VII, The Absolutely Final Chapter, No, Seriously, We Mean it This Time."   	The poster is an advertisement for "Naugahyde Goddesses of Oakhurst, Part VII, The Absolutely Final Chapter, No, Seriously, We Mean it This Time."   
You must be a Kitty Nicolman fan, but please restrain yourself.	You must be a Kitty Nicolman fan, but please restrain yourself.
Kitty Nicolman stars as a young princess who decides to take up race-car driving and accidentally kills her mother in the process.  She then falls under the sway of a handsome driver (Crom Truze) who gets her job after job in the race-car industry, jobs she would never have gotten without his connections.	Kitty Nicolman stars as a young princess who decides to take up race-car driving and accidentally kills her mother in the process.  She then falls under the sway of a handsome driver (Crom Truze) who gets her job after job in the race-car industry, jobs she would never have gotten without his connections.
It's an ad for "Monaco Princess". 	It's an ad for "Monaco Princess". 
You couldn't get through the armor anyway.	You couldn't get through the armor anyway.
Six identical sisters from the bayou can never get dates because they have tails and whiskers.  It looks like they'll live their lives alone with just their pet gators for company...until a spaceship full of Studley Possum Men show up!  Yow, it's wild possum passion in the savage swamp!  Lash that tail, baby!   	Six identical sisters from the bayou can never get dates because they have tails and whiskers.  It looks like they'll live their lives alone with just their pet gators for company...until a spaceship full of Studley Possum Men show up!  Yow, it's wild possum passion in the savage swamp!  Lash that tail, baby!   
It's an ad for "Vixens With Vestigal Tails Meet the Studley Possum Men from Outer Space". 	It's an ad for "Vixens With Vestigal Tails Meet the Studley Possum Men from Outer Space". 
You nervously pick up your radio. 	You nervously pick up your radio. 
Dispatch, this is 83-32. Requesting backup, code 3!  Repeat, 10-35, code 3! 	Dispatch, this is 83-32. Requesting backup, code 3!  Repeat, 10-35, code 3! 
After a few long, agonizing moments, Dispatch replies: 	After a few long, agonizing moments, Dispatch replies: 
83-32, be advised that 83-31 is responding code-3 to your location. 	83-32, be advised that 83-31 is responding code-3 to your location. 
Dispatch, this is 83-32 requesting 10-35.	Dispatch, this is 83-32 requesting 10-35.
83-32, 83-31 is enroute. ETA is 2 minutes.	83-32, 83-31 is enroute. ETA is 2 minutes.
You key the mike and request wants and warrants on the Mercedes and then anxiously await the response from dispatch.  	You key the mike and request wants and warrants on the Mercedes and then anxiously await the response from dispatch.  
83-32, that plate is registered to a maroon 1989 Honda. We show that vehicle reported stolen three months prior in the city of Steelton. 	83-32, that plate is registered to a maroon 1989 Honda. We show that vehicle reported stolen three months prior in the city of Steelton. 
You think to yourself that something about this vehicle isn't kosher. It does match the general description of a stolen vehicle mentioned in this morning's briefing. The color doesn't match, however.   	You think to yourself that something about this vehicle isn't kosher. It does match the general description of a stolen vehicle mentioned in this morning's briefing. The color doesn't match, however.   
Dispatch, this is 83-32. My 10-20 is near the northwest corner of Oak and Brock. 83-32 out. 	Dispatch, this is 83-32. My 10-20 is near the northwest corner of Oak and Brock. 83-32 out. 
Dispatch, this is 83-32. Will be transporting to jail shortly. 83-32 out.	Dispatch, this is 83-32. Will be transporting to jail shortly. 83-32 out.
It's concrete.	It's concrete.
You don't find very many cars illegally parked here.  Most people are afraid to leave their cars alone in this neighborhood.	You don't find very many cars illegally parked here.  Most people are afraid to leave their cars alone in this neighborhood.
You don't have enough room in your pockets for THAT!	You don't have enough room in your pockets for THAT!
One of the seamier streets of Lytton.	One of the seamier streets of Lytton.
Now there's an unpleasant and unproductive maneuver.	Now there's an unpleasant and unproductive maneuver.
You don't even want to think about what might be on the sidewalk in front of a place like this.	You don't even want to think about what might be on the sidewalk in front of a place like this.
You're supposed to be protecting the citizens of Lytton, not changing the bulbs in porno theater signs.  Stick to your duties, Bonds.	You're supposed to be protecting the citizens of Lytton, not changing the bulbs in porno theater signs.  Stick to your duties, Bonds.
Half of the dingy bulbs in the sign are burnt out.  The other half are covered with so much dust and grease that they may as well be burnt out.	Half of the dingy bulbs in the sign are burnt out.  The other half are covered with so much dust and grease that they may as well be burnt out.
There are some things you just have no reason to touch.  This is one of them!	There are some things you just have no reason to touch.  This is one of them!
The building's exterior certainly shows where the profits are NOT going.	The building's exterior certainly shows where the profits are NOT going.
Leave the ugly pop-culture icon alone, Bonds.	Leave the ugly pop-culture icon alone, Bonds.
The Sin City sign is a monument to bad taste.	The Sin City sign is a monument to bad taste.
You draw your service revolver.  It never felt so heavy in your hands before. 	You draw your service revolver.  It never felt so heavy in your hands before. 
Hey, Bonds! You'd better take some action - SOON!	Hey, Bonds! You'd better take some action - SOON!
Alright, Sonny! Excellent bust! No, AWESOME bust! Good thing you didn't forget his Miranda rights.	Alright, Sonny! Excellent bust! No, AWESOME bust! Good thing you didn't forget his Miranda rights.
At last, Officer Jack Cobb arrives.  You've never been so glad to see him in your life!	At last, Officer Jack Cobb arrives.  You've never been so glad to see him in your life!
83-32, this is 83-31.  I'll cover the passenger side while you make contact with the suspect.  Be careful, Sonny.  83-31 out. 	83-32, this is 83-31.  I'll cover the passenger side while you make contact with the suspect.  Be careful, Sonny.  83-31 out. 
Who would have known that he would have the dexterity to pull that Smith and Wesson out of his back pocket and blow you away while handcuffed?  Looks like you forgot one teeny bit of police procedure.  At least this perp will never bother anyone again...Jack ventilated him.  Not that it does you any good.	Who would have known that he would have the dexterity to pull that Smith and Wesson out of his back pocket and blow you away while handcuffed?  Looks like you forgot one teeny bit of police procedure.  At least this perp will never bother anyone again...Jack ventilated him.  Not that it does you any good.
XXX YOU PULL OVER THE STOLEN CAR SUSPECT, CALL AND WAIT FOR BACKUP, ARREST PERP, INSPECT CAR AND EVIDENCE AND THEN HEAD FOR JAIL TO BOOK SUSPECT.	XXX YOU PULL OVER THE STOLEN CAR SUSPECT, CALL AND WAIT FOR BACKUP, ARREST PERP, INSPECT CAR AND EVIDENCE AND THEN HEAD FOR JAIL TO BOOK SUSPECT.
There's nothing you can do here.  If this really was the scene of a crime, Homicide would have taken samples long ago.	There's nothing you can do here.  If this really was the scene of a crime, Homicide would have taken samples long ago.
There is a large, ugly stain on the sidewalk.  In this area of town, it could be a blood stain as easily as it could be an oil stain.	There is a large, ugly stain on the sidewalk.  In this area of town, it could be a blood stain as easily as it could be an oil stain.
There's no reason to touch the street, Bonds.	There's no reason to touch the street, Bonds.
Just another Lytton city street.  This one seems more badly kept than usual.	Just another Lytton city street.  This one seems more badly kept than usual.
Your partner blows the guy into next week, but too late to save you.  You should have followed proper police procedure, Bonds.  Better luck in your next life. 	Your partner blows the guy into next week, but too late to save you.  You should have followed proper police procedure, Bonds.  Better luck in your next life. 
Trying to cuff the suspect with your service revolver in your hand could prove dangerous to either or both of you.	Trying to cuff the suspect with your service revolver in your hand could prove dangerous to either or both of you.
You search the suspect, finding only some pocket change, a dried-up stick of gum...	You search the suspect, finding only some pocket change, a dried-up stick of gum...
And a Smith and Wesson .45 automatic.	And a Smith and Wesson .45 automatic.
You cuff the suspect while he insults your geneology, starting with your great-great-great-great grandfather.	You cuff the suspect while he insults your geneology, starting with your great-great-great-great grandfather.
You'll have to get him under control first.	You'll have to get him under control first.
A police officer can't afford to space out on the job, Bonds.  At least Jack blew the guy into next week as you were gunned down.	A police officer can't afford to space out on the job, Bonds.  At least Jack blew the guy into next week as you were gunned down.
Searching a dangerous suspect without first handcuffing them is an invitation to a broken skull...or worse.	Searching a dangerous suspect without first handcuffing them is an invitation to a broken skull...or worse.
You blow the suspect away.  That may be admirable behavior in the movies, but not in the real world.  Internal Affairs investigates, and six weeks later, you are bounced off the force. 	You blow the suspect away.  That may be admirable behavior in the movies, but not in the real world.  Internal Affairs investigates, and six weeks later, you are bounced off the force. 
You'll need to be standing for that.	You'll need to be standing for that.
Shoot an unarmed man when he's down? Get real, Bonds. You're a law enforcement officer. Shooting an unarmed man isn't going to win you any brownie points with Dooley.	Shoot an unarmed man when he's down? Get real, Bonds. You're a law enforcement officer. Shooting an unarmed man isn't going to win you any brownie points with Dooley.
The odds against hitting him while he's inside his vehicle are very slim.	The odds against hitting him while he's inside his vehicle are very slim.
You have no idea who it could be from here, but he sure looks seedy. 	You have no idea who it could be from here, but he sure looks seedy. 
You're still not sure exactly who this dirtbag is, but you know he's bad news.	You're still not sure exactly who this dirtbag is, but you know he's bad news.
Nice pea shooter. On your feet, bud. 	Nice pea shooter. On your feet, bud. 
Let's go, buddy.  Into the patrol car.	Let's go, buddy.  Into the patrol car.
I got your patrol car right here, you #$%&*#$@# pig...	I got your patrol car right here, you #$%&*#$@# pig...
I beg your pardon?	I beg your pardon?
I'm goin', I'm goin'. 	I'm goin', I'm goin'. 
You read the suspect his Miranda rights as he sulks in the back of the car. You're suddenly shaking with relief and excitement.  What a righteous bust!	You read the suspect his Miranda rights as he sulks in the back of the car. You're suddenly shaking with relief and excitement.  What a righteous bust!
You yell to the man in the car, but receive only a serious ringing in the ears as a response.	You yell to the man in the car, but receive only a serious ringing in the ears as a response.
PLEASE EXIT THE VEHICLE WITH YOUR HANDS RAISED! REPEAT, PLEASE EXIT THE VEHICLE WITH YOUR HANDS RAISED! 	PLEASE EXIT THE VEHICLE WITH YOUR HANDS RAISED! REPEAT, PLEASE EXIT THE VEHICLE WITH YOUR HANDS RAISED! 
The suspect seems to be taking some time to decide whether to follow your instructions.	The suspect seems to be taking some time to decide whether to follow your instructions.
I REPEAT! EXIT THE VEHICLE IMMEDIATELY WITH YOUR HANDS IN THE AIR. DO IT NOW! 	I REPEAT! EXIT THE VEHICLE IMMEDIATELY WITH YOUR HANDS IN THE AIR. DO IT NOW! 
HIT THE ASPHALT! FACE TO THE PAVEMENT! NOW!  	HIT THE ASPHALT! FACE TO THE PAVEMENT! NOW!  
No @#)%(@!#% way, you bastard!	No @#)%(@!#% way, you bastard!
I said, HIT THE DIRT!	I said, HIT THE DIRT!
The suspect decides to listen to the voice of reason.	The suspect decides to listen to the voice of reason.
Don't move. Don't even BREATHE.  You're in enough trouble right now as it is, sir, and I'd hate for you to say something that might be used against you in a court of law.	Don't move. Don't even BREATHE.  You're in enough trouble right now as it is, sir, and I'd hate for you to say something that might be used against you in a court of law.
You consider yelling to the suspect from inside the car, but decide that would merely make your ears ring.	You consider yelling to the suspect from inside the car, but decide that would merely make your ears ring.
HALT!	HALT!
RAISE YOUR HANDS OVER YOUR HEAD! 	RAISE YOUR HANDS OVER YOUR HEAD! 
The suspect hesitates for a moment, then seems to realize that he has no way out.	The suspect hesitates for a moment, then seems to realize that he has no way out.
You stand directly over the suspect.  You can see he's shaking.  He might do anything right now.	You stand directly over the suspect.  You can see he's shaking.  He might do anything right now.
Have you no moral fiber?  Shocking, Sonny, shocking.	Have you no moral fiber?  Shocking, Sonny, shocking.
The ticket window for the Sin City theatre.  It gives new meaning to the term, "filthy lucre".	The ticket window for the Sin City theatre.  It gives new meaning to the term, "filthy lucre".
Don't be silly.  	Don't be silly.  
The top of the Sin City sign is home to pigeons and lots of bad kharma. 	The top of the Sin City sign is home to pigeons and lots of bad kharma. 
The trunk is locked.  It won't budge.  You didn't realize Mercedes were still made so solidly.	The trunk is locked.  It won't budge.  You didn't realize Mercedes were still made so solidly.
You look into the open trunk and see some whitish plastic packages containing what appears to be cocaine and a few green bags containing a leafy substance which you assume to be marijuana.	You look into the open trunk and see some whitish plastic packages containing what appears to be cocaine and a few green bags containing a leafy substance which you assume to be marijuana.
You wonder what might be in the trunk.  No telling, with a perp like this one.	You wonder what might be in the trunk.  No telling, with a perp like this one.
You check and make sure the bars are securely locked into place.  They are.	You check and make sure the bars are securely locked into place.  They are.
The window is boarded and barred.  Pieces of shattered glass litter the sidewalk.	The window is boarded and barred.  Pieces of shattered glass litter the sidewalk.
You shake the bushes vigorously, and probably scare the hell out of a few squirrels.	You shake the bushes vigorously, and probably scare the hell out of a few squirrels.
The dense green bushes could conceal almost anything. 	The dense green bushes could conceal almost anything. 
If you want to talk to the bushes, you should've taken a White House tour.	If you want to talk to the bushes, you should've taken a White House tour.
As much as you'd like to rough this jerk up a bit, you restrain yourself.  One move like that could blow your career...especially if anyone around here has a video camera.	As much as you'd like to rough this jerk up a bit, you restrain yourself.  One move like that could blow your career...especially if anyone around here has a video camera.
This punk looks older and tougher than Simms, and less intimidated, too.  He probably thinks he'll be back on the streets within hours...and the sad thing is, he's probably right.	This punk looks older and tougher than Simms, and less intimidated, too.  He probably thinks he'll be back on the streets within hours...and the sad thing is, he's probably right.
Sumpthin' you want to tell me, Mr. Colby?	Sumpthin' you want to tell me, Mr. Colby?
Eat my shorts.	Eat my shorts.
Hey, snappy comeback, whiz kid. 	Hey, snappy comeback, whiz kid. 
Don't pick the flowers.  Another underpaid civil servant toiled long to put them there. 	Don't pick the flowers.  Another underpaid civil servant toiled long to put them there. 
Many lovely flowers grow in the park.  They are still carefully tended by the park's aging gardener, Bert.	Many lovely flowers grow in the park.  They are still carefully tended by the park's aging gardener, Bert.
The flowers are shy.  They must be wallflowers.	The flowers are shy.  They must be wallflowers.
You don't need to pick the grass. 	You don't need to pick the grass. 
The grass is green and pretty. 	The grass is green and pretty. 
You must be losing it, Bonds.	You must be losing it, Bonds.
When you were a kid, you loved to climb trees in this park.  But that was long ago and, it seems, a lifetime away.	When you were a kid, you loved to climb trees in this park.  But that was long ago and, it seems, a lifetime away.
Many tall, sturdy oak trees grace the park.	Many tall, sturdy oak trees grace the park.
The oak tree says:  "Prithee, good sir, hast thou seen Maid Marian?  Nay? Ah, well.  I wish thee good day." 	The oak tree says:  "Prithee, good sir, hast thou seen Maid Marian?  Nay? Ah, well.  I wish thee good day." 
Heads up, Bonds, you never know what you'll find in a city park.	Heads up, Bonds, you never know what you'll find in a city park.
This path leads into the park.	This path leads into the park.
You don't need that, Bonds.  It's nowhere near Christmas.	You don't need that, Bonds.  It's nowhere near Christmas.
Full, brushy pine trees give the park a lush appearance.	Full, brushy pine trees give the park a lush appearance.
As expected, the tree doesn't respond.  Perhaps it's pining away for another tree.	As expected, the tree doesn't respond.  Perhaps it's pining away for another tree.
What do you want to do, cause a foliage avalanche?	What do you want to do, cause a foliage avalanche?
The posts hold up the embankment.	The posts hold up the embankment.
This is the entrance to the Lytton City Park.	This is the entrance to the Lytton City Park.
There's nothing worth taking on the sidewalk.	There's nothing worth taking on the sidewalk.
The sidewalk has been recently swept.  Maybe Bert did it.	The sidewalk has been recently swept.  Maybe Bert did it.
The boy is so scared, he's shaking.  That's the way it is with kids; they never think they'll be caught, they think they'll live forever.  With any luck, this little experience will turn his life around.	The boy is so scared, he's shaking.  That's the way it is with kids; they never think they'll be caught, they think they'll live forever.  With any luck, this little experience will turn his life around.
Victor, how long have you been taking drugs? 	Victor, how long have you been taking drugs? 
Do I have to answer that?	Do I have to answer that?
No, but it might help.  You've already been arrested, Victor. Nothing you say will change that one way or another.  But if you help us out, we'll take that into account when we talk to the judge. 	No, but it might help.  You've already been arrested, Victor. Nothing you say will change that one way or another.  But if you help us out, we'll take that into account when we talk to the judge. 
Okay, I guess. Not too long. Maybe about six months. This guy at school gave me some coke at a party. I guess I kinda liked it, and I kept doing it...and then I couldn't stop. 	Okay, I guess. Not too long. Maybe about six months. This guy at school gave me some coke at a party. I guess I kinda liked it, and I kept doing it...and then I couldn't stop. 
Oh, ain't that just pitiful.  You sniveling little creep.	Oh, ain't that just pitiful.  You sniveling little creep.
I didn't ask you anything, Mr. Colby.  Victor, did you always buy from this...man?	I didn't ask you anything, Mr. Colby.  Victor, did you always buy from this...man?
Uh, no.  I used to buy from this guy named Jose Martinez, but I haven't seen him for awhile.  My friend Kathy Cobb and I were getting pretty desperate. Then Colby came up to me one day, and--  	Uh, no.  I used to buy from this guy named Jose Martinez, but I haven't seen him for awhile.  My friend Kathy Cobb and I were getting pretty desperate. Then Colby came up to me one day, and--  
SHUT UP!  Shut up, you little bastard!  One more word outta you and you're dead!	SHUT UP!  Shut up, you little bastard!  One more word outta you and you're dead!
Put a lid on it, Colby.  You're just digging yourself in deeper.	Put a lid on it, Colby.  You're just digging yourself in deeper.
Is there anything else you want to tell me, Victor? 	Is there anything else you want to tell me, Victor? 
Uh, not here, okay? 	Uh, not here, okay? 
I understand.  Let's go, Victor.  Get in the car. 	I understand.  Let's go, Victor.  Get in the car. 
Okay, come on, MISTER Colby. Get in the car. 	Okay, come on, MISTER Colby. Get in the car. 
Up yours. 	Up yours. 
I beg your pardon?  What did you say?  Oh, you said you'd like to spend the night in jail with a homicidal biker named Bone Crusher?  No problem, Mr. Colby, we can arrange that. 	I beg your pardon?  What did you say?  Oh, you said you'd like to spend the night in jail with a homicidal biker named Bone Crusher?  No problem, Mr. Colby, we can arrange that. 
Okay, I get the message, Miss Police Dog.  I'm gettin'. 	Okay, I get the message, Miss Police Dog.  I'm gettin'. 
Did you hear that, Sonny?  This is the barfbag who's been dealing to Jack's daughter!  He'll be delighted to hear this creep is off the streets. 	Did you hear that, Sonny?  This is the barfbag who's been dealing to Jack's daughter!  He'll be delighted to hear this creep is off the streets. 
Yeah!  I feel great about this one, Laura.  Let's take these guys in.  	Yeah!  I feel great about this one, Laura.  Let's take these guys in.  
There's nothing in the sky to grab.	There's nothing in the sky to grab.
The sky in Lytton is still pretty, but not as clear as it used to be.	The sky in Lytton is still pretty, but not as clear as it used to be.
Yes, the park is lovely this time of year, but you don't want to miss the bust, Bonds.  You might consider going into the park.	Yes, the park is lovely this time of year, but you don't want to miss the bust, Bonds.  You might consider going into the park.
This one looks like a minor.  Have you read him his rights?	This one looks like a minor.  Have you read him his rights?
Yes, I did.	Yes, I did.
Good.  We don't want to lose this one due to some damn technicality.	Good.  We don't want to lose this one due to some damn technicality.
Okay then.  Mister--Colby, is it?  How long have you been dealing to little boys, Mr. Colby?	Okay then.  Mister--Colby, is it?  How long have you been dealing to little boys, Mr. Colby?
Bite me.  I don't have to say nothin' to you, slut. 	Bite me.  I don't have to say nothin' to you, slut. 
Who are you working for, Mr. Colby?  Tell us and it might go easier on you.	Who are you working for, Mr. Colby?  Tell us and it might go easier on you.
Kiss my lily-white butt.  	Kiss my lily-white butt.  
Okay, I give up.  See if you can find anything out from the kid.	Okay, I give up.  See if you can find anything out from the kid.
You missed the bust, Sonny!!  Geez Louise, I didn't realize I was working with a rank AMATEUR here!  Why do I always get the screwups?  Morgan's gonna find me a partner who doesn't have his head up his butt or he's gonna have to restaff the whole @#)($@ DEPARTMENT!	You missed the bust, Sonny!!  Geez Louise, I didn't realize I was working with a rank AMATEUR here!  Why do I always get the screwups?  Morgan's gonna find me a partner who doesn't have his head up his butt or he's gonna have to restaff the whole @#)($@ DEPARTMENT!
Nice bust, Bonds.  You just forgot one little thing--you didn't search Victor Simms.  The boy panicked, and swallowed the packet of cocaine he had just purchased in an attempt to conceal it.  He died.  You were immediately suspended.  Remember, not following police procedure can cost people their lives--your own, or someone else's.   	Nice bust, Bonds.  You just forgot one little thing--you didn't search Victor Simms.  The boy panicked, and swallowed the packet of cocaine he had just purchased in an attempt to conceal it.  He died.  You were immediately suspended.  Remember, not following police procedure can cost people their lives--your own, or someone else's.   
This one looks like a minor. Did you read him his Miranda rights?	This one looks like a minor. Did you read him his Miranda rights?
Uh, no, not yet...	Uh, no, not yet...
Sonny, where's your brain?  Do it now!	Sonny, where's your brain?  Do it now!
Embarrased, you inform Victor of his rights.  How could you have forgotten a thing like that?  You hope Laura hasn't lost confidence in you. 	Embarrased, you inform Victor of his rights.  How could you have forgotten a thing like that?  You hope Laura hasn't lost confidence in you. 
Okay, Sonny, we've been given a tip that a drug deal is going down in the park this afternoon.  What we need to do is this:  You go straight into the park, and position yourself so that you can watch the bench without being observed.  I'll go around the side and cover the park's other entrance.  Any questions?  	Okay, Sonny, we've been given a tip that a drug deal is going down in the park this afternoon.  What we need to do is this:  You go straight into the park, and position yourself so that you can watch the bench without being observed.  I'll go around the side and cover the park's other entrance.  Any questions?  
No.  Geez, Laura, I used to play in this park when I was a kid.  We used to come here to neck when I was in high school.  This is kind of sad.  	No.  Geez, Laura, I used to play in this park when I was a kid.  We used to come here to neck when I was in high school.  This is kind of sad.  
Sure as hell is.  There are more dealers than ever, and they're getting meaner than ever, too.  Lytton's changing, Sonny.  Anyway, let's not waste time.  Go on in, I'll see you later.  	Sure as hell is.  There are more dealers than ever, and they're getting meaner than ever, too.  Lytton's changing, Sonny.  Anyway, let's not waste time.  Go on in, I'll see you later.  
You should've searched him back when you first cuffed him.  It's a little late now.	You should've searched him back when you first cuffed him.  It's a little late now.
You've already done that!  Keep your mind on your work, Bonds.	You've already done that!  Keep your mind on your work, Bonds.
Leave that plant alone, Bonds.  It looks hungry. 	Leave that plant alone, Bonds.  It looks hungry. 
It's a plant with long, spidery leaves.	It's a plant with long, spidery leaves.
There's nothing to be found on street.	There's nothing to be found on street.
The park is a refreshing change from pounding the streets.	The park is a refreshing change from pounding the streets.
The old concrete bench still feels pretty sturdy.	The old concrete bench still feels pretty sturdy.
A park bench.  You smile, remembering summer evenings in the park with your best girl.	A park bench.  You smile, remembering summer evenings in the park with your best girl.
You wish you had an eraser, but you don't.  There's nothing you can do.	You wish you had an eraser, but you don't.  There's nothing you can do.
You take a good, close look at the drawing.  It's a picture of...Yikes!  After blushing and clearing your throat a few times, you try to forget you ever saw that drawing.  	You take a good, close look at the drawing.  It's a picture of...Yikes!  After blushing and clearing your throat a few times, you try to forget you ever saw that drawing.  
Pretty Birch trees.  You remember that folk artists used to use birchbark to draw on.  Hmm, it looks like there's a drawing on this one...	Pretty Birch trees.  You remember that folk artists used to use birchbark to draw on.  Hmm, it looks like there's a drawing on this one...
The birch tree stands in mute embarrassment of the grafitti it now wears on its trunk.	The birch tree stands in mute embarrassment of the grafitti it now wears on its trunk.
Not the right move, Bonds.	Not the right move, Bonds.
Yeah, he's trash, but if we shot every useless person we encountered, we'd be up to our noses in dead folk, now wouldn't we?  Chill, Bonds. 	Yeah, he's trash, but if we shot every useless person we encountered, we'd be up to our noses in dead folk, now wouldn't we?  Chill, Bonds. 
He's druggie trash.  Probably sells to a lot of kids.  Get 'em while they're young, that's the slogan.	He's druggie trash.  Probably sells to a lot of kids.  Get 'em while they're young, that's the slogan.
You touch the leaves, wishing your houseplants would grow that big.  Actually, you wish your houseplants would grow at all.	You touch the leaves, wishing your houseplants would grow that big.  Actually, you wish your houseplants would grow at all.
A big, green, vigorous tropical plant.	A big, green, vigorous tropical plant.
The plant's leaves wave happily back and forth as it basks in your affection.	The plant's leaves wave happily back and forth as it basks in your affection.
You throw away the three donut wrappers that have been in your pocket since last Tuesday.	You throw away the three donut wrappers that have been in your pocket since last Tuesday.
It's a garbage can.  Give a hoot, don't pollute!	It's a garbage can.  Give a hoot, don't pollute!
The blades are soft and springy.	The blades are soft and springy.
Nice, green, perfectly trimmed grass.  Every suburbanite's ideal.	Nice, green, perfectly trimmed grass.  Every suburbanite's ideal.
The grass is feeling non-communicative today.	The grass is feeling non-communicative today.
The park is full of beautiful plants.  Someone obviously takes good care of them.  It's probably Bert, the elusive gardener. 	The park is full of beautiful plants.  Someone obviously takes good care of them.  It's probably Bert, the elusive gardener. 
No one's actually seen Bert for ten years, but it's said that if you leave a bowl of grape nuts on your front porch when the moon is full, he just might mow your lawn for you.  	No one's actually seen Bert for ten years, but it's said that if you leave a bowl of grape nuts on your front porch when the moon is full, he just might mow your lawn for you.  
Whether the story is true or not, they really are nifty plants. 	Whether the story is true or not, they really are nifty plants. 
You have better things to do.  (It would be fun to feel that mud squishing between your toes, though...nah.)	You have better things to do.  (It would be fun to feel that mud squishing between your toes, though...nah.)
A pretty little creek.  It used to be full of ducks.  The ducks have long since moved to a safer neighborhood. 	A pretty little creek.  It used to be full of ducks.  The ducks have long since moved to a safer neighborhood. 
The Last Duck of Bert's Park answers, from his hiding place:  	The Last Duck of Bert's Park answers, from his hiding place:  
"Shove off, copper!  Where were you when those hoodlums barbequed my Uncle Frank?  Where were you when they used Aunt Flozetta to stuff a pillow?  You law enforcement types have no respect for waterfowl.  Who needs ya." 	"Shove off, copper!  Where were you when those hoodlums barbequed my Uncle Frank?  Where were you when they used Aunt Flozetta to stuff a pillow?  You law enforcement types have no respect for waterfowl.  Who needs ya." 
You key the radio and quietly let Laura know that you're in position. She responds, "10-4."	You key the radio and quietly let Laura know that you're in position. She responds, "10-4."
You hear Laura over the radio, "Bonds, keep it quiet or you'll screw-up the operation." You wisely decide to shut up.	You hear Laura over the radio, "Bonds, keep it quiet or you'll screw-up the operation." You wisely decide to shut up.
You key the mike, "Laura, I'm movin' in."	You key the mike, "Laura, I'm movin' in."
You step out from the bushes and yell;	You step out from the bushes and yell;
You key the radio to talk to Laura. She's responds by telling you to get in position and keep quiet until it's time to make the bust.	You key the radio to talk to Laura. She's responds by telling you to get in position and keep quiet until it's time to make the bust.
This is the lovely Lytton City Park.	This is the lovely Lytton City Park.
You pick up a gum wrapper and throw it in the garbage.  Gosh, you feel good about yourself!	You pick up a gum wrapper and throw it in the garbage.  Gosh, you feel good about yourself!
The sidewalk winds through the park.  It used to be a nice place to go strolling on summer nights.  Now only criminals, drug addicts, and the terminally stupid are found in the park after sunset. 	The sidewalk winds through the park.  It used to be a nice place to go strolling on summer nights.  Now only criminals, drug addicts, and the terminally stupid are found in the park after sunset. 
Hey!  Hey, what are you doing?  You don't need those.  Please, man, don't!	Hey!  Hey, what are you doing?  You don't need those.  Please, man, don't!
Trying to handcuff a suspect while holding your service revolver could get one or both of you killed, Bonds. Holster it first. 	Trying to handcuff a suspect while holding your service revolver could get one or both of you killed, Bonds. Holster it first. 
Sorry, son, it's police procedure.  They'll come off as soon as you go through booking. 	Sorry, son, it's police procedure.  They'll come off as soon as you go through booking. 
You aren't gonna beat me with a rubber hose or anything, are ya?	You aren't gonna beat me with a rubber hose or anything, are ya?
No, Victor.  You've been watching too much TV.  I'm not going to hurt you. 	No, Victor.  You've been watching too much TV.  I'm not going to hurt you. 
You find a stick of gum, a movie ticket stub, and a cellophane packet of a white, powdery substance that resembles cocaine.  You'll turn the stuff over to Detective Watts to book into evidence. 	You find a stick of gum, a movie ticket stub, and a cellophane packet of a white, powdery substance that resembles cocaine.  You'll turn the stuff over to Detective Watts to book into evidence. 
Perhaps you should have cuffed the young fellow before attempting to search him.  Lt. Morgan was not happy to discover that you let a 17-year-old boy outsmart you.  You've been busted back down to Traffic patrol. 	Perhaps you should have cuffed the young fellow before attempting to search him.  Lt. Morgan was not happy to discover that you let a 17-year-old boy outsmart you.  You've been busted back down to Traffic patrol. 
Searching a perp with your gun still in your hand could cost one or both of you your lives, Bonds. 	Searching a perp with your gun still in your hand could cost one or both of you your lives, Bonds. 
You may think that shooting an unarmed suspect is the right thing to do, but, unfortunately, the police department and the justice system just don't see it your way.  After you were kicked off the force, you were brought up on murder charges. 	You may think that shooting an unarmed suspect is the right thing to do, but, unfortunately, the police department and the justice system just don't see it your way.  After you were kicked off the force, you were brought up on murder charges. 
After cuffing and searching the individual, you notify him that he's under arrest and begin to read him his Miranda rights. 	After cuffing and searching the individual, you notify him that he's under arrest and begin to read him his Miranda rights. 
You have the right to remain silent. What you say may be used against you in a court of law. You have the right to an attorney. 	You have the right to remain silent. What you say may be used against you in a court of law. You have the right to an attorney. 
If you can not afford an attorney, one will be appointed to represent you before questioning, if you wish.	If you can not afford an attorney, one will be appointed to represent you before questioning, if you wish.
Very good, Bonds. You've successfully completed your first bust since joining Narcotics. 	Very good, Bonds. You've successfully completed your first bust since joining Narcotics. 
No, but it would be helpful to us.  You've already been arrested, Victor. Nothing you say will change that one way or another.  But if you help us out, we'll take that into account when we talk to the judge.	No, but it would be helpful to us.  You've already been arrested, Victor. Nothing you say will change that one way or another.  But if you help us out, we'll take that into account when we talk to the judge.
Okay, I guess.  Not too long.  Just about six months, I guess.  This guy at school gave me some coke at a party.  I guess I kinda liked it, and I kept doing it...and then I couldn't stop.	Okay, I guess.  Not too long.  Just about six months, I guess.  This guy at school gave me some coke at a party.  I guess I kinda liked it, and I kept doing it...and then I couldn't stop.
Uh, no.  I used to buy from this guy named Jose Martinez, but I haven't seen him for awhile.  My friend Kathy Cobb and I were getting pretty desperate.  Then Colby came up to me one day, and--  	Uh, no.  I used to buy from this guy named Jose Martinez, but I haven't seen him for awhile.  My friend Kathy Cobb and I were getting pretty desperate.  Then Colby came up to me one day, and--  
Uh, not here, Okay?	Uh, not here, Okay?
Up yours, bitch.	Up yours, bitch.
I beg your pardon?  What did you say?  Oh, you said you'd like to spend the night in jail with a homicidal biker named Bone Crusher?  No problem, Mr. Colby, we can do that.	I beg your pardon?  What did you say?  Oh, you said you'd like to spend the night in jail with a homicidal biker named Bone Crusher?  No problem, Mr. Colby, we can do that.
Yeah!  I feel really good about this one, Laura.  Let's take these guys in. 	Yeah!  I feel really good about this one, Laura.  Let's take these guys in. 
I'm not going to shoot you, son.  Put your hands over your head.	I'm not going to shoot you, son.  Put your hands over your head.
HALT! I'm a police officer!  	HALT! I'm a police officer!  
I'm halting, I'm halting!  Don't shoot me, okay?  	I'm halting, I'm halting!  Don't shoot me, okay?  
What's your name? 	What's your name? 
Vuh--Victor Simms.  What are you going to do to me?	Vuh--Victor Simms.  What are you going to do to me?
Victor, I'm going to arrest you for suspicion of possesion or purchase of cocaine.  You have the right to remain silent...  	Victor, I'm going to arrest you for suspicion of possesion or purchase of cocaine.  You have the right to remain silent...  
You read the kid his Miranda rights, and ask him if he fully understands them.  He says yes, but you're pretty sure he didn't even really hear them.  He's terrified. 	You read the kid his Miranda rights, and ask him if he fully understands them.  He says yes, but you're pretty sure he didn't even really hear them.  He's terrified. 
You hold up your finger to see which way the wind is blowing.  	You hold up your finger to see which way the wind is blowing.  
The sky always looks better when seen through the trees.	The sky always looks better when seen through the trees.
You draw your service revolver.	You draw your service revolver.
You've already read him his rights.  Time to proceed.	You've already read him his rights.  Time to proceed.
You've already taken care of that.	You've already taken care of that.
Good job, Bonds, you arrested them before the drugs had changed hands.  The case was thrown out of court.  When Lt. Morgan found out you couldn't handle a simple drug bust, he dropped you out of Narcotics within the hour.   	Good job, Bonds, you arrested them before the drugs had changed hands.  The case was thrown out of court.  When Lt. Morgan found out you couldn't handle a simple drug bust, he dropped you out of Narcotics within the hour.   
Where is that little creep, anyway? 	Where is that little creep, anyway? 
"Kiss this," he says while displaying what is probably his best side. 	"Kiss this," he says while displaying what is probably his best side. 
FREEZE! POLICE!   	FREEZE! POLICE!   
I see you caught the other one, Sonny.  Good job.	I see you caught the other one, Sonny.  Good job.
Looks like he was probably the star of his high school track team, huh?  Lt. Morgan was not pleased that you couldn't handle a simple drug bust.  You've been sent back to Traffic patrol.  Maybe next time you'll remember to cuff your suspects. 	Looks like he was probably the star of his high school track team, huh?  Lt. Morgan was not pleased that you couldn't handle a simple drug bust.  You've been sent back to Traffic patrol.  Maybe next time you'll remember to cuff your suspects. 
Hey, that boy can move!  Guess you should have ordered him to "halt", huh, Bonds?  After you fouled up this simple drug bust, Lt. Morgan lost all confidence in you.  You're back on traffic patrol.  	Hey, that boy can move!  Guess you should have ordered him to "halt", huh, Bonds?  After you fouled up this simple drug bust, Lt. Morgan lost all confidence in you.  You're back on traffic patrol.  
Looks like they weren't very afraid of you.  Have a weapon ready next time. 	Looks like they weren't very afraid of you.  Have a weapon ready next time. 
Nice bust, Bonds.  You just forgot one little thing--you didn't search Victor Simms.  The boy panicked, and swallowed the packet of cocaine he had just purchased in an attempt to conceal it.  He died.  You were immediately suspended. Remember, not following police procedure can cost people their lives--your own, or someone else's.  	Nice bust, Bonds.  You just forgot one little thing--you didn't search Victor Simms.  The boy panicked, and swallowed the packet of cocaine he had just purchased in an attempt to conceal it.  He died.  You were immediately suspended. Remember, not following police procedure can cost people their lives--your own, or someone else's.  
Not now, Bonds!  Follow procedure!	Not now, Bonds!  Follow procedure!
You're late.  Where the hell were you, Simms?	You're late.  Where the hell were you, Simms?
I'm sorry, man.  I couldn't get away.  My mom--	I'm sorry, man.  I couldn't get away.  My mom--
Your mom?  Your MOM?  Man, I should have known better than to deal with little pukes in diapers like you.  Forget it.  I'm outta here, man.	Your mom?  Your MOM?  Man, I should have known better than to deal with little pukes in diapers like you.  Forget it.  I'm outta here, man.
No!  No, wait, please!  I have the money!  All of it, right here!  Please, let me have the stuff.  I need it, man!	No!  No, wait, please!  I have the money!  All of it, right here!  Please, let me have the stuff.  I need it, man!
Well...all right.  I can be a nice guy.  But the price is going up next time.  And don't you ever be late again, do you understand me?	Well...all right.  I can be a nice guy.  But the price is going up next time.  And don't you ever be late again, do you understand me?
I--I understand.  I'm sorry.	I--I understand.  I'm sorry.
You'd better be.  I don't need you, punk, I've got a thousand like you waiting in the wings.  It would be nothing to me to squash you like a bug.	You'd better be.  I don't need you, punk, I've got a thousand like you waiting in the wings.  It would be nothing to me to squash you like a bug.
Okay, man.  I get it, man.	Okay, man.  I get it, man.
Who the hell are you?  Oh, man!  I'm outta here right NOW!	Who the hell are you?  Oh, man!  I'm outta here right NOW!
Hey, hey, what's going on?  Who are you?  Oh, God, are you a cop?	Hey, hey, what's going on?  Who are you?  Oh, God, are you a cop?
Hey--who the hell are you?  I'm outta here, man.  This ain't worth the trouble.  	Hey--who the hell are you?  I'm outta here, man.  This ain't worth the trouble.  
By standing out in the open radiating cop vibes, you just scared the perp away, Bonds.  When Lt. Morgan found out that you couldn't even handle a simple drug bust, you were promptly reassigned to traffic patrol.	By standing out in the open radiating cop vibes, you just scared the perp away, Bonds.  When Lt. Morgan found out that you couldn't even handle a simple drug bust, you were promptly reassigned to traffic patrol.
Handcuffing a dead man could get you kicked off the force for screwing around, Bonds.	Handcuffing a dead man could get you kicked off the force for screwing around, Bonds.
You lift the sheet off of the body.  He's looking pretty bad.  You guess he's been in the river for a day or two.  Oh well, it could be worse.  It could have been a week or two.	You lift the sheet off of the body.  He's looking pretty bad.  You guess he's been in the river for a day or two.  Oh well, it could be worse.  It could have been a week or two.
His body squishes when you prod it. You're pretty certain if you touch him again, you'll throw up.	His body squishes when you prod it. You're pretty certain if you touch him again, you'll throw up.
You carefully replace the sheet on the body. 	You carefully replace the sheet on the body. 
That's as disgusting as it is pointless.	That's as disgusting as it is pointless.
Yep, this is just about the deadest body you've ever seen in Lytton.	Yep, this is just about the deadest body you've ever seen in Lytton.
The poor guy is pretty seriously dead.  You wonder what happened to him.	The poor guy is pretty seriously dead.  You wonder what happened to him.
He's very gray and waterlogged.  You feel the contents of your stomach slowly rolling around.	He's very gray and waterlogged.  You feel the contents of your stomach slowly rolling around.
Come on, no one's that twisted. 	Come on, no one's that twisted. 
Doodling on dead men is socially unacceptable, Bonds.	Doodling on dead men is socially unacceptable, Bonds.
Wouldn't you have been freaked out if he'd answered you?	Wouldn't you have been freaked out if he'd answered you?
What, are you going to give him a ticket for public decay?	What, are you going to give him a ticket for public decay?
Don't mess with someone else's unit, at least not without their consent.	Don't mess with someone else's unit, at least not without their consent.
You recognize that. You we're driving one just like it until your temporary promotion.	You recognize that. You we're driving one just like it until your temporary promotion.
You should concentrate on adversaries more intense than crabgrass.	You should concentrate on adversaries more intense than crabgrass.
The spring rains have things around here a little greener than usual.	The spring rains have things around here a little greener than usual.
You don't need any grass or dirt, Bonds.	You don't need any grass or dirt, Bonds.
Grass covers the rich earth by the stream.	Grass covers the rich earth by the stream.
I think it might be Taselli. I can't be sure, though.	I think it might be Taselli. I can't be sure, though.
Think so? Nothing like a solid opinion. Thanks, Sonny.	Think so? Nothing like a solid opinion. Thanks, Sonny.
Yeah, thanks, Sonny. We'll inform dispatch.	Yeah, thanks, Sonny. We'll inform dispatch.
I'm afraid it's Jason Taselli.	I'm afraid it's Jason Taselli.
What are you afraid of?  He's dead!  Ha ha ha!	What are you afraid of?  He's dead!  Ha ha ha!
Poor sucker didn't get too far, did he?	Poor sucker didn't get too far, did he?
Oh, I don't know, he got all the way downstream!  Ha ha!  Thanks, Sonny.	Oh, I don't know, he got all the way downstream!  Ha ha!  Thanks, Sonny.
Don't pester Officer Ballew.  He's busy. 	Don't pester Officer Ballew.  He's busy. 
It's Officer Todd Ballew.	It's Officer Todd Ballew.
Hey, Todd, what do we have here?	Hey, Todd, what do we have here?
Dead guy, Sonny.  Whatsa matter, something wrong with your nose?	Dead guy, Sonny.  Whatsa matter, something wrong with your nose?
We got an anonymous phone call about him just a few minutes ago.  Sounded like a kid.  Poor little guy was probably out riding his bike, and came across this.  Bummer, huh? 	We got an anonymous phone call about him just a few minutes ago.  Sounded like a kid.  Poor little guy was probably out riding his bike, and came across this.  Bummer, huh? 
Yeah, poor little guy.  The way the kids in this town have been acting lately, I wouldn't be surprised if the kid offed him with his slingshot!	Yeah, poor little guy.  The way the kids in this town have been acting lately, I wouldn't be surprised if the kid offed him with his slingshot!
Ha ha!  He was probably looking for bubble gum money. 	Ha ha!  He was probably looking for bubble gum money. 
You guys are twisted, you know that? 	You guys are twisted, you know that? 
Hey, if I wasn't making jokes, I'd be barfing my heels!	Hey, if I wasn't making jokes, I'd be barfing my heels!
I hear you on that one, bud.	I hear you on that one, bud.
Investigate if you're gonna, Sonny.  The coroner is coming for this dude any minute now.	Investigate if you're gonna, Sonny.  The coroner is coming for this dude any minute now.
Officer Ballew is busy.	Officer Ballew is busy.
Officer Shannon is looking a little green around the gills there, Bonds.  You probably shouldn't touch him.	Officer Shannon is looking a little green around the gills there, Bonds.  You probably shouldn't touch him.
It's Officer Mike Shannon. 	It's Officer Mike Shannon. 
Hey, Sonny, what's up?  I hear you found a dead guy the other day. We have one, too, so there!	Hey, Sonny, what's up?  I hear you found a dead guy the other day. We have one, too, so there!
Mike always did have an odd sense of humor.	Mike always did have an odd sense of humor.
Oh, man, I'm not feelin' so hot.	Oh, man, I'm not feelin' so hot.
Officer Shannon doesn't feel like talking right now.  I wouldn't get too close to him if I were you, Bonds.	Officer Shannon doesn't feel like talking right now.  I wouldn't get too close to him if I were you, Bonds.
There's more than a little poison sumac in the immediate vicinty, Bonds.  	There's more than a little poison sumac in the immediate vicinty, Bonds.  
Looking at all the plants that grow in the Cove, you try to imagine Lytton before it was a city.  You wonder if the whole area was this green and beautiful. 	Looking at all the plants that grow in the Cove, you try to imagine Lytton before it was a city.  You wonder if the whole area was this green and beautiful. 
The plants whisper in the breeze.  If they are talking, they are talking only to each other.	The plants whisper in the breeze.  If they are talking, they are talking only to each other.
Were you able to reach them from here, you'd find them to feel very rock-like. 	Were you able to reach them from here, you'd find them to feel very rock-like. 
Outcroppings of rock show here and there where stream erosion has stripped the earth away.	Outcroppings of rock show here and there where stream erosion has stripped the earth away.
This is Cotton Cove.	This is Cotton Cove.
That's your sporty personal cruiser.	That's your sporty personal cruiser.
It's your undercover vehicle. It was confiscated in a large drug bust upstate and issued to the department through a program which redistributes siezed assets to local law enforcement agencies. 	It's your undercover vehicle. It was confiscated in a large drug bust upstate and issued to the department through a program which redistributes siezed assets to local law enforcement agencies. 
That's your police issue patrol car. 	That's your police issue patrol car. 
So who is he, dude?  Do you have any idea?	So who is he, dude?  Do you have any idea?
See you later, Sonny.	See you later, Sonny.
Yeah, pleasant dreams, Sonny.  Ha ha!	Yeah, pleasant dreams, Sonny.  Ha ha!
Later, you ghouls! 	Later, you ghouls! 
A dip in the stream would be refreshing, but there are more urgent matters at hand.	A dip in the stream would be refreshing, but there are more urgent matters at hand.
A good-sized stream runs through the Cove.  You used to fish for crawdads here as a boy.	A good-sized stream runs through the Cove.  You used to fish for crawdads here as a boy.
Well, that was repulsive and gratuitous.	Well, that was repulsive and gratuitous.
A rose tattoo!  It's Taselli!  Geez, he didn't get too far.  	A rose tattoo!  It's Taselli!  Geez, he didn't get too far.  
The dead man has a tattoo over his left nipple.  It appears to be a red rose.	The dead man has a tattoo over his left nipple.  It appears to be a red rose.
You touch the tree affectionately, wondering if this was the one you carved your initials on in the sixth grade.  You feel a brief pang of guilt.	You touch the tree affectionately, wondering if this was the one you carved your initials on in the sixth grade.  You feel a brief pang of guilt.
These trees have grown in the cove for as long as you can remember.	These trees have grown in the cove for as long as you can remember.
The tree says:  "I remember you.  You just keep your pocket knife away from me, Bucko!"	The tree says:  "I remember you.  You just keep your pocket knife away from me, Bucko!"
Just walk up to them.  They're automatic.	Just walk up to them.  They're automatic.
Stunning Art Deco doors.	Stunning Art Deco doors.
Keep your hands off the asphalt. 	Keep your hands off the asphalt. 
It's the driveway.  This is where the valet would take your car and park it for you, if you were staying at the hotel.	It's the driveway.  This is where the valet would take your car and park it for you, if you were staying at the hotel.
The HD doesn't mean High Density in this case.  It means Hotel Delphoria.	The HD doesn't mean High Density in this case.  It means Hotel Delphoria.
Try walking on it.	Try walking on it.
It's the mat that triggers the automatic doors of the Hotel Delphoria.	It's the mat that triggers the automatic doors of the Hotel Delphoria.
That's the street address of the Hotel Delphoria.	That's the street address of the Hotel Delphoria.
If this were one of these incredibly improbable cop movies full of car chases and shootouts, you'd probably end up diving out of an upper story window and landing safely on this overhang at some point.  But it isn't.  And you won't. 	If this were one of these incredibly improbable cop movies full of car chases and shootouts, you'd probably end up diving out of an upper story window and landing safely on this overhang at some point.  But it isn't.  And you won't. 
Nice maroon overhang, as maroon overhangs go.	Nice maroon overhang, as maroon overhangs go.
Leave the poles alone.	Leave the poles alone.
These poles hold up the overhang.  They get knocked down by an old lady with blue hair or a little old man in a fedora driving a 150- foot RV at least once a year.	These poles hold up the overhang.  They get knocked down by an old lady with blue hair or a little old man in a fedora driving a 150- foot RV at least once a year.
This is the semi-beautiful, outrageously expensive Hotel Delphoria. 	This is the semi-beautiful, outrageously expensive Hotel Delphoria. 
Clean sidewalks! 	Clean sidewalks! 
The sidewalks in front of the Delphoria are sparkling ribbons of pure white concrete.	The sidewalks in front of the Delphoria are sparkling ribbons of pure white concrete.
The last thing to touch that sign was the top of a Winnebago.  The sign's been a little sensitive about being touched ever since.	The last thing to touch that sign was the top of a Winnebago.  The sign's been a little sensitive about being touched ever since.
The sign says, "Delphoria". 	The sign says, "Delphoria". 
It would be unprofessional to put your nose on the glass and stare, Bonds.	It would be unprofessional to put your nose on the glass and stare, Bonds.
Big plate glass windows open onto the Delphoria's lobby.	Big plate glass windows open onto the Delphoria's lobby.
Hey, Jack, take your sticky paws offa me!  You got about five seconds before I change your sex with my spike heels! 	Hey, Jack, take your sticky paws offa me!  You got about five seconds before I change your sex with my spike heels! 
WHACK!!!	WHACK!!!
Ooooooh...Owwwww...	Ooooooh...Owwwww...
That was smart, Bonds.	That was smart, Bonds.
She looks familiar...you're pretty sure that this young lady is a "regular" at the Hotel Delphoria.	She looks familiar...you're pretty sure that this young lady is a "regular" at the Hotel Delphoria.
You decide to try out your "Whitey" personality on the young lady.	You decide to try out your "Whitey" personality on the young lady.
Hey, baby, you sure are looking fine today!  Won't you favor me with a few precious moments of your time?	Hey, baby, you sure are looking fine today!  Won't you favor me with a few precious moments of your time?
Hey, you think, that was pretty good!  Then you notice the way the woman is looking at you.  Kind of like you have three eyes or green skin...	Hey, you think, that was pretty good!  Then you notice the way the woman is looking at you.  Kind of like you have three eyes or green skin...
What do you want, man?  My "precious moments" are gonna cost ya.	What do you want, man?  My "precious moments" are gonna cost ya.
No, no, my dear, as charming as you are, what I really want to do is talk with you for a moment.	No, no, my dear, as charming as you are, what I really want to do is talk with you for a moment.
Look, I don't make my living talking to fruitbats like you.  Get lost.  No, wait, you're kinda cute.  Listen, I gotta tip for you.	Look, I don't make my living talking to fruitbats like you.  Get lost.  No, wait, you're kinda cute.  Listen, I gotta tip for you.
"Oh boy," you think, "paydirt!"	"Oh boy," you think, "paydirt!"
Invest in some hair dye, honey.  You'd look a lot better.  Bye, now! 	Invest in some hair dye, honey.  You'd look a lot better.  Bye, now! 
Well, that encounter didn't exactly instill you with confidence.  	Well, that encounter didn't exactly instill you with confidence.  
You can't possibly reach that from here.	You can't possibly reach that from here.
You look up at the column's capital, and have an unpleasant flashback to the Art History class you took in high school, just so you could sit next to that cute little Jessie Bell Moomjean.  	You look up at the column's capital, and have an unpleasant flashback to the Art History class you took in high school, just so you could sit next to that cute little Jessie Bell Moomjean.  
Suddenly, it all comes back to you.  The capital isn't Doric.  It isn't Ionic, and it certainly isn't Corinthian.  You decide it must be some more of that Post-Modern stuff. 	Suddenly, it all comes back to you.  The capital isn't Doric.  It isn't Ionic, and it certainly isn't Corinthian.  You decide it must be some more of that Post-Modern stuff. 
You rub your fingers through the thick pile carpet.  People start looking at you.  Embarassed, you pretend you lost your wallet. 	You rub your fingers through the thick pile carpet.  People start looking at you.  Embarassed, you pretend you lost your wallet. 
What a nice, thick carpet.  You decide you like it, even though it is a queasy sort of color.	What a nice, thick carpet.  You decide you like it, even though it is a queasy sort of color.
I beg your pardon, sir, but please don't crush the nap.	I beg your pardon, sir, but please don't crush the nap.
It's the hotel desk clerk.	It's the hotel desk clerk.
Hello.	Hello.
The clerk looks at you narrowly.	The clerk looks at you narrowly.
Hello, Officer, what can I do for you?	Hello, Officer, what can I do for you?
Just looking around.	Just looking around.
If you must, Officer. If you'll excuse me, sir, I have paperwork to catch up on.	If you must, Officer. If you'll excuse me, sir, I have paperwork to catch up on.
If you believed the desk clerk, you'd probably sympathize.	If you believed the desk clerk, you'd probably sympathize.
The clerk is ignoring you.	The clerk is ignoring you.
What can I do for you, sir? 	What can I do for you, sir? 
You detect a heavy note of sarcasm, but decide to ignore it.	You detect a heavy note of sarcasm, but decide to ignore it.
Do you have any rooms available?	Do you have any rooms available?
I think we--hey, don't I know you?	I think we--hey, don't I know you?
Um, I don't think so.	Um, I don't think so.
Aren't you a cop?  You are, aren't you?	Aren't you a cop?  You are, aren't you?
Well, I--	Well, I--
Sorry, we don't have any rooms available--Officer.	Sorry, we don't have any rooms available--Officer.
Excuse me...	Excuse me...
What can I do for you, sir?	What can I do for you, sir?
I'd like a room.	I'd like a room.
Let me see if we have one available.	Let me see if we have one available.
The clerk pretends to check in the registration book.  It's pretty obvious he's checking you over.	The clerk pretends to check in the registration book.  It's pretty obvious he's checking you over.
You look familiar. 	You look familiar. 
The name's Jimmy Lee Banksten, but my friends call me Whitey.   	The name's Jimmy Lee Banksten, but my friends call me Whitey.   
Whitey!  Sweet Chee--Er, Miss Marie told be about you.	Whitey!  Sweet Chee--Er, Miss Marie told be about you.
The clerk winks laciviously.	The clerk winks laciviously.
We've got a room for you, pal. You can have it at a special rate. Just for Marie's friends, $75.00 a night. 	We've got a room for you, pal. You can have it at a special rate. Just for Marie's friends, $75.00 a night. 
Thanks, my man.	Thanks, my man.
You fork over the bucks, and the clerk gives you the key to room 202.  So far, so good!  	You fork over the bucks, and the clerk gives you the key to room 202.  So far, so good!  
Yes, sir. Is there something else I can help you with? 	Yes, sir. Is there something else I can help you with? 
Uh, no. I guess I'm just wandering around aimlessly. Pay no mind to me, I'm just checking out your fine establishment. Sorry to bother you. 	Uh, no. I guess I'm just wandering around aimlessly. Pay no mind to me, I'm just checking out your fine establishment. Sorry to bother you. 
The column is smooth and cold.  People are going to start wondering why you're stroking that column, Bonds.	The column is smooth and cold.  People are going to start wondering why you're stroking that column, Bonds.
It's a marble column.	It's a marble column.
You run your hand over the carved, painted wood.  Pretty snazzy, huh?	You run your hand over the carved, painted wood.  Pretty snazzy, huh?
The doorframes are a sharp blend of Post-Modern color and Art Deco design.	The doorframes are a sharp blend of Post-Modern color and Art Deco design.
Try pressing the button, Bonds.	Try pressing the button, Bonds.
It's the Hotel elevator.	It's the Hotel elevator.
The elevator button lights up in a pleasing manner.  Wow, it's even clean! 	The elevator button lights up in a pleasing manner.  Wow, it's even clean! 
It's the elevator button.	It's the elevator button.
Don't be silly.	Don't be silly.
The elevator lights tell you which floor the elevator is on.  You've seen elevator lights before, Officer.  Remember?  Back at the station? 	The elevator lights tell you which floor the elevator is on.  You've seen elevator lights before, Officer.  Remember?  Back at the station? 
The button doesn't respond.  Either the button is broken--or the fourth floor is off limits. 	The button doesn't respond.  Either the button is broken--or the fourth floor is off limits. 
You're already here!  	You're already here!  
You took Art History once, Bonds.  You know better than to touch the surface of a painting.	You took Art History once, Bonds.  You know better than to touch the surface of a painting.
It's a painting of a lovely, peaceful pastoral scene.  You look at it and sigh.  Sometimes you wish you lived in the country, where the crime rate is low and the air is clean and pure.  On the other hand, you wouldn't have bastions of civilized culture like the Blue Room. Nah.  You decide the simple life just isn't for you.  	It's a painting of a lovely, peaceful pastoral scene.  You look at it and sigh.  Sometimes you wish you lived in the country, where the crime rate is low and the air is clean and pure.  On the other hand, you wouldn't have bastions of civilized culture like the Blue Room. Nah.  You decide the simple life just isn't for you.  
Wow, marble paneling.  You're mildly impressed. 	Wow, marble paneling.  You're mildly impressed. 
These are pigeonholes which hold messages for hotel guests and spare keys for the rooms. 	These are pigeonholes which hold messages for hotel guests and spare keys for the rooms. 
When you touch the leaves, you discover the plant is silk.  You're somehow disappointed. 	When you touch the leaves, you discover the plant is silk.  You're somehow disappointed. 
It's a bushy green plant.	It's a bushy green plant.
The fake plant is unmoved by your tender murmurings.	The fake plant is unmoved by your tender murmurings.
Wow, marble!	Wow, marble!
The registration desk.  You're impressed; you've never seen one that doesn't have gang writing carved into the top. 	The registration desk.  You're impressed; you've never seen one that doesn't have gang writing carved into the top. 
This is the lobby of the Hotel Delphoria. It's a beautiful old hotel, and it was once a classy place.  Now the old clientele are being replaced by gangsters, drug dealers, and prostitutes.  Needless to say, the Lytton Historical Society is appalled. 	This is the lobby of the Hotel Delphoria. It's a beautiful old hotel, and it was once a classy place.  Now the old clientele are being replaced by gangsters, drug dealers, and prostitutes.  Needless to say, the Lytton Historical Society is appalled. 
Hey, Baby. Frank sent me.	Hey, Baby. Frank sent me.
Whitey, it's nice to see you back. I believe your new friends are waiting. Please follow me.	Whitey, it's nice to see you back. I believe your new friends are waiting. Please follow me.
I'll be with you in a moment.	I'll be with you in a moment.
Just a minute, please!	Just a minute, please!
Hold your horses, hotshot!	Hold your horses, hotshot!
Don't rush me!	Don't rush me!
It's Marie's friend Alex, the hotel bartender.	It's Marie's friend Alex, the hotel bartender.
You slip Alex two hundred dollars.  She deftly pockets it.	You slip Alex two hundred dollars.  She deftly pockets it.
Okay, hot shot, let's go.  I hope you're as good as you think you are! 	Okay, hot shot, let's go.  I hope you're as good as you think you are! 
Honey, I'm better!	Honey, I'm better!
Ha ha ha! 	Ha ha ha! 
Shouldn't you talk to her first?	Shouldn't you talk to her first?
Here ya go, Angel. 	Here ya go, Angel. 
A hundred dollar bill!  Well, you must be doing okay for yourself, mister. Hold on, I have to go get change for that.  	A hundred dollar bill!  Well, you must be doing okay for yourself, mister. Hold on, I have to go get change for that.  
Thank you, sir. Please come again.	Thank you, sir. Please come again.
Marie's very special to me.  We go way back.  	Marie's very special to me.  We go way back.  
So what do you do for a living, Whitey?  	So what do you do for a living, Whitey?  
Well, nothing right now.  I'm currently ... uh ... in relaxation mode.  You see, I just got released from the slammer.  Did a stretch for embezzlement.  	Well, nothing right now.  I'm currently ... uh ... in relaxation mode.  You see, I just got released from the slammer.  Did a stretch for embezzlement.  
Really!  That's interesting.  	Really!  That's interesting.  
Oh man, I can't believe I told you that.  You mix these drinks strong, girl! Could you keep that little bit of information under your hat?  I don't want people getting a bad impression of me.  	Oh man, I can't believe I told you that.  You mix these drinks strong, girl! Could you keep that little bit of information under your hat?  I don't want people getting a bad impression of me.  
Don't worry, Whitey.  Your dark secret is safe with me.  It's not a big deal, really.  	Don't worry, Whitey.  Your dark secret is safe with me.  It's not a big deal, really.  
Thanks, Alex.  You're OK.  	Thanks, Alex.  You're OK.  
Hey, Whitey, come on over here for a second.    	Hey, Whitey, come on over here for a second.    
What can I do for you, dear lady?    	What can I do for you, dear lady?    
I was just wondering what a gentleman like you does in his leisure time.  Got any hobbies, Mr. Banksten?    	I was just wondering what a gentleman like you does in his leisure time.  Got any hobbies, Mr. Banksten?    
Oh, no, I'm a veritable monk.  That is, aside from the women, gambling, and endless pursuit of money, ha ha!    	Oh, no, I'm a veritable monk.  That is, aside from the women, gambling, and endless pursuit of money, ha ha!    
Is that right?  Well, if you were to come back later tonight, alone except for a couple of C notes, I might be able to get you into a little private party.  You do play cards, don't you?   	Is that right?  Well, if you were to come back later tonight, alone except for a couple of C notes, I might be able to get you into a little private party.  You do play cards, don't you?   
Oh, I know how to play Old Maid and Go Fish.  Seriously, Alex, that sounds great.  I'll be back down once my lady and I have finished...tripping the light fantastic, as it were.   	Oh, I know how to play Old Maid and Go Fish.  Seriously, Alex, that sounds great.  I'll be back down once my lady and I have finished...tripping the light fantastic, as it were.   
Okay, see ya, hot shot.   	Okay, see ya, hot shot.   
Wow!  You're doing better than you had hoped!  This "charming cad" stuff comes naturally to you.  Must have been all those Jimmy Cagney movies you used to watch.   	Wow!  You're doing better than you had hoped!  This "charming cad" stuff comes naturally to you.  Must have been all those Jimmy Cagney movies you used to watch.   
Let's go, baby, don't keep me waiting!     	Let's go, baby, don't keep me waiting!     
Hey, there, Whitey.    	Hey, there, Whitey.    
Can I get you a drink?  	Can I get you a drink?  
Rum and coke, sweetheart. 	Rum and coke, sweetheart. 
You got it.  	You got it.  
Thanks, Alex.         	Thanks, Alex.         
Hey there, Whitey, what can I do for you?	Hey there, Whitey, what can I do for you?
I've come to take you up on that offer you made earlier, Alex.  I'm in the mood for some sport.	I've come to take you up on that offer you made earlier, Alex.  I'm in the mood for some sport.
Okay, Whitey, you got it.  Just give me the "entry fee", and I'll take you in.   	Okay, Whitey, you got it.  Just give me the "entry fee", and I'll take you in.   
Hello, sir.    	Hello, sir.    
I'd like a rum and coke, bartender.   	I'd like a rum and coke, bartender.   
You got it, pal.  	You got it, pal.  
Thanks.      	Thanks.      
Here's your change, sir.   	Here's your change, sir.   
Hello, Officer. 	Hello, Officer. 
Can I do something for you? 	Can I do something for you? 
Yeah, I'd like a rum and coke, bartender. 	Yeah, I'd like a rum and coke, bartender. 
Whatever you say, Officer. 	Whatever you say, Officer. 
As you're slugging your rum-and-coke down, Sgt. Dooley comes in to meet his visiting Aunt Emily, who's staying at the hotel.  He sees you quaffing the booze. The bad news is, you're off this investigation.  The good news is, you have a one-month, no-salary vacation.  Use your head next time, Bonds!     	As you're slugging your rum-and-coke down, Sgt. Dooley comes in to meet his visiting Aunt Emily, who's staying at the hotel.  He sees you quaffing the booze. The bad news is, you're off this investigation.  The good news is, you have a one-month, no-salary vacation.  Use your head next time, Bonds!     
What can I do for you, Whitey?    	What can I do for you, Whitey?    
I'm on a special mission, darlin'.  Frank sent me. 	I'm on a special mission, darlin'.  Frank sent me. 
Okay, Whitey, you got it!  Let's go. 	Okay, Whitey, you got it!  Let's go. 
Much as you'd like to touch the pretty stripes, you can't reach that high.	Much as you'd like to touch the pretty stripes, you can't reach that high.
Looking wistfully at the bold striped pattern on the covering over the bar, you remember tales of the `good old days' your father used to tell you, when a convicted criminals wore stripes and spent the rest of their miserable lives breaking rocks on a chain gang...Yup, those were the days.  	Looking wistfully at the bold striped pattern on the covering over the bar, you remember tales of the `good old days' your father used to tell you, when a convicted criminals wore stripes and spent the rest of their miserable lives breaking rocks on a chain gang...Yup, those were the days.  
They can nurse their drinks without your assistance.	They can nurse their drinks without your assistance.
A bar patron, probably a hotel guest from out-of-town.	A bar patron, probably a hotel guest from out-of-town.
The bar patron barely glances your way.  Apparently your appearance is a little off-putting.	The bar patron barely glances your way.  Apparently your appearance is a little off-putting.
Cleaner than the stools at Carol's. 	Cleaner than the stools at Carol's. 
Light, thin barstools...not made for the kind of abuse the barstools get at Wino Willy's. 	Light, thin barstools...not made for the kind of abuse the barstools get at Wino Willy's. 
There's nothing you need from the bar right now.	There's nothing you need from the bar right now.
It's a safe bet that non-liquid inebriants have passed over this bar before.  	It's a safe bet that non-liquid inebriants have passed over this bar before.  
Tapping the kegger yourself would be a great way to get yourself bounced out.	Tapping the kegger yourself would be a great way to get yourself bounced out.
It's a suds dispenser.	It's a suds dispenser.
There's nothing of interest on the yuppie post-modern peach colored carpet.	There's nothing of interest on the yuppie post-modern peach colored carpet.
It's a yuppie post-modern peach colored carpet.	It's a yuppie post-modern peach colored carpet.
You don't have time to sit on your butt, Officer.  Get to work.	You don't have time to sit on your butt, Officer.  Get to work.
The chairs are clean and new.	The chairs are clean and new.
You sit down next to Marie.  Can things really be going as smoothly as they seem to be?  You hope so.	You sit down next to Marie.  Can things really be going as smoothly as they seem to be?  You hope so.
You find nothing on the floor.	You find nothing on the floor.
An expensive wooden floor shows under the yuppie post-modern peach colored carpet.	An expensive wooden floor shows under the yuppie post-modern peach colored carpet.
It's Marie.  She seems to be doing a good job fitting in with the people here. 	It's Marie.  She seems to be doing a good job fitting in with the people here. 
So, Marie, what's going on? Have you seen anything unusual?	So, Marie, what's going on? Have you seen anything unusual?
As a matter of fact, I have, Son...uh, Whitey.  I've seen the same three guys going into the storage room, and not coming out for hours.  But get this, I snuck a peek in, and they weren't there!  They have to be going somewhere else, you know, through the storage room.  They must be holding the game back there somewhere.	As a matter of fact, I have, Son...uh, Whitey.  I've seen the same three guys going into the storage room, and not coming out for hours.  But get this, I snuck a peek in, and they weren't there!  They have to be going somewhere else, you know, through the storage room.  They must be holding the game back there somewhere.
That's terrific, Marie, thanks a lot.  But you really shouldn't be spying on them like that.  These are dangerous guys.	That's terrific, Marie, thanks a lot.  But you really shouldn't be spying on them like that.  These are dangerous guys.
I want to do my best for you...Whitey.	I want to do my best for you...Whitey.
Marie's smiling that smile that turns your insides to yogurt again.  You feel yourself starting to blush.	Marie's smiling that smile that turns your insides to yogurt again.  You feel yourself starting to blush.
All refreshed, my dear?  Are you ready for adventure?	All refreshed, my dear?  Are you ready for adventure?
As long as it's with you, baby!	As long as it's with you, baby!
That's just what I wanted to hear.  How about coming to Vegas with me this weekend for some gambling, drinking, and dancing til dawn?	That's just what I wanted to hear.  How about coming to Vegas with me this weekend for some gambling, drinking, and dancing til dawn?
Oh, Whitey, do you mean it?  Oh, yes, I'd love to come with you!  Oh, thank you!	Oh, Whitey, do you mean it?  Oh, yes, I'd love to come with you!  Oh, thank you!
Well, you two kids have fun.  I have to get back to the bar.	Well, you two kids have fun.  I have to get back to the bar.
Okay, Alex.	Okay, Alex.
So, Sweet Cheeks, baby, how bout a tour of my room?	So, Sweet Cheeks, baby, how bout a tour of my room?
I thought you'd never ask.  Let's go, lover. 	I thought you'd never ask.  Let's go, lover. 
Will you please excuse me, Whitey? I have to take care of some, uh, personal business. I'll be back in a flash, Baby.	Will you please excuse me, Whitey? I have to take care of some, uh, personal business. I'll be back in a flash, Baby.
You discover that it's not really marble.  Even fancy places have their limits.	You discover that it's not really marble.  Even fancy places have their limits.
Marbelized wall paneling.  Fancy, fancy. 	Marbelized wall paneling.  Fancy, fancy. 
It feels like a plastic plant.	It feels like a plastic plant.
How tacky.  A plastic plant.	How tacky.  A plastic plant.
Talking to real plants is eccentric.  Talking to plastic plants is stupid.	Talking to real plants is eccentric.  Talking to plastic plants is stupid.
This is the Hotel Delphoria cocktail lounge. 	This is the Hotel Delphoria cocktail lounge. 
What is this?  Are you some kind of flake or something?  Are you a deadbeat?  I think you're a cop.  Get lost, Mister Whitey, or whatever your name is! 	What is this?  Are you some kind of flake or something?  Are you a deadbeat?  I think you're a cop.  Get lost, Mister Whitey, or whatever your name is! 
Come on, high roller, cough up the cash.  	Come on, high roller, cough up the cash.  
Hey, Whitey!  What's been happening with you lately? I'm dying to hear what you've been up to. 	Hey, Whitey!  What's been happening with you lately? I'm dying to hear what you've been up to. 
Hey, tough guy, nobody drinks for free.  Unless you want a free ride from a cop, pay up!	Hey, tough guy, nobody drinks for free.  Unless you want a free ride from a cop, pay up!
Good job, Bonds.  Since you didn't pay for your drink, Alex called the police.  A rookie named Joe Bob recognized you, and shouted out, "Hey, Sonny! Congratulations on that promotion to Narcotics!"  The whole operation was blown.  You're now back on traffic patrol.	Good job, Bonds.  Since you didn't pay for your drink, Alex called the police.  A rookie named Joe Bob recognized you, and shouted out, "Hey, Sonny! Congratulations on that promotion to Narcotics!"  The whole operation was blown.  You're now back on traffic patrol.
You take your change, and give Alex a $20.00 tip.       	You take your change, and give Alex a $20.00 tip.       
Oh!  Thank you--Whitey, is it?    	Oh!  Thank you--Whitey, is it?    
Oh, I've been so rude!  Alex, this is Jimmy Lee Banksten, known as Whitey to his good friends.  I've known this cutie-pie for going on eight years now.  But it's been... what, a whole year since the last time we got together?  How I missed you, honey!  Anyway, Whitey, this is my girlfriend Alex.    	Oh, I've been so rude!  Alex, this is Jimmy Lee Banksten, known as Whitey to his good friends.  I've known this cutie-pie for going on eight years now.  But it's been... what, a whole year since the last time we got together?  How I missed you, honey!  Anyway, Whitey, this is my girlfriend Alex.    
Nice to meet you, Whitey.  	Nice to meet you, Whitey.  
Charmed, Ms. Alex.   	Charmed, Ms. Alex.   
Well, why don't you two just chat for a minute while I excuse myself.  I have to visit the lejuois.  	Well, why don't you two just chat for a minute while I excuse myself.  I have to visit the lejuois.  
Well, Whitey, Marie sure is taken with you.  She's usually a pretty good judge of character.  	Well, Whitey, Marie sure is taken with you.  She's usually a pretty good judge of character.  
After that fourth rum and coke, you lost control -- and any sense of judgment -- and cued Alex in to the operation.  So much for the operation...and so much for your job in Narcotics.  It's back to Traffic duty for you.	After that fourth rum and coke, you lost control -- and any sense of judgment -- and cued Alex in to the operation.  So much for the operation...and so much for your job in Narcotics.  It's back to Traffic duty for you.
What can I get for you, sir?   	What can I get for you, sir?   
Rum and coke, my dear.   	Rum and coke, my dear.   
Comin' up.    	Comin' up.    
Here's your drink, sir.  	Here's your drink, sir.  
Whitey!  Hey, Whitey!  Come on over here, you sexy thang!  Don't be shy, you know I can't resist you!   	Whitey!  Hey, Whitey!  Come on over here, you sexy thang!  Don't be shy, you know I can't resist you!   
Marie is laying it on a little thick. You take a deep breath, muster up your best "gangster" attitude, and smile at her dashingly.   	Marie is laying it on a little thick. You take a deep breath, muster up your best "gangster" attitude, and smile at her dashingly.   
Oh, Whitey! You look terrific, honey! I haven't seen you in ages, just ages! Oh, what did I ever do without you, baby! 	Oh, Whitey! You look terrific, honey! I haven't seen you in ages, just ages! Oh, what did I ever do without you, baby! 
Why, if it isn't the lovely Sweet Cheeks Marie.  You look fantastic your own self, baby.  I missed you something fierce.   	Why, if it isn't the lovely Sweet Cheeks Marie.  You look fantastic your own self, baby.  I missed you something fierce.   
Whitey, you're just as handsome as I remember you.  	Whitey, you're just as handsome as I remember you.  
Why, thank you, sweetheart.  	Why, thank you, sweetheart.  
Hey!  Where do you think you're going, buddy, get away from there! 	Hey!  Where do you think you're going, buddy, get away from there! 
Hmm, 100% polyester linen. 	Hmm, 100% polyester linen. 
The tables are covered with fancy white tablecloths.	The tables are covered with fancy white tablecloths.
While it'd be perfectly in character for Whitey to give the waitress a sly pinch on the buttocks, you don't want to risk getting bounced out of the bar.	While it'd be perfectly in character for Whitey to give the waitress a sly pinch on the buttocks, you don't want to risk getting bounced out of the bar.
You take a look at the waitress. She's a little thinner than your average American woman. At the same time, you get the distinct impression that she's also a little peppier than normal.	You take a look at the waitress. She's a little thinner than your average American woman. At the same time, you get the distinct impression that she's also a little peppier than normal.
She ignores you.  Perhaps she's busy with occupied tables.	She ignores you.  Perhaps she's busy with occupied tables.
Stop trying to be Sherlock Holmes.  There's nothing on the baseboard.  	Stop trying to be Sherlock Holmes.  There's nothing on the baseboard.  
The baseboard is clean and unscuffed.  You don't suppose too many rats scurry along that sucker.  	The baseboard is clean and unscuffed.  You don't suppose too many rats scurry along that sucker.  
Get a life, Sonny.  	Get a life, Sonny.  
You'd really like this carpet, if only it weren't peach.  	You'd really like this carpet, if only it weren't peach.  
Still more of that fancy Art Deco stuff.  	Still more of that fancy Art Deco stuff.  
Try your key, hotshot.	Try your key, hotshot.
You tap lightly on the door.  You hear muffled groans and snorts. 	You tap lightly on the door.  You hear muffled groans and snorts. 
You turn the key, and open your door.  Gotta love that "hotel room floral spray" smell!	You turn the key, and open your door.  Gotta love that "hotel room floral spray" smell!
This isn't your room, Bonds.  Your key won't work.	This isn't your room, Bonds.  Your key won't work.
It's the door to room 202.	It's the door to room 202.
It's a door.  On closer inspection, your keenly honed senses reveal that this is room 202 - your room.  	It's a door.  On closer inspection, your keenly honed senses reveal that this is room 202 - your room.  
It's room 302.	It's room 302.
From inside, you hear a muffled "Huh?  Whu?  Hey!  I'm tryin' to sleep!" 	From inside, you hear a muffled "Huh?  Whu?  Hey!  I'm tryin' to sleep!" 
"SO TAKE OFF!"  	"SO TAKE OFF!"  
Boy, some people sure are cranky when they wake up.	Boy, some people sure are cranky when they wake up.
Get a clue, Columbo! That won't open doors.	Get a clue, Columbo! That won't open doors.
The button, Bonds, the button.	The button, Bonds, the button.
It's the elevator.	It's the elevator.
Quit pawing the elevator.	Quit pawing the elevator.
There's a lot of fancy Art Deco stuff over the elevator.  You're still trying to decide if you like it.	There's a lot of fancy Art Deco stuff over the elevator.  You're still trying to decide if you like it.
Cut it out, Bonds.	Cut it out, Bonds.
They were elevator lights on the ground floor.  What makes you think they'll be any different here?	They were elevator lights on the ground floor.  What makes you think they'll be any different here?
You're already here!	You're already here!
The button doesn't respond.  Judging by the keyhole next to the elevator, only certain people are allowed access to the Penthouse.	The button doesn't respond.  Judging by the keyhole next to the elevator, only certain people are allowed access to the Penthouse.
It's the selection of buttons that allows you to choose your destination floor.	It's the selection of buttons that allows you to choose your destination floor.
It doesn't have a switch.  The hotel controls it.	It doesn't have a switch.  The hotel controls it.
Nice wall fixture.  It kind of reminds you of a little alien spaceship. 	Nice wall fixture.  It kind of reminds you of a little alien spaceship. 
Even if you began taking hormone shots, Bonds, you'll never be that tall. 	Even if you began taking hormone shots, Bonds, you'll never be that tall. 
It's more of that snazzy decorative paneling.	It's more of that snazzy decorative paneling.
This is the second floor hallway of the semi-swank Hotel Delphoria.	This is the second floor hallway of the semi-swank Hotel Delphoria.
This is the third floor hallway of the Hotel Delphoria.	This is the third floor hallway of the Hotel Delphoria.
ZZZZZZZZZZZZZZZ... 	ZZZZZZZZZZZZZZZ... 
SNORK..mumble...ZZZZZZZZZZ... 	SNORK..mumble...ZZZZZZZZZZ... 
Hello, Detective Bonds.  I'm Detective Danny Anglin.	Hello, Detective Bonds.  I'm Detective Danny Anglin.
Glad to see you! 	Glad to see you! 
Here, Detective Bonds.  This is a transmitter.  Just put it in your shirt pocket, and we'll be able to hear you and everyone immediately around you. It's one-way, of course, so you won't be able to hear us.  That way, we'll be able to track you wherever they might ask you to go after the poker game.   	Here, Detective Bonds.  This is a transmitter.  Just put it in your shirt pocket, and we'll be able to hear you and everyone immediately around you. It's one-way, of course, so you won't be able to hear us.  That way, we'll be able to track you wherever they might ask you to go after the poker game.   
Thanks, Danny. 	Thanks, Danny. 
And here's another thousand dollars.  We don't want you running out of funds in the middle of a poker game.   	And here's another thousand dollars.  We don't want you running out of funds in the middle of a poker game.   
Great.  Maybe I can even finish with a little more than I started. 	Great.  Maybe I can even finish with a little more than I started. 
It looks like you're all set.  Remember, we'll be there.  If you get in trouble, we're right behind you.  	It looks like you're all set.  Remember, we'll be there.  If you get in trouble, we're right behind you.  
That's good to know.  Thanks.   	That's good to know.  Thanks.   
You bet.  Good luck, Detective.   	You bet.  Good luck, Detective.   
You just love the feel of polished hardwood.	You just love the feel of polished hardwood.
It's real hardwood.  You're impressed.	It's real hardwood.  You're impressed.
The comforter is soft and heavy.	The comforter is soft and heavy.
The bed looks comfortable.	The bed looks comfortable.
Nice and thick.  It probably doesn't show stains, either. 	Nice and thick.  It probably doesn't show stains, either. 
The carpet is a pleasing shade of dark green.  At least, it pleases you because it's not that awful peach stuff.	The carpet is a pleasing shade of dark green.  At least, it pleases you because it's not that awful peach stuff.
As amusing as it would be to present Sgt. Dooley with this little knick-knack, taking it just wouldn't be right.	As amusing as it would be to present Sgt. Dooley with this little knick-knack, taking it just wouldn't be right.
Besides, it's glued to the table.	Besides, it's glued to the table.
There's a statue of a chicken on the nightstand.  You get a strong feeling of deja vu...	There's a statue of a chicken on the nightstand.  You get a strong feeling of deja vu...
Who is it?      	Who is it?      
Candygram!   	Candygram!   
Say what?!  	Say what?!  
Just kidding, Sonny.  Leiutenant Morgan sent me.        	Just kidding, Sonny.  Leiutenant Morgan sent me.        
Okay, just a second.     	Okay, just a second.     
Come in.        	Come in.        
It's a drawer.	It's a drawer.
You take the fax from Officer Steele.	You take the fax from Officer Steele.
It's Jesse Bains, the Death Angel.  He looks very familiar...	It's Jesse Bains, the Death Angel.  He looks very familiar...
Nice material.  Real vinylette or something like that.	Nice material.  Real vinylette or something like that.
The curtains are a nice color of green, clashing ever-so-lightly with the carpet.	The curtains are a nice color of green, clashing ever-so-lightly with the carpet.
It's already on.	It's already on.
Interesting lamp.  You decide you like it.	Interesting lamp.  You decide you like it.
Well, I guess I'd better go catch that cab.  Maybe I'll see you around, huh, Sonny? 	Well, I guess I'd better go catch that cab.  Maybe I'll see you around, huh, Sonny? 
Count on it, Marie.  	Count on it, Marie.  
Keep your mind on business, Bonds.	Keep your mind on business, Bonds.
Marie looks lovely tonight. 	Marie looks lovely tonight. 
Oh, Sonny, I'm worried about you.  From what I've heard, these are some bad guys.  You'll be careful, won't you?	Oh, Sonny, I'm worried about you.  From what I've heard, these are some bad guys.  You'll be careful, won't you?
You bet I will, Marie.  I wouldn't want to endanger the operation--or my own skin, for that matter.	You bet I will, Marie.  I wouldn't want to endanger the operation--or my own skin, for that matter.
Oh, I'm gonna worry about you anyway!	Oh, I'm gonna worry about you anyway!
Thanks for getting me out of jail, Sonny.  I really appreciate it.	Thanks for getting me out of jail, Sonny.  I really appreciate it.
You're welcome, Marie.  You certainly held up your side of the bargain.	You're welcome, Marie.  You certainly held up your side of the bargain.
There's not a lot I wouldn't do for you, Sonny.  You've been so sweet to me.	There's not a lot I wouldn't do for you, Sonny.  You've been so sweet to me.
You feel a blush coming on.	You feel a blush coming on.
I guess I should be getting on my way soon.	I guess I should be getting on my way soon.
No hidden compartments, spy cameras, or bugs.  Not too surprising.	No hidden compartments, spy cameras, or bugs.  Not too surprising.
This nightstand doesn't seem to have any drawers.  You consider arresting it for indecent exposure.	This nightstand doesn't seem to have any drawers.  You consider arresting it for indecent exposure.
Try the drawer.	Try the drawer.
It's a nighttable.  Your keen cop's instincts tell you it will most probably contain a Gideon's Bible, a phone book, and some really dusty stationary.	It's a nighttable.  Your keen cop's instincts tell you it will most probably contain a Gideon's Bible, a phone book, and some really dusty stationary.
Just because it looks like a fingerpainting doesn't mean that you get to add to it, Bonds.	Just because it looks like a fingerpainting doesn't mean that you get to add to it, Bonds.
This is one third of the ultra-modern Expressionist tryptich on your wall. You think it looks like a fingerpainting.	This is one third of the ultra-modern Expressionist tryptich on your wall. You think it looks like a fingerpainting.
You start to use the phone, but decide that there are better things to do.	You start to use the phone, but decide that there are better things to do.
Naw. It's too late to call Taber. Your attention needs to remain focused on the operation at hand.	Naw. It's too late to call Taber. Your attention needs to remain focused on the operation at hand.
It's your phone.  	It's your phone.  
The pillows have already been fluffed to the extent that these pillows can be.  Besides, you won't be doing any sleeping during this operation.	The pillows have already been fluffed to the extent that these pillows can be.  Besides, you won't be doing any sleeping during this operation.
It's a pillow.	It's a pillow.
You can safely assume that the curtains are already in the aesthetically correct position, as determined by the last maid to service this room.	You can safely assume that the curtains are already in the aesthetically correct position, as determined by the last maid to service this room.
Pink curtains cover the window.  You wish this hotel didn't have so much pink in it.	Pink curtains cover the window.  You wish this hotel didn't have so much pink in it.
This is your hotel room.	This is your hotel room.
This ain't Quest for Glory, Bonds.  It's never gonna fly.   	This ain't Quest for Glory, Bonds.  It's never gonna fly.   
What an attractive rug.  It seems to match the paintings.	What an attractive rug.  It seems to match the paintings.
Lt. James Morgan. 	Lt. James Morgan. 
Lt. Morgan, this is Sonny Bonds.  I've made contact with Alex Jensen, and I've been invited to the poker game tonight.	Lt. Morgan, this is Sonny Bonds.  I've made contact with Alex Jensen, and I've been invited to the poker game tonight.
Good job, Sonny.  Carry on.  But carry on with caution! 	Good job, Sonny.  Carry on.  But carry on with caution! 
Yes, sir, I will.	Yes, sir, I will.
I'll expect you to report in after the game. 	I'll expect you to report in after the game. 
You just be careful.  Goodbye, Sonny. 	You just be careful.  Goodbye, Sonny. 
Goodbye.	Goodbye.
Lt. James Morgan.	Lt. James Morgan.
Hi, Lt, Morgan, this is Sonny Bonds.	Hi, Lt, Morgan, this is Sonny Bonds.
You sound cheerful, Sonny.  I hope that means everything is going all right?	You sound cheerful, Sonny.  I hope that means everything is going all right?
Yes, sir!  I went to the poker game, and kicked bu-- uh, I did quite well.  One of the sharks seemed to be in charge. He might be our man. They invited me to a second poker game later tonight.   	Yes, sir!  I went to the poker game, and kicked bu-- uh, I did quite well.  One of the sharks seemed to be in charge. He might be our man. They invited me to a second poker game later tonight.   
Very good, Bonds.  A backup team is on their way.  Wait for them; they're bringing you a transmitter and some more money.  Remember, Bonds, you have to go in there unarmed.  Act accordingly.  In other words, use your head at all times.	Very good, Bonds.  A backup team is on their way.  Wait for them; they're bringing you a transmitter and some more money.  Remember, Bonds, you have to go in there unarmed.  Act accordingly.  In other words, use your head at all times.
Yes, sir.  I'll be careful, sir.	Yes, sir.  I'll be careful, sir.
You do that, Sonny.  Goodbye.	You do that, Sonny.  Goodbye.
Hello, Lt. Morgan.  This is Sonny Bonds.	Hello, Lt. Morgan.  This is Sonny Bonds.
You sound discouraged, Sonny.  What's the problem?	You sound discouraged, Sonny.  What's the problem?
I lost at poker pretty badly.  They didn't invite me back.	I lost at poker pretty badly.  They didn't invite me back.
Oh, boy.  Looks like we'll have to start teaching poker at the Academy.  On a formal basis, that is.  Well, I guess the operation is over.  Come on back, Bonds.	Oh, boy.  Looks like we'll have to start teaching poker at the Academy.  On a formal basis, that is.  Well, I guess the operation is over.  Come on back, Bonds.
After you failed to infiltrate the drug ring, you were transferred back to Traffic.  You can't always get what you want.  Better luck next time, Bonds.  	After you failed to infiltrate the drug ring, you were transferred back to Traffic.  You can't always get what you want.  Better luck next time, Bonds.  
Lyvely Lytton Cab Company.  May I help you? 	Lyvely Lytton Cab Company.  May I help you? 
Yes.  Please send a cab to the Hotel Delphoria right away.	Yes.  Please send a cab to the Hotel Delphoria right away.
Yes, sir.  There's a driver in your area, so it should just be a few minutes. 	Yes, sir.  There's a driver in your area, so it should just be a few minutes. 
Thank you.	Thank you.
Lyvely Lytton Cab Company.  May I help you?  	Lyvely Lytton Cab Company.  May I help you?  
Uh, hello. Could you please dispatch a cab to the Hotel Delphoria?	Uh, hello. Could you please dispatch a cab to the Hotel Delphoria?
I'm sorry sir but our only driver, Dale is busy right now...although we don't know what he's busy doing.	I'm sorry sir but our only driver, Dale is busy right now...although we don't know what he's busy doing.
LT&T Operator.  How may I help you? 	LT&T Operator.  How may I help you? 
Yes, I'd like the number for the Lyvely Lytton Cab Company, please.	Yes, I'd like the number for the Lyvely Lytton Cab Company, please.
Just a moment, Sir.  That number is 555-6887. Thank you for using LT&T.   	Just a moment, Sir.  That number is 555-6887. Thank you for using LT&T.   
"We're sorry.  All circuits are busy.  Please try again later."	"We're sorry.  All circuits are busy.  Please try again later."
You hear a knock at the door.	You hear a knock at the door.
You don't want to be late for the poker game, Bonds.  These guys aren't the forgiving type.	You don't want to be late for the poker game, Bonds.  These guys aren't the forgiving type.
Wow, Sonny, this is some fancy pad!  Is the department paying for this? 	Wow, Sonny, this is some fancy pad!  Is the department paying for this? 
Every bit, fortunately.  I couldn't afford to stay here.  Hell, on my salary, I couldn't afford a Motel 6.	Every bit, fortunately.  I couldn't afford to stay here.  Hell, on my salary, I couldn't afford a Motel 6.
I don't want your money, honey, I want your love!	I don't want your money, honey, I want your love!
Uh, um, ahh, er... 	Uh, um, ahh, er... 
So, if the department's footing the bill, let's order some champagne and strawberries from room service, huh?	So, if the department's footing the bill, let's order some champagne and strawberries from room service, huh?
Oh, don't call a cab just yet, baby.  We've got the room, and the poker game doesn't start for awhile...come on, baby, what do you say? 	Oh, don't call a cab just yet, baby.  We've got the room, and the poker game doesn't start for awhile...come on, baby, what do you say? 
Um, actually, I need to call a cab and get you out of here.  Things could start to get dangerous.    	Um, actually, I need to call a cab and get you out of here.  Things could start to get dangerous.    
No 	No 
Oh!  Detective Bonds, this came for you this afternoon.  It's from Detective Joe Taber in Chicago. He said it was a picture of Jesse Bains, also known as the Death Angel.    	Oh!  Detective Bonds, this came for you this afternoon.  It's from Detective Joe Taber in Chicago. He said it was a picture of Jesse Bains, also known as the Death Angel.    
This looks like one of the guys at the game. I hope we can reel this fish in.   	This looks like one of the guys at the game. I hope we can reel this fish in.   
Don't leave now. 	Don't leave now. 
Don't leave now! Your backup's on the way! 	Don't leave now! Your backup's on the way! 
Marie, um, I like you a lot, and don't think I wouldn't love to, but I can't. I'm on duty.  Besides...I'd like to get to know you better first, you know? 	Marie, um, I like you a lot, and don't think I wouldn't love to, but I can't. I'm on duty.  Besides...I'd like to get to know you better first, you know? 
Geez, Sonny, you're the nicest guy I know.  You make me wish I hadn't screwed up my life so bad.  If I'd met a guy like you before...never mind.  Anyway, you're probably right.  I wouldn't want to get you in trouble.	Geez, Sonny, you're the nicest guy I know.  You make me wish I hadn't screwed up my life so bad.  If I'd met a guy like you before...never mind.  Anyway, you're probably right.  I wouldn't want to get you in trouble.
You spend the next several hours in absolute hedonistic bliss with Marie. You miss the poker game.  Sometime around 9:00 PM, you get a phone call from Lt. Morgan.	You spend the next several hours in absolute hedonistic bliss with Marie. You miss the poker game.  Sometime around 9:00 PM, you get a phone call from Lt. Morgan.
He wasn't amused.  You were dismissed from Narcotics, and Dooley decided you'd pull foot patrol for the next 10 years.  Next time, keep your mind on business and your hands to yourself!	He wasn't amused.  You were dismissed from Narcotics, and Dooley decided you'd pull foot patrol for the next 10 years.  Next time, keep your mind on business and your hands to yourself!
Alex, honey, I'm a busy man...  	Alex, honey, I'm a busy man...  
Okay, okay, Whitey, you can go on in.  Just be polite to these guys, okay?  They're not exactly the understanding type...  	Okay, okay, Whitey, you can go on in.  Just be polite to these guys, okay?  They're not exactly the understanding type...  
Thanks for the advice, babe.  See you later.    	Thanks for the advice, babe.  See you later.    
Given the suspicions regarding this establishment, not to mention your lack of a search warrant, you shouldn't enter unless invited.	Given the suspicions regarding this establishment, not to mention your lack of a search warrant, you shouldn't enter unless invited.
It's a door to a back room. It looks to be quite solid and secure.	It's a door to a back room. It looks to be quite solid and secure.
You can feel your stomach starting to quiver just standing next to the barrel.  You decide to leave it alone.  	You can feel your stomach starting to quiver just standing next to the barrel.  You decide to leave it alone.  
The empty barrel says "Phenobenzotolouolohydrazytolmonoxide Crystals.  May be harmful or fatal if swallowed.  Exposure to skin may cause lesions, convulsions, hallucinations, and spontaneous combustion.  Keep away from children and animals."  Then you get to the fine print.    	The empty barrel says "Phenobenzotolouolohydrazytolmonoxide Crystals.  May be harmful or fatal if swallowed.  Exposure to skin may cause lesions, convulsions, hallucinations, and spontaneous combustion.  Keep away from children and animals."  Then you get to the fine print.    
"Safe for home and office use."      	"Safe for home and office use."      
Don't go scrounging for Cheez Diddles in the bottom of the barrel, Bonds.  Have some self-respect.	Don't go scrounging for Cheez Diddles in the bottom of the barrel, Bonds.  Have some self-respect.
The empty barrel says "Old Luncheon Cheez Diddles" on the side.	The empty barrel says "Old Luncheon Cheez Diddles" on the side.
You steer clear of that barrel.  You always hated dried fruit.  It seems like such a cruel thing to do to perfectly good fruit.	You steer clear of that barrel.  You always hated dried fruit.  It seems like such a cruel thing to do to perfectly good fruit.
The empty barrel says "Kalifornia King Dehydrated Apricots".	The empty barrel says "Kalifornia King Dehydrated Apricots".
Leave the empty detergent barrel alone, Bonds.	Leave the empty detergent barrel alone, Bonds.
The empty barrel says "Mondo Disinfecto Laundry Detergent."	The empty barrel says "Mondo Disinfecto Laundry Detergent."
Way disgusting, Bonds, way disgusting. 	Way disgusting, Bonds, way disgusting. 
It's a cardboard box. It has gum wrappers, pizza crusts, and ashes in it.	It's a cardboard box. It has gum wrappers, pizza crusts, and ashes in it.
You figure if it's a mouse or rat, it will chew its way out soon. If it's not a mouse or a rat, you'd rather not know what it is at all... 	You figure if it's a mouse or rat, it will chew its way out soon. If it's not a mouse or a rat, you'd rather not know what it is at all... 
It's a cardboard box.  The lid is closed, but you can hear something scrabbling around inside and emitting little squeaks and grunts.	It's a cardboard box.  The lid is closed, but you can hear something scrabbling around inside and emitting little squeaks and grunts.
You decide you don't want to know.	You decide you don't want to know.
It's an empty cardboard box. The bottom of it looks wet.	It's an empty cardboard box. The bottom of it looks wet.
Yes, it would be immensely enjoyable to pick up the giant tube and hoot down it, pretending it's a digery doo, but that would almost certainly compromise your dignity. 	Yes, it would be immensely enjoyable to pick up the giant tube and hoot down it, pretending it's a digery doo, but that would almost certainly compromise your dignity. 
It's a carpet tube.  The hotel must have replaced some carpeting somewhere.	It's a carpet tube.  The hotel must have replaced some carpeting somewhere.
You don't need to clean anything right now, Bonds.  You have more pressing matters to deal with.	You don't need to clean anything right now, Bonds.  You have more pressing matters to deal with.
The shelves are full of cleaning fluids, powders, and sprays.  You see bleach, detergent, floor wax and toilet bowl cleaner. 	The shelves are full of cleaning fluids, powders, and sprays.  You see bleach, detergent, floor wax and toilet bowl cleaner. 
You notice that many of the bottles are leaking, and the escaped goo is forming a puddle on the bottom shelf.  You make a note to call OSHA. 	You notice that many of the bottles are leaking, and the escaped goo is forming a puddle on the bottom shelf.  You make a note to call OSHA. 
On closer inspection, you see ant poison, rat poison, and Red Dye #2. 	On closer inspection, you see ant poison, rat poison, and Red Dye #2. 
There's kerosene, gasoline, benzine, toluene, and phosgene in handy spray bottles. 	There's kerosene, gasoline, benzine, toluene, and phosgene in handy spray bottles. 
Perhaps this isn't a good time to jam. The action's just getting started and leaving would blow your cover as a cool gambling type.	Perhaps this isn't a good time to jam. The action's just getting started and leaving would blow your cover as a cool gambling type.
It's a door.	It's a door.
Nothing's burning, Bonds.	Nothing's burning, Bonds.
It's a fire extinguisher.	It's a fire extinguisher.
What, did you think it would be hot?	What, did you think it would be hot?
The sign says "FIRE" in huge letters.	The sign says "FIRE" in huge letters.
You don't need empty beer flats, Bonds.  Really.	You don't need empty beer flats, Bonds.  Really.
These empty cardboard boxes look suspiciously like beer flats.  You wonder what kind of beer a fancy hotel like this one buys.  You suspect you couldn't pronounce it, even if you knew.	These empty cardboard boxes look suspiciously like beer flats.  You wonder what kind of beer a fancy hotel like this one buys.  You suspect you couldn't pronounce it, even if you knew.
The shelves seem well put together.	The shelves seem well put together.
Metal supply shelves.	Metal supply shelves.
You reach for one of the mice.  It stands up on its hind legs and insults your lineage in mouse language, starting with your great-great-great grandfather.  The mouse seems to be implying that you have ungulates somewhere in your family tree.  Thoroughly offended, you leave the little ingrate alone. 	You reach for one of the mice.  It stands up on its hind legs and insults your lineage in mouse language, starting with your great-great-great grandfather.  The mouse seems to be implying that you have ungulates somewhere in your family tree.  Thoroughly offended, you leave the little ingrate alone. 
Two hapless mice are next to a mousetrap.	Two hapless mice are next to a mousetrap.
The mice are too busy to talk to you. 	The mice are too busy to talk to you. 
You don't need any paper towels.  Especially not these.  They could take the paint off your car with one swipe.  Ouch!	You don't need any paper towels.  Especially not these.  They could take the paint off your car with one swipe.  Ouch!
Rolls of industrial-strength paper towels.	Rolls of industrial-strength paper towels.
Unhand that planter, Bonds.  You don't need it any more than the hotel does.  After all the innocent houseplants you've killed, you should probably give it up and buy silk plants yourself.  	Unhand that planter, Bonds.  You don't need it any more than the hotel does.  After all the innocent houseplants you've killed, you should probably give it up and buy silk plants yourself.  
It's a ceramic planter.  It makes you wonder if the hotel used to have live plants, instead of silk ones.	It's a ceramic planter.  It makes you wonder if the hotel used to have live plants, instead of silk ones.
Walking around this room, knocking on walls and looking for hidden panels and doors, is bound to get you in trouble.	Walking around this room, knocking on walls and looking for hidden panels and doors, is bound to get you in trouble.
This is the Hotel Delphoria's storage room.  At last, something grimy in this totally-too-clean joint! 	This is the Hotel Delphoria's storage room.  At last, something grimy in this totally-too-clean joint! 
You peek in the boxes, and see more paper towels and generic toilet paper than you imagined possible.	You peek in the boxes, and see more paper towels and generic toilet paper than you imagined possible.
The boxes contain supplies for the hotel.	The boxes contain supplies for the hotel.
Your salary isn't THAT bad, Bonds.  You don't have to recycle that can.  Leave it for someone who really needs it.	Your salary isn't THAT bad, Bonds.  You don't have to recycle that can.  Leave it for someone who really needs it.
It's an empty soda can.	It's an empty soda can.
These aren't patient men, Whitey.  If you're gonna go in, go in. 	These aren't patient men, Whitey.  If you're gonna go in, go in. 
Okay, hot shot, cool your heels while I clear the way.    	Okay, hot shot, cool your heels while I clear the way.    
Hang on a minute, Whitey.  I'll be right with you.  Why don't you, uh, take in the scenery, ha ha!    	Hang on a minute, Whitey.  I'll be right with you.  Why don't you, uh, take in the scenery, ha ha!    
Alex taps out a strange pattern on the door.     	Alex taps out a strange pattern on the door.     
"Yeah?"      	"Yeah?"      
Alex whispers something you can't quite hear, then turns to look at you.    	Alex whispers something you can't quite hear, then turns to look at you.    
Okay, they're ready for you, big guy.  Just go on in.        	Okay, they're ready for you, big guy.  Just go on in.        
Okay, big guy, I'm afraid I'm gonna have to pat you down.  Not that I don't trust you or anything, but we have to be certain... 	Okay, big guy, I'm afraid I'm gonna have to pat you down.  Not that I don't trust you or anything, but we have to be certain... 
I understand, babe.  I'll suffer through it.  Take your time, now. 	I understand, babe.  I'll suffer through it.  Take your time, now. 
Assume the position, smartass. 	Assume the position, smartass. 
There goes my reputation. 	There goes my reputation. 
Just let me tell them you're coming, then you can go on through.	Just let me tell them you're coming, then you can go on through.
What, no search?  I was looking forward to it.	What, no search?  I was looking forward to it.
Oh, I almost forgot.  Thanks for reminding me.	Oh, I almost forgot.  Thanks for reminding me.
Almost forgot?  My dear Alex, I'm wounded.	Almost forgot?  My dear Alex, I'm wounded.
Whitey, honey, when you've patted as many bods as I have, they all blur into one.  Although I probably won't forget that cute little rear of yours for awhile.  'Scuse me for a minute. 	Whitey, honey, when you've patted as many bods as I have, they all blur into one.  Although I probably won't forget that cute little rear of yours for awhile.  'Scuse me for a minute. 
Okay, honey, go on in. 	Okay, honey, go on in. 
You wonder where that leads, but you're smart enough not to venture there uninvited.  	You wonder where that leads, but you're smart enough not to venture there uninvited.  
It's yet another back door. Where could this one lead? 	It's yet another back door. Where could this one lead? 
You don't want to do that, Bonds.  He would turn you into a pretzel before you had time to scream.	You don't want to do that, Bonds.  He would turn you into a pretzel before you had time to scream.
The bouncer is pretty imposing.	The bouncer is pretty imposing.
The bouncer grunts something unintelligable in your general direction.	The bouncer grunts something unintelligable in your general direction.
It does look realistic, but you can't take the ball.	It does look realistic, but you can't take the ball.
This fine work of art is a super-realistic depiction of the exciting moment when a bowling ball strikes the pins dead-on.	This fine work of art is a super-realistic depiction of the exciting moment when a bowling ball strikes the pins dead-on.
It looks like this place actually has some house rules posted. No Cussing, No Spitting, No Betting, No Drinking. Yeah, right, and probably no winning. 	It looks like this place actually has some house rules posted. No Cussing, No Spitting, No Betting, No Drinking. Yeah, right, and probably no winning. 
Don't, Bonds, you'd look silly.	Don't, Bonds, you'd look silly.
Burgundy carpeting.  At least it's not pink.	Burgundy carpeting.  At least it's not pink.
It would look pretty suspicious if you left now, Bonds. 	It would look pretty suspicious if you left now, Bonds. 
It's the door.	It's the door.
Probably not a good idea, Bonds.	Probably not a good idea, Bonds.
It's Frank Magpie.	It's Frank Magpie.
He looks dangerous.	He looks dangerous.
Goodbye, Mr. Banksten.	Goodbye, Mr. Banksten.
Hello, Mr. Banksten.  I'm glad you could join us.  My name is Frank Magpie, and these are my regular poker partners.  Allow me to introduce you.  Jimmy Lee "Whitey" Banksten, this is Otto Lipschitz. 	Hello, Mr. Banksten.  I'm glad you could join us.  My name is Frank Magpie, and these are my regular poker partners.  Allow me to introduce you.  Jimmy Lee "Whitey" Banksten, this is Otto Lipschitz. 
Hello, Mr. Banksten.  Interesting look you have going there. 	Hello, Mr. Banksten.  Interesting look you have going there. 
Nice to meet you, Mr. Lipschitz. 	Nice to meet you, Mr. Lipschitz. 
And this is Gene Bamboni. 	And this is Gene Bamboni. 
Hey hey, Whitey. How's it hangin'?  Call me "The Bambino".  All my friends do.	Hey hey, Whitey. How's it hangin'?  Call me "The Bambino".  All my friends do.
Okay, Bambino.  Nice to meet you. 	Okay, Bambino.  Nice to meet you. 
Okay, enough with the small stuff.  It's time to play poker.  The name of the game is Five Card Draw.  You do know how to play Five Card Draw, don't you, Mr. Banksten? 	Okay, enough with the small stuff.  It's time to play poker.  The name of the game is Five Card Draw.  You do know how to play Five Card Draw, don't you, Mr. Banksten? 
Yes, Mr. Magpie.  Do you? 	Yes, Mr. Magpie.  Do you? 
Oh, he's a quick one!  Let's see if your card-playing skills are as sharp as your wit, hmm, Whitey? 	Oh, he's a quick one!  Let's see if your card-playing skills are as sharp as your wit, hmm, Whitey? 
Ha ha ha!  Frank toasted your biscuits, Whitey! 	Ha ha ha!  Frank toasted your biscuits, Whitey! 
Enough, already.  Let's play.	Enough, already.  Let's play.
Do you want to play, or chat, Mr. Banksten?	Do you want to play, or chat, Mr. Banksten?
Wouldn't it seem suspicious if you started pawing the gamblers, Bonds?  Pay attention to your own business. 	Wouldn't it seem suspicious if you started pawing the gamblers, Bonds?  Pay attention to your own business. 
The room is full of people playing cards.  You didn't realize there were so many gamblers in Lytton.	The room is full of people playing cards.  You didn't realize there were so many gamblers in Lytton.
It's not a good idea to disturb someone who's in the middle of a high-stakes poker game, Bonds.  They might get cranky.	It's not a good idea to disturb someone who's in the middle of a high-stakes poker game, Bonds.  They might get cranky.
You don't even know him, Bonds.	You don't even know him, Bonds.
It's Gene "The Bambino" Bamboni.	It's Gene "The Bambino" Bamboni.
You wonder what he's hiding behind his rather stunned expression.	You wonder what he's hiding behind his rather stunned expression.
See ya, Whitey.	See ya, Whitey.
Shut up and play, Whitey.	Shut up and play, Whitey.
He just grins at you, and doesn't answer.	He just grins at you, and doesn't answer.
Leaving now would not be cool. You'd be jeopardizing the operation.	Leaving now would not be cool. You'd be jeopardizing the operation.
What would you hope to accomplish, Bonds?	What would you hope to accomplish, Bonds?
It's Otto Lipschitz.	It's Otto Lipschitz.
He looks pretty cranky.	He looks pretty cranky.
It's been a pleasure, Mr. Banksten.	It's been a pleasure, Mr. Banksten.
NOT!  Ha ha ha!	NOT!  Ha ha ha!
Don't waste my time, Mr. Banksten.	Don't waste my time, Mr. Banksten.
He doesn't answer.  He just glares at you.	He doesn't answer.  He just glares at you.
Let go of that shag!	Let go of that shag!
Pink carpeting.  You knew it was coming.  All that peach carpeting was just to work you up to it.  You decide that the "policeman blue" of the station house is a far superiour rug color.	Pink carpeting.  You knew it was coming.  All that peach carpeting was just to work you up to it.  You decide that the "policeman blue" of the station house is a far superiour rug color.
Do you wish to play poker?	Do you wish to play poker?
No, but lose anyway.	No, but lose anyway.
No, but win anyway.	No, but win anyway.
Yes!	Yes!
This is the Casino Room.	This is the Casino Room.
They are cute, but you can't pet them.	They are cute, but you can't pet them.
It's a charming depiction of dogs playing poker.  Hey, that looks familiar...	It's a charming depiction of dogs playing poker.  Hey, that looks familiar...
You're a quiet one, Mr. Banksten.  What's the matter, are you speechless with awe, or just stupid? 	You're a quiet one, Mr. Banksten.  What's the matter, are you speechless with awe, or just stupid? 
Ha ha ha, "Are you just stupid?"  Ha ha ha!	Ha ha ha, "Are you just stupid?"  Ha ha ha!
Don't waste our time, Mr. Banksten.	Don't waste our time, Mr. Banksten.
Ah, well, we can't all be card sharps, Mr. Banksten.  Good evening.	Ah, well, we can't all be card sharps, Mr. Banksten.  Good evening.
Oh, Mr. Banksten?  Remember, if you can't run with the big dogs, stay off the porch!	Oh, Mr. Banksten?  Remember, if you can't run with the big dogs, stay off the porch!
Ha ha ha!  "Stay off the porch!"  Ha ha ha!	Ha ha ha!  "Stay off the porch!"  Ha ha ha!
Well, that was a waste.	Well, that was a waste.
Later that evening...   	Later that evening...   
Well, well, Mr. Banksten.  You are quite the poker player.  My friends and I enjoy playing with a man of your skills.  Perhaps you'd like to come back later and play again, in a more...private setting? 	Well, well, Mr. Banksten.  You are quite the poker player.  My friends and I enjoy playing with a man of your skills.  Perhaps you'd like to come back later and play again, in a more...private setting? 
Oh, most definitely, Mr. Magpie. 	Oh, most definitely, Mr. Magpie. 
Excellent.  Come back in an hour or so.  Just tell Alex that Frank sent you.	Excellent.  Come back in an hour or so.  Just tell Alex that Frank sent you.
I'll do that.  Until later, Mr. Magpie. 	I'll do that.  Until later, Mr. Magpie. 
Until later.	Until later.
Bye, Whitey.  You kicked butt, ha ha!	Bye, Whitey.  You kicked butt, ha ha!
Oh, Mr. Banksten?  You do know the stakes will be higher, don't you?	Oh, Mr. Banksten?  You do know the stakes will be higher, don't you?
I would expect nothing less, Mr. Lipschitz.  Goobye.	I would expect nothing less, Mr. Lipschitz.  Goobye.
The table holds nothing of interest to you.	The table holds nothing of interest to you.
It's a gaming table.	It's a gaming table.
You don't want to live very long, do you?	You don't want to live very long, do you?
He's huge.	He's huge.
He doesn't speak English.  In fact, he doesn't speak at all. 	He doesn't speak English.  In fact, he doesn't speak at all. 
Although they look like they would be great spotlights, you don't know how to dance.	Although they look like they would be great spotlights, you don't know how to dance.
Wow, how did these light fixtures get in here?  Talk about a throwback to the sixties.  You're tempted to look around for the beanbag chairs and lava lamps.	Wow, how did these light fixtures get in here?  Talk about a throwback to the sixties.  You're tempted to look around for the beanbag chairs and lava lamps.
Wouldn't it look suspicious if you tried to leave now, Bonds?	Wouldn't it look suspicious if you tried to leave now, Bonds?
It just wouldn't look right if you started playing with the elevator, Bonds.	It just wouldn't look right if you started playing with the elevator, Bonds.
It appears to be a freight elevator.	It appears to be a freight elevator.
Not a good idea, Bonds.	Not a good idea, Bonds.
It's the Death Angel, Jesse Bains.	It's the Death Angel, Jesse Bains.
Walk this way, Whitey.	Walk this way, Whitey.
I would like that very much, Mr. Magpie.	I would like that very much, Mr. Magpie.
Very good.  Gentlemen, shall we play?	Very good.  Gentlemen, shall we play?
Yeah!	Yeah!
Yes.  Let's get on with it. 	Yes.  Let's get on with it. 
Goodnight, Mr. Banksten. 	Goodnight, Mr. Banksten. 
Gene has a good sense of humor, but not that good.	Gene has a good sense of humor, but not that good.
That was some fine poker playing, Whitey.	That was some fine poker playing, Whitey.
Be cool, Whitey my friend.  Frank's on his way.  He's probably just shining his shoes and powdering his nose, ha ha.  The guy is vain! 	Be cool, Whitey my friend.  Frank's on his way.  He's probably just shining his shoes and powdering his nose, ha ha.  The guy is vain! 
Chill, Whitey.	Chill, Whitey.
Hey, Whitey. It's rude not to answer our host!	Hey, Whitey. It's rude not to answer our host!
Hang loose, Whitey.	Hang loose, Whitey.
The inside of the freight elevator is covered with graffiti, gum, and dirt. It reminds you of Wino Willy's.	The inside of the freight elevator is covered with graffiti, gum, and dirt. It reminds you of Wino Willy's.
This helps to keep the lamp off of the table.	This helps to keep the lamp off of the table.
Don't get your fingerprints on a tradition, Officer.	Don't get your fingerprints on a tradition, Officer.
It's the obligatory Tiffany-esqe lamp that always hangs over poker tables.	It's the obligatory Tiffany-esqe lamp that always hangs over poker tables.
He'd probably bite your arm off and beat you with it.	He'd probably bite your arm off and beat you with it.
That's some mighty smooth card playing, Whitey.	That's some mighty smooth card playing, Whitey.
Mr. Banksten, I assure you that Mr. Magpie will be down any moment.  Please don't inflict your conversation on me.  I have a low tolerance for mediocrity. 	Mr. Banksten, I assure you that Mr. Magpie will be down any moment.  Please don't inflict your conversation on me.  I have a low tolerance for mediocrity. 
Spare me, Mr. Banksten.	Spare me, Mr. Banksten.
I would be impolite to ignore our gracious host, Whitey. 	I would be impolite to ignore our gracious host, Whitey. 
Goodnight, Mr. Banksten.  Try not to let anyone else take advantage of your ignorance.	Goodnight, Mr. Banksten.  Try not to let anyone else take advantage of your ignorance.
Ha, ha!  "Take advantage of your ignorance!"  Ha ha!	Ha, ha!  "Take advantage of your ignorance!"  Ha ha!
You don't even like that painting, Bonds, so why are you trying to take it?	You don't even like that painting, Bonds, so why are you trying to take it?
You stare at the abstract painting, hoping something will "hit" you about it, but it leaves you cold.  You're just not into modern art.	You stare at the abstract painting, hoping something will "hit" you about it, but it leaves you cold.  You're just not into modern art.
Whoever put in all that classy marbelized paneling must have been on vacation the day this stuff was installed.  It looks like diseased granite.	Whoever put in all that classy marbelized paneling must have been on vacation the day this stuff was installed.  It looks like diseased granite.
You have enough light.	You have enough light.
Snappy light fixtures.  You wonder why they put such nice lamps next to an ugly freight elevator.	Snappy light fixtures.  You wonder why they put such nice lamps next to an ugly freight elevator.
You're in the "private" poker room.	You're in the "private" poker room.
Ah, Mr. Banksten.  Thank you for your patience, and welcome back.  Perhaps after the game, you'd be interested in talking business?	Ah, Mr. Banksten.  Thank you for your patience, and welcome back.  Perhaps after the game, you'd be interested in talking business?
Ah, welcome, my friend.  You already know Otto, so I won't bother to introduce you, ha ha! 	Ah, welcome, my friend.  You already know Otto, so I won't bother to introduce you, ha ha! 
Your wit is devastating, Zamboni.	Your wit is devastating, Zamboni.
That's BAMboni, Lipschitz.  Bambino to my friends.  You can call me Mr. Bamboni, ha ha! 	That's BAMboni, Lipschitz.  Bambino to my friends.  You can call me Mr. Bamboni, ha ha! 
Anyway, Whitey, Frank will be here any minute.  Just hold on to your shorts. 	Anyway, Whitey, Frank will be here any minute.  Just hold on to your shorts. 
Bad run of luck, Mr. Banksten.  Perhaps you should have brushed up on your poker skills before playing.  Ah well, nothing's lost...but your money. Goodnight, Mr. Banksten.	Bad run of luck, Mr. Banksten.  Perhaps you should have brushed up on your poker skills before playing.  Ah well, nothing's lost...but your money. Goodnight, Mr. Banksten.
Ha, ha!  "Nothing lost but your money!"  Ha, ha! 	Ha, ha!  "Nothing lost but your money!"  Ha, ha! 
Stick to Old Maid next time, Mr. Banksten.  It's more your speed.	Stick to Old Maid next time, Mr. Banksten.  It's more your speed.
Ha, ha!  "Old Maid!"  Ha ha!  See you later, buddy. 	Ha, ha!  "Old Maid!"  Ha ha!  See you later, buddy. 
Goodnight, gentlemen. 	Goodnight, gentlemen. 
Your stomach lurches.  You suddenly know where you've seen Jesse Bains before.  He's Frank Magpie!  Your heart races, and you swallow hard, trying to keep cool.  This guy is deadly.	Your stomach lurches.  You suddenly know where you've seen Jesse Bains before.  He's Frank Magpie!  Your heart races, and you swallow hard, trying to keep cool.  This guy is deadly.
Mr. Banksten, I'm a busy man.	Mr. Banksten, I'm a busy man.
Congratulations on a fine game, Mr. Banksten.  Would you care to accompany me to my penthouse to discuss a potential business alliance?	Congratulations on a fine game, Mr. Banksten.  Would you care to accompany me to my penthouse to discuss a potential business alliance?
Certainly, Mr. Magpie.	Certainly, Mr. Magpie.
Excellent.  Come with me.	Excellent.  Come with me.
It's the ol' poker table, where men face off, play cards, lose a lot of money, and frequently end up in the river with a bullet in their head.  Better be careful, Bonds... 	It's the ol' poker table, where men face off, play cards, lose a lot of money, and frequently end up in the river with a bullet in their head.  Better be careful, Bonds... 
You decide not to touch the wallpaper.  It looks dangerous.	You decide not to touch the wallpaper.  It looks dangerous.
You'd read the phrase "virulent color" in stories before.  You never knew what it meant until now.	You'd read the phrase "virulent color" in stories before.  You never knew what it meant until now.
You're not here to pet plants, Officer.	You're not here to pet plants, Officer.
A vigorous little plant sits on the bar.	A vigorous little plant sits on the bar.
Watch your step, Bonds.  You don't want Bains thinking you're unstable.	Watch your step, Bonds.  You don't want Bains thinking you're unstable.
This is hardly the place to belly up to the bar, Officer.	This is hardly the place to belly up to the bar, Officer.
Bains has an elaborate wet bar.	Bains has an elaborate wet bar.
Were you planning on having a little drink to bolster your courage, Officer? How long do you want to live, anyway?	Were you planning on having a little drink to bolster your courage, Officer? How long do you want to live, anyway?
Bains has alcohol from every corner of the earth.  His collection of intoxicants must be worth a fortune.	Bains has alcohol from every corner of the earth.  His collection of intoxicants must be worth a fortune.
Don't get too comfortable, Bonds.	Don't get too comfortable, Bonds.
Teakwood chairs.  Very nice.	Teakwood chairs.  Very nice.
Do you really think stretching out on the Death Angel's couch and sucking down a couple brewskis is the smart thing to do?	Do you really think stretching out on the Death Angel's couch and sucking down a couple brewskis is the smart thing to do?
A mind-blowingly expensive leather conversation pit.  You're strangely disappointed that it's beige.  You always thought big-time drug dealers would be more flamboyant. 	A mind-blowingly expensive leather conversation pit.  You're strangely disappointed that it's beige.  You always thought big-time drug dealers would be more flamboyant. 
A drink glass rests on the bar. 	A drink glass rests on the bar. 
If you don't start paying attention to what's going on, you're going to find yourself sporting a toe tag.	If you don't start paying attention to what's going on, you're going to find yourself sporting a toe tag.
Crystal glasses.  No dishwasher spots on these puppies.	Crystal glasses.  No dishwasher spots on these puppies.
There are more important things to do than to smudge the table.	There are more important things to do than to smudge the table.
A very classy two-level marble and glass table.	A very classy two-level marble and glass table.
I wouldn't touch a fragile antique vessel that belongs to a vicious criminal if I were you.	I wouldn't touch a fragile antique vessel that belongs to a vicious criminal if I were you.
An antique-looking Native American vessel.  It was almost certainly stolen from a burial site.	An antique-looking Native American vessel.  It was almost certainly stolen from a burial site.
You ain't Alice, and you can't get out of this one by going through the looking glass, bud! 	You ain't Alice, and you can't get out of this one by going through the looking glass, bud! 
A huge mirror covers the wall behind the bar.  You get the impression that Bains likes looking at himself.	A huge mirror covers the wall behind the bar.  You get the impression that Bains likes looking at himself.
Keep your mind on the issues at hand, Bonds.	Keep your mind on the issues at hand, Bonds.
Expensive wood paneling.	Expensive wood paneling.
That would make Bains a wee bit suspicious, wouldn't it?	That would make Bains a wee bit suspicious, wouldn't it?
Although picking up a phone extension and eavesdropping on a conversation always works in the movies, it almost never works in real life.  Are you willing to risk it with a drug dealer who probably carries more firepower than a small European country?  I didn't think so. 	Although picking up a phone extension and eavesdropping on a conversation always works in the movies, it almost never works in real life.  Are you willing to risk it with a drug dealer who probably carries more firepower than a small European country?  I didn't think so. 
It's a telephone.  The room number imprinted upon it is 401. 	It's a telephone.  The room number imprinted upon it is 401. 
What, did you think you were going to find something good in there?	What, did you think you were going to find something good in there?
This is Jesse Bains's penthouse.  You're in the lair of the Death Angel.	This is Jesse Bains's penthouse.  You're in the lair of the Death Angel.
Keep your hands to yourself and your eyes open.	Keep your hands to yourself and your eyes open.
A modest imported teakwood dining table.	A modest imported teakwood dining table.
You know, if you do suspicious things, Bains is more than likely to feed you to the fishes.	You know, if you do suspicious things, Bains is more than likely to feed you to the fishes.
A huge, coarse-woven Peruvian area rug covers the living room floor.  It probably cost what you would make in two months.  Working overtime.	A huge, coarse-woven Peruvian area rug covers the living room floor.  It probably cost what you would make in two months.  Working overtime.
Backup, this is Whitey.  I've located the Death Angel.  Code-3 immediately, repeat, immediately!  	Backup, this is Whitey.  I've located the Death Angel.  Code-3 immediately, repeat, immediately!  
You start to talk to yourself then realize you already know what you were going to say.   	You start to talk to yourself then realize you already know what you were going to say.   
Backup, this is Whitey.  Requesting code-3 immediately.  My location is the top floor penthouse Hotel Delphoria, room 401.  Repeat, room 401.  	Backup, this is Whitey.  Requesting code-3 immediately.  My location is the top floor penthouse Hotel Delphoria, room 401.  Repeat, room 401.  
You already did that.   	You already did that.   
I just got a most interesting phone call.  It seems that one of our playing partners recognized you from somewhere, "Mr. Banksten."	I just got a most interesting phone call.  It seems that one of our playing partners recognized you from somewhere, "Mr. Banksten."
Fortunately, he happened to be glancing through the newspaper and son-of-a-gun, he recognized the big winner at our poker game.  Mr. Banksten, a.k.a. Officer Sonny Bonds of the LPD.  Officer of the Year, eh?  How impressive!   What a shame you'll be receiving that award posthumously. 	Fortunately, he happened to be glancing through the newspaper and son-of-a-gun, he recognized the big winner at our poker game.  Mr. Banksten, a.k.a. Officer Sonny Bonds of the LPD.  Officer of the Year, eh?  How impressive!   What a shame you'll be receiving that award posthumously. 
I do hope you've made peace with whatever gods have abandoned you here, Mr. Bonds. In other words... 	I do hope you've made peace with whatever gods have abandoned you here, Mr. Bonds. In other words... 
Kiss your ass goodbye!   	Kiss your ass goodbye!   
Bonds!  You all right?	Bonds!  You all right?
Um...yes, I think so.  Yeah, I'm okay.	Um...yes, I think so.  Yeah, I'm okay.
Thank God.  For a minute there, I thought he'd plugged you.	Thank God.  For a minute there, I thought he'd plugged you.
So did I, Detective, so did I.	So did I, Detective, so did I.
Too bad you didn't check in with Lt. Morgan after that first poker game. Who knows, he might have sent you some backup.  But that doesn't matter to you now...	Too bad you didn't check in with Lt. Morgan after that first poker game. Who knows, he might have sent you some backup.  But that doesn't matter to you now...
You got him.  The Death Angel is down.  You feel an overwhelming sense of relief, but you can't help feeling a little sick.  You've never seen a man gunned down before.  Unable to turn away, you stare at Jesse Bains's broken body... 	You got him.  The Death Angel is down.  You feel an overwhelming sense of relief, but you can't help feeling a little sick.  You've never seen a man gunned down before.  Unable to turn away, you stare at Jesse Bains's broken body... 
And notice the slightest rise and fall of his chest. 	And notice the slightest rise and fall of his chest. 
Detective Anglin!  Call for an ambulance!  This man is alive!	Detective Anglin!  Call for an ambulance!  This man is alive!
I already did, Detective.  It's on the way.  	I already did, Detective.  It's on the way.  
In the distance, you hear the wail of a siren.  You think it could just as easily be coming for you instead of Jesse Bains, and you're suddenly very tired. 	In the distance, you hear the wail of a siren.  You think it could just as easily be coming for you instead of Jesse Bains, and you're suddenly very tired. 
You've done it, Detective Bonds!  	You've done it, Detective Bonds!  
For now.  	For now.  
It's too bad you didn't let your backup know where you were, Bonds. Even top cops need to know room numbers. It took them quite a while to find you.  After all, you were weighted down at the bottom of the Bert's Park Pond...    	It's too bad you didn't let your backup know where you were, Bonds. Even top cops need to know room numbers. It took them quite a while to find you.  After all, you were weighted down at the bottom of the Bert's Park Pond...    
What did you think you were going to do, talk him out of it?  Perhaps you should have called for backup.  Not that it matters to you anymore.  You're just a footnote in the history of a city that continues to slide downhill.	What did you think you were going to do, talk him out of it?  Perhaps you should have called for backup.  Not that it matters to you anymore.  You're just a footnote in the history of a city that continues to slide downhill.
Five minutes later... 	Five minutes later... 
You play a good game of poker, Mr. Banksten.  That proves to me that you're sharp.  There's something I want to tell you.   	You play a good game of poker, Mr. Banksten.  That proves to me that you're sharp.  There's something I want to tell you.   
My name isn't Frank Magpie. It's Jesse Bains. You may have heard the name before? No? Maybe this will help. Some of my men have coined an amusing little nickname for me:  The Death Angel. Starting to sound familiar?    	My name isn't Frank Magpie. It's Jesse Bains. You may have heard the name before? No? Maybe this will help. Some of my men have coined an amusing little nickname for me:  The Death Angel. Starting to sound familiar?    
Um...yes, I think so.  You're becoming famous, Mr. Bains.    	Um...yes, I think so.  You're becoming famous, Mr. Bains.    
Yes, unfortunately I've gained a little too much notoriety lately. Consequently, I just can't be too careful. I'm sure you understand the need for an occasional alias, Whitey.    	Yes, unfortunately I've gained a little too much notoriety lately. Consequently, I just can't be too careful. I'm sure you understand the need for an occasional alias, Whitey.    
Oh, yes, I know exactly what you mean.   	Oh, yes, I know exactly what you mean.   
Of course you do.  Whitey, I have a nice little operation here as you may have noticed. And there's more going on here than meets the eye. I'm in the process of expanding and could use a good man.     	Of course you do.  Whitey, I have a nice little operation here as you may have noticed. And there's more going on here than meets the eye. I'm in the process of expanding and could use a good man.     
This can be quite a lucrative deal. What I had in mind for you....     	This can be quite a lucrative deal. What I had in mind for you....     
Excuse me for a moment, won't you?  I'll take the call in the other room. Help yourself to a refreshment at the bar. I'll be back momentarily.    	Excuse me for a moment, won't you?  I'll take the call in the other room. Help yourself to a refreshment at the bar. I'll be back momentarily.    
If you keep acting weird, Bains is going to ventilate you! 	If you keep acting weird, Bains is going to ventilate you! 
Natural dried branches have been artfully arranged in the vessel.  Knowing Bains, they're probably off of some endangered rain forest tree.	Natural dried branches have been artfully arranged in the vessel.  Knowing Bains, they're probably off of some endangered rain forest tree.
You touch the tree, and discover it is real.  However, Bains is looking at you strangely.  You might be a vegetable yourself in another moment or two.	You touch the tree, and discover it is real.  However, Bains is looking at you strangely.  You might be a vegetable yourself in another moment or two.
A lovely ficus tree.  You wonder whether or not it's real. 	A lovely ficus tree.  You wonder whether or not it's real. 
The tree is too scared to speak.  You should be, too.	The tree is too scared to speak.  You should be, too.
Bains might not like people fondling his foliage, Bonds.	Bains might not like people fondling his foliage, Bonds.
It's a huge tropical plant.	It's a huge tropical plant.
The plant says:	The plant says:
"Don't talk to me, mon.  I don't know a ting." 	"Don't talk to me, mon.  I don't know a ting." 
...that the scourge of the Death Angel upon our fair city has at last been eradicated.  I'm delighted to tell you all that Jesse Bains has been convicted of numerous felonies, including the attempted murder of a police officer and possession of narcotics with intent to sell.  It'll be a long, long time before Jesse Bains sees the light of day!	...that the scourge of the Death Angel upon our fair city has at last been eradicated.  I'm delighted to tell you all that Jesse Bains has been convicted of numerous felonies, including the attempted murder of a police officer and possession of narcotics with intent to sell.  It'll be a long, long time before Jesse Bains sees the light of day!
And for that, we have one very brave police officer to thank.  A man who was prepared to make the ultimate sacrifice...a man who laid his life on the line to make Lytton a safer place for us all...	And for that, we have one very brave police officer to thank.  A man who was prepared to make the ultimate sacrifice...a man who laid his life on the line to make Lytton a safer place for us all...
...a man to whom we owe a debt of gratitude we can never quite repay, although we're starting by promoting him to Narcotics Detective and presenting him with the LPD's highest honor, the Commendation for Valor...	...a man to whom we owe a debt of gratitude we can never quite repay, although we're starting by promoting him to Narcotics Detective and presenting him with the LPD's highest honor, the Commendation for Valor...
Ladies and Gentlemen, I give you the man of the hour...Detective Sonny Bonds!	Ladies and Gentlemen, I give you the man of the hour...Detective Sonny Bonds!
You think to yourself, "I wish I had somebody to share this moment with..."	You think to yourself, "I wish I had somebody to share this moment with..."
And then you remember...you've got your first date with Marie tonight!	And then you remember...you've got your first date with Marie tonight!
The award...the promotion...the admiration of the entire city...and the start of a new close friendship...	The award...the promotion...the admiration of the entire city...and the start of a new close friendship...
...it doesn't get any better than this.	...it doesn't get any better than this.
Hiding in the bushes outside the Courthouse probably wouldn't do much to futher your career, Bonds.	Hiding in the bushes outside the Courthouse probably wouldn't do much to futher your career, Bonds.
The bushes really brighten up the building.	The bushes really brighten up the building.
It's your suave Camaro, the sexiest thing in your life right now.	It's your suave Camaro, the sexiest thing in your life right now.
Doing the Samson bit might be fun, but your hair's been cut recently.	Doing the Samson bit might be fun, but your hair's been cut recently.
The Neoclassical courthouse has semi-Doric columns.	The Neoclassical courthouse has semi-Doric columns.
Through these doors lie the heart of American justice: the courtroom. 	Through these doors lie the heart of American justice: the courtroom. 
Stop acting goofy, Bonds.  Appearances count in the police biz.	Stop acting goofy, Bonds.  Appearances count in the police biz.
The grass is green and neatly trimmed.	The grass is green and neatly trimmed.
It would be inappropriate to scale or deface the courthouse.  You'd have to do the right thing and arrest yourself; then where would you be?	It would be inappropriate to scale or deface the courthouse.  You'd have to do the right thing and arrest yourself; then where would you be?
Nice pediment, huh?  You wonder if every courthouse in America is Neoclassical.	Nice pediment, huh?  You wonder if every courthouse in America is Neoclassical.
You give the courthouse a reassuring pat.	You give the courthouse a reassuring pat.
This is the City of Lytton Courthouse.	This is the City of Lytton Courthouse.
Leave the concrete alone, Sonny.  You're supposed to be acting like a cop.	Leave the concrete alone, Sonny.  You're supposed to be acting like a cop.
It's simply the sidewalk. 	It's simply the sidewalk. 
Your black-and-white squad car sits by the curb.  There's something thrillingly official about the sight of a black-and-white in front of a courthouse.	Your black-and-white squad car sits by the curb.  There's something thrillingly official about the sight of a black-and-white in front of a courthouse.
You've got no time to be sitting and loitering on the Courthouse steps.	You've got no time to be sitting and loitering on the Courthouse steps.
You always feel good when you climb these steps.	You always feel good when you climb these steps.
Keep your hands off the street; you've got business to attend to.	Keep your hands off the street; you've got business to attend to.
It's the street in front of the courthouse, where you're parked.	It's the street in front of the courthouse, where you're parked.
Your unmarked Thunderbird is parked by the curb.	Your unmarked Thunderbird is parked by the curb.
The windows are best left in their current state.	The windows are best left in their current state.
The Courthouse windows are big and airy.  Jack likes to say that the light of day always shines on the face of justice.  Of course, Jack's something of a wiseguy. 	The Courthouse windows are big and airy.  Jack likes to say that the light of day always shines on the face of justice.  Of course, Jack's something of a wiseguy. 
Manhandling the clerk won't get you anywhere.  	Manhandling the clerk won't get you anywhere.  
It's the court clerk. 	It's the court clerk. 
Thank you for your help.  Sorry for interrupting the day's proceedings.	Thank you for your help.  Sorry for interrupting the day's proceedings.
You're welcome, Detective.  We're on the same side here.	You're welcome, Detective.  We're on the same side here.
Can I help you, Officer? 	Can I help you, Officer? 
Yes, I've brought the evidence that Judge Palmer asked me to bring.  Please let me in to see him!	Yes, I've brought the evidence that Judge Palmer asked me to bring.  Please let me in to see him!
Oh, yes, that's right, Officer Bonds.  Go right in.  	Oh, yes, that's right, Officer Bonds.  Go right in.  
How can I help you? 	How can I help you? 
I need to see Judge Palmer right away, please. 	I need to see Judge Palmer right away, please. 
And you are...?	And you are...?
Detective Sonny Bonds, Narcotics division of the LPD.	Detective Sonny Bonds, Narcotics division of the LPD.
I'm sorry, Detective Bonds, court is in session at this time, and the Judge's docket is quite full.  Perhaps you could try another time.   	I'm sorry, Detective Bonds, court is in session at this time, and the Judge's docket is quite full.  Perhaps you could try another time.   
This is extremely urgent.  I need to obtain a "No Bail Warrant" for the Hoffman case immediately.  Every minute counts.  If I don't get this over there quickly, he'll walk and that's the last we'll see of him.  Please tell the Judge now, or there's going to be hell to pay. 	This is extremely urgent.  I need to obtain a "No Bail Warrant" for the Hoffman case immediately.  Every minute counts.  If I don't get this over there quickly, he'll walk and that's the last we'll see of him.  Please tell the Judge now, or there's going to be hell to pay. 
The clerk seems to be considering it.	The clerk seems to be considering it.
Please, sir, we have reason to believe that Hoffman is extremely dangerous.  Lives may be on the line here.	Please, sir, we have reason to believe that Hoffman is extremely dangerous.  Lives may be on the line here.
Okay, I'll do my best. 	Okay, I'll do my best. 
Go on in.  The judge will see you now.  	Go on in.  The judge will see you now.  
Thank you! 	Thank you! 
You'd better not enter the court until invited. You certainly don't want to incure the wrath of Judge Richard Palmer. He's one tough judge.	You'd better not enter the court until invited. You certainly don't want to incure the wrath of Judge Richard Palmer. He's one tough judge.
This door leads into the Courthouse proper.	This door leads into the Courthouse proper.
Control yourself.  Getting down on your knees and begging is not a useful tactic here.	Control yourself.  Getting down on your knees and begging is not a useful tactic here.
Black and white checked tile...just like in a 1950s diner. 	Black and white checked tile...just like in a 1950s diner. 
Unlike the veneer in most city offices, this is real wood.	Unlike the veneer in most city offices, this is real wood.
The paneling is old, but in good shape.  The town takes good care of its historic buildings.	The paneling is old, but in good shape.  The town takes good care of its historic buildings.
You're in the Courthouse anteroom.	You're in the Courthouse anteroom.
Quit dawdling.  Get off your ante and go about your business.   	Quit dawdling.  Get off your ante and go about your business.   
What did you think it was going to do, bark and beg for fish?	What did you think it was going to do, bark and beg for fish?
It's the Seal of the City of Lytton. 	It's the Seal of the City of Lytton. 
Don't play with the window.  The judge will find you in contempt of the Courthouse.	Don't play with the window.  The judge will find you in contempt of the Courthouse.
The old-fashioned window looks just right in the old-fashioned anteroom.	The old-fashioned window looks just right in the old-fashioned anteroom.
Don't remove it, it's a piece of history.	Don't remove it, it's a piece of history.
There's a board over the window.  It's one of those inexplicable things you see in old architecture that you're certain must have a purpose.	There's a board over the window.  It's one of those inexplicable things you see in old architecture that you're certain must have a purpose.
What were you thinking of doing, stealing his gun?	What were you thinking of doing, stealing his gun?
Thank you, Detective. 	Thank you, Detective. 
Please approach the bench, Detective Bonds.    	Please approach the bench, Detective Bonds.    
I would dearly love to grant your Warrant and keep this suspect off the streets, but there just isn't enough evidence here.  Perhaps if you brought me something else, I could help you.  I am sincerely sorry, Detective.  Here's your evidence.     	I would dearly love to grant your Warrant and keep this suspect off the streets, but there just isn't enough evidence here.  Perhaps if you brought me something else, I could help you.  I am sincerely sorry, Detective.  Here's your evidence.     
Thank you, Your Honor.  I'll do what I can. 	Thank you, Your Honor.  I'll do what I can. 
Please approach the bench, Detective. 	Please approach the bench, Detective. 
Well, this certainly supports your theory, Detective Bonds. Your No Bail Warrant for Mr. Hoffman is granted.     	Well, this certainly supports your theory, Detective Bonds. Your No Bail Warrant for Mr. Hoffman is granted.     
Thank you, Your Honor.   	Thank you, Your Honor.   
My pleasure.  Here's your evidence and your warrant.  	My pleasure.  Here's your evidence and your warrant.  
You won't regret this, Judge Palmer.  	You won't regret this, Judge Palmer.  
No, but YOU will if you spend so much time in here that Hoffman's lawyer has released him by the time you get back to the jailhouse.  Move it, Detective.   	No, but YOU will if you spend so much time in here that Hoffman's lawyer has released him by the time you get back to the jailhouse.  Move it, Detective.   
Thank you, Detective Bonds. 	Thank you, Detective Bonds. 
Believe me when I say I'd love to give you a warrant for this suspect, but there just isn't enought evidence to support it.  If you could provide me with something else, I could probably issue one.  Sorry, Detective.  	Believe me when I say I'd love to give you a warrant for this suspect, but there just isn't enought evidence to support it.  If you could provide me with something else, I could probably issue one.  Sorry, Detective.  
Thank you, Your Honor.	Thank you, Your Honor.
It's Rusty, the Bailiff.  He's got a pretty sedate job ... most of the time.	It's Rusty, the Bailiff.  He's got a pretty sedate job ... most of the time.
Address your comments to the Judge, not to the Bailiff.	Address your comments to the Judge, not to the Bailiff.
You shouldn't be wandering around the courtroom, Bonds.	You shouldn't be wandering around the courtroom, Bonds.
It's a table.	It's a table.
Oh, come on.	Oh, come on.
This is the judge's chair.	This is the judge's chair.
You may have the courtroom jitters, Bonds, but you can't leave yet.  You have things to do.  	You may have the courtroom jitters, Bonds, but you can't leave yet.  You have things to do.  
This door leads to the anteroom.	This door leads to the anteroom.
Leave the Stars & Stripes alone, Bonds. 	Leave the Stars & Stripes alone, Bonds. 
It's the American flag.	It's the American flag.
You only approach the bench when the judge asks you to do so.  You NEVER touch the judge's bench.	You only approach the bench when the judge asks you to do so.  You NEVER touch the judge's bench.
This is the judge's bench.	This is the judge's bench.
During the course of your career, you've been asked to handle junkies, murderers, rapists, thieves, nuts and pushers.	During the course of your career, you've been asked to handle junkies, murderers, rapists, thieves, nuts and pushers.
But you'd never stoop to touching a lawyer.	But you'd never stoop to touching a lawyer.
Lawyers.	Lawyers.
I hate those guys.	I hate those guys.
You avoid talking to lawyers whenever possible.  After all, you work months to bring some slime to justice, and the lawyers do their best to get these miscreants back out on the street...to murder, rape, and loot again.	You avoid talking to lawyers whenever possible.  After all, you work months to bring some slime to justice, and the lawyers do their best to get these miscreants back out on the street...to murder, rape, and loot again.
It's a cliche, but it works:  Act your age, not your shoe size. 	It's a cliche, but it works:  Act your age, not your shoe size. 
It's the court recorder's transcription machine.	It's the court recorder's transcription machine.
Get serious, Bonds.  The judge would not appreciate your enthusiasm for art.	Get serious, Bonds.  The judge would not appreciate your enthusiasm for art.
There is a beautiful painting of turn-of-the-century Lytton behind the judge's bench.	There is a beautiful painting of turn-of-the-century Lytton behind the judge's bench.
Come on, Bonds, you can't grab the judge.	Come on, Bonds, you can't grab the judge.
Give it to the bailiff, Bonds.	Give it to the bailiff, Bonds.
Give it to the bailiff, Bonds.  	Give it to the bailiff, Bonds.  
Judge Richard Palmer is known and feared by the criminals of Lytton.  He runs a strict courtroom, but a clean one.	Judge Richard Palmer is known and feared by the criminals of Lytton.  He runs a strict courtroom, but a clean one.
Leave Judge Palmer alone, Bonds.  He'll probably hold you in contempt if you irritate him.	Leave Judge Palmer alone, Bonds.  He'll probably hold you in contempt if you irritate him.
Judge Palmer is busy.	Judge Palmer is busy.
Yes, Your Honor, I have it right here.	Yes, Your Honor, I have it right here.
You give the evidence to the bailiff. 	You give the evidence to the bailiff. 
Yes...yes, this is perfect.  I'll grant your No Bail Warrant, Bonds.	Yes...yes, this is perfect.  I'll grant your No Bail Warrant, Bonds.
Here's your evidence and your Warrant, Detective.  Now get your butt down to the jail and keep that bird from flying! 	Here's your evidence and your Warrant, Detective.  Now get your butt down to the jail and keep that bird from flying! 
You're welcome.  Now MOVE!	You're welcome.  Now MOVE!
Your honor, I'm Acting Detective Sonny Bonds. I'm sorry to disturb you like this, but it's most urgent that I get a No Bail Warrant for one of my prisoners, Marvin Hoffman.  	Your honor, I'm Acting Detective Sonny Bonds. I'm sorry to disturb you like this, but it's most urgent that I get a No Bail Warrant for one of my prisoners, Marvin Hoffman.  
What's your reason for needing the Warrant, Bonds?	What's your reason for needing the Warrant, Bonds?
I believe that not only is this man a menace to the public, but he is without a doubt Jason Taselli, a drug dealer on the FBI's Ten Most Wanted list.	I believe that not only is this man a menace to the public, but he is without a doubt Jason Taselli, a drug dealer on the FBI's Ten Most Wanted list.
What makes you think Taselli and Hoffman are the same man, Officer?	What makes you think Taselli and Hoffman are the same man, Officer?
Their physical descriptions are nearly identical, and they are known to frequent the same areas and see the same people.  Most importantly, each man is described as having a tattoo of a red rose over his left nipple. 	Their physical descriptions are nearly identical, and they are known to frequent the same areas and see the same people.  Most importantly, each man is described as having a tattoo of a red rose over his left nipple. 
Fascinating.  You have any evidence to back this up?   	Fascinating.  You have any evidence to back this up?   
Yes, your honor. 	Yes, your honor. 
Present it to the bailiff, Detective.	Present it to the bailiff, Detective.
It doesn't feel very strong.  You wonder why it's there at all.  	It doesn't feel very strong.  You wonder why it's there at all.  
There is a wooden railing around the observer's seats.	There is a wooden railing around the observer's seats.
Leave the court officials alone. 	Leave the court officials alone. 
This is the court recorder. 	This is the court recorder. 
This is the historical City of Lytton Courthouse.	This is the historical City of Lytton Courthouse.
These are seats for courtroom observers.	These are seats for courtroom observers.
Detective Bonds!  Did you bring me more evidence? 	Detective Bonds!  Did you bring me more evidence? 
...And furthermore, Counselor, your tactics are the most reprehensible I've ever seen during my 15 years on the bench.  If I ever hear an outburst like that from you again, I'll ban you from my courtroom.  	...And furthermore, Counselor, your tactics are the most reprehensible I've ever seen during my 15 years on the bench.  If I ever hear an outburst like that from you again, I'll ban you from my courtroom.  
Then I'll hold you in contempt of court and throw your overpriced butt in jail for a week, and THEN I'll have you disbarred.	Then I'll hold you in contempt of court and throw your overpriced butt in jail for a week, and THEN I'll have you disbarred.
BONDS!	BONDS!
What are you doing in my courtroom?  You're not on my docket.  Get out of here and stop wasting taxpayers' money!	What are you doing in my courtroom?  You're not on my docket.  Get out of here and stop wasting taxpayers' money!
...and although a jury of your peers has found you innocent, young man, my personal opinion is that your actions are absolutely unforgiveable.  Rest assured that if I ever see you in this courtroom again, I'll throw the book at you. 	...and although a jury of your peers has found you innocent, young man, my personal opinion is that your actions are absolutely unforgiveable.  Rest assured that if I ever see you in this courtroom again, I'll throw the book at you. 
I'm not talking Robert's Rules of Order here.  I'm talking the entire Encyclopedia.  Do you understand me? 	I'm not talking Robert's Rules of Order here.  I'm talking the entire Encyclopedia.  Do you understand me? 
Your Honor, I--	Your Honor, I--
Good.  I'm glad we understand each other.  Remember, one misstep, and you've HAD IT! 	Good.  I'm glad we understand each other.  Remember, one misstep, and you've HAD IT! 
BONDS?!	BONDS?!
You have no business being here, Officer.  You're just wasting my time.  Get out of here.  NOW!	You have no business being here, Officer.  You're just wasting my time.  Get out of here.  NOW!
...Couldn't make it?  Your star witness couldn't make it?  Why, because he didn't want to miss the game this afternoon?  NO!  I will not grant you an extension for that, Counselor.  If you can't control your own witnesses-- 	...Couldn't make it?  Your star witness couldn't make it?  Why, because he didn't want to miss the game this afternoon?  NO!  I will not grant you an extension for that, Counselor.  If you can't control your own witnesses-- 
Bonds, I am not in a good mood.  Get out of my courtroom and stop wasting taxpayer's money before I hold you in contempt of court.  SO GET OUT OF HERE!  NOW!!!  	Bonds, I am not in a good mood.  Get out of my courtroom and stop wasting taxpayer's money before I hold you in contempt of court.  SO GET OUT OF HERE!  NOW!!!  
...I hereby sentence you to 30 days in the County prison plus a $5,000 fine.  And if I were you, young man, I'd find myself a new attorney.	...I hereby sentence you to 30 days in the County prison plus a $5,000 fine.  And if I were you, young man, I'd find myself a new attorney.
Your honor, I must object!  My client has been victimized by a system whose...	Your honor, I must object!  My client has been victimized by a system whose...
As for you, Mister, I highly suggest you review your rules of evidence before you appear in this courtroom again.  I will NOT have my time wasted with spurious accusations for which you have no evidence, objections for which you have no grounds, and constant badgering of the witnesses. 	As for you, Mister, I highly suggest you review your rules of evidence before you appear in this courtroom again.  I will NOT have my time wasted with spurious accusations for which you have no evidence, objections for which you have no grounds, and constant badgering of the witnesses. 
Now...what do you want, Detective? 	Now...what do you want, Detective? 
He's talking to you, Bonds.  You'd better be careful.  Richard Palmer is just about the toughest judge in the state of California.	He's talking to you, Bonds.  You'd better be careful.  Richard Palmer is just about the toughest judge in the state of California.
Bonds, I don't have all day.	Bonds, I don't have all day.
Bonds, I have no time for people who have no respect.  Get out of my courtroom.	Bonds, I have no time for people who have no respect.  Get out of my courtroom.
You're this close to being held in contempt of court, Bonds.  GO!!!	You're this close to being held in contempt of court, Bonds.  GO!!!
You don't need to testify on the stand, Bonds. 	You don't need to testify on the stand, Bonds. 
It's the witness stand.  You've sat here a few hundred times in your days as a patrolman. 	It's the witness stand.  You've sat here a few hundred times in your days as a patrolman. 
Please don't squeeze the suspect.	Please don't squeeze the suspect.
It's one of the defendants on Palmer's docket.  Whoever he is, he's lucky; Palmer talks loud but has a gentle touch.	It's one of the defendants on Palmer's docket.  Whoever he is, he's lucky; Palmer talks loud but has a gentle touch.
You've got nothing to say to this guy.	You've got nothing to say to this guy.
Adjust Judge Palmer's windows, Bonds, and he might just adjust YOU.	Adjust Judge Palmer's windows, Bonds, and he might just adjust YOU.
The windows look out over the Courthouse lawn.	The windows look out over the Courthouse lawn.
Unhand that officer!	Unhand that officer!
Don't you have to be somewhere, Bonds?	Don't you have to be somewhere, Bonds?
Gotta run, Sonny.	Gotta run, Sonny.
You don't have time for idle chit-chat.	You don't have time for idle chit-chat.
Bye, Sonny. 	Bye, Sonny. 
Later, Sonny.	Later, Sonny.
The officer is busy.	The officer is busy.
Aren't you supposed to be somewhere, Bonds?	Aren't you supposed to be somewhere, Bonds?
Why are you lurking in the halls, Bonds?  Get to work!	Why are you lurking in the halls, Bonds?  Get to work!
You again.  Hmmph.	You again.  Hmmph.
Hello, Bonds.	Hello, Bonds.
Damn Gremlin.  I'll kill him.  Whoever he is, I'll kill him.	Damn Gremlin.  I'll kill him.  Whoever he is, I'll kill him.
It's Sgt. Dooley.	It's Sgt. Dooley.
It's always best to leave cranky Sergeants alone.	It's always best to leave cranky Sergeants alone.
Considering the mood Sgt. Dooley has been in for the last several days, I'd leave him alone if I were you.	Considering the mood Sgt. Dooley has been in for the last several days, I'd leave him alone if I were you.
Hey, Sonny, you'd better hurry or Dooley's gonna fry your bacon for being late for the briefing. 	Hey, Sonny, you'd better hurry or Dooley's gonna fry your bacon for being late for the briefing. 
Hi, Sonny!  Did you hear Sam got tranferred to Coarsegold?  Bummer, huh?  	Hi, Sonny!  Did you hear Sam got tranferred to Coarsegold?  Bummer, huh?  
Hey, it's the Sonny-meister!   	Hey, it's the Sonny-meister!   
How's it going, Sonny?  Cleaned up Lytton yet?  ha ha.  	How's it going, Sonny?  Cleaned up Lytton yet?  ha ha.  
Hey, Sonny, I'll give you a call this weekend.  	Hey, Sonny, I'll give you a call this weekend.  
Hey, wake up!  You're thinkin' too hard! 	Hey, wake up!  You're thinkin' too hard! 
Oh, man, I'm late.  Dooley's gonna kill me. 	Oh, man, I'm late.  Dooley's gonna kill me. 
Smile, Sonny!  	Smile, Sonny!  
Sonny, wasn't the Gremlin's last joke awesome?  Ha ha!   	Sonny, wasn't the Gremlin's last joke awesome?  Ha ha!   
Earth to Sonny, Earth to Sonny!  You were lookin' a little spacey there, ha ha!  	Earth to Sonny, Earth to Sonny!  You were lookin' a little spacey there, ha ha!  
Sonny, did you see the game last night?  That's the way to do it, man.  Get paid five million a year to kick a little ball around, ha ha!    	Sonny, did you see the game last night?  That's the way to do it, man.  Get paid five million a year to kick a little ball around, ha ha!    
Hey, Bonds, did you double your quota again this week?  What an overachiever, man!  	Hey, Bonds, did you double your quota again this week?  What an overachiever, man!  
Hey, Sonny!  When are you gonna get a girlfriend, ha ha!   	Hey, Sonny!  When are you gonna get a girlfriend, ha ha!   
Oh, geez, Dooley had a cow over his "customized" pink uniform.  The Gremlin strikes again, ay, Sonny?  Ha ha!     	Oh, geez, Dooley had a cow over his "customized" pink uniform.  The Gremlin strikes again, ay, Sonny?  Ha ha!     
Oh, my baby lives in Bootjack, she's the apple of my eye And if my baby left me, I'd blow a lung and die. She hugs me in the morning and she kisses me at night, She makes me roadkill pancakes, And she's vicious in a fight.     	Oh, my baby lives in Bootjack, she's the apple of my eye And if my baby left me, I'd blow a lung and die. She hugs me in the morning and she kisses me at night, She makes me roadkill pancakes, And she's vicious in a fight.     
One of your fellow officers.	One of your fellow officers.
Oh, hi, Sonny.	Oh, hi, Sonny.
Hi, Sonny.  Be careful today, okay?	Hi, Sonny.  Be careful today, okay?
Don't get old, Sonny, it's not worth it.	Don't get old, Sonny, it's not worth it.
It's Officer Jack Cobb.	It's Officer Jack Cobb.
Jack seems distracted lately.  You're a little worried about him.	Jack seems distracted lately.  You're a little worried about him.
You answer Jack, but he doesn't seem to hear you.	You answer Jack, but he doesn't seem to hear you.
Hello, Bonds.  Nice to see you.	Hello, Bonds.  Nice to see you.
Keep up the good work, Bonds.	Keep up the good work, Bonds.
Hello, Sonny.	Hello, Sonny.
I hear good things about you, Bonds.	I hear good things about you, Bonds.
It's Lt. Morgan.	It's Lt. Morgan.
You politely reply.  Lt. Morgan is definitely a good guy, you think to yourself.	You politely reply.  Lt. Morgan is definitely a good guy, you think to yourself.
You politely answer Lt. Morgan.	You politely answer Lt. Morgan.
What, did you expect yourself to answer?  You've been working too hard, Bonds.	What, did you expect yourself to answer?  You've been working too hard, Bonds.
You get a busy signal. 	You get a busy signal. 
This is Sergeant John Dooley.  Leave your name and message at the tone.  And if this is The Gremlin, YOU'RE DEAD! **BEEP*   	This is Sergeant John Dooley.  Leave your name and message at the tone.  And if this is The Gremlin, YOU'RE DEAD! **BEEP*   
Yikes!  You decide not to leave a message. 	Yikes!  You decide not to leave a message. 
Hmmm, no answer.	Hmmm, no answer.
Hi, this is Officer Fudley Morris.  I can't come to the phone right now.  I'm cleaning up the streets.  Leave your number and I'll call you back.  **BEEP* 	Hi, this is Officer Fudley Morris.  I can't come to the phone right now.  I'm cleaning up the streets.  Leave your number and I'll call you back.  **BEEP* 
Cleaning up the streets?  Yeah, right.  You'd bet 20 to 1 that Fudley's cleaning himself in the shower.  Fudley's always in the shower.	Cleaning up the streets?  Yeah, right.  You'd bet 20 to 1 that Fudley's cleaning himself in the shower.  Fudley's always in the shower.
There's no answer right now.	There's no answer right now.
...Hello?  	...Hello?  
Jack, this is Sonny. 	Jack, this is Sonny. 
Oh...Sonny.  Listen, I don't really feel like talking... 	Oh...Sonny.  Listen, I don't really feel like talking... 
I know, Jack.  I just wanted to tell you...that I'm sorry.  If there's anything I can do for you, Jack, anything at all, just let me know.  	I know, Jack.  I just wanted to tell you...that I'm sorry.  If there's anything I can do for you, Jack, anything at all, just let me know.  
Thank you, Sonny, that means a lot to me.  There's nothing I can think of. But thanks anyway. 	Thank you, Sonny, that means a lot to me.  There's nothing I can think of. But thanks anyway. 
Sure.  Call me if you need me, okay?  	Sure.  Call me if you need me, okay?  
Okay. Goodbye, Sonny.  	Okay. Goodbye, Sonny.  
Goodbye, Jack. 	Goodbye, Jack. 
That was just about the most difficult phone call you ever made in your life. You're glad you did, though.  You wanted Jack to know you were thinking of him. 	That was just about the most difficult phone call you ever made in your life. You're glad you did, though.  You wanted Jack to know you were thinking of him. 
You suddenly remember the time that Keith had to call the parents of a young 11-44.  You realize that you probably have many more terribly hard phone calls to make in your career.  You try not to think about it.  They make you sick to your stomach. 	You suddenly remember the time that Keith had to call the parents of a young 11-44.  You realize that you probably have many more terribly hard phone calls to make in your career.  You try not to think about it.  They make you sick to your stomach. 
You get only a busy signal.	You get only a busy signal.
This is Jake Donaldson. I'm on vacation this week. Leave a message if it's important. If you call me at my hotel in San Diego, it had better be a life and death matter. I'm busy soakin' up rays! **BEEP*  	This is Jake Donaldson. I'm on vacation this week. Leave a message if it's important. If you call me at my hotel in San Diego, it had better be a life and death matter. I'm busy soakin' up rays! **BEEP*  
You decide to leave Jake in peace.	You decide to leave Jake in peace.
This is Detective Jeff Steele.  I can't come to the phone right now. I'm sure I have a very good reason.  If you have a very good reason, leave your name and message at the beep.  **BEEP*    	This is Detective Jeff Steele.  I can't come to the phone right now. I'm sure I have a very good reason.  If you have a very good reason, leave your name and message at the beep.  **BEEP*    
You don't have a good reason to talk to Detective Steele, so you hang up. 	You don't have a good reason to talk to Detective Steele, so you hang up. 
Hi, this is Keith Mandel.  I'm out making Lytton safe for future generations, so please leave your message and I'll call you back.  **BEEP*  	Hi, this is Keith Mandel.  I'm out making Lytton safe for future generations, so please leave your message and I'll call you back.  **BEEP*  
Keith, this is Sonny.  I'm sure the criminals are quaking with fear at the sound of your name by now.  Call me if you want to go for pizza this weekend. Bye.	Keith, this is Sonny.  I'm sure the criminals are quaking with fear at the sound of your name by now.  Call me if you want to go for pizza this weekend. Bye.
Hi, this is Officer Kurt Wolff.  I'm probably out risking my life over a domestic dispute involving who drank the last of the orange juice, or who left the toilet seat up.  Leave your name and number.  If I live through the day, I'll call you.  **BEEP*   	Hi, this is Officer Kurt Wolff.  I'm probably out risking my life over a domestic dispute involving who drank the last of the orange juice, or who left the toilet seat up.  Leave your name and number.  If I live through the day, I'll call you.  **BEEP*   
Hmm, Kurt always did have a strange sense of humor.	Hmm, Kurt always did have a strange sense of humor.
You get a busy signal.	You get a busy signal.
Hi, this is Officer Miranda Duvall. I'm out saving the world right now, so obviously, I can't come to the phone. If you need a natural disaster averted, leave your name and message and I'll get back to you. **BEEP*  	Hi, this is Officer Miranda Duvall. I'm out saving the world right now, so obviously, I can't come to the phone. If you need a natural disaster averted, leave your name and message and I'll get back to you. **BEEP*  
Hmm, great message!	Hmm, great message!
You get a busy signal.  Captain Morgan has to spend a lot of time on the phone.	You get a busy signal.  Captain Morgan has to spend a lot of time on the phone.
Hello, this is Detective Oliver Smith.  I'm out improving my skills with a firearm at the firing range.  I would suggest you get off your butt and do so as well.  If you have something to say to me, leave a message at the tone. **BEEP*   	Hello, this is Detective Oliver Smith.  I'm out improving my skills with a firearm at the firing range.  I would suggest you get off your butt and do so as well.  If you have something to say to me, leave a message at the tone. **BEEP*   
You don't have anything to say to Detective Smith, so you hang up. 	You don't have anything to say to Detective Smith, so you hang up. 
This is Detective Oscar Hamiliton.  I'm out scraping some poor shlock off the sidewalk right now, so I can't come to the phone.  If it's important, leave me a message.  If it's not, leave me the hell alone.    	This is Detective Oscar Hamiliton.  I'm out scraping some poor shlock off the sidewalk right now, so I can't come to the phone.  If it's important, leave me a message.  If it's not, leave me the hell alone.    
*BEEP* 	*BEEP* 
You wisely decide not to disturb the Detective. 	You wisely decide not to disturb the Detective. 
This is Officer Billings.  I can't come to the phone right now.  If you're the creep who bashed the fender of my vintage Jag, leave your name and number at the tone.  Believe me, I'll get back to you.  **BEEP**   	This is Officer Billings.  I can't come to the phone right now.  If you're the creep who bashed the fender of my vintage Jag, leave your name and number at the tone.  Believe me, I'll get back to you.  **BEEP**   
You don't need to say anything to Officer Billings, so you hang up.	You don't need to say anything to Officer Billings, so you hang up.
Hi, Little Buckaroo, this is Officer Paul Peterowski at your service.  I'm not really at your service, because I'm not here right now!  Leave a message, or come down to the jail and see me.  I'm dying for some company!  That means you, Sonny Bonds! **BEEP*     	Hi, Little Buckaroo, this is Officer Paul Peterowski at your service.  I'm not really at your service, because I'm not here right now!  Leave a message, or come down to the jail and see me.  I'm dying for some company!  That means you, Sonny Bonds! **BEEP*     
Cringing inwardly, you hang up.	Cringing inwardly, you hang up.
The number you have dialed cannot be reached from your calling area. Thank you for using LT&T. 	The number you have dialed cannot be reached from your calling area. Thank you for using LT&T. 
That number seems to be busy.  	That number seems to be busy.  
You don't need to repeat that call.	You don't need to repeat that call.
Against your better judgment, you dial the emergency number.  After a few seconds, the dispatcher answers your call.	Against your better judgment, you dial the emergency number.  After a few seconds, the dispatcher answers your call.
She informs you curtly that you cannot be transferred to Lieutenant Morgan from this line, and reminds you that 911 is strictly for emergencies.	She informs you curtly that you cannot be transferred to Lieutenant Morgan from this line, and reminds you that 911 is strictly for emergencies.
Unfortunately, you know she's right, and you apologize quickly before hanging up.	Unfortunately, you know she's right, and you apologize quickly before hanging up.
You DID remember to note Morgan's phone number before leaving the station, didn't you?  That would have been just plain common sense.	You DID remember to note Morgan's phone number before leaving the station, didn't you?  That would have been just plain common sense.
We're sorry. Your call can not go through as dialed. Please check the number and dial again. Thank you for using LT&T.  	We're sorry. Your call can not go through as dialed. Please check the number and dial again. Thank you for using LT&T.  
You have reached Directory Assistance.  Due to a heavy volume of calls, all circuits are busy.  Please try again later. Thank you for using LT&T.  	You have reached Directory Assistance.  Due to a heavy volume of calls, all circuits are busy.  Please try again later. Thank you for using LT&T.  
We're sorry, you have reached a number that is no longer in service. If you feel you have reached this recording in error,  please check the number and try your call again. Thank you for using LT&T.	We're sorry, you have reached a number that is no longer in service. If you feel you have reached this recording in error,  please check the number and try your call again. Thank you for using LT&T.
McCall.  Leave a message.  **BEEP**  	McCall.  Leave a message.  **BEEP**  
You decide not to leave a message.	You decide not to leave a message.
Hi, this is Russ!  I'm, like, really busy right now, so, like, leave your message at the beep, and I'll have my secretary call yours, ha ha!  **BEEP** 	Hi, this is Russ!  I'm, like, really busy right now, so, like, leave your message at the beep, and I'll have my secretary call yours, ha ha!  **BEEP** 
You don't have a message for Russ, so you hang up.	You don't have a message for Russ, so you hang up.
Hi, this is Officer Zuckerman.  If you're Oprah or Phil or Sally wanting to tell the sordid story of my life, I'll call you right back.  If you're anyone else, leave your number anyway, and I'll think about it! **BEEP**   	Hi, this is Officer Zuckerman.  If you're Oprah or Phil or Sally wanting to tell the sordid story of my life, I'll call you right back.  If you're anyone else, leave your number anyway, and I'll think about it! **BEEP**   
Sarah, this is Geraldo.  I was going to have you on my program, but you got bumped by a panel of completely well-adjusted, happy straight people.  Sorry, maybe next time! 	Sarah, this is Geraldo.  I was going to have you on my program, but you got bumped by a panel of completely well-adjusted, happy straight people.  Sorry, maybe next time! 
That'll teach her. 	That'll teach her. 
This is Officer Shelly Kale. Leave your name and number and I'll get back to you. **BEEP**  	This is Officer Shelly Kale. Leave your name and number and I'll get back to you. **BEEP**  
You don't have anything to say to Officer Kale, so you hang up.	You don't have anything to say to Officer Kale, so you hang up.
Hey, this is Steve.  I'm busy scamming babes right now so leave me a message and I'll call you back. Bye!  **BEEP** 	Hey, this is Steve.  I'm busy scamming babes right now so leave me a message and I'll call you back. Bye!  **BEEP** 
Hey, bozo, what are you doing?  Get back to your desk and finish your paperwork!  Let me know if you wanna go for pizza this weekend.  Bye. 	Hey, bozo, what are you doing?  Get back to your desk and finish your paperwork!  Let me know if you wanna go for pizza this weekend.  Bye. 
That was fun!	That was fun!
You don't need to pester Detective Taber right now.  	You don't need to pester Detective Taber right now.  
Hmmm...(yawn)...Hello?   	Hmmm...(yawn)...Hello?   
It sounds like she was taking a nap.  Maybe you should hang up without saying anything.  	It sounds like she was taking a nap.  Maybe you should hang up without saying anything.  
Hi, baby.  How are you? 	Hi, baby.  How are you? 
(Giggle).  Who is this?  	(Giggle).  Who is this?  
It's me, Sonny Bonds.  Remember, the cop who pulled you over?  I'd really like to come over and see you, Tawnee... 	It's me, Sonny Bonds.  Remember, the cop who pulled you over?  I'd really like to come over and see you, Tawnee... 
Tawnee?  Who the hell is Tawnee?  This is Helen Hackman.  You know, Police Commisioner Johnathan Hackman's WIFE?  You sleazy little creep!  I'll have your badge for this!  	Tawnee?  Who the hell is Tawnee?  This is Helen Hackman.  You know, Police Commisioner Johnathan Hackman's WIFE?  You sleazy little creep!  I'll have your badge for this!  
Sorry, wrong number.	Sorry, wrong number.
She did, in fact, have your badge for that.  You were kicked off the force in disgrace.  Hope you're enjoying your new job at Brew 'N Burger.  	She did, in fact, have your badge for that.  You were kicked off the force in disgrace.  Hope you're enjoying your new job at Brew 'N Burger.  
Hi, this is Detective Watts.  I'm training some wet-behind-the-ears babynarc right now, so I can't come to the phone.  You know what to do at the tone. Bye! **BEEP**  	Hi, this is Detective Watts.  I'm training some wet-behind-the-ears babynarc right now, so I can't come to the phone.  You know what to do at the tone. Bye! **BEEP**  
Hey!  What did she just call you?	Hey!  What did she just call you?
BADGE : %s	BADGE : %s
DIVISION : %s	DIVISION : %s
File not found.	File not found.
File found:  Taselli, Jason - Currently on Most Wanted List Sex: M  Height: 6'0"  Hair: Blk  Eyes: Blue  Weight: 190 Distinguishing Marks: Rose Tattoo over left nipple Please select action:	File found:  Taselli, Jason - Currently on Most Wanted List Sex: M  Height: 6'0"  Hair: Blk  Eyes: Blue  Weight: 190 Distinguishing Marks: Rose Tattoo over left nipple Please select action:
Print file	Print file
Enter new file code:	Enter new file code:
Sending file to local printer.	Sending file to local printer.
Establishing FBI link.  Enter FBI case number:	Establishing FBI link.  Enter FBI case number:
HEIGHT : %s	HEIGHT : %s
Sorry, that server is not currently accessible.  	Sorry, that server is not currently accessible.  
NAME : %s 	NAME : %s 
         Notes 	         Notes 
Thank you for using the CHIPSTER 2000 Computer System.  It was my pleasure to serve you.  	Thank you for using the CHIPSTER 2000 Computer System.  It was my pleasure to serve you.  
Welcome to the CHIPSTER 2000 Computer System.  How may I please you today?  	Welcome to the CHIPSTER 2000 Computer System.  How may I please you today?  
Searching...	Searching...
SEX : %s	SEX : %s
STATUS : %s	STATUS : %s
Narcotics	Narcotics
See below	See below
Anglin, Daniel	Anglin, Daniel
Transferred from Steelton PD	Transferred from Steelton PD
Temporary	Temporary
Vice	Vice
Ballew, Todd	Ballew, Todd
Transferred to Vice, 1/90.  Telephone: 555-2483	Transferred to Vice, 1/90.  Telephone: 555-2483
Homicide	Homicide
Hamilton, Oscar	Hamilton, Oscar
Promoted to Sergeant, 4/1/87 Promoted to Lieutenant, 5/2/92 Telephone: 555-3293	Promoted to Sergeant, 4/1/87 Promoted to Lieutenant, 5/2/92 Telephone: 555-3293
Active	Active
Traffic	Traffic
Johnson, Steven	Johnson, Steven
Telephone: 555-3833	Telephone: 555-3833
Violent Crimes	Violent Crimes
Kale, Sheila	Kale, Sheila
Leave of Absence.  Telephone: 555-2233	Leave of Absence.  Telephone: 555-2233
Inactive	Inactive
Mandel, Keith	Mandel, Keith
Telephone: 555-2837	Telephone: 555-2837
McCall, Rex	McCall, Rex
Promoted to Sergeant: 6/16/88.  Telephone: 555-2275	Promoted to Sergeant: 6/16/88.  Telephone: 555-2275
Michaels, Anthony	Michaels, Anthony
Indefinite medical leave.  Telephone: 555-2273.	Indefinite medical leave.  Telephone: 555-2273.
Morgan, Joseph	Morgan, Joseph
Promoted to Sergeant, 4/20/82 Promoted to Lieutenant, 1/2/90 Telephone: 555-3784	Promoted to Sergeant, 4/20/82 Promoted to Lieutenant, 1/2/90 Telephone: 555-3784
Morris, Fudley	Morris, Fudley
Reprimanded 3/31/91: tardiness Reprimanded 6/30/91: tardiness Reprimanded 12/31/91: tardiness Telephone: 555-9274	Reprimanded 3/31/91: tardiness Reprimanded 6/30/91: tardiness Reprimanded 12/31/91: tardiness Telephone: 555-9274
Active; on administrative parole	Active; on administrative parole
Incarceration	Incarceration
Peterowski, Paul	Peterowski, Paul
Transferred to Prison Duty, 11/1/91 Telephone: 555-4335	Transferred to Prison Duty, 11/1/91 Telephone: 555-4335
Burglary	Burglary
Shannon, Michael	Shannon, Michael
Internal Affairs currently investigating death of suspect and possible misuse of firearms. Telephone: 555-9699	Internal Affairs currently investigating death of suspect and possible misuse of firearms. Telephone: 555-9699
Suspended w/pay concomitant w/IA investigation	Suspended w/pay concomitant w/IA investigation
Billings, Patricia	Billings, Patricia
Telephone: 555-7427	Telephone: 555-7427
Shapiro, Sandra	Shapiro, Sandra
Telephone: 555-2697	Telephone: 555-2697
Smith, Oliver	Smith, Oliver
Award issued for Marksmanship, 7/90 Telephone: 555-2264	Award issued for Marksmanship, 7/90 Telephone: 555-2264
Steele, Jeffrey	Steele, Jeffrey
Promoted to Detective 2nd Class, 10/1/89 Telephone: 555-7783	Promoted to Detective 2nd Class, 10/1/89 Telephone: 555-7783
Taber, Joseph	Taber, Joseph
Promoted to Detective, 5/15/92 Telephone: 555-9473	Promoted to Detective, 5/15/92 Telephone: 555-9473
Watts, Laura	Watts, Laura
Promoted to Detective, 9/1/90 Telephone: 555-8833	Promoted to Detective, 9/1/90 Telephone: 555-8833
Wolff, Kurt	Wolff, Kurt
Telephone: 555-4875	Telephone: 555-4875
Zuckerman, Sarah	Zuckerman, Sarah
Telephone: 555-9425	Telephone: 555-9425
Narcotics (Temp.)	Narcotics (Temp.)
Bonds, Sonny	Bonds, Sonny
Currently on temporary assignment to Narcotics.  General duty: Traffic.  Telephone: 555-7883	Currently on temporary assignment to Narcotics.  General duty: Traffic.  Telephone: 555-7883
Carter, Thomas	Carter, Thomas
Officer of the Month: 6/89, 2/92.  Telephone: 555-4663	Officer of the Month: 6/89, 2/92.  Telephone: 555-4663
Evidence	Evidence
Dinkle, Russell	Dinkle, Russell
Transferred to Evidence 12/89.  Telephone: 555-6373	Transferred to Evidence 12/89.  Telephone: 555-6373
Cobb, Jack	Cobb, Jack
Telephone: 555-7627	Telephone: 555-7627
Donaldson, Jake	Donaldson, Jake
On vacation.  Telephone: 555-6342	On vacation.  Telephone: 555-6342
Dooley, Jonathan	Dooley, Jonathan
Promoted to Sergeant, 8/83.  Telephone: 555-9355	Promoted to Sergeant, 8/83.  Telephone: 555-9355
Duvall, Miranda	Duvall, Miranda
Transferred to Homicide 8/1/91.  Telephone: 555-9453	Transferred to Homicide 8/1/91.  Telephone: 555-9453
Sorry, that weapon code is not on file. 	Sorry, that weapon code is not on file. 
Registered to: Jason Taselli, FBI file #60321.  	Registered to: Jason Taselli, FBI file #60321.  
Please enter the 5 digit serial number of your weapon.  	Please enter the 5 digit serial number of your weapon.  
WEIGHT : %s	WEIGHT : %s
Knocking on the elevator doors isn't going to make the elevator arrive any faster...and you're not strong enough to pry the doors apart.	Knocking on the elevator doors isn't going to make the elevator arrive any faster...and you're not strong enough to pry the doors apart.
Knocking on the elevator doors won't make the elevator appear any faster...and you're not strong enough to pry the doors apart.	Knocking on the elevator doors won't make the elevator appear any faster...and you're not strong enough to pry the doors apart.
The button, Bonds, the button. 	The button, Bonds, the button. 
It's the elevator. 	It's the elevator. 
This is the first floor of the Hotel Delphoria.   	This is the first floor of the Hotel Delphoria.   
This is the second floor of the Hotel Delphoria. 	This is the second floor of the Hotel Delphoria. 
This is the third floor of the Hotel Delphoria.  	This is the third floor of the Hotel Delphoria.  
You've got more pressing matters than picking through the carpet.	You've got more pressing matters than picking through the carpet.
It's that ever-present peach carpeting. 	It's that ever-present peach carpeting. 
Try your key. 	Try your key. 
You turn the key, and the door pops open.  A wave of powerful disinfectant air freshener wafts over you.	You turn the key, and the door pops open.  A wave of powerful disinfectant air freshener wafts over you.
It's room number 202.    	It's room number 202.    
It's room number 202.  Hey, that's your room! 	It's room number 202.  Hey, that's your room! 
You don't need to do that. 	You don't need to do that. 
You don't want to know.   	You don't want to know.   
It's not your room. 	It's not your room. 
It's room 203. 	It's room 203. 
Don't disturb them, Bonds.  They're not breaking the law.  Just bending good taste.   	Don't disturb them, Bonds.  They're not breaking the law.  Just bending good taste.   
You tap on the door, but no one answers.  You hear muffled rustling. 	You tap on the door, but no one answers.  You hear muffled rustling. 
It's room 302. 	It's room 302. 
From inside, you hear: "Shhh!  Frederick!  Quick, it's my husband!"	From inside, you hear: "Shhh!  Frederick!  Quick, it's my husband!"
You knock on the door.  You hear agitated rustling.	You knock on the door.  You hear agitated rustling.
It's room 303. 	It's room 303. 
"Shhh!  Al!  It's your wife!"	"Shhh!  Al!  It's your wife!"
The hotel controls the light fixtures, Bonds.  You can't turn it on or off. 	The hotel controls the light fixtures, Bonds.  You can't turn it on or off. 
It's a light fixture. 	It's a light fixture. 
You can't reach it, pal. 	You can't reach it, pal. 
Fancy paneling, hmm? 	Fancy paneling, hmm? 
This is the second floor of the Hotel Delphoria.	This is the second floor of the Hotel Delphoria.
Gerald, I don't feel like playing this game anymore. 	Gerald, I don't feel like playing this game anymore. 
You SAID you thought it sounded like FUN!	You SAID you thought it sounded like FUN!
I was talking about going away with you for a weekend.  But this game, this is just...sick.  Take the handcuffs off.	I was talking about going away with you for a weekend.  But this game, this is just...sick.  Take the handcuffs off.
We'll see, me beauty.	We'll see, me beauty.
I swear, Gerald, I'm going to kick you in a second...	I swear, Gerald, I'm going to kick you in a second...
As you walk by the room, you catch a snippet of what must be one of the free in-room movies..."Tonight...Dino DeLaurentis presents a Brian DePalma Production of a George Romero Film.  John Carpenter's TEDDY BEAR'S PICNIC!  You've never seen teddy bears like these before!  If you go down to the woods today, you're in for a BIG surprise!"	As you walk by the room, you catch a snippet of what must be one of the free in-room movies..."Tonight...Dino DeLaurentis presents a Brian DePalma Production of a George Romero Film.  John Carpenter's TEDDY BEAR'S PICNIC!  You've never seen teddy bears like these before!  If you go down to the woods today, you're in for a BIG surprise!"
%s call%s. 	%s call%s. 
You can not pass since there is already a bet of %d chip%s placed.	You can not pass since there is already a bet of %d chip%s placed.
You can not ante at this time.	You can not ante at this time.
You can not call at this time.	You can not call at this time.
You can not deal the cards right now.	You can not deal the cards right now.
You can not fold at this time.	You can not fold at this time.
%s %s raised %d chip%s.	%s %s raised %d chip%s.
Please deal the cards first.	Please deal the cards first.
You are only allowed to discard 3 cards unless you keep an ace. 	You are only allowed to discard 3 cards unless you keep an ace. 
%s fold%s. 	%s fold%s. 
%s %s anted up %d chip%s.	%s %s anted up %d chip%s.
Flush 	Flush 
Four of a Kind 	Four of a Kind 
Full House 	Full House 
High Card	High Card
One Pair 	One Pair 
Straight 	Straight 
Straight Flush 	Straight Flush 
Three of a Kind 	Three of a Kind 
Two Pairs 	Two Pairs 
has	has
%s %s bet %d chip%s.	%s %s bet %d chip%s.
have	have
You have reached your maximum bet. 	You have reached your maximum bet. 
You have reached your minimum bet. 	You have reached your minimum bet. 
You must bet at least %d chip%s. 	You must bet at least %d chip%s. 
Frank	Frank
Gene	Gene
Otto	Otto
You	You
You can not change your bet at this time.	You can not change your bet at this time.
%s pass%s. 	%s pass%s. 
Play  	Play  
Please discard your unwanted cards now.	Please discard your unwanted cards now.
es	es
Would you like to Play Poker or Skip it?	Would you like to Play Poker or Skip it?
You still have to ante.	You still have to ante.
You still have a bet to make.	You still have a bet to make.
%s take%s %d card%s. 	%s take%s %d card%s. 
This hand is a tie between	This hand is a tie between
%s win%s. 	%s win%s. 
The winner is	The winner is
Skip It  	Skip It  
It is your turn to deal now.	It is your turn to deal now.
You lose.	You lose.
You win! 	You win! 
It's the door of your car.  	It's the door of your car.  
It feels like a car.  	It feels like a car.  
That's not an option at this time.	That's not an option at this time.
It's your car.	It's your car.
If you can't take a simple order like 'Sit Down', Bonds, you're going to have trouble advancing in the force.  Dooley's not YOUR biggest fan right now. 	If you can't take a simple order like 'Sit Down', Bonds, you're going to have trouble advancing in the force.  Dooley's not YOUR biggest fan right now. 
You're supposed to be an example for the people of Lytton, Bonds, not a sleazeball.  You were bounced out of the force so fast your head is still spinning.  Hope you like your new career at Happy Donut.	You're supposed to be an example for the people of Lytton, Bonds, not a sleazeball.  You were bounced out of the force so fast your head is still spinning.  Hope you like your new career at Happy Donut.
This game upholds the law, partner.  Come back when you find your documentation. 	This game upholds the law, partner.  Come back when you find your documentation. 
Thanks for playing Police Quest 1.  	Thanks for playing Police Quest 1.  
One must stop at stop signs, don't you think?	One must stop at stop signs, don't you think?
Because of your failure to follow police procedure, you've just been clobbered by a sloppy drunk.  You sure look cute in that neck brace.	Because of your failure to follow police procedure, you've just been clobbered by a sloppy drunk.  You sure look cute in that neck brace.
Bill Barnum was delighted that you didn't arrest him.  In fact, he was so happy that he celebrated with a fifth of scotch, and then ran into five people, two cats, and a cement mixer.  Internal Affairs found you guilty of gross negligence.  We hope you're enjoying your new career as a shoe salesman. Say "Hi" to Al for us. 	Bill Barnum was delighted that you didn't arrest him.  In fact, he was so happy that he celebrated with a fifth of scotch, and then ran into five people, two cats, and a cement mixer.  Internal Affairs found you guilty of gross negligence.  We hope you're enjoying your new career as a shoe salesman. Say "Hi" to Al for us. 
It was very kind of you to cuff Mr. Barnum in the front, Bonds.  You'll have plenty of time to reflect on your gentle deed as you're lying in the hospital with tubes up your nose, recovering from a fractured vertabrae.  	It was very kind of you to cuff Mr. Barnum in the front, Bonds.  You'll have plenty of time to reflect on your gentle deed as you're lying in the hospital with tubes up your nose, recovering from a fractured vertabrae.  
They taught you to lock up your gun before entering a jailhouse during the first week of the Academy, Bonds.  It looks like you could use a little review.  Unfortunately, at the moment, you're a little perforated.      	They taught you to lock up your gun before entering a jailhouse during the first week of the Academy, Bonds.  It looks like you could use a little review.  Unfortunately, at the moment, you're a little perforated.      
Maybe you should have brushed up your poker skills before taking those guys on.  You know what they say; if you can't run with the big dogs, stay on the porch! 	Maybe you should have brushed up your poker skills before taking those guys on.  You know what they say; if you can't run with the big dogs, stay on the porch! 
It was everything you've ever imagined.  Unfortunately, Lt. Morgan called you just as Marie was calling on her maker.  Her foot knocked the phone off the hook... and the rest is history.  In fact, your career is history.	It was everything you've ever imagined.  Unfortunately, Lt. Morgan called you just as Marie was calling on her maker.  Her foot knocked the phone off the hook... and the rest is history.  In fact, your career is history.
You were supposed to be blending in, not drawing attention to yourself.  Maybe next time you should act like a civilized gangster and pay for your drink, mmm? 	You were supposed to be blending in, not drawing attention to yourself.  Maybe next time you should act like a civilized gangster and pay for your drink, mmm? 
You never have been able to hold your liquor, Bonds.  After your third rum and coke, you tore off your clothes and ran through the hallway shouting 'Guess what, I'm a cop'.  Lt. Morgan removed you from the case, and Sgt. Dooley put you back on a foot patrol.  Oh, well, walking is good for you. 	You never have been able to hold your liquor, Bonds.  After your third rum and coke, you tore off your clothes and ran through the hallway shouting 'Guess what, I'm a cop'.  Lt. Morgan removed you from the case, and Sgt. Dooley put you back on a foot patrol.  Oh, well, walking is good for you. 
As you're slugging down your rum and coke, you hear a familiar angry bellow.  It's Sgt. Dooley, who's here meeting his elderly, out-of-town aunt Angina.  Unfortunately, the force takes a dim view of drinking in uniform... oh well, you can get a job at the mall. 	As you're slugging down your rum and coke, you hear a familiar angry bellow.  It's Sgt. Dooley, who's here meeting his elderly, out-of-town aunt Angina.  Unfortunately, the force takes a dim view of drinking in uniform... oh well, you can get a job at the mall. 
Because you failed to perform a walk-around safety check before you got into your car, you failed to notice that you had picked up a nail.  Normally this would only result in a reprimand...but unfortunately for you, your tire blew out in a neighborhood that considers cops to be a nice after-dinner snack.  You were dragged out of your car by a howling mob of junkies, thugs, and killers.  It's going to be a closed-casket funeral...  	Because you failed to perform a walk-around safety check before you got into your car, you failed to notice that you had picked up a nail.  Normally this would only result in a reprimand...but unfortunately for you, your tire blew out in a neighborhood that considers cops to be a nice after-dinner snack.  You were dragged out of your car by a howling mob of junkies, thugs, and killers.  It's going to be a closed-casket funeral...  
Your failure to follow police procedure allowed the suspect to escape.  Lt. Morgan was less than impressed by the fact that you couldn't control a sixteen year old junkie.  You're off the case. 	Your failure to follow police procedure allowed the suspect to escape.  Lt. Morgan was less than impressed by the fact that you couldn't control a sixteen year old junkie.  You're off the case. 
Congratulations, you just shot a sixteen year old, unarmed suspect.  Internal affairs kicked you off the force immediately.  You didn't know red tape could move that fast.  Your murder trial starts tomorrow...	Congratulations, you just shot a sixteen year old, unarmed suspect.  Internal affairs kicked you off the force immediately.  You didn't know red tape could move that fast.  Your murder trial starts tomorrow...
Good job, Bonds, you just scared off the suspects.  Lt. Morgan pulled you off the case.  Oh well, traffic patrol isn't THAT bad. 	Good job, Bonds, you just scared off the suspects.  Lt. Morgan pulled you off the case.  Oh well, traffic patrol isn't THAT bad. 
Because you didn't search your suspect, you didn't find the little packet of cocaine in his pocket.  On the way back to the station, the terrified boy managed to swallow it.  He died three hours later.  You were kicked off the force for gross negligence.	Because you didn't search your suspect, you didn't find the little packet of cocaine in his pocket.  On the way back to the station, the terrified boy managed to swallow it.  He died three hours later.  You were kicked off the force for gross negligence.
Your failure to halt Simms allowed him to escape.  Two weeks later he washed up in Cotton Cove, dead of an OD.  Lt. Morgan lost all faith in you, and pulled you off the case.  The boy's death continues to haunt you.  	Your failure to halt Simms allowed him to escape.  Two weeks later he washed up in Cotton Cove, dead of an OD.  Lt. Morgan lost all faith in you, and pulled you off the case.  The boy's death continues to haunt you.  
You just arrested two people for loitering in the park, Bonds.  No drugs were ever found, and the case was thrown out of court.  Lt. Morgan took you off the case immediately.  Next time, wait till you see something that might constitute a crime. 	You just arrested two people for loitering in the park, Bonds.  No drugs were ever found, and the case was thrown out of court.  Lt. Morgan took you off the case immediately.  Next time, wait till you see something that might constitute a crime. 
You seemed to have contracted a severe case of lead poisoning.  Perhaps if you had followed Lt. Morgan's instructions and called him, he might have sent you some BACKUP! 	You seemed to have contracted a severe case of lead poisoning.  Perhaps if you had followed Lt. Morgan's instructions and called him, he might have sent you some BACKUP! 
Because you didn't give your backup team your location, they couldn't find you.  Oh, they found you eventually...weighted down at the bottom of the lake.  Maybe you should be a little more observant of your surroundings next time.	Because you didn't give your backup team your location, they couldn't find you.  Oh, they found you eventually...weighted down at the bottom of the lake.  Maybe you should be a little more observant of your surroundings next time.
You resemble a piece of ketchup-soaked swiss cheese.  Calling for backup might have been a good idea. 	You resemble a piece of ketchup-soaked swiss cheese.  Calling for backup might have been a good idea. 
Quit  	Quit  
Restart	Restart
Restore 	Restore 
Basic intuition should tell you that cuffing a dangerous felon is a good thing to do, Bonds.  You're lawn fertilizer.	Basic intuition should tell you that cuffing a dangerous felon is a good thing to do, Bonds.  You're lawn fertilizer.
A policeman has to be able to think fast and make split-second decisions.  The only decision you need to make now is whether you want to push up daisies or begonias.	A policeman has to be able to think fast and make split-second decisions.  The only decision you need to make now is whether you want to push up daisies or begonias.
Taking on a potentially dangerous suspect without any backup isn't brave, it's stupid.  Nice toe tag, Bonds. 	Taking on a potentially dangerous suspect without any backup isn't brave, it's stupid.  Nice toe tag, Bonds. 
Gunning down suspects like clay pigeons may be quite the thing to do in the movies, but in real life all it gets you is a place in the unemployment line.  Better luck next time, Hoot Gibson. 	Gunning down suspects like clay pigeons may be quite the thing to do in the movies, but in real life all it gets you is a place in the unemployment line.  Better luck next time, Hoot Gibson. 
If you had searched the suspect, you would have found the handgun he was concealing in his pants.  You found it, all right--all six rounds worth.  At least your partner shot the punk.  Makes you feel warm all over, doesn't it? 	If you had searched the suspect, you would have found the handgun he was concealing in his pants.  You found it, all right--all six rounds worth.  At least your partner shot the punk.  Makes you feel warm all over, doesn't it? 
A dangerous situation like this one is where police procedure becomes critical.  Your failure to follow it just got you a one-way ticket to Club Morgue. 	A dangerous situation like this one is where police procedure becomes critical.  Your failure to follow it just got you a one-way ticket to Club Morgue. 
Approaching a suspect known to be armed and dangerous without drawing your gun isn't the best idea you've had all day.  Your partner gunned the punk down... not that it does YOU any good. 	Approaching a suspect known to be armed and dangerous without drawing your gun isn't the best idea you've had all day.  Your partner gunned the punk down... not that it does YOU any good. 
Killing people just isn't all it's cracked up to be. Perhaps shooting an unarmed civilian wasn't such a hot idea after all...  	Killing people just isn't all it's cracked up to be. Perhaps shooting an unarmed civilian wasn't such a hot idea after all...  
When you drew your firearm, the bikers froze in terror.  While you were soaking up the power trip, one of their old ladies pulverized your skull with a whiskey bottle.  Perhaps you should think twice next time about drawing your gun on psychotic suspects who have you surrounded...  	When you drew your firearm, the bikers froze in terror.  While you were soaking up the power trip, one of their old ladies pulverized your skull with a whiskey bottle.  Perhaps you should think twice next time about drawing your gun on psychotic suspects who have you surrounded...  
Negociating with a perp can be a good idea in some circumstances, but when the subject is violent and the situation volatile, action speaks louder than words.  Willy will be scraping you off the floor for quite some time. 	Negociating with a perp can be a good idea in some circumstances, but when the subject is violent and the situation volatile, action speaks louder than words.  Willy will be scraping you off the floor for quite some time. 
The Department doesn't issue you equipment so you can leave it in your locker, Bonds.  If you had come prepared, you wouldn't be a grease spot on the floor of a sleazy bar right now. 	The Department doesn't issue you equipment so you can leave it in your locker, Bonds.  If you had come prepared, you wouldn't be a grease spot on the floor of a sleazy bar right now. 
A police officer has to act quickly and decisively, Bonds.  His life depends on it...as you can plainly see. 	A police officer has to act quickly and decisively, Bonds.  His life depends on it...as you can plainly see. 
An integral part of the patrol officer's success lies in his or her ability to control the vehicle they drive. You might consider the functions of the brake and/or steering wheel in order to prevent such an embarrassing accident in the future.     	An integral part of the patrol officer's success lies in his or her ability to control the vehicle they drive. You might consider the functions of the brake and/or steering wheel in order to prevent such an embarrassing accident in the future.     
Don't bother, Bonds. There are no clues to be found in the carpeting.	Don't bother, Bonds. There are no clues to be found in the carpeting.
It's the same carpet that you've seen all over the hotel. 	It's the same carpet that you've seen all over the hotel. 
You knock on the door, but no one can hear you over the tuba.	You knock on the door, but no one can hear you over the tuba.
You tap at the door.	You tap at the door.
Sssssh! 	Sssssh! 
It's not your room.  Your key won't work.	It's not your room.  Your key won't work.
It's room 204.	It's room 204.
It's room 304.	It's room 304.
OOOOM pa pa OOOOM pa pa OOOOM pa pa OOOOM pa pa... 	OOOOM pa pa OOOOM pa pa OOOOM pa pa OOOOM pa pa... 
Your lungs just can't compete with a tuba.	Your lungs just can't compete with a tuba.
Oh, do go away.  I'm trying to work on my swing.  I have the most dreadful hook, you see... 	Oh, do go away.  I'm trying to work on my swing.  I have the most dreadful hook, you see... 
It has no switch.  You can't control it. 	It has no switch.  You can't control it. 
You still can't reach it.  You'll never be able to reach it.  Give it up. 	You still can't reach it.  You'll never be able to reach it.  Give it up. 
It's paneling.  No surprises there.	It's paneling.  No surprises there.
This is the second floor hallway of the Hotel Delphoria.	This is the second floor hallway of the Hotel Delphoria.
OOOOM pa pa OOOOM pa pa OOOOM pa pa OOOOM pa pa 	OOOOM pa pa OOOOM pa pa OOOOM pa pa OOOOM pa pa 
FORE! 	FORE! 
You hear a loud crash.	You hear a loud crash.
"Oh, blast it all."	"Oh, blast it all."
Thank you for playing Police Quest 1.	Thank you for playing Police Quest 1.
Music Composed and Performed by Rob Atesalp 	Music Composed and Performed by Rob Atesalp 
Animators: Cindy Walker Daryle Smith Al Roughton Frances Anne Powell Deanna Yhalkee Spartaco Margioni Jim Larsen 	Animators: Cindy Walker Daryle Smith Al Roughton Frances Anne Powell Deanna Yhalkee Spartaco Margioni Jim Larsen 
Programmers: Krishnan Shankar Charles "Chip" Kerchner III Todd Powers Carlos Escobar Michael Brock Hugh Diedrichs Scott Murphy Mike Larsen 	Programmers: Krishnan Shankar Charles "Chip" Kerchner III Todd Powers Carlos Escobar Michael Brock Hugh Diedrichs Scott Murphy Mike Larsen 
Sound Effects Rob Atesalp 	Sound Effects Rob Atesalp 
Additional Written Material: Lorelei Shannon Scott Murphy	Additional Written Material: Lorelei Shannon Scott Murphy
Special Thanks To: Kit Rees, Model Assembly	Special Thanks To: Kit Rees, Model Assembly
Very Special Thanks To: Hugh Diedrichs, SWAT Programming Carlos Escobar, SWAT Programming Josh Mandel, SWAT Director Stuart Moulder, SWAT Producer 	Very Special Thanks To: Hugh Diedrichs, SWAT Programming Carlos Escobar, SWAT Programming Josh Mandel, SWAT Director Stuart Moulder, SWAT Producer 
Quality Assurance: Mike Pickhinke John Ratcliffe 	Quality Assurance: Mike Pickhinke John Ratcliffe 
You arrive at Bert's Park to the chirping of birds, the gurgling of brooks, and the wheezes of runners.	You arrive at Bert's Park to the chirping of birds, the gurgling of brooks, and the wheezes of runners.
You arrive at Bert's Park hoping to relax for a few minutes in its quiet ambience.   	You arrive at Bert's Park hoping to relax for a few minutes in its quiet ambience.   
The verdant green of Bert's Park sprawls over a few city blocks, an oasis amidst the smog and dust of the city. 	The verdant green of Bert's Park sprawls over a few city blocks, an oasis amidst the smog and dust of the city. 
With a certain deftness and panache, you turn your siren off. 	With a certain deftness and panache, you turn your siren off. 
With an adroit flick of your wrist, you flip your siren on.	With an adroit flick of your wrist, you flip your siren on.
You slew to a halt in front of the Blue Room, ready for action.  	You slew to a halt in front of the Blue Room, ready for action.  
You arrive at the Blue Room for no apparent reason. Hopefully this is official, not personal, business.  	You arrive at the Blue Room for no apparent reason. Hopefully this is official, not personal, business.  
That's the Blue Room.  	That's the Blue Room.  
You take 41 North to avoid a slow crawl through the heart of the city.	You take 41 North to avoid a slow crawl through the heart of the city.
You cleverly zip onto 41 North in a bid to cut off the villain's escape route as he speeds east on Oak.  	You cleverly zip onto 41 North in a bid to cut off the villain's escape route as he speeds east on Oak.  
It's the on-ramp onto 41 North.  	It's the on-ramp onto 41 North.  
You crash and die horribly. You grope at the pearly gates of heaven but instead, you are consigned to roast in the crackling embers of hell as a punishment for driving carelessly. 	You crash and die horribly. You grope at the pearly gates of heaven but instead, you are consigned to roast in the crackling embers of hell as a punishment for driving carelessly. 
Your utter disregard for traffic signals and stop signs is suitably rewarded as an 18-wheeler descends upon you.  Another good young life cut short by sloppy driving technique.	Your utter disregard for traffic signals and stop signs is suitably rewarded as an 18-wheeler descends upon you.  Another good young life cut short by sloppy driving technique.
After exiting Carol's, you slow for the upcoming intersection.  Out of the corner of your eye, you spot a red sports car approaching from the east.  It's not slowing down for the four-way stop.  You instinctively prepare to take action.	After exiting Carol's, you slow for the upcoming intersection.  Out of the corner of your eye, you spot a red sports car approaching from the east.  It's not slowing down for the four-way stop.  You instinctively prepare to take action.
What do you think you're doing?! You just ran a stop sign! 	What do you think you're doing?! You just ran a stop sign! 
The call of duty brings you back to the Police Station. 	The call of duty brings you back to the Police Station. 
You aimlessly wander back to the station, unsure of your next move. 	You aimlessly wander back to the station, unsure of your next move. 
Your heart skips a beat as you gaze proudly upon Lytton Police Station.	Your heart skips a beat as you gaze proudly upon Lytton Police Station.
You arrive at the Court House. 	You arrive at the Court House. 
It's the Lytton Court House.  	It's the Lytton Court House.  
You come to a screaming stop at the Cotton Cove, leaving deep furrows in the lush green grass.	You come to a screaming stop at the Cotton Cove, leaving deep furrows in the lush green grass.
You arrive at Cotton Cove and let your bored gaze wander over its natural lawns.  	You arrive at Cotton Cove and let your bored gaze wander over its natural lawns.  
It's Cotton Cove, a park with rolling hills, streams and ponds, within whose boundaries one can spot the occasional drug deal, mugging or other unsavory activity.	It's Cotton Cove, a park with rolling hills, streams and ponds, within whose boundaries one can spot the occasional drug deal, mugging or other unsavory activity.
You arrive at the Delphoria, acutely aware of your tacky $11.00 thrift store jacket. You are briefly the cynosure of many pairs of beady eyes, looking at you contemptuously from behind gold-rimmed spectacles and extra dry martinis (shaken, not stirred...).  	You arrive at the Delphoria, acutely aware of your tacky $11.00 thrift store jacket. You are briefly the cynosure of many pairs of beady eyes, looking at you contemptuously from behind gold-rimmed spectacles and extra dry martinis (shaken, not stirred...).  
You pull up into the driveway of the hotel, fear chilling your spine to within a few degrees of Absolute Zero. You feel multitudinous unseen eyes watching your every move, ready to inflict an acute case of lead poisoning on you should you make the slightest false move.	You pull up into the driveway of the hotel, fear chilling your spine to within a few degrees of Absolute Zero. You feel multitudinous unseen eyes watching your every move, ready to inflict an acute case of lead poisoning on you should you make the slightest false move.
It's the Hotel Delphoria, a popular hangout for Lytton's seedier citizens, down-on-their-luck traveling salesmen, and most of the criminal element in town.	It's the Hotel Delphoria, a popular hangout for Lytton's seedier citizens, down-on-their-luck traveling salesmen, and most of the criminal element in town.
You arrive at the county jail, wondering what might happen if any of the criminals you put behind bars were to escape and wreak a deadly vengeance upon you.	You arrive at the county jail, wondering what might happen if any of the criminals you put behind bars were to escape and wreak a deadly vengeance upon you.
You arrive at the Lytton Jail. A thin smile plays on your lips as you smugly recall the numerous vicious criminals and hoodlums you have put away in its dank, cavernous depths.	You arrive at the Lytton Jail. A thin smile plays on your lips as you smugly recall the numerous vicious criminals and hoodlums you have put away in its dank, cavernous depths.
It's the Lytton Jail, within whose stony walls are imprisoned all the muggers, thieves, murderers, rapists, and drunk drivers that the LPD can apprehend.	It's the Lytton Jail, within whose stony walls are imprisoned all the muggers, thieves, murderers, rapists, and drunk drivers that the LPD can apprehend.
It's already at capacity.  Either Lytton needs a larger prison or fewer criminals.	It's already at capacity.  Either Lytton needs a larger prison or fewer criminals.
Your dismal failure to observe a red light proves fatal as you collide with a garbage truck and die a disgusting death.  	Your dismal failure to observe a red light proves fatal as you collide with a garbage truck and die a disgusting death.  
You decide to take 41 South to avoid downtown Lytton's congestion.  	You decide to take 41 South to avoid downtown Lytton's congestion.  
It's the on-ramp to 41 South.   	It's the on-ramp to 41 South.   
You arrive at Caffeine Carol's.	You arrive at Caffeine Carol's.
You arrive at Caffeine Carol's. 	You arrive at Caffeine Carol's. 
You are too far away from Carol's.  	You are too far away from Carol's.  
You screech to a halt at the site of the car wreck with your siren wailing and lights flashing. A searing miasma of burning rubber and hot engine oil hits your lungs as you step out of your car.	You screech to a halt at the site of the car wreck with your siren wailing and lights flashing. A searing miasma of burning rubber and hot engine oil hits your lungs as you step out of your car.
You are too far from the scene of the car wreck. 	You are too far from the scene of the car wreck. 
Dispatch, 83-32 enroute to 10-20.  Doris, is that Caffeine Carol's?  	Dispatch, 83-32 enroute to 10-20.  Doris, is that Caffeine Carol's?  
Affirmative, Sonny.  Don't eat too many donuts!	Affirmative, Sonny.  Don't eat too many donuts!
Dispatch, 83-32 is 10-98 from Palm and Sixth.	Dispatch, 83-32 is 10-98 from Palm and Sixth.
83-32, your location is confirmed and noted.  Hope you had a good coffee break, Sonny.	83-32, your location is confirmed and noted.  Hope you had a good coffee break, Sonny.
I sure did.  Thanks, Doris.	I sure did.  Thanks, Doris.
Dispatch, 83-NORA-10 enroute.	Dispatch, 83-NORA-10 enroute.
83-21, my butt's moving as fast as it can.  See you in a few, Steve-o. 	83-21, my butt's moving as fast as it can.  See you in a few, Steve-o. 
Dispatch, 83-32 enroute to 10-20.	Dispatch, 83-32 enroute to 10-20.
Dispatch, 83-32 is 10-98 from the scene.	Dispatch, 83-32 is 10-98 from the scene.
83-32, location confirmed and noted.	83-32, location confirmed and noted.
Dispatch, this is 83-NORA-10 enroute Lytton County Jail, 10-15.	Dispatch, this is 83-NORA-10 enroute Lytton County Jail, 10-15.
83-NORA-10, confirmed.	83-NORA-10, confirmed.
Dispatch, this is 83-32 enroute Lytton County Jail, 10-15.	Dispatch, this is 83-32 enroute Lytton County Jail, 10-15.
83-32, confirmed.  Good job, Sonny!	83-32, confirmed.  Good job, Sonny!
Dispatch, 83-32 enroute 10-20. 	Dispatch, 83-32 enroute 10-20. 
Dispatch, 83-NORA-10 enroute 10-20.	Dispatch, 83-NORA-10 enroute 10-20.
Dispatch, this is 83-32.  Enroute Lytton County jail, 10-15. 	Dispatch, this is 83-32.  Enroute Lytton County jail, 10-15. 
83-32, confirmed.	83-32, confirmed.
Thanks, Doris.  You're music to my ears.  	Thanks, Doris.  You're music to my ears.  
Dispatch, 83-32 in pursuit of a possible DUI, Westbound Rose and Second.	Dispatch, 83-32 in pursuit of a possible DUI, Westbound Rose and Second.
Dispatch, 83-32 in pursuit of a 13301, Eastbound Fig and Ninth. 	Dispatch, 83-32 in pursuit of a 13301, Eastbound Fig and Ninth. 
83-32, message recieved.	83-32, message recieved.
Dispatch, 83-32 currently (compass direction) bound on (streetname) and (streetname). 	Dispatch, 83-32 currently (compass direction) bound on (streetname) and (streetname). 
83-32, your location is confirmed and noted. 	83-32, your location is confirmed and noted. 
Dispatch, 83-32 responding 10-20 Brock and Second.	Dispatch, 83-32 responding 10-20 Brock and Second.
You switch off your lights and siren. 	You switch off your lights and siren. 
You switch on your lights and siren. 	You switch on your lights and siren. 
83-NORA-10, 10-19 immediately.	83-NORA-10, 10-19 immediately.
83-32, please respond to a domestic disturbance, Northwest corner of Poppy and Parkway. 	83-32, please respond to a domestic disturbance, Northwest corner of Poppy and Parkway. 
83-32, please respond to a disturbance at Palm and Sixth.	83-32, please respond to a disturbance at Palm and Sixth.
83-NORA-10, please respond Poppy and Brock to ID a DB.  Repeat, please respond to Cotton Cove immediately. 	83-NORA-10, please respond Poppy and Brock to ID a DB.  Repeat, please respond to Cotton Cove immediately. 
The car is gone.  Let's hope he doesn't hurt anyone.	The car is gone.  Let's hope he doesn't hurt anyone.
83-32, you are now 10-10.  Just remindin' ya, honey.	83-32, you are now 10-10.  Just remindin' ya, honey.
Ouch!  That curb just kinda snuck up on you, didn't it.  So did the windshield, for that matter... 	Ouch!  That curb just kinda snuck up on you, didn't it.  So did the windshield, for that matter... 
Your failure to perform a walk-around safety check allowed you to hit the streets on a tire bearing a large nail.  The result was a flat tire.	Your failure to perform a walk-around safety check allowed you to hit the streets on a tire bearing a large nail.  The result was a flat tire.
You would normally be disciplined by the department for failure to follow established department procedure.  In this case, however, your car broke down in an area not known for its love of the police department.  	You would normally be disciplined by the department for failure to follow established department procedure.  In this case, however, your car broke down in an area not known for its love of the police department.  
As you change the tire, a young citizen decides to see for himself whether or not a cop's head breaks when struck with a tire iron.  It does.  	As you change the tire, a young citizen decides to see for himself whether or not a cop's head breaks when struck with a tire iron.  It does.  
You got lucky this time, Bonds.  You failed to perform a proper safety check on this vehicle.  I wouldn't skip it next time.  You never know what the consequences of neglecting procedure will be.	You got lucky this time, Bonds.  You failed to perform a proper safety check on this vehicle.  I wouldn't skip it next time.  You never know what the consequences of neglecting procedure will be.
The driver finally sees you, and begins to pull over.	The driver finally sees you, and begins to pull over.
You just ran a red light!	You just ran a red light!
You just ran a stop sign!	You just ran a stop sign!
The stop sign runner got away.  You need to brush up on your driving skills, Bonds.	The stop sign runner got away.  You need to brush up on your driving skills, Bonds.
That car just ran a stop sign!	That car just ran a stop sign!
That person seems to be driving very erratically.	That person seems to be driving very erratically.
83-32, this is 83-21.  Get your ass over to Caffeine Carol's, boy!  It's time for our coffee break!	83-32, this is 83-21.  Get your ass over to Caffeine Carol's, boy!  It's time for our coffee break!
83-32, cancel 10-20 domestic disturbance.  Possible stolen vehicle headed Southbound, Brock and second.  Respond Code-3.	83-32, cancel 10-20 domestic disturbance.  Possible stolen vehicle headed Southbound, Brock and second.  Respond Code-3.
83-32, this is 83-31.  We have the suspect covered, but we're in a poor position.  We'll need you to get him out of the car and take him down. 	83-32, this is 83-31.  We have the suspect covered, but we're in a poor position.  We'll need you to get him out of the car and take him down. 
83-31, this is 83-32.  I'll get him for you, Jack.	83-31, this is 83-32.  I'll get him for you, Jack.
Be careful, Sonny. 83-31 out.	Be careful, Sonny. 83-31 out.
Because you drove to the scene of a felony with all the speed of a 90-year-old tourist, other officers have already stopped the driver. 	Because you drove to the scene of a felony with all the speed of a 90-year-old tourist, other officers have already stopped the driver. 
Oops!  Only a Formula 1 car could have made a turn that fast, Bonds. Don't worry, the department will give you a lovely funeral, paid for out of your pension fund.	Oops!  Only a Formula 1 car could have made a turn that fast, Bonds. Don't worry, the department will give you a lovely funeral, paid for out of your pension fund.
Because you wandered around the city like a stunned ox, other officers we're forced to handle the stop without your help. 	Because you wandered around the city like a stunned ox, other officers we're forced to handle the stop without your help. 
83-32, please respond to 10-20 near the Northwest corner of Ninth and Rose. Possible 11-80. 	83-32, please respond to 10-20 near the Northwest corner of Ninth and Rose. Possible 11-80. 
You are recalled to the Police Station, and you return, your head hanging in shame and sorrow.	You are recalled to the Police Station, and you return, your head hanging in shame and sorrow.
The mass of alcohol laden air streaming behind the drunk's car seems to have overwhelmed your senses.  You not only forgot to turn your lights on, but manage to lose him in the non-existent traffic. 	The mass of alcohol laden air streaming behind the drunk's car seems to have overwhelmed your senses.  You not only forgot to turn your lights on, but manage to lose him in the non-existent traffic. 
Hello, Sonny.  We received a complaint from the owner of Caffeine Carol's.  She says the bikers next door are taking up all her parking space. Could you go over and check it out? 	Hello, Sonny.  We received a complaint from the owner of Caffeine Carol's.  She says the bikers next door are taking up all her parking space. Could you go over and check it out? 
Fighting the utter distraction your mind has been driven to by this flying femme fatale, you zip around the corner and give chase.  In the dark recesses of your mind, you are aware she has committed a traffic violation, but you chiefly want to get a second look at her body.  	Fighting the utter distraction your mind has been driven to by this flying femme fatale, you zip around the corner and give chase.  In the dark recesses of your mind, you are aware she has committed a traffic violation, but you chiefly want to get a second look at her body.  
Whoa!...A steamy, red sports car zips past the 4-way stop intersection, its blonde bombshell of a driver failing to pay the slightest heed to the stop sign. 	Whoa!...A steamy, red sports car zips past the 4-way stop intersection, its blonde bombshell of a driver failing to pay the slightest heed to the stop sign. 
The sight of the sexy speedster seems to have thrown you into a state of delirium as you fail to give chase and turn your siren on. You lose her in the traffic.  	The sight of the sexy speedster seems to have thrown you into a state of delirium as you fail to give chase and turn your siren on. You lose her in the traffic.  
83-32, see the woman at Caffeine Carol's. We have a complaint of blocked access in front of her restaurant. Dispatch out. 	83-32, see the woman at Caffeine Carol's. We have a complaint of blocked access in front of her restaurant. Dispatch out. 
83-32, please respond code 3 to a possible 11-80 at 9th and Rose. Dispatch out. 	83-32, please respond code 3 to a possible 11-80 at 9th and Rose. Dispatch out. 
83-Nora-10, please respond code 2 to an 11-44 ID at Cotton Cove. Dispatch out. 	83-Nora-10, please respond code 2 to an 11-44 ID at Cotton Cove. Dispatch out. 
You rush to the Court House drooling in helpless anticipation at the thought of getting a No Bail Warrant to keep that Hoffman scumbag in jail.	You rush to the Court House drooling in helpless anticipation at the thought of getting a No Bail Warrant to keep that Hoffman scumbag in jail.
You rush to the jail from the Court House nervously, hoping you'll arrive in time with the No Bail Warrant to keep that Hoffman/Taselli character in the slammer. 	You rush to the jail from the Court House nervously, hoping you'll arrive in time with the No Bail Warrant to keep that Hoffman/Taselli character in the slammer. 
You and Laura zip towards the jail with your drug bust suspects securely stowed in the back of the car. 	You and Laura zip towards the jail with your drug bust suspects securely stowed in the back of the car. 
Hi, Sonny. This is Steve.  I'm going 10-7 at Carol's. Care to join me? 	Hi, Sonny. This is Steve.  I'm going 10-7 at Carol's. Care to join me? 
Don't be silly, Bonds. 	Don't be silly, Bonds. 
You'd like this carpeting a lot better if it weren't peach colored. 	You'd like this carpeting a lot better if it weren't peach colored. 
Don't disturb the Deco. 	Don't disturb the Deco. 
You're starting to get an appreciation for Art Deco.  You think you might start collecting ceramic antelopes and panthers. 	You're starting to get an appreciation for Art Deco.  You think you might start collecting ceramic antelopes and panthers. 
You tap on the door.  There is no answer.  	You tap on the door.  There is no answer.  
You tap on the door.  There is no answer. 	You tap on the door.  There is no answer. 
You tap on the door. No one answers, but you hear a lot of squeaking. 	You tap on the door. No one answers, but you hear a lot of squeaking. 
It's too small and doesn't fit. (You've heard THIS before!)    	It's too small and doesn't fit. (You've heard THIS before!)    
It's not your room.	It's not your room.
The door says `MANAGER.' 	The door says `MANAGER.' 
It's room 201.	It's room 201.
It's room 301.	It's room 301.
GO AWAY!  	GO AWAY!  
Uh, we're a little busy, whoever you are...  	Uh, we're a little busy, whoever you are...  
Yeah! (giggle!) We're about to check the interest on our CDs and IRAs!  	Yeah! (giggle!) We're about to check the interest on our CDs and IRAs!  
Oh!  Oh YEAH!  12 Percent...  	Oh!  Oh YEAH!  12 Percent...  
GO AWAY! 	GO AWAY! 
Yes, what can I do for you?  Throckmorton!  Leave that alone!  	Yes, what can I do for you?  Throckmorton!  Leave that alone!  
I, uh, I was just wondering what you were doing in there... 	I, uh, I was just wondering what you were doing in there... 
I'm Roderick, of Roderick the Great and his Troupe of Astonishing Circus Rats.  If you don't mind, we're in the middle of a training session...Rafe! Rafe, don't chew the mattress, we'll have to pay for it!  	I'm Roderick, of Roderick the Great and his Troupe of Astonishing Circus Rats.  If you don't mind, we're in the middle of a training session...Rafe! Rafe, don't chew the mattress, we'll have to pay for it!  
Uh, have a nice day, sir. 	Uh, have a nice day, sir. 
You start to say something, then decide to leave Roderick and his Rats well enough alone. 	You start to say something, then decide to leave Roderick and his Rats well enough alone. 
The hotel controls the lighting, Bonds.  Leave the light fixture alone. 	The hotel controls the lighting, Bonds.  Leave the light fixture alone. 
You just aren't that tall, bud. 	You just aren't that tall, bud. 
Hey, snazzy paneling. 	Hey, snazzy paneling. 
This is a hallway in the Hotel Delphoria.	This is a hallway in the Hotel Delphoria.
Oh, John...  	Oh, John...  
Oh, Marsha... 	Oh, Marsha... 
Oh, JOHN... 	Oh, JOHN... 
Oh, MARSHA... 	Oh, MARSHA... 
OH, JOHN! 	OH, JOHN! 
OH, MARSHA! 	OH, MARSHA! 
OH, READ ME OUR BANK STATEMENT AGAIN, BABY!  	OH, READ ME OUR BANK STATEMENT AGAIN, BABY!  
Come on!  Come on, Heironymous!  Jump!  Jump, boy!  Good boy!  Come on, Daphne, you can do it.  Up the ladder, girl.  Throckmorton!  Don't chew on that!  Ariadne, come back here!  What are you doing with Maxwell?  Don't bite him!  	Come on!  Come on, Heironymous!  Jump!  Jump, boy!  Good boy!  Come on, Daphne, you can do it.  Up the ladder, girl.  Throckmorton!  Don't chew on that!  Ariadne, come back here!  What are you doing with Maxwell?  Don't bite him!  
This is your Brake icon.  Click the HAND cursor on the Brake to slow down or stop.	This is your Brake icon.  Click the HAND cursor on the Brake to slow down or stop.
This is your sporty Camaro, envy of the department.	This is your sporty Camaro, envy of the department.
This is the steering wheel of your sporty Camaro.	This is the steering wheel of your sporty Camaro.
The glove compartment of your Camaro.  No gloves in there, of course, just a lot of old maps and a few packs of moist towelettes.	The glove compartment of your Camaro.  No gloves in there, of course, just a lot of old maps and a few packs of moist towelettes.
The heater/AC vents, rarely used in Lytton's balmy, comfortable climate.	The heater/AC vents, rarely used in Lytton's balmy, comfortable climate.
The heater/AC controls.  It's probably been weeks since you used them.	The heater/AC controls.  It's probably been weeks since you used them.
The Camaro's radio, currently off.  The Lytton radio stations are the pits.  	The Camaro's radio, currently off.  The Lytton radio stations are the pits.  
The Camaro's lighter.  You never use it.  Being a cop is your only life-threatening habit.   	The Camaro's lighter.  You never use it.  Being a cop is your only life-threatening habit.   
The ignition for your Camaro. 	The ignition for your Camaro. 
Your Camaro has a defroster, which you probably use a half-dozen times each winter.	Your Camaro has a defroster, which you probably use a half-dozen times each winter.
The Camaro's tachometer.	The Camaro's tachometer.
Your Camaro's speedometer.	Your Camaro's speedometer.
Clock, fuel tank, and other smaller gauges give you the satisfying feel of being in the cockpit of a jumbo jet.	Clock, fuel tank, and other smaller gauges give you the satisfying feel of being in the cockpit of a jumbo jet.
Your left and right turn signals.	Your left and right turn signals.
The dashboard's swank curves are satisfyingly aerodynamic.	The dashboard's swank curves are satisfyingly aerodynamic.
The gas gauge.  Unless you take an unexpected cross-country trip, you won't need to fill 'er up for a couple weeks.	The gas gauge.  Unless you take an unexpected cross-country trip, you won't need to fill 'er up for a couple weeks.
The Camaro's odometer.	The Camaro's odometer.
This is the steering wheel.  (You won't need to use it to steer in this game.)	This is the steering wheel.  (You won't need to use it to steer in this game.)
If there's a stop sign or traffic light coming up at the intersection you're approaching, it'll be shown in this window.	If there's a stop sign or traffic light coming up at the intersection you're approaching, it'll be shown in this window.
This window displays your location at any time, relative to the Lytton street map.	This window displays your location at any time, relative to the Lytton street map.
Your speed is displayed here.	Your speed is displayed here.
If your siren is currently on, you'll see it flashing in this window.	If your siren is currently on, you'll see it flashing in this window.
NORTHBOUND ON 	NORTHBOUND ON 
SOUTHBOUND ON 	SOUTHBOUND ON 
EASTBOUND ON 	EASTBOUND ON 
WESTBOUND ON 	WESTBOUND ON 
83-32, please respond to complaint at Caffeine Carol's.  Repeat, please respond to complaint at Caffeine Carol's.	83-32, please respond to complaint at Caffeine Carol's.  Repeat, please respond to complaint at Caffeine Carol's.
83-32, we have a complaint at Caffeine Carol's, Oak Street between 6th and 7th.  Please investigate.	83-32, we have a complaint at Caffeine Carol's, Oak Street between 6th and 7th.  Please investigate.
83-32, you are to prceed immediately to Cotton Cove to investigate possible 11-44.  Repeat, 83-32 to Cotton Cove.	83-32, you are to prceed immediately to Cotton Cove to investigate possible 11-44.  Repeat, 83-32 to Cotton Cove.
83-32, please proceed directly to Cotton Cove.  We have a report of a possible 11-44.  That is all.	83-32, please proceed directly to Cotton Cove.  We have a report of a possible 11-44.  That is all.
83-32, you are requested to investigate the domestic disturbance at 1st and Lilly. Please proceed immediately. Thank you.	83-32, you are requested to investigate the domestic disturbance at 1st and Lilly. Please proceed immediately. Thank you.
83-32, we have a report of a domestic disturbance on the corner of Lily and 1st.  Please investigate.	83-32, we have a report of a domestic disturbance on the corner of Lily and 1st.  Please investigate.
83-32, please return to LPD immediately.  Repeat, 83-32, you are 10-19 immediately.	83-32, please return to LPD immediately.  Repeat, 83-32, you are 10-19 immediately.
83-32, you are code 10-19.  Repeat, you are 10-19.	83-32, you are code 10-19.  Repeat, you are 10-19.
83-32, please overtake and investigate possible stolen vehicle traveling eastbound on Oak Street.  The vehicle is a silver Mercedes.  Respond immediately.  That is all.	83-32, please overtake and investigate possible stolen vehicle traveling eastbound on Oak Street.  The vehicle is a silver Mercedes.  Respond immediately.  That is all.
83-32, we have a sighting on a stolen Mercedes proceeding eastbound on Oak Street.  Vehicle is a silver Mercedes, possible stolen vehicle.  Overtake and investigate.  Thank you.	83-32, we have a sighting on a stolen Mercedes proceeding eastbound on Oak Street.  Vehicle is a silver Mercedes, possible stolen vehicle.  Overtake and investigate.  Thank you.
Sonny, don't forget that 11-98 with Keith at Carol's.  Just thought I'd remind you.  Out.	Sonny, don't forget that 11-98 with Keith at Carol's.  Just thought I'd remind you.  Out.
83-32, you've been requested to detour to Caffeine Carol's for an 11-98.	83-32, you've been requested to detour to Caffeine Carol's for an 11-98.
83-32!  Please respond immediately to 11-80, Fig Street between 3rd and 4th.	83-32!  Please respond immediately to 11-80, Fig Street between 3rd and 4th.
83-32, we have a report of an 11-80 on Fig Street between 4th and 3rd.  Please respond immediately.  Repeat, 11-80, Fig Street between 4th and 3rd.	83-32, we have a report of an 11-80 on Fig Street between 4th and 3rd.  Please respond immediately.  Repeat, 11-80, Fig Street between 4th and 3rd.
This is your gas pedal icon.  Use the HAND cursor on this icon to speed up.	This is your gas pedal icon.  Use the HAND cursor on this icon to speed up.
This is Highway 41, which continues far north to San Francisco and far south to Los Angeles.	This is Highway 41, which continues far north to San Francisco and far south to Los Angeles.
This is your left turn signal icon.  Click the HAND cursor on this icon to signal and turn left at the upcoming intersection or driveway.	This is your left turn signal icon.  Click the HAND cursor on this icon to signal and turn left at the upcoming intersection or driveway.
Despite Lytton's growing inner city areas, some of these outlying blocks are still used for farming.	Despite Lytton's growing inner city areas, some of these outlying blocks are still used for farming.
Lytton's flagging agribusiness still exists on blocks like these.	Lytton's flagging agribusiness still exists on blocks like these.
Some of Lytton's nicer private residences, skirting the border between the agricultural zones and business zones.	Some of Lytton's nicer private residences, skirting the border between the agricultural zones and business zones.
The tacky Hotel Delphoria.	The tacky Hotel Delphoria.
A few condos.	A few condos.
The main buildings of Lytton Community College, a non-residential school.	The main buildings of Lytton Community College, a non-residential school.
The Richman Center, a small museum and performing-arts playhouse set in a pleasant little park.  You've never been there on an unofficial basis; the common wisdom is that you have to be a "rich man" to afford a ticket.	The Richman Center, a small museum and performing-arts playhouse set in a pleasant little park.  You've never been there on an unofficial basis; the common wisdom is that you have to be a "rich man" to afford a ticket.
***block 8, overlay 773: theoretically you shouldn't get this message.	***block 8, overlay 773: theoretically you shouldn't get this message.
A small country club.	A small country club.
Fast-food joints and other small shops.	Fast-food joints and other small shops.
A few of the trendier stores.	A few of the trendier stores.
The Lytton Community College's football stadium and natatorium.  As with many towns, there's more pride in Lytton's football scores than in its academic scores.	The Lytton Community College's football stadium and natatorium.  As with many towns, there's more pride in Lytton's football scores than in its academic scores.
*** block 13, overlay 773 (theoretically we never get this message)	*** block 13, overlay 773 (theoretically we never get this message)
*** block 14, overlay 773 (theoretically we never get this message)	*** block 14, overlay 773 (theoretically we never get this message)
Lytton's hotly-debated nuclear power plant.  You tend not to think about its presence, yet you know from your own experience with public utilities that what's touted as "100% safe" is never anything of the sort.	Lytton's hotly-debated nuclear power plant.  You tend not to think about its presence, yet you know from your own experience with public utilities that what's touted as "100% safe" is never anything of the sort.
The Lytton Public Library.  It's been years since you've actually taken anything out there.  Still, you'd miss it if it wasn't there.	The Lytton Public Library.  It's been years since you've actually taken anything out there.  Still, you'd miss it if it wasn't there.
Stores and boutiques.	Stores and boutiques.
***block 18, overlay 773, this should never come up since block 12 takes care of the message. 	***block 18, overlay 773, this should never come up since block 12 takes care of the message. 
Stores and restaurants.	Stores and restaurants.
A mini-mall of shops and restaurants.	A mini-mall of shops and restaurants.
A field, lying fallow this year.	A field, lying fallow this year.
A parking lot, often filled to overflowing on game days at the stadium.	A parking lot, often filled to overflowing on game days at the stadium.
More farmland.  Every few years they grow cabbage here, much to the dismay of everyone living or working within several blocks.  This year, you've been spared: potatoes.	More farmland.  Every few years they grow cabbage here, much to the dismay of everyone living or working within several blocks.  This year, you've been spared: potatoes.
A shabby and dangerous area kitty-corner from the village green, used mostly by vagrants and pushers who conduct business under the highway.	A shabby and dangerous area kitty-corner from the village green, used mostly by vagrants and pushers who conduct business under the highway.
Caffeine Carol's, one of your hangouts.  Next door is Wino Willy's, one of the more revolting biker bars.	Caffeine Carol's, one of your hangouts.  Next door is Wino Willy's, one of the more revolting biker bars.
Stores and automotive repair shops.	Stores and automotive repair shops.
The Lytton Waldruff-Hilltowne, the classiest hotel for miles around.	The Lytton Waldruff-Hilltowne, the classiest hotel for miles around.
Glass-and-chrome office buildings, the type that reflect the glare of the sun in your eyes when you're driving on the highway.	Glass-and-chrome office buildings, the type that reflect the glare of the sun in your eyes when you're driving on the highway.
On- and off-ramps for Highway 41.	On- and off-ramps for Highway 41.
The Dooley Apartments.  No relation to the Sergeant.	The Dooley Apartments.  No relation to the Sergeant.
The Deming Apartment Complex, older and shabbier than the apartments next block over...yet with far more personality.	The Deming Apartment Complex, older and shabbier than the apartments next block over...yet with far more personality.
Convenience stores, restaurants, and deluxe parking under the highway.	Convenience stores, restaurants, and deluxe parking under the highway.
Dogg Park, a nice little place if you watch your step.	Dogg Park, a nice little place if you watch your step.
Lytton General Hospital.  You wonder why they couldn't come up with a a more original name.	Lytton General Hospital.  You wonder why they couldn't come up with a a more original name.
Nanotech Office Complex.  You hate to think of what they're concocting up there.	Nanotech Office Complex.  You hate to think of what they're concocting up there.
A little park area with a playground for the kiddies, though there are some unsavory goings-on under the highway pillars.	A little park area with a playground for the kiddies, though there are some unsavory goings-on under the highway pillars.
A small shopping center with an "adult" bookstore and a rent-to-own place.	A small shopping center with an "adult" bookstore and a rent-to-own place.
The Blue Room, a favorite cops' hangout.	The Blue Room, a favorite cops' hangout.
Lytton Retirement Village.  It's been cited a few times for health code violations, but from what you hear, it's better than 90% of the other retirement homes.	Lytton Retirement Village.  It's been cited a few times for health code violations, but from what you hear, it's better than 90% of the other retirement homes.
Chain restaurants.  You eat at these places more than you like to admit, but you're no chef.	Chain restaurants.  You eat at these places more than you like to admit, but you're no chef.
Lytton's biggest and swankiest mall.  If a foreign power ever wanted to wipe out Lytton with one fell swoop, they'd hit this mall any weekend.	Lytton's biggest and swankiest mall.  If a foreign power ever wanted to wipe out Lytton with one fell swoop, they'd hit this mall any weekend.
An office building, filled with foreign-owned corporations.	An office building, filled with foreign-owned corporations.
The Lytton Fire Department.  Overworked and underpaid...just like you.	The Lytton Fire Department.  Overworked and underpaid...just like you.
A few stores of the Mom-and-Pop variety, doing the best they can against the larger chain stores and mall stores.	A few stores of the Mom-and-Pop variety, doing the best they can against the larger chain stores and mall stores.
An area of fancy, trendy little boutiques.	An area of fancy, trendy little boutiques.
Expensive little townhouses.	Expensive little townhouses.
One of those 20-buck-a-night motels.  You've been called there many times; the security at these places is nonexistent.  Lots of assaults, burglaries, and even rapes.	One of those 20-buck-a-night motels.  You've been called there many times; the security at these places is nonexistent.  Lots of assaults, burglaries, and even rapes.
A lot that was apparently used for farming at one time; it doesn't do very well underneath Highway 41, though.	A lot that was apparently used for farming at one time; it doesn't do very well underneath Highway 41, though.
Part of the Lytton Village Green in the center of town.  It's a nice, peaceful, lightly wooded area with a stream, and its proximity to the police station keeps it relatively safe.	Part of the Lytton Village Green in the center of town.  It's a nice, peaceful, lightly wooded area with a stream, and its proximity to the police station keeps it relatively safe.
Some of Lytton's best-maintained and oldest stores and shops.	Some of Lytton's best-maintained and oldest stores and shops.
A few stores, particularly those that cater to highway travellers.	A few stores, particularly those that cater to highway travellers.
A mini-mall.	A mini-mall.
A grassy vacant lot, not a very safe place to hang out.	A grassy vacant lot, not a very safe place to hang out.
One of Lytton's newer office buildings.  It's hoped that an influx of business will help the area pick up a bit.	One of Lytton's newer office buildings.  It's hoped that an influx of business will help the area pick up a bit.
The south end of Lytton's Village Green.  Businesspeople from the surrounding blocks often eat lunch out here, and at night it's largely deserted.	The south end of Lytton's Village Green.  Businesspeople from the surrounding blocks often eat lunch out here, and at night it's largely deserted.
One of the new industrial parks.	One of the new industrial parks.
Ramps on and off Highway 41 can be found here.	Ramps on and off Highway 41 can be found here.
A pumping station.	A pumping station.
A gas station and mini-mart, catering to highway traffic.	A gas station and mini-mart, catering to highway traffic.
One of the agribusinesses in the industrial park to the northeast owns and maintains greenhouses here.	One of the agribusinesses in the industrial park to the northeast owns and maintains greenhouses here.
The Lytton Convention Center.  It's usually vacant, since Lytton hasn't been able to attract much convention business.	The Lytton Convention Center.  It's usually vacant, since Lytton hasn't been able to attract much convention business.
Stores, shops and restaurants that cater to the businesses surrounding them.  Lots of businesspeople, conventioneers, and lawyers.	Stores, shops and restaurants that cater to the businesses surrounding them.  Lots of businesspeople, conventioneers, and lawyers.
Lytton's biggest and swankiest mall.  If a foreign power ever wanted to wipe out Lytton with one fell swoop, they'd target this mall on any weekend.	Lytton's biggest and swankiest mall.  If a foreign power ever wanted to wipe out Lytton with one fell swoop, they'd target this mall on any weekend.
Some of Lytton's best-maintained and oldest shops and stores.	Some of Lytton's best-maintained and oldest shops and stores.
The Lytton Police Station.	The Lytton Police Station.
Some of Lytton's older office buildings.	Some of Lytton's older office buildings.
Bert's Park, named for the kindly caretaker who maintained the Park for over 45 years.  The park was originally called, simply, Lytton City Park.  It's still a beautiful, well-tended park, but it's been getting a bad reputation as unsafe, especially at night.	Bert's Park, named for the kindly caretaker who maintained the Park for over 45 years.  The park was originally called, simply, Lytton City Park.  It's still a beautiful, well-tended park, but it's been getting a bad reputation as unsafe, especially at night.
Bert's Park, named for the kindly caretaker who maintained the Park for over 45 years.  The park was originally called, simply, Lytton City Park. It's still a beautiful, well-tended park, but it's been getting a bad reputation as unsafe, especially at night.	Bert's Park, named for the kindly caretaker who maintained the Park for over 45 years.  The park was originally called, simply, Lytton City Park. It's still a beautiful, well-tended park, but it's been getting a bad reputation as unsafe, especially at night.
The Sandburg Villa Apartment complex, catering to yuppies and upwardly mobile DINK couples.	The Sandburg Villa Apartment complex, catering to yuppies and upwardly mobile DINK couples.
The Wilson Arms, high-security apartments for the conspicuous consumer.	The Wilson Arms, high-security apartments for the conspicuous consumer.
Offices and stores.	Offices and stores.
Stores, shops and restaurants that cater to the business surrounding them.  Lots of businesspeople, conventioneers and lawyers.	Stores, shops and restaurants that cater to the business surrounding them.  Lots of businesspeople, conventioneers and lawyers.
The Lytton City Courthouse. 	The Lytton City Courthouse. 
The Lytton County Jail.	The Lytton County Jail.
Cotton Cove, a small alternative park and annex to Bert's Park.	Cotton Cove, a small alternative park and annex to Bert's Park.
You see nothing special.	You see nothing special.
You slam on your brakes, barely in time to avoid mashing into the side of a car that appears to be operated by a very DUI driver traveling at about 50mph down heavily-populated city streets.	You slam on your brakes, barely in time to avoid mashing into the side of a car that appears to be operated by a very DUI driver traveling at about 50mph down heavily-populated city streets.
With caution so as to not panic the obviously intoxicated motorist, you slowly edge him over to the curb.	With caution so as to not panic the obviously intoxicated motorist, you slowly edge him over to the curb.
There he is! Good work Bonds! You managed to intercept the stolen car.	There he is! Good work Bonds! You managed to intercept the stolen car.
With a building rush of adrenaline, you cautiously pace the stolen car, following it closely as it pulls over to the curb.	With a building rush of adrenaline, you cautiously pace the stolen car, following it closely as it pulls over to the curb.
You barely stop in time to see an incredible honey-blond blow through the intersection at warp 9.	You barely stop in time to see an incredible honey-blond blow through the intersection at warp 9.
With a flush of anticipation -- and an impending sense that your shyness is going to ruin a potentially mind-altering encounter -- you pull over the speeding woman.	With a flush of anticipation -- and an impending sense that your shyness is going to ruin a potentially mind-altering encounter -- you pull over the speeding woman.
This is your right turn signal icon.  Click the HAND cursor on this icon to signal and turn right at the upcoming intersection or driveway.	This is your right turn signal icon.  Click the HAND cursor on this icon to signal and turn right at the upcoming intersection or driveway.
Your siren is currently on.	Your siren is currently on.
You crash and die a horrible death!	You crash and die a horrible death!
You don't have time to be lounging around at the park, Bonds.	You don't have time to be lounging around at the park, Bonds.
This ramp is only for exiting the freeway.	This ramp is only for exiting the freeway.
You've completely missed your chance to apprehend an extremely dangerous figure in Lytton's burgeoning crime world.	You've completely missed your chance to apprehend an extremely dangerous figure in Lytton's burgeoning crime world.
Despite your taking your own sweet time in cornering the stolen car, using an inefficient approach, you somehow manage to catch up with it and pull it over.	Despite your taking your own sweet time in cornering the stolen car, using an inefficient approach, you somehow manage to catch up with it and pull it over.
A stop at the Cove isn't on your agenda, Bonds.  Return to duty.	A stop at the Cove isn't on your agenda, Bonds.  Return to duty.
When you're transporting suspects, they should be brought directly to the Lytton County Jail.  Regulations prohibit you from making other stops unless told to do so by Dispatch.	When you're transporting suspects, they should be brought directly to the Lytton County Jail.  Regulations prohibit you from making other stops unless told to do so by Dispatch.
It's the squad car's speedometer, showing speed in kilometers and mph. One of these days, you have to remember how far a kilometer is!	It's the squad car's speedometer, showing speed in kilometers and mph. One of these days, you have to remember how far a kilometer is!
It's the squad car's tachometer.	It's the squad car's tachometer.
The old 83-32, pride of the LPD.	The old 83-32, pride of the LPD.
Without even thinking about it, you sense that this is the steering wheel to your well-maintained patrol car.	Without even thinking about it, you sense that this is the steering wheel to your well-maintained patrol car.
The glove box of your squad car.  Like most other cars, it doesn't hold gloves at all, but an assortment of little-used and little-needed paraphernalia.	The glove box of your squad car.  Like most other cars, it doesn't hold gloves at all, but an assortment of little-used and little-needed paraphernalia.
Heater vents.  You sometimes use them when patrolling during the winter, but most of the time, they gather dust, mold and fungus.	Heater vents.  You sometimes use them when patrolling during the winter, but most of the time, they gather dust, mold and fungus.
Your fuel and temperature gauges.	Your fuel and temperature gauges.
It's the squad car speedometer, showing speed in kilometers and mph. One of these days, you have to remember how far a kilometer is!	It's the squad car speedometer, showing speed in kilometers and mph. One of these days, you have to remember how far a kilometer is!
The squad car's ignition.	The squad car's ignition.
The mike for the squad car's transmitter. 	The mike for the squad car's transmitter. 
The volume dial for the squad car's radio.	The volume dial for the squad car's radio.
The manual frequency dial for the squad car's radio.	The manual frequency dial for the squad car's radio.
The squad car's radio transmitter. 	The squad car's radio transmitter. 
The turn signals for the squad car.	The turn signals for the squad car.
The squad car's no-nonsense dashboard.	The squad car's no-nonsense dashboard.
This is your straight signal icon.  Click the HAND cursor on this icon to continue straight at an intersection where you've stopped, or to change your mind after signaling a right- or left-hand turn.	This is your straight signal icon.  Click the HAND cursor on this icon to continue straight at an intersection where you've stopped, or to change your mind after signaling a right- or left-hand turn.
Highway 41	Highway 41
Entrance 	Entrance 
Exit 	Exit 
ENTRANCE	ENTRANCE
EXIT	EXIT
Lytton PD	Lytton PD
County Jail	County Jail
Delphoria	Delphoria
Carol's 	Carol's 
Entrance	Entrance
Blue Room	Blue Room
Cotton 	Cotton 
Cove 	Cove 
Bert's Park	Bert's Park
Court	Court
House	House
Just another stretch of pavement.	Just another stretch of pavement.
and	and
The intersection of	The intersection of
Palm	Palm
Oak	Oak
Fig	Fig
Peach	Peach
Rose	Rose
Lilly	Lilly
Poppy	Poppy
River Rd.	River Rd.
Parkway	Parkway
1st St.	1st St.
2nd St.	2nd St.
3rd St.	3rd St.
4th St.	4th St.
5th St.	5th St.
6th St.	6th St.
7th St.	7th St.
8th St.	8th St.
9th St.	9th St.
10th St.	10th St.
Brock Dr. 	Brock Dr. 
It's the switch that turns on and off your siren.	It's the switch that turns on and off your siren.
This Thunderbird's one of the unmarked cars.  Unfortunately, the unmarked cars haven't been equipped with cherrys yet.	This Thunderbird's one of the unmarked cars.  Unfortunately, the unmarked cars haven't been equipped with cherrys yet.
The unmarked police car's steering wheel.	The unmarked police car's steering wheel.
Inside this glove box lurks...nothing at all.	Inside this glove box lurks...nothing at all.
The unmarked police car has a heater/air conditioner.  Fortunately, Lytton has a very mild clime, so these gas-guzzling appliances are rarely used.	The unmarked police car has a heater/air conditioner.  Fortunately, Lytton has a very mild clime, so these gas-guzzling appliances are rarely used.
A standard car radio.	A standard car radio.
Vents for the heater/AC.  They're not used frequently, so the air that issues from these vents is usually tinged with a mildewy odor.	Vents for the heater/AC.  They're not used frequently, so the air that issues from these vents is usually tinged with a mildewy odor.
The unmarked police car's tachometer.	The unmarked police car's tachometer.
The ignition.	The ignition.
A speedometer.  The unmarked car has no siren, so when driving this vehicle, you must observe all signs and signals.	A speedometer.  The unmarked car has no siren, so when driving this vehicle, you must observe all signs and signals.
The various other dials and gauges, including fuel level, temperature, and so on.	The various other dials and gauges, including fuel level, temperature, and so on.
The unmarked car's turn signals.	The unmarked car's turn signals.
The dash.  Nice and sporty for a departmental vehicle.	The dash.  Nice and sporty for a departmental vehicle.
The Thunderbird's gas gauge.  Like the squad car, all the departmental cars are topped off every morning.  It wouldn't do to run out of gas in the middle of a pursuit.	The Thunderbird's gas gauge.  Like the squad car, all the departmental cars are topped off every morning.  It wouldn't do to run out of gas in the middle of a pursuit.
The Thunderbird's odometer.	The Thunderbird's odometer.
Welcome to the Police Quest Driving Interface.  We've made navigating Lytton easier than ever before.  Here's how:	Welcome to the Police Quest Driving Interface.  We've made navigating Lytton easier than ever before.  Here's how:
The Lytton City map, shown in the left window, is divided into four quadrants. When you exit the police station, you will be in the lower right-hand quadrant.  The map will always display the quadrant you're presently in.	The Lytton City map, shown in the left window, is divided into four quadrants. When you exit the police station, you will be in the lower right-hand quadrant.  The map will always display the quadrant you're presently in.
From time to time during the game, the dispatcher will notify you to go to a particular destination.  At other times, you'll have to cruise for awhile (that's what traffic patrol is all about) or figure out where you're supposed to go.  Using the map enclosed in the game box will help.	From time to time during the game, the dispatcher will notify you to go to a particular destination.  At other times, you'll have to cruise for awhile (that's what traffic patrol is all about) or figure out where you're supposed to go.  Using the map enclosed in the game box will help.
Your car, by the way, is the flashing rectangle. It shows you where you are at all times.  You can also figure out what individual buildings are by clicking your EYE cursor on the streets and buildings depicted on the onscreen map to the left.	Your car, by the way, is the flashing rectangle. It shows you where you are at all times.  You can also figure out what individual buildings are by clicking your EYE cursor on the streets and buildings depicted on the onscreen map to the left.
The three arrow controls on the bar just above your dashboard are your turn signals. If you click your HAND cursor on the right signal, at the next corner you will automatically turn right at a safe speed. The left signal works the same way. If you wish to go straight, click on the straight arrow. 	The three arrow controls on the bar just above your dashboard are your turn signals. If you click your HAND cursor on the right signal, at the next corner you will automatically turn right at a safe speed. The left signal works the same way. If you wish to go straight, click on the straight arrow. 
Sometimes you will see a stop sign appear on the middle bar above the dashboard. This stop sign means you MUST come to a stop at the intersection you're currently headed for. To come to a stop, approach the intersection at 15mph or less. Your car will automatically come to a stop. To continue on, click the HAND cursor on a direction and then click the HAND cursor on the gas.	Sometimes you will see a stop sign appear on the middle bar above the dashboard. This stop sign means you MUST come to a stop at the intersection you're currently headed for. To come to a stop, approach the intersection at 15mph or less. Your car will automatically come to a stop. To continue on, click the HAND cursor on a direction and then click the HAND cursor on the gas.
The brake and gas pedals are located right next to the turn signals above the dashboard. To increase your speed, click the hand on the gas pedal (the pedal to the right). To decrease your speed, click on the brake. Your maximum speed is 55mph. It's not just a good idea, it's the law.	The brake and gas pedals are located right next to the turn signals above the dashboard. To increase your speed, click the hand on the gas pedal (the pedal to the right). To decrease your speed, click on the brake. Your maximum speed is 55mph. It's not just a good idea, it's the law.
The siren can be activated anytime you're in the squad car. The switch is located below and to the right of the steering wheel. Click your hand on it to activate the siren. Click on it again to turn the siren off. Only the squad car has a siren!	The siren can be activated anytime you're in the squad car. The switch is located below and to the right of the steering wheel. Click your hand on it to activate the siren. Click on it again to turn the siren off. Only the squad car has a siren!
When the siren is on, you can travel at 65mph and pass through any intersection without slowing down including the stop intersections. You MUST also use the siren to chase offenders.	When the siren is on, you can travel at 65mph and pass through any intersection without slowing down including the stop intersections. You MUST also use the siren to chase offenders.
When an offender drives past you, turn on your siren to catch them. If you just drive on without a siren, the offender will get away.	When an offender drives past you, turn on your siren to catch them. If you just drive on without a siren, the offender will get away.
Highway 41, the Lytton Police Station, the County Jail and the Hotel Delphoria can be entered via a driveway. Just indicate you wish to turn into the drive using the turn signal. Some freeway driveways are exits only, so be careful!	Highway 41, the Lytton Police Station, the County Jail and the Hotel Delphoria can be entered via a driveway. Just indicate you wish to turn into the drive using the turn signal. Some freeway driveways are exits only, so be careful!
You will not need to utilize the steering wheel, ignition, or radio microphone.  As long as the keys to the car are in your inventory, you can drive; as long as you have your radio extender in inventory, you can contact Dispatch when necessary.	You will not need to utilize the steering wheel, ignition, or radio microphone.  As long as the keys to the car are in your inventory, you can drive; as long as you have your radio extender in inventory, you can contact Dispatch when necessary.
That concludes your brief tutorial of the Police Quest Driving Interface.  If you're unsure as to the purpose of any of the above-dashboard icons, merely click the EYE cursor on the icon for an explanation of its use.  We now leave the driving to you.	That concludes your brief tutorial of the Police Quest Driving Interface.  If you're unsure as to the purpose of any of the above-dashboard icons, merely click the EYE cursor on the icon for an explanation of its use.  We now leave the driving to you.
That's just what you thought you saw.  	That's just what you thought you saw.  
You speak but no answer is forthcoming. 	You speak but no answer is forthcoming. 
It's an address book filled with interesting notations.    	It's an address book filled with interesting notations.    
Always ready for action you quickly make sure your piece is loaded. You also make sure your gun is loaded.	Always ready for action you quickly make sure your piece is loaded. You also make sure your gun is loaded.
These are your spare bullets in a convenient, not to mention potentially life saving, speed-loader. 	These are your spare bullets in a convenient, not to mention potentially life saving, speed-loader. 
It's the key to your personal car, a sleek Camaro.	It's the key to your personal car, a sleek Camaro.
That's your computer access card. 	That's your computer access card. 
It's the license of Bill Barnum, your DUI suspect.	It's the license of Bill Barnum, your DUI suspect.
This is your weapon, a wooden gripped .357 magnum.	This is your weapon, a wooden gripped .357 magnum.
These are your handcuffs. Fortunately, you remembered to remove them from the bedposts before coming to work this morning. 	These are your handcuffs. Fortunately, you remembered to remove them from the bedposts before coming to work this morning. 
This is the Hoffman arrest report. Inside are two licenses, one Hoffman's, the other one belonging Leroy Pierson. He looks remarkably like Hoffman.  	This is the Hoffman arrest report. Inside are two licenses, one Hoffman's, the other one belonging Leroy Pierson. He looks remarkably like Hoffman.  
This is the key to one of the best little hotel rooms that can be rented by the hour. 	This is the key to one of the best little hotel rooms that can be rented by the hour. 
What can be said. Anyonme who wears these is going to look like a Miami Vice reject. Oh, that's right. You have to wear them. Sorry.	What can be said. Anyonme who wears these is going to look like a Miami Vice reject. Oh, that's right. You have to wear them. Sorry.
To do something to one of your inventory items, first click here, then click on the item. 	To do something to one of your inventory items, first click here, then click on the item. 
To learn about the other icons in this window, first click here, then click the question mark on the icon you wish to learn about.	To learn about the other icons in this window, first click here, then click the question mark on the icon you wish to learn about.
To look more closely at one of the inventory items, first click here, then click on the item of interest.  	To look more closely at one of the inventory items, first click here, then click on the item of interest.  
Click here to close this window and return to game.  	Click here to close this window and return to game.  
To use one of your inventory items in the game, first click here, then click on the item, then click on OK.  	To use one of your inventory items in the game, first click here, then click on the item, then click on OK.  
Ms. Helmut's license has a great photo. Yours sure didn't come out this well. What happened? 	Ms. Helmut's license has a great photo. Yours sure didn't come out this well. What happened? 
Black, sleek, and solid, it's the PR-24 nightstick.	Black, sleek, and solid, it's the PR-24 nightstick.
It's departmental issue pen - always ready for that record ticket-writing day.	It's departmental issue pen - always ready for that record ticket-writing day.
I bet you never thought you'd be using this stuff. Of course, you probably never thought you'd be using a blow dryer and hair spray to keep that fine 'do in place. 	I bet you never thought you'd be using this stuff. Of course, you probably never thought you'd be using a blow dryer and hair spray to keep that fine 'do in place. 
It's your patrol unit key.	It's your patrol unit key.
Your radio extender can be one of your best friends.	Your radio extender can be one of your best friends.
Your ticket book is full of tickets itching to be written.	Your ticket book is full of tickets itching to be written.
You don't think handing out a ticket is going to do anything to solve your problems.	You don't think handing out a ticket is going to do anything to solve your problems.
Hmm... Good idea Bond's but do you think this guys really going to drive any safer AFTER you've given him a ticket? What this guy really needs is a night in the can.	Hmm... Good idea Bond's but do you think this guys really going to drive any safer AFTER you've given him a ticket? What this guy really needs is a night in the can.
C'mon Sonny. Fair is fair. She did run that stop sign but don't you think one ticket is enough?	C'mon Sonny. Fair is fair. She did run that stop sign but don't you think one ticket is enough?
Mustering all your willpower to stare down at your ticket book, you shakely make out a ticket.	Mustering all your willpower to stare down at your ticket book, you shakely make out a ticket.
You should follow correct police procedures before issuing a ticket. 	You should follow correct police procedures before issuing a ticket. 
It's a ticket with her name on it. She'll be so grateful to you.	It's a ticket with her name on it. She'll be so grateful to you.
That won't be effective now.	That won't be effective now.
It's your secret transmitter disquised as a fountain pen.	It's your secret transmitter disquised as a fountain pen.
It's the key to your unmarked unit.	It's the key to your unmarked unit.
It's your wallet. I'll bet you wish it packed a little more heft.	It's your wallet. I'll bet you wish it packed a little more heft.
It's an FBI Top Ten Most Wanted Fugitives poster for Jason Taselli.  It contains a complete description.	It's an FBI Top Ten Most Wanted Fugitives poster for Jason Taselli.  It contains a complete description.
any old garbage.	any old garbage.
It's a warrant to keep that bile heap, Taselli in jail.	It's a warrant to keep that bile heap, Taselli in jail.
You can't fly.	You can't fly.
I'd leave that plant alone if I were you, Bonds.  It looks hungry.	I'd leave that plant alone if I were you, Bonds.  It looks hungry.
The flowers are shy.  They don't answer.	The flowers are shy.  They don't answer.
Bert would be very unhappy with you if you picked his flowers.	Bert would be very unhappy with you if you picked his flowers.
The grass is used to being stepped on.  It's afraid to answer.	The grass is used to being stepped on.  It's afraid to answer.
You don't need to pick the grass.  Leave the poor grass alone.	You don't need to pick the grass.  Leave the poor grass alone.
Hugging trees is nice, isn't it.	Hugging trees is nice, isn't it.
The pine tree says:  "Is it Christmas yet?  I'm headin' for Mexico when November hits, man.  I'm outta here."	The pine tree says:  "Is it Christmas yet?  I'm headin' for Mexico when November hits, man.  I'm outta here."
Hug a tree, not the concrete.	Hug a tree, not the concrete.
Why would you play in the street when you could play in the grass?	Why would you play in the street when you could play in the grass?
the dense green bushes could conceal almost anything.	the dense green bushes could conceal almost anything.
You hear rustling in the bushes.	You hear rustling in the bushes.
You shake the bushes vigorously, scaring the Hell out of a gopher. 	You shake the bushes vigorously, scaring the Hell out of a gopher. 
Okay, Sonny, we've been given a tip that a drug purchase is going to occur in the park this afternoon.  What we need to do is this:  You go straight into the park, and position yourself so that you can watch the bench without being observed.  I'll go around the side and cover the park's other entrance.  Any questions? 	Okay, Sonny, we've been given a tip that a drug purchase is going to occur in the park this afternoon.  What we need to do is this:  You go straight into the park, and position yourself so that you can watch the bench without being observed.  I'll go around the side and cover the park's other entrance.  Any questions? 
No...Geez Laura, I used to play in this park when I was a kid.  We used to come here to neck when I was in high school.  This is kind of sad. 	No...Geez Laura, I used to play in this park when I was a kid.  We used to come here to neck when I was in high school.  This is kind of sad. 
It sure as hell is.  There are more dealers than ever, and they're meaner and more vicious than ever.  Lytton is changing, Sonny.  Anyway, let's not waste time.  Go on in, I'll see you later. 	It sure as hell is.  There are more dealers than ever, and they're meaner and more vicious than ever.  Lytton is changing, Sonny.  Anyway, let's not waste time.  Go on in, I'll see you later. 
Bite me.  I don't have to say nothin' to you, bitch.	Bite me.  I don't have to say nothin' to you, bitch.
Kiss my ass.	Kiss my ass.
Nice bust, Bonds.  You just forgot to do one little thing--you didn't search Victor Simms.  The boy panicked, and swallowed the entire packet of cocaine he had just purchased in an attempt to conceal it.  He died.  You were immediately suspended. You may lose your career.  Remember, not following police procedure can cost people their lives--your own, or someone else's. 	Nice bust, Bonds.  You just forgot to do one little thing--you didn't search Victor Simms.  The boy panicked, and swallowed the entire packet of cocaine he had just purchased in an attempt to conceal it.  He died.  You were immediately suspended. You may lose your career.  Remember, not following police procedure can cost people their lives--your own, or someone else's. 
Kiss my lily-white butt.	Kiss my lily-white butt.
 Cancel 	 Cancel 
Change Directory	Change Directory
 Delete 	 Delete 
 No 	 No 
Cancel	Cancel
OK	OK
Replace	Replace
Restore	Restore
  Save  	  Save  
Are you sure you want to delete this saved game?	Are you sure you want to delete this saved game?
Restore a Game	Restore a Game
Save a Game	Save a Game
%s is not a valid directory. 	%s is not a valid directory. 
This directory/disk can hold no more saved games.  You must replace one of your saved games or use Change Directory to save on a different directory/disk.	This directory/disk can hold no more saved games.  You must replace one of your saved games or use Change Directory to save on a different directory/disk.
New save-game directory:	New save-game directory:
with:	with:
You must type a description for the game.	You must type a description for the game.
Select the game that you would like to restore.	Select the game that you would like to restore.
Type the description of this saved game.	Type the description of this saved game.
Your save game disk is full.  You must either use another disk or save over an existing saved game. 	Your save game disk is full.  You must either use another disk or save over an existing saved game. 
GAME	GAME
Insert the %s disk in drive %s.	Insert the %s disk in drive %s.
OK 	OK 
SAVE GAME 	SAVE GAME 
That game was saved under a different interpreter.  It cannot be restored.	That game was saved under a different interpreter.  It cannot be restored.
%d.nor	%d.nor
[control $%x]	[control $%x]
class: %s view: %d loop: %d cel: %d posn: %d %d %d heading: %d pri: %d signal: $%x illBits: $%x 	class: %s view: %d loop: %d cel: %d posn: %d %d %d heading: %d pri: %d signal: $%x illBits: $%x 
name: %s view: %d loop: %d cel: %d posn: %d %d %d heading: %d pri: %d signal: $%x illBits: $%x OnControl: $%x Origin on: $%x 	name: %s view: %d loop: %d cel: %d posn: %d %d %d heading: %d pri: %d signal: $%x illBits: $%x OnControl: $%x Origin on: $%x 
name: %s number: %d current pic: %d style: %d horizon: %d north: %d south: %d east: %d west: %d script: %s 	name: %s number: %d current pic: %d style: %d horizon: %d north: %d south: %d east: %d west: %d script: %s 
Position: %d, %d	Position: %d, %d
%s.mem	%s.mem
%s.log	%s.log
Log file "%s" exists	Log file "%s" exists
QA-COMMENT%d	QA-COMMENT%d
Comment line %d of %d:	Comment line %d of %d:
%ssg.dir	%ssg.dir
File: %s	File: %s
%s [Collection of size %d]	%s [Collection of size %d]
%s [List of size %d]	%s [List of size %d]
%s [Set of size %d]	%s [Set of size %d]
